scene_id,scene_name,scene_group,terrain_class,method,n_segments,n_runs,path_length_km_mean,path_length_km_std,path_length_km_stderr,path_length_km_min,path_length_km_max,path_without_transition_km_mean,path_without_transition_km_std,path_without_transition_km_stderr,path_without_transition_km_min,path_without_transition_km_max,segment_transition_km_mean,segment_transition_km_std,segment_transition_km_stderr,segment_transition_km_min,segment_transition_km_max,boundary_transition_km_mean,boundary_transition_km_std,boundary_transition_km_stderr,boundary_transition_km_min,boundary_transition_km_max,turn_transition_km_mean,turn_transition_km_std,turn_transition_km_stderr,turn_transition_km_min,turn_transition_km_max,coverage_pct_mean,coverage_pct_std,coverage_pct_stderr,coverage_pct_min,coverage_pct_max,excess_overlap_pct_mean,excess_overlap_pct_std,excess_overlap_pct_stderr,excess_overlap_pct_min,excess_overlap_pct_max,planning_time_s_mean,planning_time_s_std,planning_time_s_stderr,planning_time_s_min,planning_time_s_max,line_count_mean,line_count_std,line_count_stderr,line_count_min,line_count_max,feasible_mean,feasible_std,feasible_stderr,feasible_min,feasible_max,accepted_layout_mean,accepted_layout_std,accepted_layout_stderr,accepted_layout_min,accepted_layout_max,coverage_delta_vs_reference_pp_mean,coverage_delta_vs_reference_pp_std,coverage_delta_vs_reference_pp_stderr,coverage_delta_vs_reference_pp_min,coverage_delta_vs_reference_pp_max,excess_overlap_delta_vs_reference_pp_mean,excess_overlap_delta_vs_reference_pp_std,excess_overlap_delta_vs_reference_pp_stderr,excess_overlap_delta_vs_reference_pp_min,excess_overlap_delta_vs_reference_pp_max,path_delta_vs_reference_km_mean,path_delta_vs_reference_km_std,path_delta_vs_reference_km_stderr,path_delta_vs_reference_km_min,path_delta_vs_reference_km_max,feasibility_improved_mean,feasibility_improved_std,feasibility_improved_stderr,feasibility_improved_min,feasibility_improved_max,transition_selector_line_change_count_mean,transition_selector_line_change_count_std,transition_selector_line_change_count_stderr,transition_selector_line_change_count_min,transition_selector_line_change_count_max,transition_selector_heading_arc_km_mean,transition_selector_heading_arc_km_std,transition_selector_heading_arc_km_stderr,transition_selector_heading_arc_km_min,transition_selector_heading_arc_km_max,transition_selector_line_change_arc_km_mean,transition_selector_line_change_arc_km_std,transition_selector_line_change_arc_km_stderr,transition_selector_line_change_arc_km_min,transition_selector_line_change_arc_km_max,transition_selector_turn_arc_km_mean,transition_selector_turn_arc_km_std,transition_selector_turn_arc_km_stderr,transition_selector_turn_arc_km_min,transition_selector_turn_arc_km_max,transition_selector_vehicle_length_km_mean,transition_selector_vehicle_length_km_std,transition_selector_vehicle_length_km_stderr,transition_selector_vehicle_length_km_min,transition_selector_vehicle_length_km_max,transition_selector_turn_arc_fraction_pct_mean,transition_selector_turn_arc_fraction_pct_std,transition_selector_turn_arc_fraction_pct_stderr,transition_selector_turn_arc_fraction_pct_min,transition_selector_turn_arc_fraction_pct_max,transition_selector_mission_time_h_mean,transition_selector_mission_time_h_std,transition_selector_mission_time_h_stderr,transition_selector_mission_time_h_min,transition_selector_mission_time_h_max,transition_selector_objective_mean,transition_selector_objective_std,transition_selector_objective_stderr,transition_selector_objective_min,transition_selector_objective_max,path_gain_vs_fixed_pct_mean
gebco_mariana_trench_complex,GEBCO Mariana Trench,public,complex_relief,Adaptive Spacing w/o GA,1,1,31797.663364969383,0.0,0.0,31797.663364969383,31797.663364969383,31797.663364969383,0.0,0.0,31797.663364969383,31797.663364969383,0.0,0.0,0.0,0.0,0.0,0.0,0.0,0.0,0.0,0.0,0.0,0.0,0.0,0.0,0.0,99.33333333333333,0.0,0.0,99.33333333333333,99.33333333333333,0.0,0.0,0.0,0.0,0.0,0.9858976659597829,0.0,0.0,0.9858976659597829,0.9858976659597829,145.0,0.0,0.0,145.0,145.0,1.0,0.0,0.0,1.0,1.0,1.0,0.0,0.0,1.0,1.0,0.0,0.0,0.0,0.0,0.0,0.0,0.0,0.0,0.0,0.0,0.0,0.0,0.0,0.0,0.0,0.0,0.0,0.0,0.0,0.0,144.0,0.0,0.0,144.0,144.0,0.0,0.0,0.0,0.0,0.0,45.23893421169302,0.0,0.0,45.23893421169302,45.23893421169302,45.23893421169302,0.0,0.0,45.23893421169302,45.23893421169302,31842.902299181074,0.0,0.0,31842.902299181074,31842.902299181074,0.14206912983825742,0.0,0.0,0.14206912983825742,0.14206912983825742,5905.211339517179,0.0,0.0,5905.211339517179,5905.211339517179,5905.211339517179,0.0,0.0,5905.211339517179,5905.211339517179,0.681831169401425
gebco_mariana_trench_complex,GEBCO Mariana Trench,public,complex_relief,Coverage-Preserving Segmented Hybrid,1,30,31797.611931473006,0.05950972003206635,0.010864938684126598,31797.431054071094,31797.663364969383,31797.611931473006,0.05950972003206635,0.010864938684126598,31797.431054071094,31797.663364969383,0.0,0.0,0.0,0.0,0.0,0.0,0.0,0.0,0.0,0.0,0.0,0.0,0.0,0.0,0.0,99.02222222222221,0.33827750893661174,0.061760740780412555,98.66666666666667,99.33333333333333,0.12567596753806817,0.1399481425079196,0.025550918177511723,0.0,0.5094416067437306,1.0296292958548292,0.04392074360662131,0.008018794005249099,0.937304291059263,1.120412667049095,145.0,0.0,0.0,145.0,145.0,1.0,0.0,0.0,1.0,1.0,1.0,0.0,0.0,1.0,1.0,0.0,0.0,0.0,0.0,0.0,0.0,0.0,0.0,0.0,0.0,0.0,0.0,0.0,0.0,0.0,0.0,0.0,0.0,0.0,0.0,144.0,0.0,0.0,144.0,144.0,0.0,0.0,0.0,0.0,0.0,45.23893421169303,7.226896453227138e-15,1.319444736062194e-15,45.23893421169302,45.23893421169302,45.23893421169303,7.226896453227138e-15,1.319444736062194e-15,45.23893421169302,45.23893421169302,31842.8508656847,0.05950972003206635,0.010864938684126598,31842.669988282785,31842.902299181074,0.1420693593129166,2.655078103456159e-07,4.847487230669912e-08,0.14206912983825742,0.14207016631563776,5905.201814795627,0.011020318524520062,0.002012025682257229,5905.168318980459,5905.211339517179,5905.204328314978,0.009706500344892253,0.0017721563977763873,5905.172466828961,5905.214097102238,0.6819918189629388
gebco_mariana_trench_complex,GEBCO Mariana Trench,public,complex_relief,Fixed-Spacing,1,1,32015.95814679676,0.0,0.0,32015.95814679676,32015.95814679676,32015.95814679676,0.0,0.0,32015.95814679676,32015.95814679676,0.0,0.0,0.0,0.0,0.0,0.0,0.0,0.0,0.0,0.0,0.0,0.0,0.0,0.0,0.0,99.33333333333333,0.0,0.0,99.33333333333333,99.33333333333333,0.6814814814814812,0.0,0.0,0.6814814814814812,0.6814814814814812,0.07967699994333088,0.0,0.0,0.07967699994333088,0.07967699994333088,146.0,0.0,0.0,146.0,146.0,1.0,0.0,0.0,1.0,1.0,1.0,0.0,0.0,1.0,1.0,0.0,0.0,0.0,0.0,0.0,0.0,0.0,0.0,0.0,0.0,0.0,0.0,0.0,0.0,0.0,0.0,0.0,0.0,0.0,0.0,145.0,0.0,0.0,145.0,145.0,0.0,0.0,0.0,0.0,0.0,45.553093477051995,0.0,0.0,45.553093477051995,45.553093477051995,45.553093477051995,0.0,0.0,45.553093477051995,45.553093477051995,32061.51124027381,0.0,0.0,32061.51124027381,32061.51124027381,0.14208030661957957,0.0,0.0,0.14208030661957957,0.14208030661957957,5945.752654398308,0.0,0.0,5945.752654398308,5945.752654398308,5945.766284027937,0.0,0.0,5945.766284027937,5945.766284027937,0.0
gebco_mariana_trench_complex,GEBCO Mariana Trench,public,complex_relief,Full Geometry-Aware Hybrid GA,1,30,31797.611931473006,0.05950972003206635,0.010864938684126598,31797.431054071094,31797.663364969383,31797.611931473006,0.05950972003206635,0.010864938684126598,31797.431054071094,31797.663364969383,0.0,0.0,0.0,0.0,0.0,0.0,0.0,0.0,0.0,0.0,0.0,0.0,0.0,0.0,0.0,99.02222222222221,0.33827750893661174,0.061760740780412555,98.66666666666667,99.33333333333333,0.12567596753806817,0.1399481425079196,0.025550918177511723,0.0,0.5094416067437306,1.0296292958548292,0.04392074360662131,0.008018794005249099,0.937304291059263,1.120412667049095,145.0,0.0,0.0,145.0,145.0,1.0,0.0,0.0,1.0,1.0,1.0,0.0,0.0,1.0,1.0,0.0,0.0,0.0,0.0,0.0,0.0,0.0,0.0,0.0,0.0,0.0,0.0,0.0,0.0,0.0,0.0,0.0,0.0,0.0,0.0,144.0,0.0,0.0,144.0,144.0,0.0,0.0,0.0,0.0,0.0,45.23893421169303,7.226896453227138e-15,1.319444736062194e-15,45.23893421169302,45.23893421169302,45.23893421169303,7.226896453227138e-15,1.319444736062194e-15,45.23893421169302,45.23893421169302,31842.8508656847,0.05950972003206635,0.010864938684126598,31842.669988282785,31842.902299181074,0.1420693593129166,2.655078103456159e-07,4.847487230669912e-08,0.14206912983825742,0.14207016631563776,5905.201814795627,0.011020318524520062,0.002012025682257229,5905.168318980459,5905.211339517179,5905.204328314978,0.009706500344892253,0.0017721563977763873,5905.172466828961,5905.214097102238,0.6819918189629388
gebco_mariana_trench_complex,GEBCO Mariana Trench,public,complex_relief,Segmented Adaptive,2,1,26021.391580332824,0.0,0.0,26021.391580332824,26021.391580332824,25803.61679850545,0.0,0.0,25803.61679850545,25803.61679850545,217.7747818273745,0.0,0.0,217.7747818273745,217.7747818273745,217.7747818273745,0.0,0.0,217.7747818273745,217.7747818273745,0.0,0.0,0.0,0.0,0.0,95.32222222222222,0.0,0.0,95.32222222222222,95.32222222222222,0.0,0.0,0.0,0.0,0.0,2.8489027079194784,0.0,0.0,2.8489027079194784,2.8489027079194784,172.0,0.0,0.0,172.0,172.0,0.0,0.0,0.0,0.0,0.0,0.0,0.0,0.0,0.0,0.0,-4.011111111111106,0.0,0.0,-4.011111111111106,-4.011111111111106,0.0,0.0,0.0,0.0,0.0,-5776.2717846365595,0.0,0.0,-5776.2717846365595,-5776.2717846365595,0.0,0.0,0.0,0.0,0.0,170.0,0.0,0.0,170.0,170.0,0.0,0.0,0.0,0.0,0.0,53.40707511102648,0.0,0.0,53.40707511102648,53.40707511102648,53.40707511102648,0.0,0.0,53.40707511102648,53.40707511102648,26074.79865544385,0.0,0.0,26074.79865544385,26074.79865544385,0.20482257913763888,0.0,0.0,0.20482257913763888,0.20482257913763888,4838.556616769421,0.0,0.0,4838.556616769421,4838.556616769421,4838.556616769421,0.0,0.0,4838.556616769421,4838.556616769421,18.723683167557176
gebco_mariana_trench_complex,GEBCO Mariana Trench,public,complex_relief,Segmented Adaptive,3,1,26120.753335662313,0.0,0.0,26120.753335662313,26120.753335662313,25685.203772007564,0.0,0.0,25685.203772007564,25685.203772007564,435.549563654749,0.0,0.0,435.549563654749,435.549563654749,435.549563654749,0.0,0.0,435.549563654749,435.549563654749,0.0,0.0,0.0,0.0,0.0,95.93333333333334,0.0,0.0,95.93333333333334,95.93333333333334,0.0,0.0,0.0,0.0,0.0,3.19958079198841,0.0,0.0,3.19958079198841,3.19958079198841,201.0,0.0,0.0,201.0,201.0,0.0,0.0,0.0,0.0,0.0,0.0,0.0,0.0,0.0,0.0,-3.3999999999999915,0.0,0.0,-3.3999999999999915,-3.3999999999999915,0.0,0.0,0.0,0.0,0.0,-5676.91002930707,0.0,0.0,-5676.91002930707,-5676.91002930707,0.0,0.0,0.0,0.0,0.0,198.0,0.0,0.0,198.0,198.0,0.0,0.0,0.0,0.0,0.0,62.203534541077914,0.0,0.0,62.203534541077914,62.203534541077914,62.203534541077914,0.0,0.0,62.203534541077914,62.203534541077914,26182.95687020339,0.0,0.0,26182.95687020339,26182.95687020339,0.23757261202177857,0.0,0.0,0.23757261202177857,0.23757261202177857,4860.214889767494,0.0,0.0,4860.214889767494,4860.214889767494,4860.214889767494,0.0,0.0,4860.214889767494,4860.214889767494,18.413332451598883
gebco_mariana_trench_complex,GEBCO Mariana Trench,public,complex_relief,Segmented Adaptive,4,1,26219.359125560986,0.0,0.0,26219.359125560986,26219.359125560986,25566.034780078862,0.0,0.0,25566.034780078862,25566.034780078862,653.3243454821236,0.0,0.0,653.3243454821236,653.3243454821236,653.3243454821236,0.0,0.0,653.3243454821236,653.3243454821236,0.0,0.0,0.0,0.0,0.0,95.27777777777777,0.0,0.0,95.27777777777777,95.27777777777777,0.0,0.0,0.0,0.0,0.0,3.340538208023645,0.0,0.0,3.340538208023645,3.340538208023645,230.0,0.0,0.0,230.0,230.0,0.0,0.0,0.0,0.0,0.0,0.0,0.0,0.0,0.0,0.0,-4.055555555555557,0.0,0.0,-4.055555555555557,-4.055555555555557,0.0,0.0,0.0,0.0,0.0,-5578.304239408397,0.0,0.0,-5578.304239408397,-5578.304239408397,0.0,0.0,0.0,0.0,0.0,226.0,0.0,0.0,226.0,226.0,0.0,0.0,0.0,0.0,0.0,70.99999397112933,0.0,0.0,70.99999397112933,70.99999397112933,70.99999397112933,0.0,0.0,70.99999397112933,70.99999397112933,26290.359119532117,0.0,0.0,26290.359119532117,26290.359119532117,0.27006095142451175,0.0,0.0,0.27006095142451175,0.27006095142451175,4881.733169167268,0.0,0.0,4881.733169167268,4881.733169167268,4881.733169167268,0.0,0.0,4881.733169167268,4881.733169167268,18.105342950092936
gebco_mariana_trench_complex,GEBCO Mariana Trench,public,complex_relief,Segmented Adaptive,5,1,26318.980591697833,0.0,0.0,26318.980591697833,26318.980591697833,25447.881464388334,0.0,0.0,25447.881464388334,25447.881464388334,871.099127309498,0.0,0.0,871.099127309498,871.099127309498,871.099127309498,0.0,0.0,871.099127309498,871.099127309498,0.0,0.0,0.0,0.0,0.0,96.83333333333334,0.0,0.0,96.83333333333334,96.83333333333334,0.0,0.0,0.0,0.0,0.0,3.463533707894385,0.0,0.0,3.463533707894385,3.463533707894385,260.0,0.0,0.0,260.0,260.0,0.0,0.0,0.0,0.0,0.0,0.0,0.0,0.0,0.0,0.0,-2.499999999999986,0.0,0.0,-2.499999999999986,-2.499999999999986,0.0,0.0,0.0,0.0,0.0,-5478.68277327155,0.0,0.0,-5478.68277327155,-5478.68277327155,0.0,0.0,0.0,0.0,0.0,255.0,0.0,0.0,255.0,255.0,0.0,0.0,0.0,0.0,0.0,80.11061266653974,0.0,0.0,80.11061266653974,80.11061266653974,80.11061266653974,0.0,0.0,80.11061266653974,80.11061266653974,26399.091204364373,0.0,0.0,26399.091204364373,26399.091204364373,0.30345973672493554,0.0,0.0,0.30345973672493554,0.30345973672493554,4903.555892042762,0.0,0.0,4903.555892042762,4903.555892042762,4903.555892042762,0.0,0.0,4903.555892042762,4903.555892042762,17.79418104239656
gebco_mariana_trench_complex,GEBCO Mariana Trench,public,complex_relief,Segmented Hybrid GA,2,30,26021.391580332813,1.1100512952156884e-11,2.02666711459153e-12,26021.391580332824,26021.391580332824,25803.61679850544,7.40034196810459e-12,1.3511114097276867e-12,25803.61679850545,25803.61679850545,217.77478182737457,5.78151716258171e-14,1.0555557888497552e-14,217.7747818273745,217.7747818273745,217.77478182737457,5.78151716258171e-14,1.0555557888497552e-14,217.7747818273745,217.7747818273745,0.0,0.0,0.0,0.0,0.0,95.32222222222221,1.4453792906454277e-14,2.638889472124388e-15,95.32222222222222,95.32222222222222,0.0,0.0,0.0,0.0,0.0,3.51538488153213,0.03166711759715627,0.005781598213043761,3.4568237079074606,3.6024175419006497,172.0,0.0,0.0,172.0,172.0,0.0,0.0,0.0,0.0,0.0,0.0,0.0,0.0,0.0,0.0,-3.699999999999999,0.3382775089366118,0.06176074078041256,-4.011111111111106,-3.3444444444444485,-0.12567596753806817,0.1399481425079196,0.025550918177511723,-0.5094416067437306,0.0,-5776.22035114018,0.05950972003206636,0.0108649386841266,-5776.2717846365595,-5776.03947373827,0.0,0.0,0.0,0.0,0.0,170.0,0.0,0.0,170.0,170.0,0.0,0.0,0.0,0.0,0.0,53.407075111026465,1.4453792906454277e-14,2.638889472124388e-15,53.40707511102648,53.40707511102648,53.407075111026465,1.4453792906454277e-14,2.638889472124388e-15,53.40707511102648,53.40707511102648,26074.798655443843,7.40034196810459e-12,1.3511114097276867e-12,26074.79865544385,26074.79865544385,0.20482257913763893,5.646012854083702e-17,1.0308162000485891e-17,0.20482257913763888,0.20482257913763888,4838.556616769422,9.250427460130737e-13,1.6888892621596084e-13,4838.556616769421,4838.556616769421,4838.556616769422,9.250427460130737e-13,1.6888892621596084e-13,4838.556616769421,4838.556616769421,18.72368316755721
gebco_mariana_trench_complex,GEBCO Mariana Trench,public,complex_relief,Segmented Hybrid GA,3,30,26120.75333566231,3.700170984052295e-12,6.755557048638434e-13,26120.753335662313,26120.753335662313,25685.20377200757,7.40034196810459e-12,1.3511114097276867e-12,25685.203772007564,25685.203772007564,435.54956365474914,1.156303432516342e-13,2.1111115776995105e-14,435.549563654749,435.549563654749,435.54956365474914,1.156303432516342e-13,2.1111115776995105e-14,435.549563654749,435.549563654749,0.0,0.0,0.0,0.0,0.0,95.93333333333335,1.4453792906454277e-14,2.638889472124388e-15,95.93333333333334,95.93333333333334,0.0,0.0,0.0,0.0,0.0,3.9128925738080094,0.022016864297628308,0.004019711073780387,3.873165833996609,3.956461667898111,201.0,0.0,0.0,201.0,201.0,0.0,0.0,0.0,0.0,0.0,0.0,0.0,0.0,0.0,0.0,-3.0888888888888846,0.3382775089366118,0.06176074078041256,-3.3999999999999915,-2.7333333333333343,-0.12567596753806817,0.1399481425079196,0.025550918177511723,-0.5094416067437306,0.0,-5676.85859581069,0.05950972003206636,0.0108649386841266,-5676.91002930707,-5676.6777184087805,0.0,0.0,0.0,0.0,0.0,198.0,0.0,0.0,198.0,198.0,0.0,0.0,0.0,0.0,0.0,62.20353454107792,7.226896453227138e-15,1.319444736062194e-15,62.203534541077914,62.203534541077914,62.20353454107792,7.226896453227138e-15,1.319444736062194e-15,62.203534541077914,62.203534541077914,26182.956870203387,3.700170984052295e-12,6.755557048638434e-13,26182.95687020339,26182.95687020339,0.2375726120217785,5.646012854083702e-17,1.0308162000485891e-17,0.23757261202177857,0.23757261202177857,4860.214889767494,0.0,0.0,4860.214889767494,4860.214889767494,4860.214889767494,0.0,0.0,4860.214889767494,4860.214889767494,18.413332451598897
gebco_mariana_trench_complex,GEBCO Mariana Trench,public,complex_relief,Segmented Hybrid GA,4,30,26219.321850787655,0.2041623417641669,0.037274773325771095,26218.240882361213,26219.359125560986,25565.99750530555,0.20416234176416692,0.037274773325771095,25564.91653687909,25566.034780078862,653.3243454821237,1.156303432516342e-13,2.1111115776995105e-14,653.3243454821236,653.3243454821236,653.3243454821237,1.156303432516342e-13,2.1111115776995105e-14,653.3243454821236,653.3243454821236,0.0,0.0,0.0,0.0,0.0,95.27814814814815,0.0020286020648355627,0.0003703703703706651,95.27777777777777,95.28888888888889,0.0,0.0,0.0,0.0,0.0,4.082696729052501,0.021798319862514577,0.003979810501470715,4.057687165914103,4.168092415900901,230.0,0.0,0.0,230.0,230.0,0.0,0.0,0.0,0.0,0.0,0.0,0.0,0.0,0.0,0.0,-3.7440740740740797,0.33793104172277166,0.06169748481092716,-4.055555555555557,-3.3888888888889,-0.12567596753806817,0.1399481425079196,0.025550918177511723,-0.5094416067437306,0.0,-5578.290080685342,0.22178870837752743,0.040492892859435595,-5579.42248260817,-5578.071928510108,0.0,0.0,0.0,0.0,0.0,226.0,0.0,0.0,226.0,226.0,0.0,0.0,0.0,0.0,0.0,70.99999397112931,1.4453792906454277e-14,2.638889472124388e-15,70.99999397112933,70.99999397112933,70.99999397112931,1.4453792906454277e-14,2.638889472124388e-15,70.99999397112933,70.99999397112933,26290.3218447588,0.2041623417641669,0.037274773325771095,26289.240876332344,26290.359119532117,0.2700613343363195,2.097294346429596e-06,3.82911807755848e-07,0.27006095142451175,0.27007243877874443,4881.726266431467,0.03780784106740141,0.006902735801061983,4881.526087093236,4881.733169167268,4881.726266431467,0.03780784106740141,0.006902735801061983,4881.526087093236,4881.733169167268,18.105459375699066
gebco_mariana_trench_complex,GEBCO Mariana Trench,public,complex_relief,Segmented Hybrid GA,5,30,26318.980591697837,3.700170984052295e-12,6.755557048638434e-13,26318.980591697833,26318.980591697833,25447.881464388334,0.0,0.0,25447.881464388334,25447.881464388334,871.0991273094983,2.312606865032684e-13,4.222223155399021e-14,871.099127309498,871.099127309498,871.0991273094983,2.312606865032684e-13,4.222223155399021e-14,871.099127309498,871.099127309498,0.0,0.0,0.0,0.0,0.0,96.83333333333336,1.4453792906454277e-14,2.638889472124388e-15,96.83333333333334,96.83333333333334,0.0,0.0,0.0,0.0,0.0,4.289244882913772,0.01613766283444156,0.0029463206532788,4.27555345883593,4.366125374799594,260.0,0.0,0.0,260.0,260.0,0.0,0.0,0.0,0.0,0.0,0.0,0.0,0.0,0.0,0.0,-2.188888888888879,0.3382775089366118,0.06176074078041256,-2.499999999999986,-1.8333333333333286,-0.12567596753806817,0.1399481425079196,0.025550918177511723,-0.5094416067437306,0.0,-5478.63133977517,0.05950972003206636,0.0108649386841266,-5478.68277327155,-5478.450462373261,0.0,0.0,0.0,0.0,0.0,255.0,0.0,0.0,255.0,255.0,0.0,0.0,0.0,0.0,0.0,80.11061266653975,1.4453792906454277e-14,2.638889472124388e-15,80.11061266653974,80.11061266653974,80.11061266653975,1.4453792906454277e-14,2.638889472124388e-15,80.11061266653974,80.11061266653974,26399.091204364362,1.1100512952156884e-11,2.02666711459153e-12,26399.091204364373,26399.091204364373,0.30345973672493554,0.0,0.0,0.30345973672493554,0.30345973672493554,4903.555892042761,9.250427460130737e-13,1.6888892621596084e-13,4903.555892042762,4903.555892042762,4903.555892042761,9.250427460130737e-13,1.6888892621596084e-13,4903.555892042762,4903.555892042762,17.79418104239655
gebco_mariana_trench_complex,GEBCO Mariana Trench,public,complex_relief,Transition-Aware Segmented Hybrid,1,30,31797.611931473006,0.05950972003206635,0.010864938684126598,31797.431054071094,31797.663364969383,31797.611931473006,0.05950972003206635,0.010864938684126598,31797.431054071094,31797.663364969383,0.0,0.0,0.0,0.0,0.0,0.0,0.0,0.0,0.0,0.0,0.0,0.0,0.0,0.0,0.0,99.02222222222221,0.33827750893661174,0.061760740780412555,98.66666666666667,99.33333333333333,0.12567596753806817,0.1399481425079196,0.025550918177511723,0.0,0.5094416067437306,1.0296292958548292,0.04392074360662131,0.008018794005249099,0.937304291059263,1.120412667049095,145.0,0.0,0.0,145.0,145.0,1.0,0.0,0.0,1.0,1.0,1.0,0.0,0.0,1.0,1.0,0.0,0.0,0.0,0.0,0.0,0.0,0.0,0.0,0.0,0.0,0.0,0.0,0.0,0.0,0.0,0.0,0.0,0.0,0.0,0.0,144.0,0.0,0.0,144.0,144.0,0.0,0.0,0.0,0.0,0.0,45.23893421169303,7.226896453227138e-15,1.319444736062194e-15,45.23893421169302,45.23893421169302,45.23893421169303,7.226896453227138e-15,1.319444736062194e-15,45.23893421169302,45.23893421169302,31842.8508656847,0.05950972003206635,0.010864938684126598,31842.669988282785,31842.902299181074,0.1420693593129166,2.655078103456159e-07,4.847487230669912e-08,0.14206912983825742,0.14207016631563776,5905.201814795627,0.011020318524520062,0.002012025682257229,5905.168318980459,5905.211339517179,5905.204328314978,0.009706500344892253,0.0017721563977763873,5905.172466828961,5905.214097102238,0.6819918189629388
gebco_monterey_canyon_complex,GEBCO Monterey Canyon,public,complex_relief,Adaptive Spacing w/o GA,1,1,6656.620000000051,0.0,0.0,6656.620000000051,6656.620000000051,6656.620000000051,0.0,0.0,6656.620000000051,6656.620000000051,0.0,0.0,0.0,0.0,0.0,0.0,0.0,0.0,0.0,0.0,0.0,0.0,0.0,0.0,0.0,100.0,0.0,0.0,100.0,100.0,0.0,0.0,0.0,0.0,0.0,0.660876041976735,0.0,0.0,0.660876041976735,0.660876041976735,59.0,0.0,0.0,59.0,59.0,1.0,0.0,0.0,1.0,1.0,1.0,0.0,0.0,1.0,1.0,0.0,0.0,0.0,0.0,0.0,0.0,0.0,0.0,0.0,0.0,0.0,0.0,0.0,0.0,0.0,0.0,0.0,0.0,0.0,0.0,58.0,0.0,0.0,58.0,58.0,0.0,0.0,0.0,0.0,0.0,18.2212373908208,0.0,0.0,18.2212373908208,18.2212373908208,18.2212373908208,0.0,0.0,18.2212373908208,18.2212373908208,6674.841237390871,0.0,0.0,6674.841237390871,6674.841237390871,0.272983832016105,0.0,0.0,0.272983832016105,0.272983832016105,1239.4560138484617,0.0,0.0,1239.4560138484617,1239.4560138484617,1239.4560138484617,0.0,0.0,1239.4560138484617,1239.4560138484617,0.6551222668214232
gebco_monterey_canyon_complex,GEBCO Monterey Canyon,public,complex_relief,Coverage-Preserving Segmented Hybrid,1,16,6656.582891237133,0.05551871858572013,0.013879679646430032,6656.457284226268,6656.620000000051,6656.582891237133,0.05551871858572013,0.013879679646430032,6656.457284226268,6656.620000000051,0.0,0.0,0.0,0.0,0.0,0.0,0.0,0.0,0.0,0.0,0.0,0.0,0.0,0.0,0.0,99.73958333333334,0.3989279615651386,0.09973199039128465,99.16666666666667,100.0,0.09119665911924782,0.12431709225384602,0.031079273063461504,0.0,0.46446096580011725,0.4026062524790177,0.026934181731887823,0.006733545432971956,0.37751829100307077,0.46664087497629225,59.0,0.0,0.0,59.0,59.0,1.0,0.0,0.0,1.0,1.0,1.0,0.0,0.0,1.0,1.0,0.0,0.0,0.0,0.0,0.0,0.0,0.0,0.0,0.0,0.0,0.0,0.0,0.0,0.0,0.0,0.0,0.0,0.0,0.0,0.0,58.0,0.0,0.0,58.0,58.0,0.0,0.0,0.0,0.0,0.0,18.2212373908208,0.0,0.0,18.2212373908208,18.2212373908208,18.2212373908208,0.0,0.0,18.2212373908208,18.2212373908208,6674.804128627953,0.05551871858572013,0.013879679646430032,6674.678521617088,6674.841237390871,0.2729853496951695,2.2706241327139795e-06,5.676560331784949e-07,0.272983832016105,0.2729904868348072,1239.4491418553284,0.010281244182556003,0.002570311045639001,1239.425881297761,1239.4560138484617,1239.450965788511,0.008878160660123844,0.002219540165030961,1239.4292940474927,1239.4588424336216,0.6556760862545503
gebco_monterey_canyon_complex,GEBCO Monterey Canyon,public,complex_relief,Coverage-Preserving Segmented Hybrid,2,5,5787.715957168784,0.0,0.0,5787.715957168784,5787.715957168784,5697.428332838894,0.0,0.0,5697.428332838894,5697.428332838894,90.28762432989059,0.0,0.0,90.28762432989059,90.28762432989059,90.28762432989059,0.0,0.0,90.28762432989059,90.28762432989059,0.0,0.0,0.0,0.0,0.0,100.0,0.0,0.0,100.0,100.0,0.0,0.0,0.0,0.0,0.0,2.7769085914362224,0.02680210741538172,0.011986266824208943,2.748537875013426,2.805321291089058,86.0,0.0,0.0,86.0,86.0,1.0,0.0,0.0,1.0,1.0,1.0,0.0,0.0,1.0,1.0,0.3333333333333314,0.45643546458763584,0.20412414523193034,0.0,0.8333333333333286,-0.035319140887446296,0.07170337717542,0.032066725116109196,-0.16333681876815692,0.0,-868.8942557353296,0.014864789066101659,0.006647735764599785,-868.9040428312665,-868.8683352723283,0.0,0.0,0.0,0.0,0.0,84.0,0.0,0.0,84.0,84.0,0.0,0.0,0.0,0.0,0.0,26.389378290154262,3.972054645195637e-15,1.7763568394002505e-15,26.389378290154266,26.389378290154266,26.389378290154262,3.972054645195637e-15,1.7763568394002505e-15,26.389378290154266,26.389378290154266,5814.1053354589385,0.0,0.0,5814.1053354589385,5814.1053354589385,0.4538854521470621,0.0,0.0,0.4538854521470621,0.4538854521470621,1081.5730951387206,0.0,0.0,1081.5730951387206,1081.5730951387206,1081.5730951387206,0.0,0.0,1081.5730951387206,1081.5730951387206,13.622839501234093
gebco_monterey_canyon_complex,GEBCO Monterey Canyon,public,complex_relief,Coverage-Preserving Segmented Hybrid,3,3,5860.072830466927,3.4720647318928326,2.0045975076021327,5856.063635451723,5862.077427974529,5679.497581807146,3.4720647318928326,2.0045975076021327,5675.488386791942,5681.502179314748,180.57524865978118,0.0,0.0,180.57524865978118,180.57524865978118,180.57524865978118,0.0,0.0,180.57524865978118,180.57524865978118,0.0,0.0,0.0,0.0,0.0,99.76851851851852,0.40093768693723913,0.23148148148148093,99.30555555555556,100.0,0.0,0.0,0.0,0.0,0.0,2.897050039997945,0.017527023503012044,0.010119231737556902,2.8828594150254503,2.9166419990360737,99.0,0.0,0.0,99.0,99.0,1.0,0.0,0.0,1.0,1.0,1.0,0.0,0.0,1.0,1.0,0.6018518518518476,0.40093768693723913,0.23148148148148093,0.13888888888888573,0.8333333333333286,-0.11565159028852919,0.07747846939214892,0.04473221515995736,-0.19888171260447932,-0.0456204549153473,-796.4749512045167,3.4976669954426556,2.0193789813544867,-800.5137086729619,-794.4538420606896,0.0,0.0,0.0,0.0,0.0,96.0,0.0,0.0,96.0,96.0,0.0,0.0,0.0,0.0,0.0,30.159289474462014,0.0,0.0,30.159289474462014,30.159289474462014,30.159289474462014,0.0,0.0,30.159289474462014,30.159289474462014,5890.232119941389,3.4720647318928326,2.0045975076021327,5886.2229249261845,5892.236717448991,0.5120222064073143,0.00030192010041043594,0.00017431365124572404,0.5118478927560687,0.5123708337098059,1096.368779521454,0.6429749503505293,0.37122176066706436,1095.6263360001199,1096.740001282121,1096.368779521454,0.6429749503505293,0.37122176066706436,1095.6263360001199,1096.740001282121,12.54296942738895
gebco_monterey_canyon_complex,GEBCO Monterey Canyon,public,complex_relief,Coverage-Preserving Segmented Hybrid,4,3,5897.538166654475,4.4489148178062505,2.5685821676621536,5892.401031853451,5900.121819914997,5626.622933787244,4.4489148178062505,2.5685821676621536,5621.485798986219,5629.206587047765,270.91523286723157,0.0,0.0,270.91523286723157,270.91523286723157,270.86287298967176,0.0,0.0,270.86287298967176,270.86287298967176,0.05235987755982988,0.0,0.0,0.05235987755982988,0.05235987755982988,99.5537037037037,0.3865139119297341,0.22315391109816732,99.32777777777778,100.0,0.0,0.0,0.0,0.0,0.0,3.3789078462092825,0.05350759470078576,0.030892624204188056,3.337090332643129,3.4392061239341274,86.0,0.0,0.0,86.0,86.0,1.0,0.0,0.0,1.0,1.0,1.0,0.0,0.0,1.0,1.0,0.3870370370370324,0.3865139119297341,0.22315391109816732,0.16111111111111143,0.8333333333333286,-0.041262890898593016,0.06492803316301901,0.03748621742462198,-0.11610392836292135,0.0,-759.0390915992879,4.443340033847876,2.565363564643112,-764.1695165299425,-756.4256538337213,0.0,0.0,0.0,0.0,0.0,82.0,0.0,0.0,82.0,82.0,0.052359877559829876,0.0,0.0,0.052359877559829876,0.052359877559829876,25.761059759436304,0.0,0.0,25.761059759436304,25.761059759436304,25.813419636996134,0.0,0.0,25.813419636996134,25.813419636996134,5923.299226413913,4.4489148178062505,2.5685821676621536,5918.162091612888,5925.882879674434,0.4357947887255196,0.000327461924231217,0.00018906023010424597,0.4356046206302058,0.43617290701750877,1101.6875270464645,0.82387311440848,0.4756633643818313,1100.7362057870155,1102.1659813539684,1101.6875270464645,0.82387311440848,0.4756633643818313,1100.7362057870155,1102.1659813539684,11.983828415466329
gebco_monterey_canyon_complex,GEBCO Monterey Canyon,public,complex_relief,Coverage-Preserving Segmented Hybrid,5,3,6003.591800423429,0.9593607458467726,0.5538871848645943,6002.592112569224,6004.504973742528,5642.441303103867,0.9593607458467726,0.5538871848645943,5641.4416152496615,5643.3544764229655,361.15049731956236,0.0,0.0,361.15049731956236,361.15049731956236,361.15049731956236,0.0,0.0,361.15049731956236,361.15049731956236,0.0,0.0,0.0,0.0,0.0,99.43703703703703,0.0274049047906465,0.01582222915799582,99.40555555555555,99.45555555555555,0.0,0.0,0.0,0.0,0.0,3.3456759998807684,0.02084350676124581,0.012034004239461054,3.3225261659827083,3.362953167874366,125.0,0.0,0.0,125.0,125.0,1.0,0.0,0.0,1.0,1.0,1.0,0.0,0.0,1.0,1.0,0.2703703703703629,0.0274049047906465,0.01582222915799582,0.23888888888888005,0.2888888888888772,-0.12101313458023605,0.1226218585148584,0.0707957630220857,-0.25620495733804044,-0.016968650112600264,-652.925068533511,0.9573730868721368,0.5527396094205312,-653.9179296127522,-652.0076470373806,0.0,0.0,0.0,0.0,0.0,120.0,0.0,0.0,120.0,120.0,0.0,0.0,0.0,0.0,0.0,37.69911184307752,0.0,0.0,37.69911184307752,37.69911184307752,37.69911184307752,0.0,0.0,37.69911184307752,37.69911184307752,6041.290912266505,0.9593607458467724,0.5538871848645942,6040.291224412302,6042.204085585606,0.6240241204132949,9.909753013123455e-05,5.721398569729532e-05,0.623929799607617,0.6241273879430458,1125.7388933536265,0.1776593973789732,0.10257170090081688,1125.5537659732183,1125.90799952383,1125.7388933536265,0.1776593973789732,0.10257170090081688,1125.5537659732183,1125.90799952383,10.401060392064675
gebco_monterey_canyon_complex,GEBCO Monterey Canyon,public,complex_relief,Fixed-Spacing,1,1,6700.516576082025,0.0,0.0,6700.516576082025,6700.516576082025,6700.516576082025,0.0,0.0,6700.516576082025,6700.516576082025,0.0,0.0,0.0,0.0,0.0,0.0,0.0,0.0,0.0,0.0,0.0,0.0,0.0,0.0,0.0,99.33333333333333,0.0,0.0,99.33333333333333,99.33333333333333,0.8148148148148147,0.0,0.0,0.8148148148148147,0.8148148148148147,0.040282499976456165,0.0,0.0,0.040282499976456165,0.040282499976456165,73.0,0.0,0.0,73.0,73.0,1.0,0.0,0.0,1.0,1.0,1.0,0.0,0.0,1.0,1.0,0.0,0.0,0.0,0.0,0.0,0.0,0.0,0.0,0.0,0.0,0.0,0.0,0.0,0.0,0.0,0.0,0.0,0.0,0.0,0.0,72.0,0.0,0.0,72.0,72.0,0.0,0.0,0.0,0.0,0.0,22.61946710584651,0.0,0.0,22.61946710584651,22.61946710584651,22.61946710584651,0.0,0.0,22.61946710584651,22.61946710584651,6723.136043187871,0.0,0.0,6723.136043187871,6723.136043187871,0.3364422043603504,0.0,0.0,0.3364422043603504,0.3364422043603504,1249.2139833877256,0.0,0.0,1249.2139833877256,1249.2139833877256,1249.230279684022,0.0,0.0,1249.230279684022,1249.230279684022,0.0
gebco_monterey_canyon_complex,GEBCO Monterey Canyon,public,complex_relief,Full Geometry-Aware Hybrid GA,1,30,6656.57676836537,0.049258184166048505,0.008993272869829521,6656.457284226268,6656.620000000051,6656.57676836537,0.049258184166048505,0.008993272869829521,6656.457284226268,6656.620000000051,0.0,0.0,0.0,0.0,0.0,0.0,0.0,0.0,0.0,0.0,0.0,0.0,0.0,0.0,0.0,99.55555555555553,0.4228468861707684,0.07720092597551637,99.16666666666667,100.0,0.08231750325490904,0.10636365702921495,0.019419258084547985,0.0,0.46446096580011725,0.4103690666224187,0.03994280086895255,0.007292524348620754,0.3543982499977574,0.5481536670122296,59.0,0.0,0.0,59.0,59.0,1.0,0.0,0.0,1.0,1.0,1.0,0.0,0.0,1.0,1.0,0.0,0.0,0.0,0.0,0.0,0.0,0.0,0.0,0.0,0.0,0.0,0.0,0.0,0.0,0.0,0.0,0.0,0.0,0.0,0.0,58.0,0.0,0.0,58.0,58.0,0.0,0.0,0.0,0.0,0.0,18.2212373908208,0.0,0.0,18.2212373908208,18.2212373908208,18.2212373908208,0.0,0.0,18.2212373908208,18.2212373908208,6674.798005756191,0.049258184166048505,0.008993272869829521,6674.678521617088,6674.841237390871,0.2729856001045499,2.0145730740526652e-06,3.678090388003901e-07,0.272983832016105,0.2729904868348072,1239.4480079901875,0.009121885956699728,0.001665420901824678,1239.425881297761,1239.4560138484617,1239.4496543402524,0.008092174933978558,0.0014774222502059783,1239.4292940474927,1239.4588424336216,0.6557674653548442
gebco_monterey_canyon_complex,GEBCO Monterey Canyon,public,complex_relief,Segmented Adaptive,2,1,5787.715957168784,0.0,0.0,5787.715957168784,5787.715957168784,5697.428332838894,0.0,0.0,5697.428332838894,5697.428332838894,90.28762432989059,0.0,0.0,90.28762432989059,90.28762432989059,90.28762432989059,0.0,0.0,90.28762432989059,90.28762432989059,0.0,0.0,0.0,0.0,0.0,100.0,0.0,0.0,100.0,100.0,0.0,0.0,0.0,0.0,0.0,2.271399083081633,0.0,0.0,2.271399083081633,2.271399083081633,86.0,0.0,0.0,86.0,86.0,1.0,0.0,0.0,1.0,1.0,1.0,0.0,0.0,1.0,1.0,0.0,0.0,0.0,0.0,0.0,0.0,0.0,0.0,0.0,0.0,-868.9040428312665,0.0,0.0,-868.9040428312665,-868.9040428312665,0.0,0.0,0.0,0.0,0.0,84.0,0.0,0.0,84.0,84.0,0.0,0.0,0.0,0.0,0.0,26.389378290154266,0.0,0.0,26.389378290154266,26.389378290154266,26.389378290154266,0.0,0.0,26.389378290154266,26.389378290154266,5814.1053354589385,0.0,0.0,5814.1053354589385,5814.1053354589385,0.4538854521470621,0.0,0.0,0.4538854521470621,0.4538854521470621,1081.5730951387206,0.0,0.0,1081.5730951387206,1081.5730951387206,1081.5730951387206,0.0,0.0,1081.5730951387206,1081.5730951387206,13.622839501234093
gebco_monterey_canyon_complex,GEBCO Monterey Canyon,public,complex_relief,Segmented Adaptive,3,1,5862.077427974529,0.0,0.0,5862.077427974529,5862.077427974529,5681.502179314748,0.0,0.0,5681.502179314748,5681.502179314748,180.57524865978118,0.0,0.0,180.57524865978118,180.57524865978118,180.57524865978118,0.0,0.0,180.57524865978118,180.57524865978118,0.0,0.0,0.0,0.0,0.0,100.0,0.0,0.0,100.0,100.0,0.0,0.0,0.0,0.0,0.0,2.4273433740017936,0.0,0.0,2.4273433740017936,2.4273433740017936,99.0,0.0,0.0,99.0,99.0,1.0,0.0,0.0,1.0,1.0,1.0,0.0,0.0,1.0,1.0,0.0,0.0,0.0,0.0,0.0,0.0,0.0,0.0,0.0,0.0,-794.5425720255216,0.0,0.0,-794.5425720255216,-794.5425720255216,0.0,0.0,0.0,0.0,0.0,96.0,0.0,0.0,96.0,96.0,0.0,0.0,0.0,0.0,0.0,30.159289474462014,0.0,0.0,30.159289474462014,30.159289474462014,30.159289474462014,0.0,0.0,30.159289474462014,30.159289474462014,5892.236717448991,0.0,0.0,5892.236717448991,5892.236717448991,0.5118478927560687,0.0,0.0,0.5118478927560687,0.5118478927560687,1096.740001282121,0.0,0.0,1096.740001282121,1096.740001282121,1096.740001282121,0.0,0.0,1096.740001282121,1096.740001282121,12.513052368236266
gebco_monterey_canyon_complex,GEBCO Monterey Canyon,public,complex_relief,Segmented Adaptive,4,1,5900.258129183398,0.0,0.0,5900.258129183398,5900.258129183398,5629.342896316166,0.0,0.0,5629.342896316166,5629.342896316166,270.91523286723157,0.0,0.0,270.91523286723157,270.91523286723157,270.86287298967176,0.0,0.0,270.86287298967176,270.86287298967176,0.05235987755982988,0.0,0.0,0.05235987755982988,0.05235987755982988,100.0,0.0,0.0,100.0,100.0,0.0,0.0,0.0,0.0,0.0,2.9127881248714402,0.0,0.0,2.9127881248714402,2.9127881248714402,86.0,0.0,0.0,86.0,86.0,1.0,0.0,0.0,1.0,1.0,1.0,0.0,0.0,1.0,1.0,0.0,0.0,0.0,0.0,0.0,0.0,0.0,0.0,0.0,0.0,-756.3618708166532,0.0,0.0,-756.3618708166532,-756.3618708166532,0.0,0.0,0.0,0.0,0.0,82.0,0.0,0.0,82.0,82.0,0.052359877559829876,0.0,0.0,0.052359877559829876,0.052359877559829876,25.761059759436304,0.0,0.0,25.761059759436304,25.761059759436304,25.813419636996134,0.0,0.0,25.813419636996134,25.813419636996134,5926.019188942834,0.0,0.0,5926.019188942834,5926.019188942834,0.4355946009280657,0.0,0.0,0.4355946009280657,0.4355946009280657,1102.1912238110795,0.0,0.0,1102.1912238110795,1102.1912238110795,1102.1912238110795,0.0,0.0,1102.1912238110795,1102.1912238110795,11.943235089593047
gebco_monterey_canyon_complex,GEBCO Monterey Canyon,public,complex_relief,Segmented Adaptive,5,1,6010.800369586093,0.0,0.0,6010.800369586093,6010.800369586093,5649.649872266531,0.0,0.0,5649.649872266531,5649.649872266531,361.15049731956236,0.0,0.0,361.15049731956236,361.15049731956236,361.15049731956236,0.0,0.0,361.15049731956236,361.15049731956236,0.0,0.0,0.0,0.0,0.0,100.0,0.0,0.0,100.0,100.0,0.0,0.0,0.0,0.0,0.0,2.7018506668973714,0.0,0.0,2.7018506668973714,2.7018506668973714,125.0,0.0,0.0,125.0,125.0,1.0,0.0,0.0,1.0,1.0,1.0,0.0,0.0,1.0,1.0,0.0,0.0,0.0,0.0,0.0,0.0,0.0,0.0,0.0,0.0,-645.8196304139574,0.0,0.0,-645.8196304139574,-645.8196304139574,0.0,0.0,0.0,0.0,0.0,120.0,0.0,0.0,120.0,120.0,0.0,0.0,0.0,0.0,0.0,37.69911184307752,0.0,0.0,37.69911184307752,37.69911184307752,37.69911184307752,0.0,0.0,37.69911184307752,37.69911184307752,6048.499481429171,0.0,0.0,6048.499481429171,6048.499481429171,0.6232804013429422,0.0,0.0,0.6232804013429422,0.6232804013429422,1127.0738135689348,0.0,0.0,1127.0738135689348,1127.0738135689348,1127.0738135689348,0.0,0.0,1127.0738135689348,1127.0738135689348,10.2934781022395
gebco_monterey_canyon_complex,GEBCO Monterey Canyon,public,complex_relief,Segmented Hybrid GA,2,30,5779.599545923827,5.519665150833643,1.0077483709955806,5768.271409303747,5787.715957168784,5689.311921593935,5.519665150833643,1.0077483709955806,5677.983784973856,5697.428332838894,90.28762432989059,0.0,0.0,90.28762432989059,90.28762432989059,90.28762432989059,0.0,0.0,90.28762432989059,90.28762432989059,0.0,0.0,0.0,0.0,0.0,98.42462962962964,0.9283169829795863,0.16948671736435292,97.13888888888889,100.0,0.0010885205214435565,0.0045596199463603946,0.0008324688994240278,0.0,0.02358265374863911,2.7721498996368608,0.01752556185331348,0.0031997151866706127,2.7436869172379375,2.817366041126661,86.0,0.0,0.0,86.0,86.0,1.0,0.0,0.0,1.0,1.0,0.16666666666666666,0.3790490217894517,0.06920456654478331,0.0,1.0,-1.1309259259259288,0.9344987744322371,0.17061535290582275,-2.8611111111111143,0.8333333333333286,-0.08122898273346549,0.10631858168941676,0.01941102849108309,-0.46446096580011725,0.0,-876.9772224415452,5.508815512959048,1.005767507194021,-888.316711635126,-868.8683352723283,0.0,0.0,0.0,0.0,0.0,84.0,0.0,0.0,84.0,84.0,0.0,0.0,0.0,0.0,0.0,26.38937829015426,7.226896453227138e-15,1.319444736062194e-15,26.389378290154266,26.389378290154266,26.38937829015426,7.226896453227138e-15,1.319444736062194e-15,26.389378290154266,26.389378290154266,5805.988924213979,5.519665150833643,1.0077483709955806,5794.660787593901,5814.1053354589385,0.45452035297568055,0.00043222120262906494,7.891243417065003e-05,0.4538854521470621,0.4554085089269193,1080.070056019284,1.0221602131172935,0.18662006870287656,1077.9722529414917,1081.5730951387206,1080.0700777896943,1.0221537523734383,0.1866188891378273,1077.9722529414917,1081.5730951387206,13.743970628256896
gebco_monterey_canyon_complex,GEBCO Monterey Canyon,public,complex_relief,Segmented Hybrid GA,3,30,5851.19621647268,5.921254239442642,1.0810681718886104,5837.420221672757,5862.077427974529,5670.6209678129,5.921254239442642,1.0810681718886104,5656.844973012976,5681.502179314748,180.57524865978118,0.0,0.0,180.57524865978118,180.57524865978118,180.57524865978118,0.0,0.0,180.57524865978118,180.57524865978118,0.0,0.0,0.0,0.0,0.0,98.55148148148147,0.7284741679089444,0.13300057810784494,97.22222222222223,100.0,0.0023615466450036602,0.006165645557182238,0.0011256877177500733,0.0,0.025513372009276072,2.901599073995991,0.015685943106954172,0.002863848291807157,2.876344249001704,2.9472289569675922,99.0,0.0,0.0,99.0,99.0,1.0,0.0,0.0,1.0,1.0,0.1,0.30512857662936466,0.055708601453115555,0.0,1.0,-1.0040740740740763,0.8722349528481738,0.15924758637313324,-2.7277777777777743,0.8333333333333286,-0.07995595660990537,0.10498665064965292,0.01916785226590977,-0.46168081342611006,0.00273475792737169,-805.3805518926914,5.924616978126383,1.0816821211659704,-819.1801230001147,-794.4538420606896,0.0,0.0,0.0,0.0,0.0,96.0,0.0,0.0,96.0,96.0,0.0,0.0,0.0,0.0,0.0,30.159289474462003,1.0840344679840707e-14,1.979167104093291e-15,30.159289474462014,30.159289474462014,30.159289474462003,1.0840344679840707e-14,1.979167104093291e-15,30.159289474462014,30.159289474462014,5881.355505947141,5.921254239442642,1.0810681718886104,5867.579511147219,5892.236717448991,0.5127953752895291,0.0005165098354920606,9.430136269076135e-05,0.5118478927560687,0.5139988204193132,1094.724962115112,1.0965285628597483,0.20019780960900188,1092.173851966978,1096.740001282121,1094.7250093460448,1.0965307382347167,0.2001982067763156,1092.1738754591386,1096.740001282121,12.675445989359305
gebco_monterey_canyon_complex,GEBCO Monterey Canyon,public,complex_relief,Segmented Hybrid GA,4,30,5891.848278017025,5.840814270528709,1.0663819100555518,5878.057661253835,5900.121819914997,5620.933045149794,5.840814270528709,1.0663819100555518,5607.142428386604,5629.206587047765,270.91523286723157,0.0,0.0,270.91523286723157,270.91523286723157,270.86287298967176,0.0,0.0,270.86287298967176,270.86287298967176,0.0523598775598299,1.4115032135209254e-17,2.5770405001214727e-18,0.05235987755982988,0.05235987755982988,98.89240740740743,0.5739400309046082,0.10478663386055537,97.97777777777777,100.0,0.0015966274357438672,0.005643219374967806,0.0010303061828733572,0.0,0.028340242720207375,3.3509029164716293,0.02571772927380754,0.004695393483691782,3.312709332909435,3.4392061239341274,86.0,0.0,0.0,86.0,86.0,1.0,0.0,0.0,1.0,1.0,0.2,0.4068381021724863,0.07427813527082075,0.0,1.0,-0.6631481481481506,0.6173238418357719,0.11270739781973456,-1.9888888888888943,0.8333333333333286,-0.08072087581916516,0.10718816010490796,0.019569791062311135,-0.46446096580011725,0.025946975559791384,-764.7284903483461,5.824857832393312,1.0634686763541543,-778.4702826550965,-756.4256538337213,0.0,0.0,0.0,0.0,0.0,82.0,0.0,0.0,82.0,82.0,0.05235987755982989,1.4115032135209254e-17,2.5770405001214727e-18,0.052359877559829876,0.052359877559829876,25.761059759436304,0.0,0.0,25.761059759436304,25.761059759436304,25.81341963699614,7.226896453227138e-15,1.319444736062194e-15,25.813419636996134,25.813419636996134,5917.609337776461,5.840814270528709,1.0663819100555518,5903.818721013272,5925.882879674434,0.43621406001086427,0.00043057737019842554,7.861231280297677e-05,0.4356046206302058,0.4372325922731885,1100.6338439654548,1.0816322723201213,0.19747813149176704,1098.080026046346,1102.1659813539684,1100.633875898004,1.0816269882858827,0.197477166763518,1098.080026046346,1102.1659813539684,12.068745579282632
gebco_monterey_canyon_complex,GEBCO Monterey Canyon,public,complex_relief,Segmented Hybrid GA,5,30,5997.0447179470875,8.931028583683288,1.630575272335584,5973.888615713656,6010.800369586093,5635.894220627524,8.93102858368329,1.6305752723355842,5612.738118394093,5649.649872266531,361.15049731956236,0.0,0.0,361.15049731956236,361.15049731956236,361.15049731956236,0.0,0.0,361.15049731956236,361.15049731956236,0.0,0.0,0.0,0.0,0.0,98.94444444444443,0.6289049995905611,0.11482181826784253,97.36666666666666,100.0,0.0021725702985277515,0.0057751587287423155,0.0010543949029683415,0.0,0.022966801971205486,3.3094911754635783,0.0289168530579013,0.005279470903958261,3.2533231670968235,3.375127916922793,125.0,0.0,0.0,125.0,125.0,1.0,0.0,0.0,1.0,1.0,0.26666666666666666,0.44977644510880355,0.08211756827352527,0.0,1.0,-0.6111111111111147,0.7120055438149034,0.12999383247205185,-1.8000000000000114,0.8333333333333286,-0.0801449329563813,0.10406763168248201,0.019000063126211567,-0.44149416382891177,0.012663180441245958,-659.5320504182848,8.94223710830363,1.6326216595925551,-682.7272360691468,-645.7769745385913,0.0,0.0,0.0,0.0,0.0,120.0,0.0,0.0,120.0,120.0,0.0,0.0,0.0,0.0,0.0,37.699111843077524,7.226896453227138e-15,1.319444736062194e-15,37.69911184307752,37.69911184307752,37.699111843077524,7.226896453227138e-15,1.319444736062194e-15,37.69911184307752,37.69911184307752,6034.7438297901635,8.93102858368329,1.6305752723355842,6011.587727556734,6048.499481429171,0.624702436211358,0.0009252615066572902,0.00016892886626247142,0.6232804013429422,0.6271074057568385,1124.5264706728226,1.653894182163537,0.3019583837658425,1120.2383035925575,1127.0738135689348,1124.5265141242282,1.6538659277613328,0.3019532252413638,1120.2383035925575,1127.0738135689348,10.498770507426702
gebco_monterey_canyon_complex,GEBCO Monterey Canyon,public,complex_relief,Transition-Aware Segmented Hybrid,1,16,6656.582891237133,0.05551871858572013,0.013879679646430032,6656.457284226268,6656.620000000051,6656.582891237133,0.05551871858572013,0.013879679646430032,6656.457284226268,6656.620000000051,0.0,0.0,0.0,0.0,0.0,0.0,0.0,0.0,0.0,0.0,0.0,0.0,0.0,0.0,0.0,99.73958333333334,0.3989279615651386,0.09973199039128465,99.16666666666667,100.0,0.09119665911924782,0.12431709225384602,0.031079273063461504,0.0,0.46446096580011725,0.4026062524790177,0.026934181731887823,0.006733545432971956,0.37751829100307077,0.46664087497629225,59.0,0.0,0.0,59.0,59.0,1.0,0.0,0.0,1.0,1.0,1.0,0.0,0.0,1.0,1.0,0.0,0.0,0.0,0.0,0.0,0.0,0.0,0.0,0.0,0.0,0.0,0.0,0.0,0.0,0.0,0.0,0.0,0.0,0.0,0.0,58.0,0.0,0.0,58.0,58.0,0.0,0.0,0.0,0.0,0.0,18.2212373908208,0.0,0.0,18.2212373908208,18.2212373908208,18.2212373908208,0.0,0.0,18.2212373908208,18.2212373908208,6674.804128627953,0.05551871858572013,0.013879679646430032,6674.678521617088,6674.841237390871,0.2729853496951695,2.2706241327139795e-06,5.676560331784949e-07,0.272983832016105,0.2729904868348072,1239.4491418553284,0.010281244182556003,0.002570311045639001,1239.425881297761,1239.4560138484617,1239.450965788511,0.008878160660123844,0.002219540165030961,1239.4292940474927,1239.4588424336216,0.6556760862545503
gebco_monterey_canyon_complex,GEBCO Monterey Canyon,public,complex_relief,Transition-Aware Segmented Hybrid,2,5,5787.715957168784,0.0,0.0,5787.715957168784,5787.715957168784,5697.428332838894,0.0,0.0,5697.428332838894,5697.428332838894,90.28762432989059,0.0,0.0,90.28762432989059,90.28762432989059,90.28762432989059,0.0,0.0,90.28762432989059,90.28762432989059,0.0,0.0,0.0,0.0,0.0,100.0,0.0,0.0,100.0,100.0,0.0,0.0,0.0,0.0,0.0,2.7769085914362224,0.02680210741538172,0.011986266824208943,2.748537875013426,2.805321291089058,86.0,0.0,0.0,86.0,86.0,1.0,0.0,0.0,1.0,1.0,1.0,0.0,0.0,1.0,1.0,0.3333333333333314,0.45643546458763584,0.20412414523193034,0.0,0.8333333333333286,-0.035319140887446296,0.07170337717542,0.032066725116109196,-0.16333681876815692,0.0,-868.8942557353296,0.014864789066101659,0.006647735764599785,-868.9040428312665,-868.8683352723283,0.0,0.0,0.0,0.0,0.0,84.0,0.0,0.0,84.0,84.0,0.0,0.0,0.0,0.0,0.0,26.389378290154262,3.972054645195637e-15,1.7763568394002505e-15,26.389378290154266,26.389378290154266,26.389378290154262,3.972054645195637e-15,1.7763568394002505e-15,26.389378290154266,26.389378290154266,5814.1053354589385,0.0,0.0,5814.1053354589385,5814.1053354589385,0.4538854521470621,0.0,0.0,0.4538854521470621,0.4538854521470621,1081.5730951387206,0.0,0.0,1081.5730951387206,1081.5730951387206,1081.5730951387206,0.0,0.0,1081.5730951387206,1081.5730951387206,13.622839501234093
gebco_monterey_canyon_complex,GEBCO Monterey Canyon,public,complex_relief,Transition-Aware Segmented Hybrid,3,3,5860.072830466927,3.4720647318928326,2.0045975076021327,5856.063635451723,5862.077427974529,5679.497581807146,3.4720647318928326,2.0045975076021327,5675.488386791942,5681.502179314748,180.57524865978118,0.0,0.0,180.57524865978118,180.57524865978118,180.57524865978118,0.0,0.0,180.57524865978118,180.57524865978118,0.0,0.0,0.0,0.0,0.0,99.76851851851852,0.40093768693723913,0.23148148148148093,99.30555555555556,100.0,0.0,0.0,0.0,0.0,0.0,2.897050039997945,0.017527023503012044,0.010119231737556902,2.8828594150254503,2.9166419990360737,99.0,0.0,0.0,99.0,99.0,1.0,0.0,0.0,1.0,1.0,1.0,0.0,0.0,1.0,1.0,0.6018518518518476,0.40093768693723913,0.23148148148148093,0.13888888888888573,0.8333333333333286,-0.11565159028852919,0.07747846939214892,0.04473221515995736,-0.19888171260447932,-0.0456204549153473,-796.4749512045167,3.4976669954426556,2.0193789813544867,-800.5137086729619,-794.4538420606896,0.0,0.0,0.0,0.0,0.0,96.0,0.0,0.0,96.0,96.0,0.0,0.0,0.0,0.0,0.0,30.159289474462014,0.0,0.0,30.159289474462014,30.159289474462014,30.159289474462014,0.0,0.0,30.159289474462014,30.159289474462014,5890.232119941389,3.4720647318928326,2.0045975076021327,5886.2229249261845,5892.236717448991,0.5120222064073143,0.00030192010041043594,0.00017431365124572404,0.5118478927560687,0.5123708337098059,1096.368779521454,0.6429749503505293,0.37122176066706436,1095.6263360001199,1096.740001282121,1096.368779521454,0.6429749503505293,0.37122176066706436,1095.6263360001199,1096.740001282121,12.54296942738895
gebco_monterey_canyon_complex,GEBCO Monterey Canyon,public,complex_relief,Transition-Aware Segmented Hybrid,4,3,5897.538166654475,4.4489148178062505,2.5685821676621536,5892.401031853451,5900.121819914997,5626.622933787244,4.4489148178062505,2.5685821676621536,5621.485798986219,5629.206587047765,270.91523286723157,0.0,0.0,270.91523286723157,270.91523286723157,270.86287298967176,0.0,0.0,270.86287298967176,270.86287298967176,0.05235987755982988,0.0,0.0,0.05235987755982988,0.05235987755982988,99.5537037037037,0.3865139119297341,0.22315391109816732,99.32777777777778,100.0,0.0,0.0,0.0,0.0,0.0,3.3789078462092825,0.05350759470078576,0.030892624204188056,3.337090332643129,3.4392061239341274,86.0,0.0,0.0,86.0,86.0,1.0,0.0,0.0,1.0,1.0,1.0,0.0,0.0,1.0,1.0,0.3870370370370324,0.3865139119297341,0.22315391109816732,0.16111111111111143,0.8333333333333286,-0.041262890898593016,0.06492803316301901,0.03748621742462198,-0.11610392836292135,0.0,-759.0390915992879,4.443340033847876,2.565363564643112,-764.1695165299425,-756.4256538337213,0.0,0.0,0.0,0.0,0.0,82.0,0.0,0.0,82.0,82.0,0.052359877559829876,0.0,0.0,0.052359877559829876,0.052359877559829876,25.761059759436304,0.0,0.0,25.761059759436304,25.761059759436304,25.813419636996134,0.0,0.0,25.813419636996134,25.813419636996134,5923.299226413913,4.4489148178062505,2.5685821676621536,5918.162091612888,5925.882879674434,0.4357947887255196,0.000327461924231217,0.00018906023010424597,0.4356046206302058,0.43617290701750877,1101.6875270464645,0.82387311440848,0.4756633643818313,1100.7362057870155,1102.1659813539684,1101.6875270464645,0.82387311440848,0.4756633643818313,1100.7362057870155,1102.1659813539684,11.983828415466329
gebco_monterey_canyon_complex,GEBCO Monterey Canyon,public,complex_relief,Transition-Aware Segmented Hybrid,5,3,6003.591800423429,0.9593607458467726,0.5538871848645943,6002.592112569224,6004.504973742528,5642.441303103867,0.9593607458467726,0.5538871848645943,5641.4416152496615,5643.3544764229655,361.15049731956236,0.0,0.0,361.15049731956236,361.15049731956236,361.15049731956236,0.0,0.0,361.15049731956236,361.15049731956236,0.0,0.0,0.0,0.0,0.0,99.43703703703703,0.0274049047906465,0.01582222915799582,99.40555555555555,99.45555555555555,0.0,0.0,0.0,0.0,0.0,3.3456759998807684,0.02084350676124581,0.012034004239461054,3.3225261659827083,3.362953167874366,125.0,0.0,0.0,125.0,125.0,1.0,0.0,0.0,1.0,1.0,1.0,0.0,0.0,1.0,1.0,0.2703703703703629,0.0274049047906465,0.01582222915799582,0.23888888888888005,0.2888888888888772,-0.12101313458023605,0.1226218585148584,0.0707957630220857,-0.25620495733804044,-0.016968650112600264,-652.925068533511,0.9573730868721368,0.5527396094205312,-653.9179296127522,-652.0076470373806,0.0,0.0,0.0,0.0,0.0,120.0,0.0,0.0,120.0,120.0,0.0,0.0,0.0,0.0,0.0,37.69911184307752,0.0,0.0,37.69911184307752,37.69911184307752,37.69911184307752,0.0,0.0,37.69911184307752,37.69911184307752,6041.290912266505,0.9593607458467724,0.5538871848645942,6040.291224412302,6042.204085585606,0.6240241204132949,9.909753013123455e-05,5.721398569729532e-05,0.623929799607617,0.6241273879430458,1125.7388933536265,0.1776593973789732,0.10257170090081688,1125.5537659732183,1125.90799952383,1125.7388933536265,0.1776593973789732,0.10257170090081688,1125.5537659732183,1125.90799952383,10.401060392064675
gebco_puerto_rico_trench_complex,GEBCO Puerto Rico Trench,public,complex_relief,Adaptive Spacing w/o GA,1,1,30709.76,0.0,0.0,30709.76,30709.76,30709.76,0.0,0.0,30709.76,30709.76,0.0,0.0,0.0,0.0,0.0,0.0,0.0,0.0,0.0,0.0,0.0,0.0,0.0,0.0,0.0,99.40555555555555,0.0,0.0,99.40555555555555,99.40555555555555,0.0,0.0,0.0,0.0,0.0,0.9375089160166681,0.0,0.0,0.9375089160166681,0.9375089160166681,137.0,0.0,0.0,137.0,137.0,1.0,0.0,0.0,1.0,1.0,1.0,0.0,0.0,1.0,1.0,0.0,0.0,0.0,0.0,0.0,0.0,0.0,0.0,0.0,0.0,0.0,0.0,0.0,0.0,0.0,0.0,0.0,0.0,0.0,0.0,136.0,0.0,0.0,136.0,136.0,0.0,0.0,0.0,0.0,0.0,42.72566008882119,0.0,0.0,42.72566008882119,42.72566008882119,42.72566008882119,0.0,0.0,42.72566008882119,42.72566008882119,30752.48566008882,0.0,0.0,30752.48566008882,30752.48566008882,0.1389340054038994,0.0,0.0,0.1389340054038994,0.1389340054038994,5702.8169111440075,0.0,0.0,5702.8169111440075,5702.8169111440075,5702.8169111440075,0.0,0.0,5702.8169111440075,5702.8169111440075,0.49270084458943014
gebco_puerto_rico_trench_complex,GEBCO Puerto Rico Trench,public,complex_relief,Coverage-Preserving Segmented Hybrid,1,30,30709.656553550845,0.07044330783238333,0.012861129575025564,30709.526696572655,30709.76,30709.656553550845,0.07044330783238333,0.012861129575025564,30709.526696572655,30709.76,0.0,0.0,0.0,0.0,0.0,0.0,0.0,0.0,0.0,0.0,0.0,0.0,0.0,0.0,0.0,98.08407407407408,0.557742311868245,0.10182934849510636,97.71666666666667,99.40555555555555,0.27366497696431613,0.1899791245561311,0.03468528399149221,0.0,0.8000276269637797,0.8750954930476534,0.02346080939876798,0.004283338175011479,0.8364385840250179,0.9367959590163082,137.0,0.0,0.0,137.0,137.0,1.0,0.0,0.0,1.0,1.0,1.0,0.0,0.0,1.0,1.0,0.0,0.0,0.0,0.0,0.0,0.0,0.0,0.0,0.0,0.0,0.0,0.0,0.0,0.0,0.0,0.0,0.0,0.0,0.0,0.0,136.0,0.0,0.0,136.0,136.0,0.0,0.0,0.0,0.0,0.0,42.72566008882117,2.1680689359681415e-14,3.958334208186582e-15,42.72566008882119,42.72566008882119,42.72566008882117,2.1680689359681415e-14,3.958334208186582e-15,42.72566008882119,42.72566008882119,30752.382213639667,0.07044330783238333,0.012861129575025564,30752.252356661476,30752.48566008882,0.13893447275797624,3.18252039398668e-07,5.8104606983557774e-08,0.1389340054038994,0.13893505943334936,5702.797754394162,0.013045057006086784,0.0023816906620581797,5702.773706805609,5702.8169111440075,5702.803227693702,0.011484729746231642,0.002096815182953884,5702.781321362442,5702.820672541595,0.49303603694399256
gebco_puerto_rico_trench_complex,GEBCO Puerto Rico Trench,public,complex_relief,Fixed-Spacing,1,1,30861.81643020727,0.0,0.0,30861.81643020727,30861.81643020727,30861.81643020727,0.0,0.0,30861.81643020727,30861.81643020727,0.0,0.0,0.0,0.0,0.0,0.0,0.0,0.0,0.0,0.0,0.0,0.0,0.0,0.0,0.0,99.42222222222222,0.0,0.0,99.42222222222222,99.42222222222222,0.43856848827903316,0.0,0.0,0.43856848827903316,0.43856848827903316,0.08725850004702806,0.0,0.0,0.08725850004702806,0.08725850004702806,146.0,0.0,0.0,146.0,146.0,1.0,0.0,0.0,1.0,1.0,1.0,0.0,0.0,1.0,1.0,0.0,0.0,0.0,0.0,0.0,0.0,0.0,0.0,0.0,0.0,0.0,0.0,0.0,0.0,0.0,0.0,0.0,0.0,0.0,0.0,145.0,0.0,0.0,145.0,145.0,0.0,0.0,0.0,0.0,0.0,45.553093477051995,0.0,0.0,45.553093477051995,45.553093477051995,45.553093477051995,0.0,0.0,45.553093477051995,45.553093477051995,30907.36952368432,0.0,0.0,30907.36952368432,30907.36952368432,0.1473858635628783,0.0,0.0,0.1473858635628783,0.1473858635628783,5732.022706881735,0.0,0.0,5732.022706881735,5732.022706881735,5732.031478251501,0.0,0.0,5732.031478251501,5732.031478251501,0.0
gebco_puerto_rico_trench_complex,GEBCO Puerto Rico Trench,public,complex_relief,Full Geometry-Aware Hybrid GA,1,30,30709.656553550845,0.07044330783238333,0.012861129575025564,30709.526696572655,30709.76,30709.656553550845,0.07044330783238333,0.012861129575025564,30709.526696572655,30709.76,0.0,0.0,0.0,0.0,0.0,0.0,0.0,0.0,0.0,0.0,0.0,0.0,0.0,0.0,0.0,98.08407407407408,0.557742311868245,0.10182934849510636,97.71666666666667,99.40555555555555,0.27366497696431613,0.1899791245561311,0.03468528399149221,0.0,0.8000276269637797,0.8750954930476534,0.02346080939876798,0.004283338175011479,0.8364385840250179,0.9367959590163082,137.0,0.0,0.0,137.0,137.0,1.0,0.0,0.0,1.0,1.0,1.0,0.0,0.0,1.0,1.0,0.0,0.0,0.0,0.0,0.0,0.0,0.0,0.0,0.0,0.0,0.0,0.0,0.0,0.0,0.0,0.0,0.0,0.0,0.0,0.0,136.0,0.0,0.0,136.0,136.0,0.0,0.0,0.0,0.0,0.0,42.72566008882117,2.1680689359681415e-14,3.958334208186582e-15,42.72566008882119,42.72566008882119,42.72566008882117,2.1680689359681415e-14,3.958334208186582e-15,42.72566008882119,42.72566008882119,30752.382213639667,0.07044330783238333,0.012861129575025564,30752.252356661476,30752.48566008882,0.13893447275797624,3.18252039398668e-07,5.8104606983557774e-08,0.1389340054038994,0.13893505943334936,5702.797754394162,0.013045057006086784,0.0023816906620581797,5702.773706805609,5702.8169111440075,5702.803227693702,0.011484729746231642,0.002096815182953884,5702.781321362442,5702.820672541595,0.49303603694399256
gebco_puerto_rico_trench_complex,GEBCO Puerto Rico Trench,public,complex_relief,Segmented Adaptive,2,1,25089.894853049205,0.0,0.0,25089.894853049205,25089.894853049205,24880.025151472444,0.0,0.0,24880.025151472444,24880.025151472444,209.86970157676257,0.0,0.0,209.86970157676257,209.86970157676257,209.86970157676257,0.0,0.0,209.86970157676257,209.86970157676257,0.0,0.0,0.0,0.0,0.0,94.65555555555555,0.0,0.0,94.65555555555555,94.65555555555555,0.0,0.0,0.0,0.0,0.0,2.571634583058767,0.0,0.0,2.571634583058767,2.571634583058767,171.0,0.0,0.0,171.0,171.0,0.0,0.0,0.0,0.0,0.0,0.0,0.0,0.0,0.0,0.0,-3.938888888888883,0.0,0.0,-3.938888888888883,-3.938888888888883,-0.09476696843461241,0.0,0.0,-0.09476696843461241,-0.09476696843461241,-5619.847099258008,0.0,0.0,-5619.847099258008,-5619.847099258008,0.0,0.0,0.0,0.0,0.0,169.0,0.0,0.0,169.0,169.0,0.0,0.0,0.0,0.0,0.0,53.092915845667505,0.0,0.0,53.092915845667505,53.092915845667505,53.092915845667505,0.0,0.0,53.092915845667505,53.092915845667505,25142.987768894873,0.0,0.0,25142.987768894873,25142.987768894873,0.21116390913314728,0.0,0.0,0.21116390913314728,0.21116390913314728,4665.940867544544,0.0,0.0,4665.940867544544,4665.940867544544,4665.940867544544,0.0,0.0,4665.940867544544,4665.940867544544,18.702468761717338
gebco_puerto_rico_trench_complex,GEBCO Puerto Rico Trench,public,complex_relief,Segmented Adaptive,3,1,25186.155762904225,0.0,0.0,25186.155762904225,25186.155762904225,24766.4163597507,0.0,0.0,24766.4163597507,24766.4163597507,419.73940315352513,0.0,0.0,419.73940315352513,419.73940315352513,419.73940315352513,0.0,0.0,419.73940315352513,419.73940315352513,0.0,0.0,0.0,0.0,0.0,94.71666666666668,0.0,0.0,94.71666666666668,94.71666666666668,0.0,0.0,0.0,0.0,0.0,3.10443554201629,0.0,0.0,3.10443554201629,3.10443554201629,199.0,0.0,0.0,199.0,199.0,0.0,0.0,0.0,0.0,0.0,0.0,0.0,0.0,0.0,0.0,-3.8777777777777516,0.0,0.0,-3.8777777777777516,-3.8777777777777516,-0.09476696843461241,0.0,0.0,-0.09476696843461241,-0.09476696843461241,-5523.586189402988,0.0,0.0,-5523.586189402988,-5523.586189402988,0.0,0.0,0.0,0.0,0.0,196.0,0.0,0.0,196.0,196.0,0.0,0.0,0.0,0.0,0.0,61.57521601035994,0.0,0.0,61.57521601035994,61.57521601035994,61.57521601035994,0.0,0.0,61.57521601035994,61.57521601035994,25247.730978914584,0.0,0.0,25247.730978914584,25247.730978914584,0.24388415759730617,0.0,0.0,0.24388415759730617,0.24388415759730617,4686.90855461573,0.0,0.0,4686.90855461573,4686.90855461573,4686.90855461573,0.0,0.0,4686.90855461573,4686.90855461573,18.39055935070548
gebco_puerto_rico_trench_complex,GEBCO Puerto Rico Trench,public,complex_relief,Segmented Adaptive,4,1,25279.229042307135,0.0,0.0,25279.229042307135,25279.229042307135,24649.61993757685,0.0,0.0,24649.61993757685,24649.61993757685,629.6091047302876,0.0,0.0,629.6091047302876,629.6091047302876,629.6091047302876,0.0,0.0,629.6091047302876,629.6091047302876,0.0,0.0,0.0,0.0,0.0,94.7,0.0,0.0,94.7,94.7,0.0,0.0,0.0,0.0,0.0,3.1793037090683356,0.0,0.0,3.1793037090683356,3.1793037090683356,226.0,0.0,0.0,226.0,226.0,0.0,0.0,0.0,0.0,0.0,0.0,0.0,0.0,0.0,0.0,-3.8944444444444315,0.0,0.0,-3.8944444444444315,-3.8944444444444315,-0.09476696843461241,0.0,0.0,-0.09476696843461241,-0.09476696843461241,-5430.512910000078,0.0,0.0,-5430.512910000078,-5430.512910000078,0.0,0.0,0.0,0.0,0.0,222.0,0.0,0.0,222.0,222.0,0.0,0.0,0.0,0.0,0.0,69.7433569096934,0.0,0.0,69.7433569096934,69.7433569096934,69.7433569096934,0.0,0.0,69.7433569096934,69.7433569096934,25348.97239921683,0.0,0.0,25348.97239921683,25348.97239921683,0.2751328764389998,0.0,0.0,0.2751328764389998,0.2751328764389998,4707.169584467874,0.0,0.0,4707.169584467874,4707.169584467874,4707.169584467874,0.0,0.0,4707.169584467874,4707.169584467874,18.088978659195014
gebco_puerto_rico_trench_complex,GEBCO Puerto Rico Trench,public,complex_relief,Segmented Adaptive,5,1,25619.3680027046,0.0,0.0,25619.3680027046,25619.3680027046,24779.889196397547,0.0,0.0,24779.889196397547,24779.889196397547,839.4788063070503,0.0,0.0,839.4788063070503,839.4788063070503,839.4788063070503,0.0,0.0,839.4788063070503,839.4788063070503,0.0,0.0,0.0,0.0,0.0,95.57777777777778,0.0,0.0,95.57777777777778,95.57777777777778,0.0,0.0,0.0,0.0,0.0,3.3657948741456494,0.0,0.0,3.3657948741456494,3.3657948741456494,258.0,0.0,0.0,258.0,258.0,0.0,0.0,0.0,0.0,0.0,0.0,0.0,0.0,0.0,0.0,-3.0166666666666515,0.0,0.0,-3.0166666666666515,-3.0166666666666515,-0.09476696843461241,0.0,0.0,-0.09476696843461241,-0.09476696843461241,-5090.373949602614,0.0,0.0,-5090.373949602614,-5090.373949602614,0.0,0.0,0.0,0.0,0.0,253.0,0.0,0.0,253.0,253.0,0.0,0.0,0.0,0.0,0.0,79.48229413582176,0.0,0.0,79.48229413582176,79.48229413582176,79.48229413582176,0.0,0.0,79.48229413582176,79.48229413582176,25698.85029684042,0.0,0.0,25698.85029684042,25698.85029684042,0.3092834629477328,0.0,0.0,0.3092834629477328,0.3092834629477328,4773.765294625229,0.0,0.0,4773.765294625229,4773.765294625229,4773.765294625229,0.0,0.0,4773.765294625229,4773.765294625229,16.986843400349592
gebco_puerto_rico_trench_complex,GEBCO Puerto Rico Trench,public,complex_relief,Segmented Hybrid GA,2,30,25089.8948530492,3.700170984052295e-12,6.755557048638434e-13,25089.894853049205,25089.894853049205,24880.025151472437,7.40034196810459e-12,1.3511114097276867e-12,24880.025151472444,24880.025151472444,209.86970157676265,8.672275743872566e-14,1.583333683274633e-14,209.86970157676257,209.86970157676257,209.86970157676265,8.672275743872566e-14,1.583333683274633e-14,209.86970157676257,209.86970157676257,0.0,0.0,0.0,0.0,0.0,94.65555555555555,0.0,0.0,94.65555555555555,94.65555555555555,0.0,0.0,0.0,0.0,0.0,3.2507671566330827,0.011215740070142135,0.002047704611843807,3.225811583106406,3.2756824999814853,171.0,0.0,0.0,171.0,171.0,0.0,0.0,0.0,0.0,0.0,0.0,0.0,0.0,0.0,0.0,-3.4285185185185183,0.557742311868245,0.10182934849510636,-4.75,-3.061111111111117,-0.27366497696431613,0.1899791245561311,0.03468528399149221,-0.8000276269637797,0.0,-5619.761700501634,0.07044330783238331,0.012861129575025563,-5619.865146950793,-5619.63184352345,0.0,0.0,0.0,0.0,0.0,169.0,0.0,0.0,169.0,169.0,0.0,0.0,0.0,0.0,0.0,53.09291584566749,1.4453792906454277e-14,2.638889472124388e-15,53.092915845667505,53.092915845667505,53.09291584566749,1.4453792906454277e-14,2.638889472124388e-15,53.092915845667505,53.092915845667505,25142.987768894873,0.0,0.0,25142.987768894873,25142.987768894873,0.2111639091331473,2.823006427041851e-17,5.1540810002429455e-18,0.21116390913314728,0.21116390913314728,4665.940867544543,9.250427460130737e-13,1.6888892621596084e-13,4665.940867544544,4665.940867544544,4665.940867544543,9.250427460130737e-13,1.6888892621596084e-13,4665.940867544544,4665.940867544544,18.70246876171735
gebco_puerto_rico_trench_complex,GEBCO Puerto Rico Trench,public,complex_relief,Segmented Hybrid GA,3,30,25186.15576290422,3.700170984052295e-12,6.755557048638434e-13,25186.155762904225,25186.155762904225,24766.416359750692,7.40034196810459e-12,1.3511114097276867e-12,24766.4163597507,24766.4163597507,419.7394031535253,1.7344551487745132e-13,3.166667366549266e-14,419.73940315352513,419.73940315352513,419.7394031535253,1.7344551487745132e-13,3.166667366549266e-14,419.73940315352513,419.73940315352513,0.0,0.0,0.0,0.0,0.0,94.71666666666668,0.0,0.0,94.71666666666668,94.71666666666668,0.0,0.0,0.0,0.0,0.0,3.8408237754677734,0.010526058052146771,0.0019217864789232255,3.8145022089593112,3.8666521669365466,199.0,0.0,0.0,199.0,199.0,0.0,0.0,0.0,0.0,0.0,0.0,0.0,0.0,0.0,0.0,-3.367407407407387,0.557742311868245,0.10182934849510636,-4.688888888888869,-2.999999999999986,-0.27366497696431613,0.1899791245561311,0.03468528399149221,-0.8000276269637797,0.0,-5523.500790646611,0.07044330783238331,0.012861129575025563,-5523.604237095773,-5523.37093366843,0.0,0.0,0.0,0.0,0.0,196.0,0.0,0.0,196.0,196.0,0.0,0.0,0.0,0.0,0.0,61.575216010359945,7.226896453227138e-15,1.319444736062194e-15,61.57521601035994,61.57521601035994,61.575216010359945,7.226896453227138e-15,1.319444736062194e-15,61.57521601035994,61.57521601035994,25247.730978914577,7.40034196810459e-12,1.3511114097276867e-12,25247.730978914584,25247.730978914584,0.2438841575973062,2.823006427041851e-17,5.1540810002429455e-18,0.24388415759730617,0.24388415759730617,4686.908554615731,9.250427460130737e-13,1.6888892621596084e-13,4686.90855461573,4686.90855461573,4686.908554615731,9.250427460130737e-13,1.6888892621596084e-13,4686.90855461573,4686.90855461573,18.390559350705495
gebco_puerto_rico_trench_complex,GEBCO Puerto Rico Trench,public,complex_relief,Segmented Hybrid GA,4,30,25279.22904230713,3.700170984052295e-12,6.755557048638434e-13,25279.229042307135,25279.229042307135,24649.61993757684,7.40034196810459e-12,1.3511114097276867e-12,24649.61993757685,24649.61993757685,629.6091047302875,1.156303432516342e-13,2.1111115776995105e-14,629.6091047302876,629.6091047302876,629.6091047302875,1.156303432516342e-13,2.1111115776995105e-14,629.6091047302876,629.6091047302876,0.0,0.0,0.0,0.0,0.0,94.69999999999997,2.890758581290855e-14,5.277778944248776e-15,94.7,94.7,0.0,0.0,0.0,0.0,0.0,3.93202244368537,0.019224541749025655,0.0035099050578803904,3.8951914589852095,3.986257375101559,226.0,0.0,0.0,226.0,226.0,0.0,0.0,0.0,0.0,0.0,0.0,0.0,0.0,0.0,0.0,-3.384074074074067,0.557742311868245,0.10182934849510636,-4.705555555555549,-3.0166666666666657,-0.27366497696431613,0.1899791245561311,0.03468528399149221,-0.8000276269637797,0.0,-5430.427511243703,0.07044330783238333,0.012861129575025564,-5430.530957692863,-5430.29765426552,0.0,0.0,0.0,0.0,0.0,222.0,0.0,0.0,222.0,222.0,0.0,0.0,0.0,0.0,0.0,69.7433569096934,0.0,0.0,69.7433569096934,69.7433569096934,69.7433569096934,0.0,0.0,69.7433569096934,69.7433569096934,25348.972399216833,3.700170984052295e-12,6.755557048638434e-13,25348.97239921683,25348.97239921683,0.2751328764389998,0.0,0.0,0.2751328764389998,0.2751328764389998,4707.169584467873,9.250427460130737e-13,1.6888892621596084e-13,4707.169584467874,4707.169584467874,4707.169584467873,9.250427460130737e-13,1.6888892621596084e-13,4707.169584467874,4707.169584467874,18.088978659195025
gebco_puerto_rico_trench_complex,GEBCO Puerto Rico Trench,public,complex_relief,Segmented Hybrid GA,5,30,25619.368002704592,7.40034196810459e-12,1.3511114097276867e-12,25619.3680027046,25619.3680027046,24779.88919639754,7.40034196810459e-12,1.3511114097276867e-12,24779.889196397547,24779.889196397547,839.4788063070506,3.4689102975490264e-13,6.333334733098531e-14,839.4788063070503,839.4788063070503,839.4788063070506,3.4689102975490264e-13,6.333334733098531e-14,839.4788063070503,839.4788063070503,0.0,0.0,0.0,0.0,0.0,95.57777777777774,4.336137871936283e-14,7.916668416373164e-15,95.57777777777778,95.57777777777778,0.0,0.0,0.0,0.0,0.0,4.193356778057447,0.013756934198121826,0.002511661060808523,4.1775199979310855,4.257436456391588,258.0,0.0,0.0,258.0,258.0,0.0,0.0,0.0,0.0,0.0,0.0,0.0,0.0,0.0,0.0,-2.506296296296287,0.557742311868245,0.10182934849510636,-3.8277777777777686,-2.1388888888888857,-0.27366497696431613,0.1899791245561311,0.03468528399149221,-0.8000276269637797,0.0,-5090.288550846239,0.07044330783238333,0.012861129575025564,-5090.391997295399,-5090.158693868056,0.0,0.0,0.0,0.0,0.0,253.0,0.0,0.0,253.0,253.0,0.0,0.0,0.0,0.0,0.0,79.48229413582175,1.4453792906454277e-14,2.638889472124388e-15,79.48229413582176,79.48229413582176,79.48229413582175,1.4453792906454277e-14,2.638889472124388e-15,79.48229413582176,79.48229413582176,25698.85029684042,0.0,0.0,25698.85029684042,25698.85029684042,0.3092834629477327,1.1292025708167404e-16,2.0616324000971782e-17,0.3092834629477328,0.3092834629477328,4773.765294625229,0.0,0.0,4773.765294625229,4773.765294625229,4773.765294625229,0.0,0.0,4773.765294625229,4773.765294625229,16.986843400349617
gebco_puerto_rico_trench_complex,GEBCO Puerto Rico Trench,public,complex_relief,Transition-Aware Segmented Hybrid,1,30,30709.656553550845,0.07044330783238333,0.012861129575025564,30709.526696572655,30709.76,30709.656553550845,0.07044330783238333,0.012861129575025564,30709.526696572655,30709.76,0.0,0.0,0.0,0.0,0.0,0.0,0.0,0.0,0.0,0.0,0.0,0.0,0.0,0.0,0.0,98.08407407407408,0.557742311868245,0.10182934849510636,97.71666666666667,99.40555555555555,0.27366497696431613,0.1899791245561311,0.03468528399149221,0.0,0.8000276269637797,0.8750954930476534,0.02346080939876798,0.004283338175011479,0.8364385840250179,0.9367959590163082,137.0,0.0,0.0,137.0,137.0,1.0,0.0,0.0,1.0,1.0,1.0,0.0,0.0,1.0,1.0,0.0,0.0,0.0,0.0,0.0,0.0,0.0,0.0,0.0,0.0,0.0,0.0,0.0,0.0,0.0,0.0,0.0,0.0,0.0,0.0,136.0,0.0,0.0,136.0,136.0,0.0,0.0,0.0,0.0,0.0,42.72566008882117,2.1680689359681415e-14,3.958334208186582e-15,42.72566008882119,42.72566008882119,42.72566008882117,2.1680689359681415e-14,3.958334208186582e-15,42.72566008882119,42.72566008882119,30752.382213639667,0.07044330783238333,0.012861129575025564,30752.252356661476,30752.48566008882,0.13893447275797624,3.18252039398668e-07,5.8104606983557774e-08,0.1389340054038994,0.13893505943334936,5702.797754394162,0.013045057006086784,0.0023816906620581797,5702.773706805609,5702.8169111440075,5702.803227693702,0.011484729746231642,0.002096815182953884,5702.781321362442,5702.820672541595,0.49303603694399256
synthetic_complex,Complex Terrain,synthetic,complex_relief,Adaptive Spacing w/o GA,1,1,254.42831497779022,0.0,0.0,254.42831497779022,254.42831497779022,254.42831497779022,0.0,0.0,254.42831497779022,254.42831497779022,0.0,0.0,0.0,0.0,0.0,0.0,0.0,0.0,0.0,0.0,0.0,0.0,0.0,0.0,0.0,96.87777777777778,0.0,0.0,96.87777777777778,96.87777777777778,7.121152941554071,0.0,0.0,7.121152941554071,7.121152941554071,0.5810242920415476,0.0,0.0,0.5810242920415476,0.5810242920415476,40.0,0.0,0.0,40.0,40.0,0.0,0.0,0.0,0.0,0.0,0.0,0.0,0.0,0.0,0.0,0.0,0.0,0.0,0.0,0.0,0.0,0.0,0.0,0.0,0.0,0.0,0.0,0.0,0.0,0.0,0.0,0.0,0.0,0.0,0.0,39.0,0.0,0.0,39.0,39.0,0.0,0.0,0.0,0.0,0.0,12.252211349000191,0.0,0.0,12.252211349000191,12.252211349000191,12.252211349000191,0.0,0.0,12.252211349000191,12.252211349000191,266.6805263267904,0.0,0.0,266.6805263267904,266.6805263267904,4.594340470884749,0.0,0.0,4.594340470884749,4.594340470884749,51.65421068070197,0.0,0.0,51.65421068070197,51.65421068070197,51.79663373953306,0.0,0.0,51.79663373953306,51.79663373953306,25.687483267580635
synthetic_complex,Complex Terrain,synthetic,complex_relief,Coverage-Preserving Segmented Hybrid,4,30,265.33660726531036,0.06472163708483605,0.011816500196675869,265.20041747386966,265.4758884463801,242.7460881223915,0.06472163708483605,0.011816500196675869,242.60989833095084,242.8853693034613,22.5905191429188,7.226896453227138e-15,1.319444736062194e-15,22.590519142918808,22.590519142918808,22.224000000000007,7.226896453227138e-15,1.319444736062194e-15,22.224,22.224,0.36651914291880927,1.1292025708167404e-16,2.0616324000971782e-17,0.36651914291880916,0.36651914291880916,97.17611111111111,0.07960564253047973,0.014533935372878795,97.01666666666667,97.33333333333333,1.3916902244452258,0.01735325213529141,0.0031682558801912654,1.3516066834227294,1.424088334200297,2.302595718142887,0.031365621730437374,0.005726552850644924,2.2725358339957893,2.4071527090854943,100.0,0.0,0.0,100.0,100.0,1.0,0.0,0.0,1.0,1.0,1.0,0.0,0.0,1.0,1.0,0.34240740740740655,0.0770419950020645,0.01406587951261033,0.21666666666666856,0.49444444444445423,-5.779957991260395,0.0593144792067023,0.010829292749393992,-5.912804665144617,-5.6338741023974634,11.19549773079162,0.22955900436511822,0.04191154832306738,10.705525687222178,11.55960150826516,1.0,0.0,0.0,1.0,1.0,96.0,0.0,0.0,96.0,96.0,0.36651914291880927,1.1292025708167404e-16,2.0616324000971782e-17,0.36651914291880916,0.36651914291880916,30.159289474462003,1.0840344679840707e-14,1.979167104093291e-15,30.159289474462014,30.159289474462014,30.525808617380815,7.226896453227138e-15,1.319444736062194e-15,30.52580861738082,30.52580861738082,295.4958967397724,0.06472163708483605,0.011816500196675869,295.3597069483317,295.6351779208421,10.330366807050854,0.0022626691199890327,0.00041310497239611883,10.325499432125858,10.33512963998194,60.37438988095429,0.011985488349044157,0.002188240777162279,60.34916954920601,60.40018269226351,60.402223685443204,0.012196905081431059,0.0022268400149497254,60.376201682874466,60.42862331542033,22.501428078679105
synthetic_complex,Complex Terrain,synthetic,complex_relief,Fixed-Spacing,1,1,342.37612472999996,0.0,0.0,342.37612472999996,342.37612472999996,342.37612472999996,0.0,0.0,342.37612472999996,342.37612472999996,0.0,0.0,0.0,0.0,0.0,0.0,0.0,0.0,0.0,0.0,0.0,0.0,0.0,0.0,0.0,96.1888888888889,0.0,0.0,96.1888888888889,96.1888888888889,28.497640907255647,0.0,0.0,28.497640907255647,28.497640907255647,0.03354487498290837,0.0,0.0,0.03354487498290837,0.03354487498290837,45.0,0.0,0.0,45.0,45.0,0.0,0.0,0.0,0.0,0.0,0.0,0.0,0.0,0.0,0.0,0.0,0.0,0.0,0.0,0.0,0.0,0.0,0.0,0.0,0.0,0.0,0.0,0.0,0.0,0.0,0.0,0.0,0.0,0.0,0.0,44.0,0.0,0.0,44.0,44.0,0.0,0.0,0.0,0.0,0.0,13.823007675795088,0.0,0.0,13.823007675795088,13.823007675795088,13.823007675795088,0.0,0.0,13.823007675795088,13.823007675795088,356.19913240579507,0.0,0.0,356.19913240579507,356.19913240579507,3.8806966155233114,0.0,0.0,3.8806966155233114,3.8806966155233114,68.5226185336278,0.0,0.0,68.5226185336278,68.5226185336278,69.09257135177292,0.0,0.0,69.09257135177292,69.09257135177292,0.0
synthetic_complex,Complex Terrain,synthetic,complex_relief,Full Geometry-Aware Hybrid GA,1,30,254.14110953451882,0.2094150482788223,0.03823378194111479,253.77841703513977,254.5876409802319,254.14110953451882,0.2094150482788223,0.03823378194111479,253.77841703513977,254.5876409802319,0.0,0.0,0.0,0.0,0.0,0.0,0.0,0.0,0.0,0.0,0.0,0.0,0.0,0.0,0.0,96.8337037037037,0.04185292553918463,0.007641263805131829,96.75555555555555,96.89999999999999,7.17164821570562,0.055984419422840305,0.010221309795573329,7.0579624365977605,7.289344557660367,0.3055522139222982,0.036138639106571536,0.006597982612069191,0.2645115000195801,0.4491699169157073,40.0,0.0,0.0,40.0,40.0,0.0,0.0,0.0,0.0,0.0,0.0,0.0,0.0,0.0,0.0,0.0,0.0,0.0,0.0,0.0,0.0,0.0,0.0,0.0,0.0,0.0,0.0,0.0,0.0,0.0,0.0,0.0,0.0,0.0,0.0,39.0,0.0,0.0,39.0,39.0,0.0,0.0,0.0,0.0,0.0,12.252211349000186,5.420172339920354e-15,9.895835520466455e-16,12.252211349000191,12.252211349000191,12.252211349000186,5.420172339920354e-15,9.895835520466455e-16,12.252211349000191,12.252211349000191,266.3933208835189,0.20941504827882157,0.03823378194111466,266.03062838413996,266.8398523292321,4.599296493741081,0.0036149752336883324,0.0006600011601045363,4.591597260323462,4.6055641876349585,51.601024487503544,0.03878056449607835,0.007080329989095359,51.53385920984077,51.68371549596895,51.74445745181767,0.0392467078832136,0.007165435738483972,51.67824989264442,51.828317688726216,25.771369211291777
synthetic_complex,Complex Terrain,synthetic,complex_relief,Segmented Adaptive,2,1,243.26571625951001,0.0,0.0,243.26571625951001,243.26571625951001,235.8315363207301,0.0,0.0,235.8315363207301,235.8315363207301,7.4341799387799155,0.0,0.0,7.4341799387799155,7.4341799387799155,7.408,0.0,0.0,7.408,7.408,0.02617993877991494,0.0,0.0,0.02617993877991494,0.02617993877991494,95.94444444444444,0.0,0.0,95.94444444444444,95.94444444444444,3.518873525836042,0.0,0.0,3.518873525836042,3.518873525836042,1.571270626038313,0.0,0.0,1.571270626038313,1.571270626038313,58.0,0.0,0.0,58.0,58.0,0.0,0.0,0.0,0.0,0.0,0.0,0.0,0.0,0.0,0.0,-0.8333333333333286,0.0,0.0,-0.8333333333333286,-0.8333333333333286,-3.6627765182136165,0.0,0.0,-3.6627765182136165,-3.6627765182136165,-10.963307910864842,0.0,0.0,-10.963307910864842,-10.963307910864842,0.0,0.0,0.0,0.0,0.0,56.0,0.0,0.0,56.0,56.0,0.026179938779914938,0.0,0.0,0.026179938779914938,0.026179938779914938,17.59291886010284,0.0,0.0,17.59291886010284,17.59291886010284,17.619098798882757,0.0,0.0,17.619098798882757,17.619098798882757,260.8586351196128,0.0,0.0,260.8586351196128,260.8586351196128,6.754270868128932,0.0,0.0,6.754270868128932,6.754270868128932,51.569950725647324,0.0,0.0,51.569950725647324,51.569950725647324,51.64032819616404,0.0,0.0,51.64032819616404,51.64032819616404,28.947815373706053
synthetic_complex,Complex Terrain,synthetic,complex_relief,Segmented Adaptive,3,1,261.20028154555735,0.0,0.0,261.20028154555735,261.20028154555735,246.25338185165776,0.0,0.0,246.25338185165776,246.25338185165776,14.946899693899576,0.0,0.0,14.946899693899576,14.946899693899576,14.816,0.0,0.0,14.816,14.816,0.1308996938995747,0.0,0.0,0.1308996938995747,0.1308996938995747,96.77777777777777,0.0,0.0,96.77777777777777,96.77777777777777,2.9365439837624243,0.0,0.0,2.9365439837624243,2.9365439837624243,1.7515587080270052,0.0,0.0,1.7515587080270052,1.7515587080270052,85.0,0.0,0.0,85.0,85.0,0.0,0.0,0.0,0.0,0.0,0.0,0.0,0.0,0.0,0.0,0.0,0.0,0.0,0.0,0.0,-4.245106060287235,0.0,0.0,-4.245106060287235,-4.245106060287235,6.971257375182489,0.0,0.0,6.971257375182489,6.971257375182489,0.0,0.0,0.0,0.0,0.0,82.0,0.0,0.0,82.0,82.0,0.1308996938995747,0.0,0.0,0.1308996938995747,0.1308996938995747,25.761059759436304,0.0,0.0,25.761059759436304,25.761059759436304,25.89195945333588,0.0,0.0,25.89195945333588,25.89195945333588,286.9613413049936,0.0,0.0,286.9613413049936,286.9613413049936,9.022804024956416,0.0,0.0,9.022804024956416,9.022804024956416,57.935796436727685,0.0,0.0,57.935796436727685,57.935796436727685,57.99452731640293,0.0,0.0,57.99452731640293,57.99452731640293,23.709551373787647
synthetic_complex,Complex Terrain,synthetic,complex_relief,Segmented Adaptive,4,1,265.3380185434049,0.0,0.0,265.3380185434049,265.3380185434049,242.7474994004861,0.0,0.0,242.7474994004861,242.7474994004861,22.590519142918808,0.0,0.0,22.590519142918808,22.590519142918808,22.224,0.0,0.0,22.224,22.224,0.36651914291880916,0.0,0.0,0.36651914291880916,0.36651914291880916,97.08888888888889,0.0,0.0,97.08888888888889,97.08888888888889,1.3765398925157497,0.0,0.0,1.3765398925157497,1.3765398925157497,1.8500952500617132,0.0,0.0,1.8500952500617132,1.8500952500617132,100.0,0.0,0.0,100.0,100.0,1.0,0.0,0.0,1.0,1.0,1.0,0.0,0.0,1.0,1.0,0.3111111111111171,0.0,0.0,0.3111111111111171,0.3111111111111171,-5.805110151533909,0.0,0.0,-5.805110151533909,-5.805110151533909,11.108994373030072,0.0,0.0,11.108994373030072,11.108994373030072,1.0,0.0,0.0,1.0,1.0,96.0,0.0,0.0,96.0,96.0,0.36651914291880916,0.0,0.0,0.36651914291880916,0.36651914291880916,30.159289474462014,0.0,0.0,30.159289474462014,30.159289474462014,30.52580861738082,0.0,0.0,30.52580861738082,30.52580861738082,295.49730801786694,0.0,0.0,295.49730801786694,295.49730801786694,10.330316990750761,0.0,0.0,10.330316990750761,10.330316990750761,60.374651228749585,0.0,0.0,60.374651228749585,60.374651228749585,60.4021820265999,0.0,0.0,60.4021820265999,60.4021820265999,22.501015877595957
synthetic_complex,Complex Terrain,synthetic,complex_relief,Segmented Adaptive,5,1,275.55471952786377,0.0,0.0,275.55471952786377,275.55471952786377,245.73945995640437,0.0,0.0,245.73945995640437,245.73945995640437,29.815259571459407,0.0,0.0,29.815259571459407,29.815259571459407,29.632,0.0,0.0,29.632,29.632,0.18325957145940458,0.0,0.0,0.18325957145940458,0.18325957145940458,97.27222222222223,0.0,0.0,97.27222222222223,97.27222222222223,0.6164233781211483,0.0,0.0,0.6164233781211483,0.6164233781211483,1.997861708048731,0.0,0.0,1.997861708048731,1.997861708048731,120.0,0.0,0.0,120.0,120.0,1.0,0.0,0.0,1.0,1.0,1.0,0.0,0.0,1.0,1.0,0.49444444444445423,0.0,0.0,0.49444444444445423,0.49444444444445423,-6.56522666592851,0.0,0.0,-6.56522666592851,-6.56522666592851,21.32569535748891,0.0,0.0,21.32569535748891,21.32569535748891,1.0,0.0,0.0,1.0,1.0,115.0,0.0,0.0,115.0,115.0,0.18325957145940458,0.0,0.0,0.18325957145940458,0.18325957145940458,36.12831551628262,0.0,0.0,36.12831551628262,36.12831551628262,36.31157508774202,0.0,0.0,36.31157508774202,36.31157508774202,311.6830350441464,0.0,0.0,311.6830350441464,311.6830350441464,11.650160902276538,0.0,0.0,11.650160902276538,11.650160902276538,64.44344632072007,0.0,0.0,64.44344632072007,64.44344632072007,64.4557747882825,0.0,0.0,64.4557747882825,64.4557747882825,19.516958215130213
synthetic_complex,Complex Terrain,synthetic,complex_relief,Segmented Hybrid GA,2,30,243.26584907755102,0.014974558600342698,0.0027339678446968944,243.21441576286364,243.30794240961288,235.8316691387712,0.014974558600342698,0.0027339678446968944,235.78023582408372,235.87376247083296,7.434179938779916,9.033620566533923e-16,1.6493059200777426e-16,7.4341799387799155,7.4341799387799155,7.407999999999998,2.710086169960177e-15,4.947917760233228e-16,7.408,7.408,0.02617993877991495,7.057516067604627e-18,1.2885202500607364e-18,0.02617993877991494,0.02617993877991494,95.95481481481481,0.02225731584030251,0.004063611318416913,95.94444444444444,96.01666666666667,3.5180312380125662,0.0058082658718729635,0.0010604394126707444,3.495722165345825,3.528410327230244,1.9545610050981244,0.03534707478221945,0.006453463400014533,1.9173924170900136,2.0919442920712754,58.0,0.0,0.0,58.0,58.0,0.0,0.0,0.0,0.0,0.0,0.0,0.0,0.0,0.0,0.0,-0.87888888888889,0.04572857527684307,0.008348857400566664,-0.9555555555555486,-0.7666666666666657,-3.6536169776930545,0.056923478124419086,0.010392757673465399,-3.766242603601359,-3.5390889107617185,-10.87526045696767,0.21259435155941056,0.03881424064909092,-11.337994610600674,-10.512700775629753,0.0,0.0,0.0,0.0,0.0,56.0,0.0,0.0,56.0,56.0,0.026179938779914945,7.057516067604627e-18,1.2885202500607364e-18,0.026179938779914938,0.026179938779914938,17.592918860102838,3.613448226613569e-15,6.59722368031097e-16,17.59291886010284,17.59291886010284,17.619098798882757,0.0,0.0,17.619098798882757,17.619098798882757,260.85876793765385,0.014974558600342134,0.0027339678446967916,260.80733462296644,260.9008612697157,6.754267450661105,0.000387732008657068,7.078985580275484e-05,6.753177706327453,6.755599425282128,51.56997532158084,0.0027730664074714566,0.000506290341610643,51.56045063367578,51.57777038307378,51.64033594634112,0.0027969083109576484,0.0005106432577283925,51.63046187921271,51.64833858961839,28.947776580685336
synthetic_complex,Complex Terrain,synthetic,complex_relief,Segmented Hybrid GA,3,30,261.0418223099022,0.14778608863147374,0.026981924809638652,260.6558249571621,261.23113004725593,246.09492261600266,0.1477860886314705,0.02698192480963806,245.70892526326253,246.28423035335638,14.946899693899578,1.8067241133067846e-15,3.298611840155485e-16,14.946899693899576,14.946899693899576,14.815999999999995,5.420172339920354e-15,9.895835520466455e-16,14.816,14.816,0.13089969389957468,2.823006427041851e-17,5.1540810002429455e-18,0.1308996938995747,0.1308996938995747,96.7375925925926,0.06537189893979388,0.011935221225424387,96.58888888888889,96.9,2.9360504611145317,0.030896092494299376,0.005640828932631274,2.8622956369780725,3.00676187555828,2.1823005042077663,0.013974350740638535,0.0025513557090455835,2.1541980830952525,2.209215083043091,85.0,0.0,0.0,85.0,85.0,0.0,0.0,0.0,0.0,0.0,0.0,0.0,0.0,0.0,0.0,-0.0961111111111137,0.07659402966950847,0.013984092606736585,-0.24444444444445423,0.14444444444445992,-4.235597754591089,0.0639404591841171,0.011673877277459768,-4.352447849850713,-4.086635077602125,6.9007127753834965,0.25758299245064736,0.04702800513163415,6.199999598452905,7.452713012116163,0.0,0.0,0.0,0.0,0.0,82.0,0.0,0.0,82.0,82.0,0.13089969389957468,2.823006427041851e-17,5.1540810002429455e-18,0.1308996938995747,0.1308996938995747,25.761059759436304,0.0,0.0,25.761059759436304,25.761059759436304,25.891959453335872,7.226896453227138e-15,1.319444736062194e-15,25.89195945333588,25.89195945333588,286.8028820693385,0.14778608863146725,0.026981924809637466,286.41688471659836,286.99218980669224,9.027791462532303,0.004653803199742536,0.000849664330229569,9.0218341728309,9.039955685208735,57.9064521338286,0.02736779419101242,0.00499665274252545,57.83497114258042,57.94150912222744,57.9651731430509,0.027666708089640533,0.0050512267042022605,57.89347268493178,58.001044294190876,23.755833583383918
synthetic_complex,Complex Terrain,synthetic,complex_relief,Segmented Hybrid GA,4,30,265.33660726531036,0.06472163708483605,0.011816500196675869,265.20041747386966,265.4758884463801,242.7460881223915,0.06472163708483605,0.011816500196675869,242.60989833095084,242.8853693034613,22.5905191429188,7.226896453227138e-15,1.319444736062194e-15,22.590519142918808,22.590519142918808,22.224000000000007,7.226896453227138e-15,1.319444736062194e-15,22.224,22.224,0.36651914291880927,1.1292025708167404e-16,2.0616324000971782e-17,0.36651914291880916,0.36651914291880916,97.17611111111111,0.07960564253047973,0.014533935372878795,97.01666666666667,97.33333333333333,1.3916902244452258,0.01735325213529141,0.0031682558801912654,1.3516066834227294,1.424088334200297,2.302595718142887,0.031365621730437374,0.005726552850644924,2.2725358339957893,2.4071527090854943,100.0,0.0,0.0,100.0,100.0,1.0,0.0,0.0,1.0,1.0,1.0,0.0,0.0,1.0,1.0,0.34240740740740655,0.0770419950020645,0.01406587951261033,0.21666666666666856,0.49444444444445423,-5.779957991260395,0.0593144792067023,0.010829292749393992,-5.912804665144617,-5.6338741023974634,11.19549773079162,0.22955900436511822,0.04191154832306738,10.705525687222178,11.55960150826516,1.0,0.0,0.0,1.0,1.0,96.0,0.0,0.0,96.0,96.0,0.36651914291880927,1.1292025708167404e-16,2.0616324000971782e-17,0.36651914291880916,0.36651914291880916,30.159289474462003,1.0840344679840707e-14,1.979167104093291e-15,30.159289474462014,30.159289474462014,30.525808617380815,7.226896453227138e-15,1.319444736062194e-15,30.52580861738082,30.52580861738082,295.4958967397724,0.06472163708483605,0.011816500196675869,295.3597069483317,295.6351779208421,10.330366807050854,0.0022626691199890327,0.00041310497239611883,10.325499432125858,10.33512963998194,60.37438988095429,0.011985488349044157,0.002188240777162279,60.34916954920601,60.40018269226351,60.402223685443204,0.012196905081431059,0.0022268400149497254,60.376201682874466,60.42862331542033,22.501428078679105
synthetic_complex,Complex Terrain,synthetic,complex_relief,Segmented Hybrid GA,5,30,275.45114550130415,0.09448190377664682,0.017249956658167337,275.26978913139016,275.62824041634076,245.63588592984476,0.09448190377665021,0.017249956658167954,245.45452955993076,245.81298084488137,29.8152595714594,7.226896453227138e-15,1.319444736062194e-15,29.815259571459407,29.815259571459407,29.63199999999999,1.0840344679840707e-14,1.979167104093291e-15,29.632,29.632,0.18325957145940464,5.646012854083702e-17,1.0308162000485891e-17,0.18325957145940458,0.18325957145940458,97.22648148148147,0.04578168652484034,0.00835855414342845,97.15555555555555,97.28333333333333,0.615446350639494,0.0045015184185102355,0.0008218610602810123,0.6104781672142446,0.6334726530271921,2.5811405358680832,0.028494240849600696,0.005202312824103823,2.5419719570782036,2.6920735418098047,120.0,0.0,0.0,120.0,120.0,1.0,0.0,0.0,1.0,1.0,1.0,0.0,0.0,1.0,1.0,0.3927777777777777,0.061244195040338296,0.011181609046613101,0.26111111111111995,0.5166666666666799,-6.556201865066127,0.05584026732984534,0.010194991344558355,-6.672921179539218,-6.445519739252565,21.310035966785406,0.23889369155657114,0.04361582123707182,20.793729479692246,21.776302492724,1.0,0.0,0.0,1.0,1.0,115.0,0.0,0.0,115.0,115.0,0.18325957145940464,5.646012854083702e-17,1.0308162000485891e-17,0.18325957145940458,0.18325957145940458,36.128315516282626,7.226896453227138e-15,1.319444736062194e-15,36.12831551628262,36.12831551628262,36.311575087742014,7.226896453227138e-15,1.319444736062194e-15,36.31157508774202,36.31157508774202,311.5794610175868,0.09448190377664682,0.017249956658167337,311.39810464767277,311.75655593262337,11.654034639142715,0.003534012102612237,0.0006452193823656613,11.647413469498828,11.660820841805144,64.42426594543126,0.017496648847527843,0.0031944364181792557,64.39068143248421,64.45706130006766,64.43657487244404,0.017533369566241803,0.003201140673501735,64.40291358906453,64.4694646181522,19.547209748189445
synthetic_complex,Complex Terrain,synthetic,complex_relief,Transition-Aware Segmented Hybrid,4,30,265.33660726531036,0.06472163708483605,0.011816500196675869,265.20041747386966,265.4758884463801,242.7460881223915,0.06472163708483605,0.011816500196675869,242.60989833095084,242.8853693034613,22.5905191429188,7.226896453227138e-15,1.319444736062194e-15,22.590519142918808,22.590519142918808,22.224000000000007,7.226896453227138e-15,1.319444736062194e-15,22.224,22.224,0.36651914291880927,1.1292025708167404e-16,2.0616324000971782e-17,0.36651914291880916,0.36651914291880916,97.17611111111111,0.07960564253047973,0.014533935372878795,97.01666666666667,97.33333333333333,1.3916902244452258,0.01735325213529141,0.0031682558801912654,1.3516066834227294,1.424088334200297,2.302595718142887,0.031365621730437374,0.005726552850644924,2.2725358339957893,2.4071527090854943,100.0,0.0,0.0,100.0,100.0,1.0,0.0,0.0,1.0,1.0,1.0,0.0,0.0,1.0,1.0,0.34240740740740655,0.0770419950020645,0.01406587951261033,0.21666666666666856,0.49444444444445423,-5.779957991260395,0.0593144792067023,0.010829292749393992,-5.912804665144617,-5.6338741023974634,11.19549773079162,0.22955900436511822,0.04191154832306738,10.705525687222178,11.55960150826516,1.0,0.0,0.0,1.0,1.0,96.0,0.0,0.0,96.0,96.0,0.36651914291880927,1.1292025708167404e-16,2.0616324000971782e-17,0.36651914291880916,0.36651914291880916,30.159289474462003,1.0840344679840707e-14,1.979167104093291e-15,30.159289474462014,30.159289474462014,30.525808617380815,7.226896453227138e-15,1.319444736062194e-15,30.52580861738082,30.52580861738082,295.4958967397724,0.06472163708483605,0.011816500196675869,295.3597069483317,295.6351779208421,10.330366807050854,0.0022626691199890327,0.00041310497239611883,10.325499432125858,10.33512963998194,60.37438988095429,0.011985488349044157,0.002188240777162279,60.34916954920601,60.40018269226351,60.402223685443204,0.012196905081431059,0.0022268400149497254,60.376201682874466,60.42862331542033,22.501428078679105
usgs_southern_cascadia_30m_high,USGS Cascadia 30 m High,public,usgs_cascadia_high,Adaptive Spacing w/o GA,1,1,73.89166194729708,0.0,0.0,73.89166194729708,73.89166194729708,73.89166194729708,0.0,0.0,73.89166194729708,73.89166194729708,0.0,0.0,0.0,0.0,0.0,0.0,0.0,0.0,0.0,0.0,0.0,0.0,0.0,0.0,0.0,98.55000000000001,0.0,0.0,98.55000000000001,98.55000000000001,2.2372345564469054,0.0,0.0,2.2372345564469054,2.2372345564469054,0.4359714579768479,0.0,0.0,0.4359714579768479,0.4359714579768479,12.0,0.0,0.0,12.0,12.0,1.0,0.0,0.0,1.0,1.0,1.0,0.0,0.0,1.0,1.0,0.0,0.0,0.0,0.0,0.0,0.0,0.0,0.0,0.0,0.0,0.0,0.0,0.0,0.0,0.0,0.0,0.0,0.0,0.0,0.0,11.0,0.0,0.0,11.0,11.0,0.0,0.0,0.0,0.0,0.0,3.455751918948772,0.0,0.0,3.455751918948772,3.455751918948772,3.455751918948772,0.0,0.0,3.455751918948772,3.455751918948772,77.34741386624586,0.0,0.0,77.34741386624586,77.34741386624586,4.467831238578554,0.0,0.0,4.467831238578554,4.467831238578554,14.963549219480488,0.0,0.0,14.963549219480488,14.963549219480488,15.008293910609426,0.0,0.0,15.008293910609426,15.008293910609426,24.02221982898938
usgs_southern_cascadia_30m_high,USGS Cascadia 30 m High,public,usgs_cascadia_high,Coverage-Preserving Segmented Hybrid,1,22,72.9200422488887,0.2910014833138058,0.06204172470304861,72.05220703025746,73.40557719799891,72.9200422488887,0.2910014833138058,0.06204172470304861,72.05220703025746,73.40557719799891,0.0,0.0,0.0,0.0,0.0,0.0,0.0,0.0,0.0,0.0,0.0,0.0,0.0,0.0,0.0,98.44217171717172,0.09058661607263281,0.019313131438915967,98.29444444444444,98.6,1.749639018515215,0.15481928529098105,0.03300758252970078,1.4185772851411391,2.0223229190098486,0.14574853409166363,0.008145737590306823,0.0017366770894982385,0.13568254094570875,0.17499450000468642,12.0,0.0,0.0,12.0,12.0,1.0,0.0,0.0,1.0,1.0,1.0,0.0,0.0,1.0,1.0,0.0,0.0,0.0,0.0,0.0,0.0,0.0,0.0,0.0,0.0,0.0,0.0,0.0,0.0,0.0,0.0,0.0,0.0,0.0,0.0,11.0,0.0,0.0,11.0,11.0,0.0,0.0,0.0,0.0,0.0,3.4557519189487724,4.54539797551198e-16,9.690821045004954e-17,3.455751918948772,3.455751918948772,3.4557519189487724,4.54539797551198e-16,9.690821045004954e-17,3.455751918948772,3.455751918948772,76.37579416783747,0.2910014833138058,0.06204172470304861,75.50795894920624,76.86132911694769,4.524731965752019,0.017299998416803616,0.0036883720554134573,4.496086599921663,4.576672402538964,14.783619645701156,0.053889163576631045,0.011489208278342409,14.622909420028703,14.87353352516601,14.81861242607146,0.05593432279204559,0.011925237688130067,14.651280965731527,14.912150200260976,25.021270410747142
usgs_southern_cascadia_30m_high,USGS Cascadia 30 m High,public,usgs_cascadia_high,Coverage-Preserving Segmented Hybrid,2,8,76.23927527360911,0.3178733976966184,0.11238521753504356,75.7377825137663,76.62967874827184,68.72455551848944,0.3178733976966184,0.11238521753504356,68.22306275864665,69.11495899315219,7.51471975511966,0.0,0.0,7.51471975511966,7.51471975511966,7.41,0.0,0.0,7.41,7.41,0.10471975511965977,0.0,0.0,0.10471975511965977,0.10471975511965977,98.60972222222222,0.08392646062863991,0.029672484715748536,98.45555555555555,98.71111111111111,0.4492131091713797,0.07017387264122797,0.02481021060336672,0.3336947423728993,0.5669874685298745,1.0739133185415994,0.006582523753253948,0.0023272735916236953,1.0680334167554975,1.0890754598658532,13.0,0.0,0.0,13.0,13.0,1.0,0.0,0.0,1.0,1.0,1.0,0.0,0.0,1.0,1.0,0.2631944444444425,0.13210203621360686,0.04670512280759614,0.0611111111111029,0.4611111111111086,-1.3082683289421424,0.11083257794913658,0.039185233722110545,-1.4862574688185841,-1.1834420514308002,3.3726981941988967,0.32189981442408583,0.11380877082098115,2.719809510949247,3.816523545196901,0.0,0.0,0.0,0.0,0.0,11.0,0.0,0.0,11.0,11.0,0.10471975511965975,0.0,0.0,0.10471975511965975,0.10471975511965975,3.455751918948772,0.0,0.0,3.455751918948772,3.455751918948772,3.560471674068432,0.0,0.0,3.560471674068432,3.560471674068432,79.69502719255789,0.3178733976966184,0.11238521753504356,79.19353443271508,80.08543066722062,4.467683117279372,0.0178332925360325,0.006305021041556011,4.445841952031547,4.4959120710712845,15.417684975301167,0.05886544401789263,0.02081207732130448,15.32481594570065,15.489981915053527,15.426669237484596,0.060150928830181444,0.02126656483524535,15.331489840548107,15.500007756492979,21.6083284029136
usgs_southern_cascadia_30m_high,USGS Cascadia 30 m High,public,usgs_cascadia_high,Fixed-Spacing,1,1,97.254304852,0.0,0.0,97.254304852,97.254304852,97.254304852,0.0,0.0,97.254304852,97.254304852,0.0,0.0,0.0,0.0,0.0,0.0,0.0,0.0,0.0,0.0,0.0,0.0,0.0,0.0,0.0,97.2,0.0,0.0,97.2,97.2,29.960005980349994,0.0,0.0,29.960005980349994,29.960005980349994,0.013948834035545588,0.0,0.0,0.013948834035545588,0.013948834035545588,12.0,0.0,0.0,12.0,12.0,0.0,0.0,0.0,0.0,0.0,0.0,0.0,0.0,0.0,0.0,0.0,0.0,0.0,0.0,0.0,0.0,0.0,0.0,0.0,0.0,0.0,0.0,0.0,0.0,0.0,0.0,0.0,0.0,0.0,0.0,11.0,0.0,0.0,11.0,11.0,0.0,0.0,0.0,0.0,0.0,3.455751918948772,0.0,0.0,3.455751918948772,3.455751918948772,3.455751918948772,0.0,0.0,3.455751918948772,3.455751918948772,100.71005677094878,0.0,0.0,100.71005677094878,100.71005677094878,3.4313871223490677,0.0,0.0,3.4313871223490677,3.4313871223490677,19.289964572203246,0.0,0.0,19.289964572203246,19.289964572203246,19.889164691810247,0.0,0.0,19.889164691810247,19.889164691810247,0.0
usgs_southern_cascadia_30m_high,USGS Cascadia 30 m High,public,usgs_cascadia_high,Full Geometry-Aware Hybrid GA,1,30,72.9057848703611,0.2609685707117506,0.047646124326235946,72.05220703025746,73.40557719799891,72.9057848703611,0.2609685707117506,0.047646124326235946,72.05220703025746,73.40557719799891,0.0,0.0,0.0,0.0,0.0,0.0,0.0,0.0,0.0,0.0,0.0,0.0,0.0,0.0,0.0,98.41666666666669,0.0971825315807552,0.017743021580745935,98.19444444444444,98.6,1.751730330408097,0.14412094502921954,0.026312764200488527,1.4185772851411391,2.0223229190098486,0.14501427357705932,0.00733063097378027,0.001338383981695172,0.13568254094570875,0.17499450000468642,12.0,0.0,0.0,12.0,12.0,1.0,0.0,0.0,1.0,1.0,1.0,0.0,0.0,1.0,1.0,0.0,0.0,0.0,0.0,0.0,0.0,0.0,0.0,0.0,0.0,0.0,0.0,0.0,0.0,0.0,0.0,0.0,0.0,0.0,0.0,11.0,0.0,0.0,11.0,11.0,0.0,0.0,0.0,0.0,0.0,3.455751918948773,9.033620566533923e-16,1.6493059200777426e-16,3.455751918948772,3.455751918948772,3.455751918948773,9.033620566533923e-16,1.6493059200777426e-16,3.455751918948772,3.455751918948772,76.36153678930988,0.2609685707117506,0.047646124326235946,75.50795894920624,76.86132911694769,4.525565079843213,0.015509303662284035,0.0028315984890101504,4.496086599921663,4.576672402538964,14.780979390418269,0.0483275130947689,0.008823356356710409,14.622909420028703,14.87353352516601,14.81601399702643,0.05003008520204961,0.009134202073022658,14.651280965731527,14.912150200260976,25.035930305287852
usgs_southern_cascadia_30m_high,USGS Cascadia 30 m High,public,usgs_cascadia_high,Segmented Adaptive,2,1,76.9641440602201,0.0,0.0,76.9641440602201,76.9641440602201,69.44942430510044,0.0,0.0,69.44942430510044,69.44942430510044,7.51471975511966,0.0,0.0,7.51471975511966,7.51471975511966,7.41,0.0,0.0,7.41,7.41,0.10471975511965977,0.0,0.0,0.10471975511965977,0.10471975511965977,98.75,0.0,0.0,98.75,98.75,0.8990422512235858,0.0,0.0,0.8990422512235858,0.8990422512235858,0.9217890838626772,0.0,0.0,0.9217890838626772,0.9217890838626772,13.0,0.0,0.0,13.0,13.0,1.0,0.0,0.0,1.0,1.0,1.0,0.0,0.0,1.0,1.0,0.19999999999998863,0.0,0.0,0.19999999999998863,0.19999999999998863,-0.6743550290671565,0.0,0.0,-0.6743550290671565,-0.6743550290671565,4.095039846594787,0.0,0.0,4.095039846594787,4.095039846594787,0.0,0.0,0.0,0.0,0.0,11.0,0.0,0.0,11.0,11.0,0.10471975511965975,0.0,0.0,0.10471975511965975,0.10471975511965975,3.455751918948772,0.0,0.0,3.455751918948772,3.455751918948772,3.560471674068432,0.0,0.0,3.560471674068432,3.560471674068432,80.41989597916887,0.0,0.0,80.41989597916887,80.41989597916887,4.427351752594531,0.0,0.0,4.427351752594531,4.427351752594531,15.551919935784683,0.0,0.0,15.551919935784683,15.551919935784683,15.569900780809155,0.0,0.0,15.569900780809155,15.569900780809155,20.86299503416033
usgs_southern_cascadia_30m_high,USGS Cascadia 30 m High,public,usgs_cascadia_high,Segmented Adaptive,3,1,82.77815299228365,0.0,0.0,82.77815299228365,82.77815299228365,67.82725329838408,0.0,0.0,67.82725329838408,67.82725329838408,14.950899693899576,0.0,0.0,14.950899693899576,14.950899693899576,14.82,0.0,0.0,14.82,14.82,0.1308996938995747,0.0,0.0,0.1308996938995747,0.1308996938995747,98.55555555555556,0.0,0.0,98.55555555555556,98.55555555555556,0.4308563571106739,0.0,0.0,0.4308563571106739,0.4308563571106739,1.1717537080403417,0.0,0.0,1.1717537080403417,1.1717537080403417,16.0,0.0,0.0,16.0,16.0,1.0,0.0,0.0,1.0,1.0,1.0,0.0,0.0,1.0,1.0,0.005555555555545766,0.0,0.0,0.005555555555545766,0.005555555555545766,-1.1425409231800685,0.0,0.0,-1.1425409231800685,-1.1425409231800685,9.909048778658345,0.0,0.0,9.909048778658345,9.909048778658345,0.0,0.0,0.0,0.0,0.0,13.0,0.0,0.0,13.0,13.0,0.1308996938995747,0.0,0.0,0.1308996938995747,0.1308996938995747,4.084070449666731,0.0,0.0,4.084070449666731,4.084070449666731,4.214970143566306,0.0,0.0,4.214970143566306,4.214970143566306,86.86222344195038,0.0,0.0,86.86222344195038,86.86222344195038,4.852477839671179,0.0,0.0,4.852477839671179,4.852477839671179,16.86614696028087,0.0,0.0,16.86614696028087,16.86614696028087,16.87476408742308,0.0,0.0,16.87476408742308,16.87476408742308,14.884844307659103
usgs_southern_cascadia_30m_high,USGS Cascadia 30 m High,public,usgs_cascadia_high,Segmented Adaptive,4,1,93.90977847968723,0.0,0.0,93.90977847968723,93.90977847968723,71.52269884700775,0.0,0.0,71.52269884700775,71.52269884700775,22.38707963267949,0.0,0.0,22.38707963267949,22.38707963267949,22.23,0.0,0.0,22.23,22.23,0.15707963267948963,0.0,0.0,0.15707963267948963,0.15707963267948963,98.71666666666667,0.0,0.0,98.71666666666667,98.71666666666667,0.32858563186286577,0.0,0.0,0.32858563186286577,0.32858563186286577,1.4292496679117903,0.0,0.0,1.4292496679117903,1.4292496679117903,20.0,0.0,0.0,20.0,20.0,1.0,0.0,0.0,1.0,1.0,1.0,0.0,0.0,1.0,1.0,0.1666666666666572,0.0,0.0,0.1666666666666572,0.1666666666666572,-1.2448116484278766,0.0,0.0,-1.2448116484278766,-1.2448116484278766,21.040674266061927,0.0,0.0,21.040674266061927,21.040674266061927,0.0,0.0,0.0,0.0,0.0,16.0,0.0,0.0,16.0,16.0,0.15707963267948963,0.0,0.0,0.15707963267948963,0.15707963267948963,5.026548245743669,0.0,0.0,5.026548245743669,5.026548245743669,5.183627878423159,0.0,0.0,5.183627878423159,5.183627878423159,98.9363267254309,0.0,0.0,98.9363267254309,98.9363267254309,5.239357524166846,0.0,0.0,5.239357524166846,5.239357524166846,19.28147307478779,0.0,0.0,19.28147307478779,19.28147307478779,19.288044787425047,0.0,0.0,19.288044787425047,19.288044787425047,3.43894944023549
usgs_southern_cascadia_30m_high,USGS Cascadia 30 m High,public,usgs_cascadia_high,Segmented Adaptive,5,1,107.61654908210821,0.0,0.0,107.61654908210821,107.61654908210821,77.76710957186889,0.0,0.0,77.76710957186889,77.76710957186889,29.84943951023932,0.0,0.0,29.84943951023932,29.84943951023932,29.64,0.0,0.0,29.64,29.64,0.20943951023931953,0.0,0.0,0.20943951023931953,0.20943951023931953,98.71666666666667,0.0,0.0,98.71666666666667,98.71666666666667,0.34600976314837084,0.0,0.0,0.34600976314837084,0.34600976314837084,1.60009258298669,0.0,0.0,1.60009258298669,1.60009258298669,25.0,0.0,0.0,25.0,25.0,1.0,0.0,0.0,1.0,1.0,1.0,0.0,0.0,1.0,1.0,0.1666666666666572,0.0,0.0,0.1666666666666572,0.1666666666666572,-1.2273875171423714,0.0,0.0,-1.2273875171423714,-1.2273875171423714,34.7474448684829,0.0,0.0,34.7474448684829,34.7474448684829,0.0,0.0,0.0,0.0,0.0,20.0,0.0,0.0,20.0,20.0,0.2094395102393195,0.0,0.0,0.2094395102393195,0.2094395102393195,6.283185307179586,0.0,0.0,6.283185307179586,6.283185307179586,6.492624817418906,0.0,0.0,6.492624817418906,6.492624817418906,113.89973438928779,0.0,0.0,113.89973438928779,113.89973438928779,5.700298470607789,0.0,0.0,5.700298470607789,5.700298470607789,22.29488133457532,0.0,0.0,22.29488133457532,22.29488133457532,22.301801529838286,0.0,0.0,22.301801529838286,22.301801529838286,-10.654792346598226
usgs_southern_cascadia_30m_high,USGS Cascadia 30 m High,public,usgs_cascadia_high,Segmented Hybrid GA,2,30,75.7815523926342,0.4968540550698349,0.09071272458322087,75.0095755606133,76.62967874827184,68.26683263751455,0.4968540550698348,0.09071272458322086,67.49485580549364,69.11495899315219,7.514719755119661,1.8067241133067846e-15,3.298611840155485e-16,7.51471975511966,7.51471975511966,7.409999999999999,9.033620566533923e-16,1.6493059200777426e-16,7.41,7.41,0.1047197551196598,2.823006427041851e-17,5.1540810002429455e-18,0.10471975511965977,0.10471975511965977,98.2762962962963,0.34428661979750425,0.06285784930343259,97.36666666666666,98.71111111111111,0.46072435974449993,0.06683871152383566,0.01220302333872843,0.3336947423728993,0.580809304663872,1.0759747741472288,0.005490348191100741,0.0010023958509411868,1.0680334167554975,1.0906525839818642,13.0,0.0,0.0,13.0,13.0,1.0,0.0,0.0,1.0,1.0,0.3333333333333333,0.47946330148538413,0.0875376219064817,0.0,1.0,-0.14037037037037264,0.36591974700188074,0.06680749988983782,-1.0388888888888914,0.4611111111111086,-1.2910059706635968,0.15352994903727582,0.028030605446778177,-1.5911348188389334,-1.0023165648650083,2.8757675222731023,0.6064704882254656,0.1107258556207529,1.6362366242258446,4.173479249062694,0.0,0.0,0.0,0.0,0.0,11.0,0.0,0.0,11.0,11.0,0.10471975511965978,2.823006427041851e-17,5.1540810002429455e-18,0.10471975511965975,0.10471975511965975,3.455751918948773,9.033620566533923e-16,1.6493059200777426e-16,3.455751918948772,3.455751918948772,3.5604716740684332,1.3550430849800884e-15,2.473958880116614e-16,3.560471674068432,3.560471674068432,79.23730431158297,0.4968540550698349,0.09071272458322087,78.46532747956208,80.08543066722062,4.493599137536989,0.028139275357421608,0.005137505288369687,4.445841952031547,4.537636926317335,15.332921478824336,0.09201001019811729,0.016798652700596405,15.189962806227872,15.489981915053527,15.342135966019221,0.09260324327049516,0.01690696174579622,15.198203655240922,15.500007756492979,22.07897377092221
usgs_southern_cascadia_30m_high,USGS Cascadia 30 m High,public,usgs_cascadia_high,Segmented Hybrid GA,3,30,81.72935207838063,0.5725744286789004,0.10453731014602222,80.98488079701394,82.76197453851212,66.77845238448106,0.5725744286789004,0.10453731014602222,66.03398110311437,67.81107484461255,14.950899693899581,5.420172339920354e-15,9.895835520466455e-16,14.950899693899576,14.950899693899576,14.819999999999999,1.8067241133067846e-15,3.298611840155485e-16,14.82,14.82,0.13089969389957468,2.823006427041851e-17,5.1540810002429455e-18,0.1308996938995747,0.1308996938995747,98.02555555555558,0.36587805592749106,0.06679988817587454,97.46666666666667,98.62777777777778,0.20875760579568206,0.10512100089612103,0.019192381152775422,0.10715943687250988,0.4308563571106739,1.3403498885997882,0.004250248322146802,0.0007759856270127625,1.3297891670372337,1.3489991660462692,16.0,0.0,0.0,16.0,16.0,1.0,0.0,0.0,1.0,1.0,0.16666666666666666,0.3790490217894517,0.06920456654478331,0.0,1.0,-0.3911111111111121,0.38187043866798676,0.06971968443428313,-1.01666666666668,0.2666666666666515,-1.542972724612415,0.16262783513068316,0.02969164459310209,-1.8880848034143767,-1.2362114229696273,8.823567208019544,0.6159352886253271,0.11245388384784893,7.704480000499004,9.928514780606449,0.0,0.0,0.0,0.0,0.0,13.0,0.0,0.0,13.0,13.0,0.13089969389957468,2.823006427041851e-17,5.1540810002429455e-18,0.1308996938995747,0.1308996938995747,4.08407044966673,9.033620566533923e-16,1.6493059200777426e-16,4.084070449666731,4.084070449666731,4.214970143566306,0.0,0.0,4.214970143566306,4.214970143566306,85.81342252804738,0.5725744286789013,0.10453731014602238,85.06895124668067,86.84604498817886,4.911995124895524,0.03269999322079408,0.005970174639098309,4.853381802406812,4.954769139381827,16.67192456881735,0.10603230160720355,0.01935876113815222,16.534059516712404,16.863150950323178,16.676099720933262,0.10752905794759507,0.01963203020839266,16.537177860178506,16.87176807746539,15.96325509420379
usgs_southern_cascadia_30m_high,USGS Cascadia 30 m High,public,usgs_cascadia_high,Segmented Hybrid GA,4,30,91.83109678067184,0.6587621649489397,0.12027296592449112,90.84939560698801,93.46330024796889,69.44401714799234,0.6587621649489397,0.12027296592449112,68.46231597430852,71.0762206152894,22.387079632679495,3.613448226613569e-15,6.59722368031097e-16,22.38707963267949,22.38707963267949,22.230000000000004,3.613448226613569e-15,6.59722368031097e-16,22.23,22.23,0.15707963267948963,0.0,0.0,0.15707963267948963,0.15707963267948963,97.88166666666666,0.37881632657601527,0.06916208240564244,97.33333333333333,98.7388888888889,0.013306564915480023,0.016921178140728646,0.0030893703224134685,0.00011352538888623445,0.0755028388050142,1.6389362585148775,0.003864027335970664,0.0007054716449092419,1.6319430000148714,1.6467083768220618,20.0,0.0,0.0,20.0,20.0,1.0,0.0,0.0,1.0,1.0,0.1,0.30512857662936466,0.055708601453115555,0.0,1.0,-0.5350000000000004,0.37814144654781967,0.06903886673395829,-1.2055555555555628,0.30000000000001137,-1.7384237654926167,0.1463851916429691,0.026726157182523632,-2.0121735182359193,-1.418463759752253,18.92531191031073,0.6382789610778282,0.11653326165442948,17.983378406513296,20.345284947710383,0.0,0.0,0.0,0.0,0.0,16.0,0.0,0.0,16.0,16.0,0.15707963267948963,0.0,0.0,0.15707963267948963,0.15707963267948963,5.026548245743669,0.0,0.0,5.026548245743669,5.026548245743669,5.183627878423157,1.8067241133067846e-15,3.298611840155485e-16,5.183627878423159,5.183627878423159,96.85764502641548,0.6587621649489396,0.12027296592449109,95.87594385273168,98.48984849371256,5.352039089647902,0.03629890955737037,0.0066272438591372055,5.26310879517098,5.406599059285784,18.896532019414565,0.12199299350906223,0.02227277146749823,18.71473550576942,19.198791920765874,18.896798150712875,0.12206227953603054,0.022285421307461716,18.71624556254552,19.199454549894842,5.576316729198888
usgs_southern_cascadia_30m_high,USGS Cascadia 30 m High,public,usgs_cascadia_high,Segmented Hybrid GA,5,30,106.11711587893059,0.4198131177508114,0.07664703817623063,105.20461998867714,107.01659768678013,76.26767636869127,0.4198131177508114,0.07664703817623063,75.35518047843782,77.16715817654081,29.849439510239325,3.613448226613569e-15,6.59722368031097e-16,29.84943951023932,29.84943951023932,29.639999999999997,3.613448226613569e-15,6.59722368031097e-16,29.64,29.64,0.2094395102393196,5.646012854083702e-17,1.0308162000485891e-17,0.20943951023931953,0.20943951023931953,97.94611111111112,0.24053894184884966,0.04391620146967946,97.5111111111111,98.38888888888889,0.059631624233027904,0.05888617610422969,0.01075109565916943,0.015426895316515834,0.2688318972339662,1.8218892829453883,0.0016097203525511665,0.00029389338278914753,1.8189440820133314,1.8264603328425437,25.0,0.0,0.0,25.0,25.0,1.0,0.0,0.0,1.0,1.0,0.03333333333333333,0.18257418583505533,0.033333333333333326,0.0,1.0,-0.4705555555555568,0.2649977710212528,0.04838175229230966,-1.0666666666666629,0.06666666666666288,-1.692098706175069,0.14669620594796412,0.026782940366041157,-1.9497144618508513,-1.37507461980347,33.21133100856949,0.5167319321268812,0.09434191180304043,32.33860278820242,34.38977059134051,0.0,0.0,0.0,0.0,0.0,20.0,0.0,0.0,20.0,20.0,0.20943951023931956,5.646012854083702e-17,1.0308162000485891e-17,0.2094395102393195,0.2094395102393195,6.283185307179588,1.8067241133067846e-15,3.298611840155485e-16,6.283185307179586,6.283185307179586,6.492624817418908,1.8067241133067846e-15,3.298611840155485e-16,6.492624817418906,6.492624817418906,112.40030118611017,0.4198131177508114,0.07664703817623063,111.48780529585672,113.29978299395971,5.776419058373496,0.0215866891389627,0.003941172194420548,5.730483012279947,5.823618825565127,22.01720851917205,0.0777431699538532,0.014193895958561088,21.848227798754746,22.183779224329374,22.018401151656708,0.07810946623137441,0.014260772203203933,21.848981342347205,22.184979562357437,-9.113026966176834
usgs_southern_cascadia_30m_high,USGS Cascadia 30 m High,public,usgs_cascadia_high,Transition-Aware Segmented Hybrid,1,30,72.9057848703611,0.2609685707117506,0.047646124326235946,72.05220703025746,73.40557719799891,72.9057848703611,0.2609685707117506,0.047646124326235946,72.05220703025746,73.40557719799891,0.0,0.0,0.0,0.0,0.0,0.0,0.0,0.0,0.0,0.0,0.0,0.0,0.0,0.0,0.0,98.41666666666669,0.0971825315807552,0.017743021580745935,98.19444444444444,98.6,1.751730330408097,0.14412094502921954,0.026312764200488527,1.4185772851411391,2.0223229190098486,0.14501427357705932,0.00733063097378027,0.001338383981695172,0.13568254094570875,0.17499450000468642,12.0,0.0,0.0,12.0,12.0,1.0,0.0,0.0,1.0,1.0,1.0,0.0,0.0,1.0,1.0,0.0,0.0,0.0,0.0,0.0,0.0,0.0,0.0,0.0,0.0,0.0,0.0,0.0,0.0,0.0,0.0,0.0,0.0,0.0,0.0,11.0,0.0,0.0,11.0,11.0,0.0,0.0,0.0,0.0,0.0,3.455751918948773,9.033620566533923e-16,1.6493059200777426e-16,3.455751918948772,3.455751918948772,3.455751918948773,9.033620566533923e-16,1.6493059200777426e-16,3.455751918948772,3.455751918948772,76.36153678930988,0.2609685707117506,0.047646124326235946,75.50795894920624,76.86132911694769,4.525565079843213,0.015509303662284035,0.0028315984890101504,4.496086599921663,4.576672402538964,14.780979390418269,0.0483275130947689,0.008823356356710409,14.622909420028703,14.87353352516601,14.81601399702643,0.05003008520204961,0.009134202073022658,14.651280965731527,14.912150200260976,25.035930305287852
