scene_id,scene_name,method,scenario,trial,coverage_pct,excess_overlap_pct,feasible,orientation_deg_nominal,heading_error_deg,swath_global_scale,line_count,spacing_ref_m
gebco_cascadia_margin_moderate,GEBCO Cascadia Margin,Fixed-Spacing,nominal,0,100.0,0.7985185185185184,1,0.0,0.0,1.0,117,1530.0
gebco_cascadia_margin_moderate,GEBCO Cascadia Margin,Fixed-Spacing,moderate_noise,0,99.33333333333333,1.2876484305730471,1,0.0,0.056453231549687115,0.992695127842677,117,1530.0
gebco_cascadia_margin_moderate,GEBCO Cascadia Margin,Fixed-Spacing,moderate_noise,1,98.94444444444444,0.8064867373054267,1,0.0,0.13242330508081113,0.9217662621834538,117,1530.0
gebco_cascadia_margin_moderate,GEBCO Cascadia Margin,Fixed-Spacing,moderate_noise,2,99.79444444444444,1.1849181408731277,1,0.0,-0.11476725889099151,1.0054062983174628,117,1530.0
gebco_cascadia_margin_moderate,GEBCO Cascadia Margin,Fixed-Spacing,moderate_noise,3,99.46666666666667,1.987397959153728,1,0.0,-0.15943245471334308,1.0225959914075187,117,1530.0
gebco_cascadia_margin_moderate,GEBCO Cascadia Margin,Fixed-Spacing,moderate_noise,4,99.07222222222222,1.1867598670167427,1,0.0,-0.12003397210617776,0.9925435799467925,117,1530.0
gebco_cascadia_margin_moderate,GEBCO Cascadia Margin,Fixed-Spacing,moderate_noise,5,99.32777777777778,2.0670771094438507,1,0.0,-0.18608429855922878,1.0320355772222374,117,1530.0
gebco_cascadia_margin_moderate,GEBCO Cascadia Margin,Fixed-Spacing,moderate_noise,6,99.33333333333333,1.1635252548025554,1,0.0,0.22560304644156642,1.0027521780987962,117,1530.0
gebco_cascadia_margin_moderate,GEBCO Cascadia Margin,Fixed-Spacing,moderate_noise,7,98.66666666666667,1.54056510753736,1,0.0,-0.0494325141493233,0.9993803831867357,117,1530.0
gebco_cascadia_margin_moderate,GEBCO Cascadia Margin,Fixed-Spacing,moderate_noise,8,99.12222222222222,1.3905414576209325,1,0.0,-0.6878937780123316,0.9987496323880315,117,1530.0
gebco_cascadia_margin_moderate,GEBCO Cascadia Margin,Fixed-Spacing,moderate_noise,9,99.25,2.031412974149791,1,0.0,0.21121702932861958,1.0269455743132179,117,1530.0
gebco_cascadia_margin_moderate,GEBCO Cascadia Margin,Fixed-Spacing,moderate_noise,10,99.0,1.6481140692808338,1,0.0,-0.17277289337388355,0.9835608201513283,117,1530.0
gebco_cascadia_margin_moderate,GEBCO Cascadia Margin,Fixed-Spacing,moderate_noise,11,99.33333333333333,0.9469492760431371,1,0.0,0.18379966551164742,0.9774189043032976,117,1530.0
gebco_cascadia_margin_moderate,GEBCO Cascadia Margin,Fixed-Spacing,moderate_noise,12,98.96111111111111,2.0154601903780485,1,0.0,-0.9842229481785205,0.9843536532337586,117,1530.0
gebco_cascadia_margin_moderate,GEBCO Cascadia Margin,Fixed-Spacing,moderate_noise,13,98.58333333333333,0.9974816539118319,1,0.0,1.5927583521362754,0.9920527217390774,117,1530.0
gebco_cascadia_margin_moderate,GEBCO Cascadia Margin,Fixed-Spacing,moderate_noise,14,99.39444444444445,1.4838009666881895,1,0.0,0.4456163484186439,1.0127214271716645,117,1530.0
gebco_cascadia_margin_moderate,GEBCO Cascadia Margin,Fixed-Spacing,moderate_noise,15,98.88333333333334,2.811307922429313,1,0.0,-1.2319090273972275,1.0495314234272926,117,1530.0
gebco_cascadia_margin_moderate,GEBCO Cascadia Margin,Fixed-Spacing,moderate_noise,16,99.24444444444444,1.2599727690855271,1,0.0,-0.5733591947979694,0.987567716870875,117,1530.0
gebco_cascadia_margin_moderate,GEBCO Cascadia Margin,Fixed-Spacing,moderate_noise,17,98.99444444444444,1.5944018393553496,1,0.0,-0.7317469195323656,0.9605966715135533,117,1530.0
gebco_cascadia_margin_moderate,GEBCO Cascadia Margin,Fixed-Spacing,moderate_noise,18,99.1888888888889,1.8945501114988907,1,0.0,-0.12598118661627183,1.0230314407100665,117,1530.0
gebco_cascadia_margin_moderate,GEBCO Cascadia Margin,Fixed-Spacing,moderate_noise,19,99.22777777777779,2.643679500057287,1,0.0,-0.34857712371561056,1.037338371527677,117,1530.0
gebco_cascadia_margin_moderate,GEBCO Cascadia Margin,Fixed-Spacing,moderate_noise,20,99.29444444444444,0.9497536486268855,1,0.0,0.44410092622624414,0.9773789368671153,117,1530.0
gebco_cascadia_margin_moderate,GEBCO Cascadia Margin,Fixed-Spacing,moderate_noise,21,99.33333333333333,1.680598501468608,1,0.0,-0.18230536158972832,1.014246050542249,117,1530.0
gebco_cascadia_margin_moderate,GEBCO Cascadia Margin,Fixed-Spacing,moderate_noise,22,99.09444444444443,1.8446776786055128,1,0.0,-0.7596826785039991,0.9987187700609751,117,1530.0
gebco_cascadia_margin_moderate,GEBCO Cascadia Margin,Fixed-Spacing,moderate_noise,23,98.88333333333334,1.852828668838755,1,0.0,1.182647564142389,1.0393565454114968,117,1530.0
gebco_cascadia_margin_moderate,GEBCO Cascadia Margin,Fixed-Spacing,moderate_noise,24,98.66111111111111,0.8972340077890149,1,0.0,0.8361712427370442,0.9634876682718787,117,1530.0
gebco_cascadia_margin_moderate,GEBCO Cascadia Margin,Fixed-Spacing,moderate_noise,25,99.12222222222222,1.0832809799844723,1,0.0,0.35830998962393434,0.9538652286511975,117,1530.0
gebco_cascadia_margin_moderate,GEBCO Cascadia Margin,Fixed-Spacing,moderate_noise,26,99.29444444444444,1.1333842000014678,1,0.0,0.10000683662282368,0.9755378500328477,117,1530.0
gebco_cascadia_margin_moderate,GEBCO Cascadia Margin,Fixed-Spacing,moderate_noise,27,99.34444444444445,3.072819012732719,0,0.0,-0.32661815366978625,1.0615624370137071,117,1530.0
gebco_cascadia_margin_moderate,GEBCO Cascadia Margin,Fixed-Spacing,moderate_noise,28,99.04444444444445,1.1617761107098834,1,0.0,0.271119908027194,0.9840977289745583,117,1530.0
gebco_cascadia_margin_moderate,GEBCO Cascadia Margin,Fixed-Spacing,moderate_noise,29,99.28333333333333,1.0740310400280488,1,0.0,0.16283047414572155,0.967141309241042,117,1530.0
gebco_cascadia_margin_moderate,GEBCO Cascadia Margin,Fixed-Spacing,moderate_noise,30,99.2,1.324101607409584,1,0.0,0.47109395986389613,1.005741110755026,117,1530.0
gebco_cascadia_margin_moderate,GEBCO Cascadia Margin,Fixed-Spacing,moderate_noise,31,99.29444444444444,1.7233958269193608,1,0.0,0.3154233994398883,1.0118005842339735,117,1530.0
gebco_cascadia_margin_moderate,GEBCO Cascadia Margin,Fixed-Spacing,moderate_noise,32,99.33333333333333,1.0835002761008354,1,0.0,-0.0335691842166516,0.9859291635683233,117,1530.0
gebco_cascadia_margin_moderate,GEBCO Cascadia Margin,Fixed-Spacing,moderate_noise,33,99.33333333333333,2.5237885763606793,1,0.0,-0.038679681389256926,1.0417692282051636,117,1530.0
gebco_cascadia_margin_moderate,GEBCO Cascadia Margin,Fixed-Spacing,moderate_noise,34,99.21666666666667,1.202995079381665,1,0.0,0.26566106958412794,0.976144323164541,117,1530.0
gebco_cascadia_margin_moderate,GEBCO Cascadia Margin,Fixed-Spacing,moderate_noise,35,99.06111111111112,1.684515740561561,1,0.0,-0.7741105194232045,0.9982960530046565,117,1530.0
gebco_cascadia_margin_moderate,GEBCO Cascadia Margin,Fixed-Spacing,moderate_noise,36,99.21666666666667,1.2930283445138295,1,0.0,0.5287011567276094,0.997968173902719,117,1530.0
gebco_cascadia_margin_moderate,GEBCO Cascadia Margin,Fixed-Spacing,moderate_noise,37,98.98333333333333,1.8718604122901488,1,0.0,0.23104181918619582,1.0059833549897677,117,1530.0
gebco_cascadia_margin_moderate,GEBCO Cascadia Margin,Fixed-Spacing,moderate_noise,38,98.95555555555555,1.3717643237389148,1,0.0,-0.6889351920846474,0.9693043739674833,117,1530.0
gebco_cascadia_margin_moderate,GEBCO Cascadia Margin,Fixed-Spacing,moderate_noise,39,99.25555555555555,3.028124848599952,0,0.0,0.2624853587077279,1.0652320720492965,117,1530.0
gebco_cascadia_margin_moderate,GEBCO Cascadia Margin,Fixed-Spacing,moderate_noise,40,99.08333333333333,0.8568527037715006,1,0.0,0.6774978145086531,0.9929392756754413,117,1530.0
gebco_cascadia_margin_moderate,GEBCO Cascadia Margin,Fixed-Spacing,moderate_noise,41,99.42222222222222,1.3983029822831168,1,0.0,-0.20917588675672505,0.9927343455436158,117,1530.0
gebco_cascadia_margin_moderate,GEBCO Cascadia Margin,Fixed-Spacing,moderate_noise,42,99.1,2.6522627027622194,1,0.0,-0.8500234080289089,1.0277297586706056,117,1530.0
gebco_cascadia_margin_moderate,GEBCO Cascadia Margin,Fixed-Spacing,moderate_noise,43,99.18333333333334,0.865827517653783,1,0.0,0.3997384380406678,0.9627794109206489,117,1530.0
gebco_cascadia_margin_moderate,GEBCO Cascadia Margin,Fixed-Spacing,moderate_noise,44,99.31666666666666,1.1890439493088247,1,0.0,0.4816955474999551,0.9920879513565709,117,1530.0
gebco_cascadia_margin_moderate,GEBCO Cascadia Margin,Fixed-Spacing,moderate_noise,45,99.72777777777779,1.5325257638705823,1,0.0,0.034229400377317726,1.0158732727525555,117,1530.0
gebco_cascadia_margin_moderate,GEBCO Cascadia Margin,Fixed-Spacing,moderate_noise,46,99.54444444444445,2.0058940952616786,1,0.0,0.03816089765565621,1.0290559384828706,117,1530.0
gebco_cascadia_margin_moderate,GEBCO Cascadia Margin,Fixed-Spacing,moderate_noise,47,99.33333333333333,1.379871572661094,1,0.0,0.008536894197882035,0.9998621583278375,117,1530.0
gebco_cascadia_margin_moderate,GEBCO Cascadia Margin,Fixed-Spacing,moderate_noise,48,99.33333333333333,1.0825578011189256,1,0.0,0.4956991326789232,0.9856872414544069,117,1530.0
gebco_cascadia_margin_moderate,GEBCO Cascadia Margin,Fixed-Spacing,moderate_noise,49,99.29444444444444,1.8799085883552988,1,0.0,-0.4313278841167502,1.0155642903461468,117,1530.0
gebco_cascadia_margin_moderate,GEBCO Cascadia Margin,Fixed-Spacing,moderate_noise,50,98.74444444444444,1.1072859593040965,1,0.0,-0.15662632745766297,0.958660718036263,117,1530.0
gebco_cascadia_margin_moderate,GEBCO Cascadia Margin,Fixed-Spacing,moderate_noise,51,99.02222222222223,1.2353852515404822,1,0.0,-0.36648856879067804,0.9654261356071113,117,1530.0
gebco_cascadia_margin_moderate,GEBCO Cascadia Margin,Fixed-Spacing,moderate_noise,52,99.30555555555556,1.626790592912555,1,0.0,-0.5768358978130054,1.005787648163007,117,1530.0
gebco_cascadia_margin_moderate,GEBCO Cascadia Margin,Fixed-Spacing,moderate_noise,53,99.3111111111111,1.1429757839645711,1,0.0,-0.1981910486551174,0.9769703468765808,117,1530.0
gebco_cascadia_margin_moderate,GEBCO Cascadia Margin,Fixed-Spacing,moderate_noise,54,98.66666666666667,1.0124426248325398,1,0.0,0.020110639201978288,0.9461303765726168,117,1530.0
gebco_cascadia_margin_moderate,GEBCO Cascadia Margin,Fixed-Spacing,moderate_noise,55,98.54444444444445,1.101426360299698,1,0.0,-0.025407830381847712,0.9817611403513578,117,1530.0
gebco_cascadia_margin_moderate,GEBCO Cascadia Margin,Fixed-Spacing,moderate_noise,56,99.33888888888889,1.2903849944511558,1,0.0,0.08326818551035604,0.9847708258248994,117,1530.0
gebco_cascadia_margin_moderate,GEBCO Cascadia Margin,Fixed-Spacing,moderate_noise,57,99.3111111111111,1.1959518566486425,1,0.0,0.35309798469904374,0.9820541192114098,117,1530.0
gebco_cascadia_margin_moderate,GEBCO Cascadia Margin,Fixed-Spacing,moderate_noise,58,99.82222222222222,1.1129799463752181,1,0.0,0.057758363014108145,0.9770981406495036,117,1530.0
gebco_cascadia_margin_moderate,GEBCO Cascadia Margin,Fixed-Spacing,moderate_noise,59,99.32222222222222,1.0759704678997786,1,0.0,0.2883888297299963,0.9990300955843915,117,1530.0
gebco_cascadia_margin_moderate,GEBCO Cascadia Margin,Fixed-Spacing,moderate_noise,60,98.96111111111111,1.2627056100590157,1,0.0,-0.0573090631419762,0.9924152706206012,117,1530.0
gebco_cascadia_margin_moderate,GEBCO Cascadia Margin,Fixed-Spacing,moderate_noise,61,98.76666666666667,0.5887087517662902,1,0.0,0.9418017946672476,0.9475330992451028,117,1530.0
gebco_cascadia_margin_moderate,GEBCO Cascadia Margin,Fixed-Spacing,moderate_noise,62,99.19444444444444,2.664936849069131,1,0.0,-0.5915108375602569,1.036780081509168,117,1530.0
gebco_cascadia_margin_moderate,GEBCO Cascadia Margin,Fixed-Spacing,moderate_noise,63,99.03333333333333,0.7713267732742617,1,0.0,0.5238493391791602,0.9535395748741723,117,1530.0
gebco_cascadia_margin_moderate,GEBCO Cascadia Margin,Fixed-Spacing,moderate_noise,64,99.3111111111111,2.1464364607290456,1,0.0,-0.4084673067056977,1.0319798260086124,117,1530.0
gebco_cascadia_margin_moderate,GEBCO Cascadia Margin,Fixed-Spacing,moderate_noise,65,99.24444444444444,0.8098195248143768,1,0.0,0.37882337586131154,0.9684084849178867,117,1530.0
gebco_cascadia_margin_moderate,GEBCO Cascadia Margin,Fixed-Spacing,moderate_noise,66,99.21666666666667,1.1696055592707097,1,0.0,-0.0607747350041036,0.9727938295761309,117,1530.0
gebco_cascadia_margin_moderate,GEBCO Cascadia Margin,Fixed-Spacing,moderate_noise,67,99.27222222222221,1.4899169696454926,1,0.0,-0.07388468772076728,0.9945851926132467,117,1530.0
gebco_cascadia_margin_moderate,GEBCO Cascadia Margin,Fixed-Spacing,moderate_noise,68,99.33333333333333,1.416813750461354,1,0.0,-0.08462104521288841,0.9965869541014569,117,1530.0
gebco_cascadia_margin_moderate,GEBCO Cascadia Margin,Fixed-Spacing,moderate_noise,69,99.3888888888889,2.363685286179057,1,0.0,0.2843052917775574,1.0465101228159797,117,1530.0
gebco_cascadia_margin_moderate,GEBCO Cascadia Margin,Fixed-Spacing,moderate_noise,70,99.2611111111111,1.5844983199074993,1,0.0,-0.34460263957855614,0.9865725986224622,117,1530.0
gebco_cascadia_margin_moderate,GEBCO Cascadia Margin,Fixed-Spacing,moderate_noise,71,99.39444444444445,1.6011389352552856,1,0.0,0.13832998306907415,1.0028613342670645,117,1530.0
gebco_cascadia_margin_moderate,GEBCO Cascadia Margin,Fixed-Spacing,moderate_noise,72,99.31666666666666,1.9088176425569423,1,0.0,0.0004639276983764988,1.029793458265993,117,1530.0
gebco_cascadia_margin_moderate,GEBCO Cascadia Margin,Fixed-Spacing,moderate_noise,73,99.06111111111112,1.7179183853531794,1,0.0,-0.19092667906808597,1.0270078330156647,117,1530.0
gebco_cascadia_margin_moderate,GEBCO Cascadia Margin,Fixed-Spacing,moderate_noise,74,99.32222222222222,1.4805550947635997,1,0.0,-0.3287841600439003,0.9978419227660764,117,1530.0
gebco_cascadia_margin_moderate,GEBCO Cascadia Margin,Fixed-Spacing,moderate_noise,75,99.2,1.2305372533413517,1,0.0,0.4116288483606119,0.9711309567251899,117,1530.0
gebco_cascadia_margin_moderate,GEBCO Cascadia Margin,Fixed-Spacing,moderate_noise,76,99.28333333333333,1.6574108001321814,1,0.0,0.3200493067427053,1.0007724861888576,117,1530.0
gebco_cascadia_margin_moderate,GEBCO Cascadia Margin,Fixed-Spacing,moderate_noise,77,99.29444444444444,1.6602555422625191,1,0.0,-0.4594217369296131,0.9991619444283163,117,1530.0
gebco_cascadia_margin_moderate,GEBCO Cascadia Margin,Fixed-Spacing,moderate_noise,78,99.33333333333333,1.6476783693660275,1,0.0,-0.14617596949759007,1.01539514387954,117,1530.0
gebco_cascadia_margin_moderate,GEBCO Cascadia Margin,Fixed-Spacing,moderate_noise,79,99.4,2.403273966869254,1,0.0,0.21375487614795233,1.0610573752442094,117,1530.0
gebco_cascadia_margin_moderate,GEBCO Cascadia Margin,Fixed-Spacing,moderate_noise,80,99.37222222222222,2.3093809901198554,1,0.0,-0.1789869491430478,1.03882237473227,117,1530.0
gebco_cascadia_margin_moderate,GEBCO Cascadia Margin,Fixed-Spacing,moderate_noise,81,99.6,1.4329700737524746,1,0.0,0.2003587236250067,1.0078317743797294,117,1530.0
gebco_cascadia_margin_moderate,GEBCO Cascadia Margin,Fixed-Spacing,moderate_noise,82,99.16666666666667,1.6955856119088475,1,0.0,-0.41653006509679147,0.9862680700134829,117,1530.0
gebco_cascadia_margin_moderate,GEBCO Cascadia Margin,Fixed-Spacing,moderate_noise,83,99.20555555555556,1.1628579660006824,1,0.0,0.6024979927000357,0.9986394106799337,117,1530.0
gebco_cascadia_margin_moderate,GEBCO Cascadia Margin,Fixed-Spacing,moderate_noise,84,99.38333333333334,2.087160549666308,1,0.0,-0.22573914475368276,1.0359765445485596,117,1530.0
gebco_cascadia_margin_moderate,GEBCO Cascadia Margin,Fixed-Spacing,moderate_noise,85,99.31666666666666,1.6242944450050856,1,0.0,0.12228798315573172,1.0066244113600609,117,1530.0
gebco_cascadia_margin_moderate,GEBCO Cascadia Margin,Fixed-Spacing,moderate_noise,86,99.33333333333333,1.7568000364541843,1,0.0,-0.03424020871974686,1.0210795353698832,117,1530.0
gebco_cascadia_margin_moderate,GEBCO Cascadia Margin,Fixed-Spacing,moderate_noise,87,99.2611111111111,1.3410073024749813,1,0.0,0.41934202901028633,0.9978519467462562,117,1530.0
gebco_cascadia_margin_moderate,GEBCO Cascadia Margin,Fixed-Spacing,moderate_noise,88,99.32777777777778,1.4859421483788877,1,0.0,-0.5091682218002542,0.9937774872412957,117,1530.0
gebco_cascadia_margin_moderate,GEBCO Cascadia Margin,Fixed-Spacing,moderate_noise,89,99.23333333333333,2.2623741713634233,1,0.0,0.7151119205852886,1.0563433139911564,117,1530.0
gebco_cascadia_margin_moderate,GEBCO Cascadia Margin,Fixed-Spacing,moderate_noise,90,99.02777777777779,1.926353391967139,1,0.0,-0.9184720996517479,0.9987014744116177,117,1530.0
gebco_cascadia_margin_moderate,GEBCO Cascadia Margin,Fixed-Spacing,moderate_noise,91,98.87222222222222,0.7374076651562461,1,0.0,0.8397010125751432,0.9630562663696269,117,1530.0
gebco_cascadia_margin_moderate,GEBCO Cascadia Margin,Fixed-Spacing,moderate_noise,92,99.08888888888889,3.167568734214444,0,0.0,0.863660010256821,1.072043326838581,117,1530.0
gebco_cascadia_margin_moderate,GEBCO Cascadia Margin,Fixed-Spacing,moderate_noise,93,99.4,1.5254332366369567,1,0.0,0.33476917330349015,1.0361646415099746,117,1530.0
gebco_cascadia_margin_moderate,GEBCO Cascadia Margin,Fixed-Spacing,moderate_noise,94,99.38333333333334,1.5341030109423777,1,0.0,0.39871036802340004,0.9981571079012705,117,1530.0
gebco_cascadia_margin_moderate,GEBCO Cascadia Margin,Fixed-Spacing,moderate_noise,95,99.31666666666666,1.1482046838989,1,0.0,0.411949152757662,0.9872573732250133,117,1530.0
gebco_cascadia_margin_moderate,GEBCO Cascadia Margin,Fixed-Spacing,moderate_noise,96,99.33333333333333,1.2963184514961876,1,0.0,0.1101983074083937,1.0037587931703091,117,1530.0
gebco_cascadia_margin_moderate,GEBCO Cascadia Margin,Fixed-Spacing,moderate_noise,97,99.82222222222222,2.0561183558579046,1,0.0,0.03650385127426006,1.0346912116023816,117,1530.0
gebco_cascadia_margin_moderate,GEBCO Cascadia Margin,Fixed-Spacing,moderate_noise,98,99.58333333333333,2.0361598006642145,1,0.0,-0.11970789540859773,1.0194358300845359,117,1530.0
gebco_cascadia_margin_moderate,GEBCO Cascadia Margin,Fixed-Spacing,moderate_noise,99,99.17222222222222,1.4347473799216326,1,0.0,-0.4684384288796336,0.9761920442098683,117,1530.0
gebco_cascadia_margin_moderate,GEBCO Cascadia Margin,Fixed-Spacing,moderate_noise,100,99.37222222222222,1.3966169687548888,1,0.0,0.14649399618863138,1.0007202929954708,117,1530.0
gebco_cascadia_margin_moderate,GEBCO Cascadia Margin,Fixed-Spacing,moderate_noise,101,99.28333333333333,1.3422102387792758,1,0.0,0.49454916234665636,0.9913302112753302,117,1530.0
gebco_cascadia_margin_moderate,GEBCO Cascadia Margin,Fixed-Spacing,moderate_noise,102,99.2388888888889,1.2938327586790648,1,0.0,0.34413897018951,0.9873176634795313,117,1530.0
gebco_cascadia_margin_moderate,GEBCO Cascadia Margin,Fixed-Spacing,moderate_noise,103,99.1,1.250218738870335,1,0.0,0.311374989785893,0.9794231509598398,117,1530.0
gebco_cascadia_margin_moderate,GEBCO Cascadia Margin,Fixed-Spacing,moderate_noise,104,99.33888888888889,1.9157124209439502,1,0.0,-0.5052875722816416,1.0200830645342156,117,1530.0
gebco_cascadia_margin_moderate,GEBCO Cascadia Margin,Fixed-Spacing,moderate_noise,105,98.86666666666667,1.5261656328504587,1,0.0,-0.6745575398998701,0.9711933020336114,117,1530.0
gebco_cascadia_margin_moderate,GEBCO Cascadia Margin,Fixed-Spacing,moderate_noise,106,99.3111111111111,1.138289438604991,1,0.0,0.3425921192517783,0.9799130660596551,117,1530.0
gebco_cascadia_margin_moderate,GEBCO Cascadia Margin,Fixed-Spacing,moderate_noise,107,99.26666666666667,1.4833456035037884,1,0.0,-0.040651037055347915,0.9965002838885474,117,1530.0
gebco_cascadia_margin_moderate,GEBCO Cascadia Margin,Fixed-Spacing,moderate_noise,108,99.27777777777777,1.004705422130529,1,0.0,0.2852090203455636,0.9948388273808353,117,1530.0
gebco_cascadia_margin_moderate,GEBCO Cascadia Margin,Fixed-Spacing,moderate_noise,109,99.52777777777779,1.5799086929858608,1,0.0,-0.2624659832732424,1.0068003632453904,117,1530.0
gebco_cascadia_margin_moderate,GEBCO Cascadia Margin,Fixed-Spacing,moderate_noise,110,99.40555555555555,1.7651260063805907,1,0.0,-0.142497108706023,1.0168487055099904,117,1530.0
gebco_cascadia_margin_moderate,GEBCO Cascadia Margin,Fixed-Spacing,moderate_noise,111,99.26666666666667,1.844034203776689,1,0.0,0.8437161316344206,1.032463341946746,117,1530.0
gebco_cascadia_margin_moderate,GEBCO Cascadia Margin,Fixed-Spacing,moderate_noise,112,98.92222222222222,1.077656026274167,1,0.0,-0.03541331354327222,0.9729395804539885,117,1530.0
gebco_cascadia_margin_moderate,GEBCO Cascadia Margin,Fixed-Spacing,moderate_noise,113,99.28888888888889,1.3657130726250293,1,0.0,0.20700945281794297,1.013064196694293,117,1530.0
gebco_cascadia_margin_moderate,GEBCO Cascadia Margin,Fixed-Spacing,moderate_noise,114,100.0,1.409251191835306,1,0.0,-0.032704876972250246,1.0113862890100558,117,1530.0
gebco_cascadia_margin_moderate,GEBCO Cascadia Margin,Fixed-Spacing,moderate_noise,115,98.56111111111112,1.3003781773832799,1,0.0,-0.08169467887277146,0.9877334997655416,117,1530.0
gebco_cascadia_margin_moderate,GEBCO Cascadia Margin,Fixed-Spacing,moderate_noise,116,98.44444444444444,0.9379782807260868,1,0.0,-0.280580029019829,0.9254794732587441,117,1530.0
gebco_cascadia_margin_moderate,GEBCO Cascadia Margin,Fixed-Spacing,moderate_noise,117,99.06666666666666,1.1419252810174023,1,0.0,0.20248110938312436,0.9624633094008909,117,1530.0
gebco_cascadia_margin_moderate,GEBCO Cascadia Margin,Fixed-Spacing,moderate_noise,118,99.55555555555556,2.5731983682898774,1,0.0,0.13048164055792774,1.0519285540667633,117,1530.0
gebco_cascadia_margin_moderate,GEBCO Cascadia Margin,Fixed-Spacing,moderate_noise,119,100.0,1.4470866793648494,1,0.0,0.013091904124450927,1.0053088775163213,117,1530.0
gebco_cascadia_margin_moderate,GEBCO Cascadia Margin,Fixed-Spacing,moderate_noise,120,98.48333333333333,1.9828742537229418,1,0.0,-1.8222737952864392,0.9924863007167328,117,1530.0
gebco_cascadia_margin_moderate,GEBCO Cascadia Margin,Fixed-Spacing,moderate_noise,121,99.28888888888889,1.6847029029968381,1,0.0,-0.2927014627006303,0.9968813059452944,117,1530.0
gebco_cascadia_margin_moderate,GEBCO Cascadia Margin,Fixed-Spacing,moderate_noise,122,99.23333333333333,1.451521916816212,1,0.0,-0.20071326883091173,0.9991292537826143,117,1530.0
gebco_cascadia_margin_moderate,GEBCO Cascadia Margin,Fixed-Spacing,moderate_noise,123,99.71666666666667,1.6927338998103154,1,0.0,0.102114404425349,1.0018560750401753,117,1530.0
gebco_cascadia_margin_moderate,GEBCO Cascadia Margin,Fixed-Spacing,moderate_noise,124,99.26666666666667,0.944893887762632,1,0.0,0.47818737245013027,0.9791569025262838,117,1530.0
gebco_cascadia_margin_moderate,GEBCO Cascadia Margin,Fixed-Spacing,moderate_noise,125,99.37777777777778,1.3777545427123057,1,0.0,0.5062232429770589,1.0068347229198993,117,1530.0
gebco_cascadia_margin_moderate,GEBCO Cascadia Margin,Fixed-Spacing,moderate_noise,126,99.3888888888889,1.3748299857838069,1,0.0,-0.09039574900852045,1.0018744698435957,117,1530.0
gebco_cascadia_margin_moderate,GEBCO Cascadia Margin,Fixed-Spacing,moderate_noise,127,99.00555555555556,1.9062343897476903,1,0.0,0.16118776160796328,1.0158145210117682,117,1530.0
gebco_cascadia_margin_moderate,GEBCO Cascadia Margin,Fixed-Spacing,moderate_noise,128,99.29444444444444,1.4517717453438543,1,0.0,0.18775230033075552,1.0041906595240864,117,1530.0
gebco_cascadia_margin_moderate,GEBCO Cascadia Margin,Fixed-Spacing,moderate_noise,129,99.33333333333333,2.0696399058084944,1,0.0,-0.00025848728502809667,1.0418103152795826,117,1530.0
gebco_cascadia_margin_moderate,GEBCO Cascadia Margin,Fixed-Spacing,moderate_noise,130,99.11111111111111,1.5115684670760416,1,0.0,-0.5089957096685529,0.9856815070526713,117,1530.0
gebco_cascadia_margin_moderate,GEBCO Cascadia Margin,Fixed-Spacing,moderate_noise,131,99.16666666666667,1.3804374865411662,1,0.0,-0.6814703909471185,0.9927788454634294,117,1530.0
gebco_cascadia_margin_moderate,GEBCO Cascadia Margin,Fixed-Spacing,moderate_noise,132,99.45555555555555,2.0271817091775284,1,0.0,0.125930350264627,1.0354887309994105,117,1530.0
gebco_cascadia_margin_moderate,GEBCO Cascadia Margin,Fixed-Spacing,moderate_noise,133,99.28888888888889,1.4177471590090698,1,0.0,-0.2314226328576236,0.9869711611309269,117,1530.0
gebco_cascadia_margin_moderate,GEBCO Cascadia Margin,Fixed-Spacing,moderate_noise,134,99.16666666666667,0.8085583011074297,1,0.0,0.7797626443300537,0.9697559019768279,117,1530.0
gebco_cascadia_margin_moderate,GEBCO Cascadia Margin,Fixed-Spacing,moderate_noise,135,99.34444444444445,2.072977144349825,1,0.0,-0.44107297177884336,1.0147685098074264,117,1530.0
gebco_cascadia_margin_moderate,GEBCO Cascadia Margin,Fixed-Spacing,moderate_noise,136,99.2388888888889,1.9814416204697662,1,0.0,-0.38097200173259355,1.0138258669856888,117,1530.0
gebco_cascadia_margin_moderate,GEBCO Cascadia Margin,Fixed-Spacing,moderate_noise,137,98.97777777777777,1.8234951268324657,1,0.0,1.1126078108848054,1.0312831514618774,117,1530.0
gebco_cascadia_margin_moderate,GEBCO Cascadia Margin,Fixed-Spacing,moderate_noise,138,99.28333333333333,2.03096088096324,1,0.0,-0.5470255402607709,1.0149237299313651,117,1530.0
gebco_cascadia_margin_moderate,GEBCO Cascadia Margin,Fixed-Spacing,moderate_noise,139,99.25555555555555,1.1416653615037453,1,0.0,-0.1608568707956802,0.9640452770438702,117,1530.0
gebco_cascadia_margin_moderate,GEBCO Cascadia Margin,Fixed-Spacing,moderate_noise,140,98.88888888888889,1.7552306791700196,1,0.0,-0.9002935628768378,0.9897910859645932,117,1530.0
gebco_cascadia_margin_moderate,GEBCO Cascadia Margin,Fixed-Spacing,moderate_noise,141,99.25,1.5040567851215416,1,0.0,-0.7343438698529029,0.9784854445950479,117,1530.0
gebco_cascadia_margin_moderate,GEBCO Cascadia Margin,Fixed-Spacing,moderate_noise,142,99.2,1.3730497696479758,1,0.0,-0.22255917201691552,0.9899197867000105,117,1530.0
gebco_cascadia_margin_moderate,GEBCO Cascadia Margin,Fixed-Spacing,moderate_noise,143,99.08888888888889,1.459730414866154,1,0.0,-0.6072871038627109,0.9773322546162635,117,1530.0
gebco_cascadia_margin_moderate,GEBCO Cascadia Margin,Fixed-Spacing,moderate_noise,144,99.39444444444445,0.9072191022430627,1,0.0,-0.008383437567567133,0.9584054784640053,117,1530.0
gebco_cascadia_margin_moderate,GEBCO Cascadia Margin,Fixed-Spacing,moderate_noise,145,99.52222222222223,2.1415066148015636,1,0.0,0.23242808336022697,1.0482096080087402,117,1530.0
gebco_cascadia_margin_moderate,GEBCO Cascadia Margin,Fixed-Spacing,moderate_noise,146,99.21111111111112,1.6725828504620481,1,0.0,-0.6918460513945155,0.9952016150164871,117,1530.0
gebco_cascadia_margin_moderate,GEBCO Cascadia Margin,Fixed-Spacing,moderate_noise,147,99.21666666666667,1.9422897300362683,1,0.0,-0.5190593080854142,0.9990419234752511,117,1530.0
gebco_cascadia_margin_moderate,GEBCO Cascadia Margin,Fixed-Spacing,moderate_noise,148,99.56111111111112,1.648867760015454,1,0.0,0.03272045230742239,1.0084692238401511,117,1530.0
gebco_cascadia_margin_moderate,GEBCO Cascadia Margin,Fixed-Spacing,moderate_noise,149,99.25,1.540876736212738,1,0.0,0.5386610331515498,1.0101162035224962,117,1530.0
gebco_cascadia_margin_moderate,GEBCO Cascadia Margin,Fixed-Spacing,moderate_noise,150,99.3111111111111,1.916156678868367,1,0.0,-0.462625620522077,1.0057138792149176,117,1530.0
gebco_cascadia_margin_moderate,GEBCO Cascadia Margin,Fixed-Spacing,moderate_noise,151,99.32222222222222,0.9346453961261459,1,0.0,0.4269084204380969,0.9680036306916169,117,1530.0
gebco_cascadia_margin_moderate,GEBCO Cascadia Margin,Fixed-Spacing,moderate_noise,152,99.3,1.4947125986131473,1,0.0,-0.3699160274207276,1.0073904613957025,117,1530.0
gebco_cascadia_margin_moderate,GEBCO Cascadia Margin,Fixed-Spacing,moderate_noise,153,99.46666666666667,1.4410098363930353,1,0.0,-0.49507956649561846,1.0055246764830466,117,1530.0
gebco_cascadia_margin_moderate,GEBCO Cascadia Margin,Fixed-Spacing,moderate_noise,154,99.33333333333333,1.4719397356566466,1,0.0,-0.1503261670232447,1.00481430332327,117,1530.0
gebco_cascadia_margin_moderate,GEBCO Cascadia Margin,Fixed-Spacing,moderate_noise,155,99.24444444444444,1.4187168301712705,1,0.0,0.5628195193541142,1.0026007173648463,117,1530.0
gebco_cascadia_margin_moderate,GEBCO Cascadia Margin,Fixed-Spacing,moderate_noise,156,99.13888888888889,4.105192161386433,0,0.0,-0.9192011271817525,1.0819421641898095,117,1530.0
gebco_cascadia_margin_moderate,GEBCO Cascadia Margin,Fixed-Spacing,moderate_noise,157,99.25555555555555,1.4511253169150369,1,0.0,0.36618989159595666,0.9979846736702441,117,1530.0
gebco_cascadia_margin_moderate,GEBCO Cascadia Margin,Fixed-Spacing,moderate_noise,158,99.05000000000001,2.0458990251323517,1,0.0,-0.4453936403885878,1.0123437842737335,117,1530.0
gebco_cascadia_margin_moderate,GEBCO Cascadia Margin,Fixed-Spacing,moderate_noise,159,99.36111111111111,2.3156749620148775,1,0.0,-0.27796673939973693,1.041872250076961,117,1530.0
gebco_cascadia_margin_moderate,GEBCO Cascadia Margin,Fixed-Spacing,moderate_noise,160,98.83888888888889,1.264910454488842,1,0.0,0.1839191990179539,0.9689043280423394,117,1530.0
gebco_cascadia_margin_moderate,GEBCO Cascadia Margin,Fixed-Spacing,moderate_noise,161,99.16666666666667,1.0415431955557566,1,0.0,0.11800783126602461,0.9853164452117493,117,1530.0
gebco_cascadia_margin_moderate,GEBCO Cascadia Margin,Fixed-Spacing,moderate_noise,162,99.27777777777777,1.3624378883737198,1,0.0,0.14803771265895305,1.0099708502087674,117,1530.0
gebco_cascadia_margin_moderate,GEBCO Cascadia Margin,Fixed-Spacing,moderate_noise,163,99.33333333333333,2.330697497897008,1,0.0,0.25471406781857053,1.0241645862291682,117,1530.0
gebco_cascadia_margin_moderate,GEBCO Cascadia Margin,Fixed-Spacing,moderate_noise,164,99.31666666666666,1.5595407912040864,1,0.0,-0.5417926052737361,0.9886535902159499,117,1530.0
gebco_cascadia_margin_moderate,GEBCO Cascadia Margin,Fixed-Spacing,moderate_noise,165,99.11666666666666,1.322085157758914,1,0.0,0.5565443351118007,0.9723118014666792,117,1530.0
gebco_cascadia_margin_moderate,GEBCO Cascadia Margin,Fixed-Spacing,moderate_noise,166,99.01666666666667,1.3441680181817914,1,0.0,0.7583102841292626,0.999941220927611,117,1530.0
gebco_cascadia_margin_moderate,GEBCO Cascadia Margin,Fixed-Spacing,moderate_noise,167,99.70555555555556,1.2315731516392252,1,0.0,-0.0001559656348094267,0.9984718705649042,117,1530.0
gebco_cascadia_margin_moderate,GEBCO Cascadia Margin,Fixed-Spacing,moderate_noise,168,99.33333333333333,2.5374751078105207,1,0.0,-0.2662689310274127,1.0507850390515876,117,1530.0
gebco_cascadia_margin_moderate,GEBCO Cascadia Margin,Fixed-Spacing,moderate_noise,169,98.8,1.458729624667957,1,0.0,-0.8320651107399321,0.9559836344757597,117,1530.0
gebco_cascadia_margin_moderate,GEBCO Cascadia Margin,Fixed-Spacing,moderate_noise,170,99.2,1.6132903570808708,1,0.0,0.5018800684606768,1.0097017097890577,117,1530.0
gebco_cascadia_margin_moderate,GEBCO Cascadia Margin,Fixed-Spacing,moderate_noise,171,99.33333333333333,2.3059460381769137,1,0.0,0.5074244489844877,1.0609545221594598,117,1530.0
gebco_cascadia_margin_moderate,GEBCO Cascadia Margin,Fixed-Spacing,moderate_noise,172,99.06666666666666,1.0918607305168884,1,0.0,0.9035598790216176,1.0122991015281007,117,1530.0
gebco_cascadia_margin_moderate,GEBCO Cascadia Margin,Fixed-Spacing,moderate_noise,173,99.50555555555556,2.149566968414934,1,0.0,-0.2618935854626979,1.0413642695213179,117,1530.0
gebco_cascadia_margin_moderate,GEBCO Cascadia Margin,Fixed-Spacing,moderate_noise,174,99.2388888888889,1.4048430274621875,1,0.0,0.17883193217634988,1.0064041773064807,117,1530.0
gebco_cascadia_margin_moderate,GEBCO Cascadia Margin,Fixed-Spacing,moderate_noise,175,99.33888888888889,1.7254760863464165,1,0.0,-0.22439500155941708,0.9957033159404374,117,1530.0
gebco_cascadia_margin_moderate,GEBCO Cascadia Margin,Fixed-Spacing,moderate_noise,176,99.57222222222222,1.914675713526422,1,0.0,0.12475551781037456,1.0230606731580174,117,1530.0
gebco_cascadia_margin_moderate,GEBCO Cascadia Margin,Fixed-Spacing,moderate_noise,177,99.08888888888889,1.7340376886073348,1,0.0,-0.6427069250387314,1.0062464105424909,117,1530.0
gebco_cascadia_margin_moderate,GEBCO Cascadia Margin,Fixed-Spacing,moderate_noise,178,99.53333333333333,1.5152468981669802,1,0.0,0.24264924245390054,1.016484246121363,117,1530.0
gebco_cascadia_margin_moderate,GEBCO Cascadia Margin,Fixed-Spacing,moderate_noise,179,99.42777777777778,1.204506971047359,1,0.0,-0.09946427370014019,0.9852861373094106,117,1530.0
gebco_cascadia_margin_moderate,GEBCO Cascadia Margin,Fixed-Spacing,moderate_noise,180,99.45,2.340159121731344,1,0.0,-0.4627735573580397,1.0331481401160636,117,1530.0
gebco_cascadia_margin_moderate,GEBCO Cascadia Margin,Fixed-Spacing,moderate_noise,181,99.43333333333332,2.387386245407376,1,0.0,0.37226717619227334,1.030731800569551,117,1530.0
gebco_cascadia_margin_moderate,GEBCO Cascadia Margin,Fixed-Spacing,moderate_noise,182,99.36111111111111,1.6878514318290396,1,0.0,0.5946744575125213,1.018488034389542,117,1530.0
gebco_cascadia_margin_moderate,GEBCO Cascadia Margin,Fixed-Spacing,moderate_noise,183,99.46666666666667,1.4619675179680538,1,0.0,0.00833768998692974,1.0012625231164347,117,1530.0
gebco_cascadia_margin_moderate,GEBCO Cascadia Margin,Fixed-Spacing,moderate_noise,184,99.22777777777779,1.4049507383255764,1,0.0,-0.4071607772635148,0.9792711169754683,117,1530.0
gebco_cascadia_margin_moderate,GEBCO Cascadia Margin,Fixed-Spacing,moderate_noise,185,99.15555555555555,1.0934260612985356,1,0.0,0.034449339173680704,0.9712251026751479,117,1530.0
gebco_cascadia_margin_moderate,GEBCO Cascadia Margin,Fixed-Spacing,moderate_noise,186,99.33333333333333,2.4947619866283275,1,0.0,0.36275241044972395,1.0555852426879038,117,1530.0
gebco_cascadia_margin_moderate,GEBCO Cascadia Margin,Fixed-Spacing,moderate_noise,187,99.3,1.3099439807511433,1,0.0,0.17644327798744172,0.9897565913400557,117,1530.0
gebco_cascadia_margin_moderate,GEBCO Cascadia Margin,Fixed-Spacing,moderate_noise,188,98.82222222222222,1.8805812125182837,1,0.0,-0.8530763330775188,0.9801187814996432,117,1530.0
gebco_cascadia_margin_moderate,GEBCO Cascadia Margin,Fixed-Spacing,moderate_noise,189,99.2388888888889,1.7093429187956284,1,0.0,-0.34968013059187536,0.9995863121598398,117,1530.0
gebco_cascadia_margin_moderate,GEBCO Cascadia Margin,Fixed-Spacing,moderate_noise,190,98.97222222222221,2.4899058255536337,1,0.0,-0.9496496305982897,1.028615446976018,117,1530.0
gebco_cascadia_margin_moderate,GEBCO Cascadia Margin,Fixed-Spacing,moderate_noise,191,99.63333333333333,1.9362781932734143,1,0.0,-0.03455238685307845,1.030790648696551,117,1530.0
gebco_cascadia_margin_moderate,GEBCO Cascadia Margin,Fixed-Spacing,moderate_noise,192,99.3111111111111,1.6637036678282786,1,0.0,-0.34227361530022954,1.0002059569803987,117,1530.0
gebco_cascadia_margin_moderate,GEBCO Cascadia Margin,Fixed-Spacing,moderate_noise,193,99.07777777777778,1.2347348879435438,1,0.0,-0.09258843116127147,0.9711548626309123,117,1530.0
gebco_cascadia_margin_moderate,GEBCO Cascadia Margin,Fixed-Spacing,moderate_noise,194,99.33333333333333,1.522597209666225,1,0.0,-0.039385641320177765,1.0002445633937336,117,1530.0
gebco_cascadia_margin_moderate,GEBCO Cascadia Margin,Fixed-Spacing,moderate_noise,195,99.02777777777779,1.2644649643652361,1,0.0,-0.11273008154452635,0.9932092072339676,117,1530.0
gebco_cascadia_margin_moderate,GEBCO Cascadia Margin,Fixed-Spacing,moderate_noise,196,99.3111111111111,1.4902558224487576,1,0.0,-0.31668171202729684,0.9898057150587181,117,1530.0
gebco_cascadia_margin_moderate,GEBCO Cascadia Margin,Fixed-Spacing,moderate_noise,197,99.47777777777777,1.8353486806422403,1,0.0,0.306018418705544,1.0233421631049844,117,1530.0
gebco_cascadia_margin_moderate,GEBCO Cascadia Margin,Fixed-Spacing,moderate_noise,198,99.2,1.4430073345431664,1,0.0,0.4056062739304489,0.993120760642156,117,1530.0
gebco_cascadia_margin_moderate,GEBCO Cascadia Margin,Fixed-Spacing,moderate_noise,199,99.29444444444444,1.5079251694569156,1,0.0,0.27886016144460307,1.0075724178106271,117,1530.0
gebco_cascadia_margin_moderate,GEBCO Cascadia Margin,Fixed-Spacing,moderate_noise,200,99.1,0.9368644352873857,1,0.0,0.7266636452398838,0.9733914455700752,117,1530.0
gebco_cascadia_margin_moderate,GEBCO Cascadia Margin,Fixed-Spacing,moderate_noise,201,98.4888888888889,1.011527367785255,1,0.0,-0.03693967379672387,0.9816970991070959,117,1530.0
gebco_cascadia_margin_moderate,GEBCO Cascadia Margin,Fixed-Spacing,moderate_noise,202,99.32222222222222,1.6822534344227358,1,0.0,-0.47961822210239824,0.9973685865246013,117,1530.0
gebco_cascadia_margin_moderate,GEBCO Cascadia Margin,Fixed-Spacing,moderate_noise,203,99.00555555555556,1.07368159874762,1,0.0,0.8588595904003958,0.9916778600839631,117,1530.0
gebco_cascadia_margin_moderate,GEBCO Cascadia Margin,Fixed-Spacing,moderate_noise,204,99.16666666666667,1.9162835267547227,1,0.0,0.13779946781909838,1.0266575838489769,117,1530.0
gebco_cascadia_margin_moderate,GEBCO Cascadia Margin,Fixed-Spacing,moderate_noise,205,99.35000000000001,1.4408895661784686,1,0.0,0.5893076486868525,1.0214007409136907,117,1530.0
gebco_cascadia_margin_moderate,GEBCO Cascadia Margin,Fixed-Spacing,moderate_noise,206,99.20555555555556,1.6697834384099566,1,0.0,0.1971306738961719,1.0130167962322871,117,1530.0
gebco_cascadia_margin_moderate,GEBCO Cascadia Margin,Fixed-Spacing,moderate_noise,207,98.95555555555555,1.4580843944554642,1,0.0,0.09432776478585433,0.9766411879413832,117,1530.0
gebco_cascadia_margin_moderate,GEBCO Cascadia Margin,Fixed-Spacing,moderate_noise,208,99.26666666666667,1.3180577762430186,1,0.0,0.185826533946375,0.9773842879389132,117,1530.0
gebco_cascadia_margin_moderate,GEBCO Cascadia Margin,Fixed-Spacing,moderate_noise,209,99.27777777777777,1.9404360620405852,1,0.0,0.17011889284951556,1.0122862011242664,117,1530.0
gebco_cascadia_margin_moderate,GEBCO Cascadia Margin,Fixed-Spacing,moderate_noise,210,99.04444444444445,0.8940889501374029,1,0.0,0.6663583186012098,0.9791718071873371,117,1530.0
gebco_cascadia_margin_moderate,GEBCO Cascadia Margin,Fixed-Spacing,moderate_noise,211,99.33333333333333,1.8442537324684105,1,0.0,-0.24336997312169947,1.0168736290081002,117,1530.0
gebco_cascadia_margin_moderate,GEBCO Cascadia Margin,Fixed-Spacing,moderate_noise,212,99.29444444444444,1.7983801170224947,1,0.0,0.5245235289414082,1.0244808530034057,117,1530.0
gebco_cascadia_margin_moderate,GEBCO Cascadia Margin,Fixed-Spacing,moderate_noise,213,99.28333333333333,2.192684351190585,1,0.0,-0.6866376452352029,1.0202643364640647,117,1530.0
gebco_cascadia_margin_moderate,GEBCO Cascadia Margin,Fixed-Spacing,moderate_noise,214,99.28888888888889,0.9612215659869229,1,0.0,0.14801798454069606,0.9661677567505664,117,1530.0
gebco_cascadia_margin_moderate,GEBCO Cascadia Margin,Fixed-Spacing,moderate_noise,215,99.06666666666666,0.9767484705405736,1,0.0,0.10065889130825674,0.9572075606508201,117,1530.0
gebco_cascadia_margin_moderate,GEBCO Cascadia Margin,Fixed-Spacing,moderate_noise,216,99.12222222222222,1.502462804426177,1,0.0,0.14337331920746882,0.9958478773431881,117,1530.0
gebco_cascadia_margin_moderate,GEBCO Cascadia Margin,Fixed-Spacing,moderate_noise,217,99.79444444444444,1.7263159592133088,1,0.0,0.049384831524307775,1.0240676875640808,117,1530.0
gebco_cascadia_margin_moderate,GEBCO Cascadia Margin,Fixed-Spacing,moderate_noise,218,99.33333333333333,1.170103064466587,1,0.0,-0.08153586647815003,0.9900710682505903,117,1530.0
gebco_cascadia_margin_moderate,GEBCO Cascadia Margin,Fixed-Spacing,moderate_noise,219,98.90555555555555,0.7058003068486991,1,0.0,0.7191934140386365,0.9412189014358333,117,1530.0
gebco_cascadia_margin_moderate,GEBCO Cascadia Margin,Fixed-Spacing,moderate_noise,220,98.98333333333333,0.6270775229470023,1,0.0,0.4730913294294783,0.926224782562705,117,1530.0
gebco_cascadia_margin_moderate,GEBCO Cascadia Margin,Fixed-Spacing,moderate_noise,221,99.33888888888889,2.499150868630447,1,0.0,0.2748762360416736,1.0521171376197853,117,1530.0
gebco_cascadia_margin_moderate,GEBCO Cascadia Margin,Fixed-Spacing,moderate_noise,222,99.33333333333333,3.9566628539409714,0,0.0,0.45825977724999395,1.0928152412682801,117,1530.0
gebco_cascadia_margin_moderate,GEBCO Cascadia Margin,Fixed-Spacing,moderate_noise,223,100.0,1.427825005460062,1,0.0,0.028700038356626996,0.9969609338631595,117,1530.0
gebco_cascadia_margin_moderate,GEBCO Cascadia Margin,Fixed-Spacing,moderate_noise,224,99.21666666666667,1.3569996168952816,1,0.0,0.5532041450890066,1.0084576871792275,117,1530.0
gebco_cascadia_margin_moderate,GEBCO Cascadia Margin,Fixed-Spacing,moderate_noise,225,99.35555555555555,1.4943547196730824,1,0.0,0.1401571682707582,1.0273851050376936,117,1530.0
gebco_cascadia_margin_moderate,GEBCO Cascadia Margin,Fixed-Spacing,moderate_noise,226,99.64444444444445,2.0256966295181877,1,0.0,0.11117733692003612,1.0299984828500321,117,1530.0
gebco_cascadia_margin_moderate,GEBCO Cascadia Margin,Fixed-Spacing,moderate_noise,227,99.14444444444445,1.275860429111243,1,0.0,0.05207050110407185,0.9870406884165258,117,1530.0
gebco_cascadia_margin_moderate,GEBCO Cascadia Margin,Fixed-Spacing,moderate_noise,228,99.44444444444444,1.5863323491143682,1,0.0,-0.2891299251633673,1.0047546914993335,117,1530.0
gebco_cascadia_margin_moderate,GEBCO Cascadia Margin,Fixed-Spacing,moderate_noise,229,99.00555555555556,0.9425628228913857,1,0.0,0.17174745122512816,0.9536890599663111,117,1530.0
gebco_cascadia_margin_moderate,GEBCO Cascadia Margin,Fixed-Spacing,moderate_noise,230,98.66666666666667,1.522571175104971,1,0.0,0.008787186877009348,0.9967971677173559,117,1530.0
gebco_cascadia_margin_moderate,GEBCO Cascadia Margin,Fixed-Spacing,moderate_noise,231,99.33333333333333,1.3606690272432342,1,0.0,0.23059837587325777,1.0015946222956564,117,1530.0
gebco_cascadia_margin_moderate,GEBCO Cascadia Margin,Fixed-Spacing,moderate_noise,232,99.06666666666666,1.425065336913822,1,0.0,-0.825989501257869,0.9888758273342847,117,1530.0
gebco_cascadia_margin_moderate,GEBCO Cascadia Margin,Fixed-Spacing,moderate_noise,233,98.88333333333334,2.1303078471559105,1,0.0,-1.347581863703196,1.003012432991507,117,1530.0
gebco_cascadia_margin_moderate,GEBCO Cascadia Margin,Fixed-Spacing,moderate_noise,234,98.66666666666667,1.2417985366670978,1,0.0,0.016156215352622773,0.9966013239122796,117,1530.0
gebco_cascadia_margin_moderate,GEBCO Cascadia Margin,Fixed-Spacing,moderate_noise,235,98.78333333333333,1.401634287424901,1,0.0,-1.1012614723424379,0.9584552126896543,117,1530.0
gebco_cascadia_margin_moderate,GEBCO Cascadia Margin,Fixed-Spacing,moderate_noise,236,99.16111111111111,1.0926019881992335,1,0.0,-0.4446129360998524,0.953985285837213,117,1530.0
gebco_cascadia_margin_moderate,GEBCO Cascadia Margin,Fixed-Spacing,moderate_noise,237,99.18333333333334,1.6917263602053585,1,0.0,-0.5423564994025868,1.004121432898645,117,1530.0
gebco_cascadia_margin_moderate,GEBCO Cascadia Margin,Fixed-Spacing,moderate_noise,238,99.33333333333333,3.1424396168753415,0,0.0,0.3846350843242018,1.07189122915373,117,1530.0
gebco_cascadia_margin_moderate,GEBCO Cascadia Margin,Fixed-Spacing,moderate_noise,239,99.37777777777778,1.7105221460311864,1,0.0,-0.4672491626557931,0.9946211639335001,117,1530.0
gebco_cascadia_margin_moderate,GEBCO Cascadia Margin,Fixed-Spacing,moderate_noise,240,99.33333333333333,1.5610259395252428,1,0.0,-0.009981175020458262,1.010214153025831,117,1530.0
gebco_cascadia_margin_moderate,GEBCO Cascadia Margin,Fixed-Spacing,moderate_noise,241,99.33333333333333,2.046102905046083,1,0.0,0.40776154675046106,1.0198915985453605,117,1530.0
gebco_cascadia_margin_moderate,GEBCO Cascadia Margin,Fixed-Spacing,moderate_noise,242,99.32222222222222,2.0660303969877805,1,0.0,-0.38135228709700264,1.0102706266007353,117,1530.0
gebco_cascadia_margin_moderate,GEBCO Cascadia Margin,Fixed-Spacing,moderate_noise,243,99.27222222222221,1.836250435538501,1,0.0,-0.5587516119257615,0.9982223772461122,117,1530.0
gebco_cascadia_margin_moderate,GEBCO Cascadia Margin,Fixed-Spacing,moderate_noise,244,99.06111111111112,1.8926586856612768,1,0.0,-0.7932560995006345,0.9997736421790601,117,1530.0
gebco_cascadia_margin_moderate,GEBCO Cascadia Margin,Fixed-Spacing,moderate_noise,245,99.11666666666666,1.3859702235141218,1,0.0,-0.46045292310533176,0.9811376123805251,117,1530.0
gebco_cascadia_margin_moderate,GEBCO Cascadia Margin,Fixed-Spacing,moderate_noise,246,98.82777777777778,0.9534650555786328,1,0.0,0.6861653714611251,0.948801897477681,117,1530.0
gebco_cascadia_margin_moderate,GEBCO Cascadia Margin,Fixed-Spacing,moderate_noise,247,99.3888888888889,1.7230321857873998,1,0.0,-0.30790213728851823,1.0038475691776492,117,1530.0
gebco_cascadia_margin_moderate,GEBCO Cascadia Margin,Fixed-Spacing,moderate_noise,248,99.2388888888889,3.0384280906876318,0,0.0,0.10148012613915862,1.0593312005739348,117,1530.0
gebco_cascadia_margin_moderate,GEBCO Cascadia Margin,Fixed-Spacing,moderate_noise,249,99.30555555555556,2.258077509007811,1,0.0,-0.7185470418251549,1.037521618357677,117,1530.0
gebco_cascadia_margin_moderate,GEBCO Cascadia Margin,Fixed-Spacing,moderate_noise,250,99.3111111111111,1.8116762421830543,1,0.0,-0.5910163553920876,1.0092732874901542,117,1530.0
gebco_cascadia_margin_moderate,GEBCO Cascadia Margin,Fixed-Spacing,moderate_noise,251,99.11666666666666,1.9662548019920338,1,0.0,-0.623356749943782,1.01398978275593,117,1530.0
gebco_cascadia_margin_moderate,GEBCO Cascadia Margin,Fixed-Spacing,moderate_noise,252,99.17222222222222,1.01136126840725,1,0.0,0.7620687393597895,0.9979731279265108,117,1530.0
gebco_cascadia_margin_moderate,GEBCO Cascadia Margin,Fixed-Spacing,moderate_noise,253,99.13333333333333,1.4904888462198322,1,0.0,-0.1847201156387451,0.9843616841447278,117,1530.0
gebco_cascadia_margin_moderate,GEBCO Cascadia Margin,Fixed-Spacing,moderate_noise,254,99.26666666666667,1.6949398163385894,1,0.0,0.41590780480578754,1.0143575745198825,117,1530.0
gebco_cascadia_margin_moderate,GEBCO Cascadia Margin,Fixed-Spacing,moderate_noise,255,98.91666666666666,1.01496027795653,1,0.0,1.065147401263024,1.0047561567380034,117,1530.0
gebco_cascadia_margin_moderate,GEBCO Cascadia Margin,Fixed-Spacing,moderate_noise,256,99.06111111111112,1.0725008586572282,1,0.0,0.7470027405251579,0.9955798082524598,117,1530.0
gebco_cascadia_margin_moderate,GEBCO Cascadia Margin,Fixed-Spacing,moderate_noise,257,99.3,1.1615831224320323,1,0.0,0.42912251163656867,0.9740117868729556,117,1530.0
gebco_cascadia_margin_moderate,GEBCO Cascadia Margin,Fixed-Spacing,moderate_noise,258,99.21666666666667,1.2657234766214065,1,0.0,0.43742462307939917,0.9850839277316253,117,1530.0
gebco_cascadia_margin_moderate,GEBCO Cascadia Margin,Fixed-Spacing,moderate_noise,259,99.57222222222222,1.2703464475876538,1,0.0,-0.1615688986063744,1.0078026671537244,117,1530.0
gebco_cascadia_margin_moderate,GEBCO Cascadia Margin,Fixed-Spacing,moderate_noise,260,99.33333333333333,1.3183637149990757,1,0.0,-0.05080048083111601,0.9985590255437006,117,1530.0
gebco_cascadia_margin_moderate,GEBCO Cascadia Margin,Fixed-Spacing,moderate_noise,261,99.33333333333333,1.8263823910127426,1,0.0,-0.5598992370063814,1.0093479031641144,117,1530.0
gebco_cascadia_margin_moderate,GEBCO Cascadia Margin,Fixed-Spacing,moderate_noise,262,99.19444444444444,1.4475164323427785,1,0.0,-0.23412068426733915,0.989842100048056,117,1530.0
gebco_cascadia_margin_moderate,GEBCO Cascadia Margin,Fixed-Spacing,moderate_noise,263,99.39444444444445,1.5584478661182037,1,0.0,0.5595810319782415,1.0156736319427744,117,1530.0
gebco_cascadia_margin_moderate,GEBCO Cascadia Margin,Fixed-Spacing,moderate_noise,264,99.27777777777777,1.130730158569805,1,0.0,-0.1223949534031184,0.9763126907413944,117,1530.0
gebco_cascadia_margin_moderate,GEBCO Cascadia Margin,Fixed-Spacing,moderate_noise,265,98.91111111111111,2.8297555521334856,1,0.0,-1.029231434724135,1.0207600537083346,117,1530.0
gebco_cascadia_margin_moderate,GEBCO Cascadia Margin,Fixed-Spacing,moderate_noise,266,99.33333333333333,1.7550636504666426,1,0.0,0.12525018450046946,1.0137484968829626,117,1530.0
gebco_cascadia_margin_moderate,GEBCO Cascadia Margin,Fixed-Spacing,moderate_noise,267,99.52777777777779,1.2667245653131076,1,0.0,-0.1577556822107597,1.0126804968882022,117,1530.0
gebco_cascadia_margin_moderate,GEBCO Cascadia Margin,Fixed-Spacing,moderate_noise,268,99.28333333333333,1.6187696308873285,1,0.0,0.7799227027099019,1.0183642486544762,117,1530.0
gebco_cascadia_margin_moderate,GEBCO Cascadia Margin,Fixed-Spacing,moderate_noise,269,99.3,2.6360281361929383,1,0.0,-0.21050735364355544,1.0483785329456772,117,1530.0
gebco_cascadia_margin_moderate,GEBCO Cascadia Margin,Fixed-Spacing,moderate_noise,270,99.03888888888889,1.3279458899518222,1,0.0,-0.4409300998771514,0.9548648913836856,117,1530.0
gebco_cascadia_margin_moderate,GEBCO Cascadia Margin,Fixed-Spacing,moderate_noise,271,99.33333333333333,2.6934105250901057,1,0.0,0.2560602859100083,1.0561463434964369,117,1530.0
gebco_cascadia_margin_moderate,GEBCO Cascadia Margin,Fixed-Spacing,moderate_noise,272,99.1888888888889,1.71311070367616,1,0.0,0.5854867782265477,1.027185216661902,117,1530.0
gebco_cascadia_margin_moderate,GEBCO Cascadia Margin,Fixed-Spacing,moderate_noise,273,99.19444444444444,3.5821619006289005,0,0.0,-0.6246535580802058,1.0671511341953719,117,1530.0
gebco_cascadia_margin_moderate,GEBCO Cascadia Margin,Fixed-Spacing,moderate_noise,274,99.83888888888889,1.0935607563251895,1,0.0,0.026314077158585525,0.9906079365780193,117,1530.0
gebco_cascadia_margin_moderate,GEBCO Cascadia Margin,Fixed-Spacing,moderate_noise,275,99.35555555555555,1.993506392605165,1,0.0,-0.4126562674947755,1.0175257648010612,117,1530.0
gebco_cascadia_margin_moderate,GEBCO Cascadia Margin,Fixed-Spacing,moderate_noise,276,99.33333333333333,1.7834235632683113,1,0.0,-0.11093847086934247,1.025416505538345,117,1530.0
gebco_cascadia_margin_moderate,GEBCO Cascadia Margin,Fixed-Spacing,moderate_noise,277,99.27777777777777,1.5235805522869452,1,0.0,-0.4848725273598311,0.9883728464637095,117,1530.0
gebco_cascadia_margin_moderate,GEBCO Cascadia Margin,Fixed-Spacing,moderate_noise,278,99.17777777777778,1.7603528673004984,1,0.0,0.48208446613623385,1.0357582750067846,117,1530.0
gebco_cascadia_margin_moderate,GEBCO Cascadia Margin,Fixed-Spacing,moderate_noise,279,99.31666666666666,1.359389834981807,1,0.0,-0.07203223492532095,0.9885967234206142,117,1530.0
gebco_cascadia_margin_moderate,GEBCO Cascadia Margin,Fixed-Spacing,moderate_noise,280,99.37222222222222,1.2095646501205584,1,0.0,-0.2761049248602679,0.9836230447742346,117,1530.0
gebco_cascadia_margin_moderate,GEBCO Cascadia Margin,Fixed-Spacing,moderate_noise,281,98.95,1.67124401837242,1,0.0,-0.5995733222897728,0.9630167038955891,117,1530.0
gebco_cascadia_margin_moderate,GEBCO Cascadia Margin,Fixed-Spacing,moderate_noise,282,98.96111111111111,2.6274805583061767,1,0.0,-1.231443754938883,1.0343865395722398,117,1530.0
gebco_cascadia_margin_moderate,GEBCO Cascadia Margin,Fixed-Spacing,moderate_noise,283,99.01111111111112,1.5849201941993674,1,0.0,0.14631537948099277,1.0089082114342443,117,1530.0
gebco_cascadia_margin_moderate,GEBCO Cascadia Margin,Fixed-Spacing,moderate_noise,284,99.23333333333333,1.1373666599398158,1,0.0,0.07918382400312535,0.9904231883150865,117,1530.0
gebco_cascadia_margin_moderate,GEBCO Cascadia Margin,Fixed-Spacing,moderate_noise,285,99.41666666666666,1.5589348897547985,1,0.0,0.1987511962454323,1.0017163455191065,117,1530.0
gebco_cascadia_margin_moderate,GEBCO Cascadia Margin,Fixed-Spacing,moderate_noise,286,99.23333333333333,0.8643957021350939,1,0.0,0.14137668639793988,0.954503768763186,117,1530.0
gebco_cascadia_margin_moderate,GEBCO Cascadia Margin,Fixed-Spacing,moderate_noise,287,99.33333333333333,1.2489441587882384,1,0.0,0.5298080758889803,1.0005759597129056,117,1530.0
gebco_cascadia_margin_moderate,GEBCO Cascadia Margin,Fixed-Spacing,moderate_noise,288,99.4888888888889,1.1564286327159272,1,0.0,0.14654556726559329,0.9922640580711198,117,1530.0
gebco_cascadia_margin_moderate,GEBCO Cascadia Margin,Fixed-Spacing,moderate_noise,289,99.50555555555556,0.9934679070665051,1,0.0,-0.0901446939635261,0.9789701934168915,117,1530.0
gebco_cascadia_margin_moderate,GEBCO Cascadia Margin,Fixed-Spacing,moderate_noise,290,99.10555555555555,1.767078748328581,1,0.0,0.663723431310368,1.0094158414147278,117,1530.0
gebco_cascadia_margin_moderate,GEBCO Cascadia Margin,Fixed-Spacing,moderate_noise,291,99.1888888888889,1.3099537052564267,1,0.0,0.04123716003688032,1.0002270207314,117,1530.0
gebco_cascadia_margin_moderate,GEBCO Cascadia Margin,Fixed-Spacing,moderate_noise,292,99.26666666666667,1.2348078905338478,1,0.0,-0.28064469294590166,0.9866468993017988,117,1530.0
gebco_cascadia_margin_moderate,GEBCO Cascadia Margin,Fixed-Spacing,moderate_noise,293,99.43333333333332,1.7862397874427693,1,0.0,-0.5476379556845332,1.026942947746293,117,1530.0
gebco_cascadia_margin_moderate,GEBCO Cascadia Margin,Fixed-Spacing,moderate_noise,294,99.38333333333334,1.221318015285758,1,0.0,0.262196684847678,0.9931936349694241,117,1530.0
gebco_cascadia_margin_moderate,GEBCO Cascadia Margin,Fixed-Spacing,moderate_noise,295,99.41666666666666,3.3830368348459037,0,0.0,0.5028915507934242,1.0865328644094912,117,1530.0
gebco_cascadia_margin_moderate,GEBCO Cascadia Margin,Fixed-Spacing,moderate_noise,296,99.33333333333333,3.271249385601261,0,0.0,-0.4024175132102085,1.0438660657283634,117,1530.0
gebco_cascadia_margin_moderate,GEBCO Cascadia Margin,Fixed-Spacing,moderate_noise,297,99.25555555555555,1.5892166373860759,1,0.0,-0.4847802349592434,0.9999493554145814,117,1530.0
gebco_cascadia_margin_moderate,GEBCO Cascadia Margin,Fixed-Spacing,moderate_noise,298,99.36111111111111,1.8246166042002805,1,0.0,0.18209427287953836,1.0214638768639552,117,1530.0
gebco_cascadia_margin_moderate,GEBCO Cascadia Margin,Fixed-Spacing,moderate_noise,299,99.16666666666667,2.0203174484914794,1,0.0,-0.7304410308531482,1.0087502983513308,117,1530.0
gebco_cascadia_margin_moderate,GEBCO Cascadia Margin,Fixed-Spacing,strong_noise,0,97.37222222222222,4.070925441509504,0,0.0,-1.1578145866483684,0.9979527814589679,117,1530.0
gebco_cascadia_margin_moderate,GEBCO Cascadia Margin,Fixed-Spacing,strong_noise,1,98.05,3.4024660845215475,0,0.0,-0.9864461733176318,0.9858314969127037,117,1530.0
gebco_cascadia_margin_moderate,GEBCO Cascadia Margin,Fixed-Spacing,strong_noise,2,98.20555555555556,2.9521666968885327,1,0.0,-0.6089662058263824,0.9890503243841403,117,1530.0
gebco_cascadia_margin_moderate,GEBCO Cascadia Margin,Fixed-Spacing,strong_noise,3,97.43333333333334,3.7208549132958804,0,0.0,0.22406540481322115,0.9878347223371658,117,1530.0
gebco_cascadia_margin_moderate,GEBCO Cascadia Margin,Fixed-Spacing,strong_noise,4,98.91666666666666,4.2063916168149,0,0.0,-0.17513287406581138,1.042537066790191,117,1530.0
gebco_cascadia_margin_moderate,GEBCO Cascadia Margin,Fixed-Spacing,strong_noise,5,97.77777777777777,1.8649798223091159,1,0.0,0.6558967106582336,0.9760707898612151,117,1530.0
gebco_cascadia_margin_moderate,GEBCO Cascadia Margin,Fixed-Spacing,strong_noise,6,97.15555555555555,3.239746684329523,0,0.0,-1.6782939239983987,0.9752970679146795,117,1530.0
gebco_cascadia_margin_moderate,GEBCO Cascadia Margin,Fixed-Spacing,strong_noise,7,99.32222222222222,5.339017109900212,0,0.0,0.4562296296634206,1.0849768463374185,117,1530.0
gebco_cascadia_margin_moderate,GEBCO Cascadia Margin,Fixed-Spacing,strong_noise,8,97.45,3.5545842492116257,0,0.0,-0.029488911842922336,1.0081552404386358,117,1530.0
gebco_cascadia_margin_moderate,GEBCO Cascadia Margin,Fixed-Spacing,strong_noise,9,99.29444444444444,4.938797560544415,0,0.0,0.37241982975640237,1.0744523455832293,117,1530.0
gebco_cascadia_margin_moderate,GEBCO Cascadia Margin,Fixed-Spacing,strong_noise,10,98.44444444444444,3.697591975944632,0,0.0,0.17194061250550302,0.9959529633147958,117,1530.0
gebco_cascadia_margin_moderate,GEBCO Cascadia Margin,Fixed-Spacing,strong_noise,11,98.91666666666666,6.145521712634347,0,0.0,1.0046694609657003,1.0962221125403169,117,1530.0
gebco_cascadia_margin_moderate,GEBCO Cascadia Margin,Fixed-Spacing,strong_noise,12,98.31111111111112,2.9384141027357367,1,0.0,0.41042939876507467,1.0030001825016563,117,1530.0
gebco_cascadia_margin_moderate,GEBCO Cascadia Margin,Fixed-Spacing,strong_noise,13,97.73333333333333,3.6798916251627736,0,0.0,-1.7050505787457655,1.0129949794105453,117,1530.0
gebco_cascadia_margin_moderate,GEBCO Cascadia Margin,Fixed-Spacing,strong_noise,14,97.38333333333333,3.1250878897861973,0,0.0,-1.026285852792405,0.9773413365192326,117,1530.0
gebco_cascadia_margin_moderate,GEBCO Cascadia Margin,Fixed-Spacing,strong_noise,15,96.59444444444445,1.8989500850318533,0,0.0,2.3030092846305528,0.9800241620316521,117,1530.0
gebco_cascadia_margin_moderate,GEBCO Cascadia Margin,Fixed-Spacing,strong_noise,16,97.93888888888888,3.00381775620557,0,0.0,1.6566232277247364,1.0056683780739804,117,1530.0
gebco_cascadia_margin_moderate,GEBCO Cascadia Margin,Fixed-Spacing,strong_noise,17,98.83888888888889,6.842893093208748,0,0.0,-1.4461856380507667,1.0973298958707103,117,1530.0
gebco_cascadia_margin_moderate,GEBCO Cascadia Margin,Fixed-Spacing,strong_noise,18,95.97777777777777,2.2640961792336656,0,0.0,1.4626606294746411,0.9374428921967747,117,1530.0
gebco_cascadia_margin_moderate,GEBCO Cascadia Margin,Fixed-Spacing,strong_noise,19,95.52222222222223,1.3551603808956607,0,0.0,0.35696000081171975,0.8935285708590261,117,1530.0
gebco_cascadia_margin_moderate,GEBCO Cascadia Margin,Fixed-Spacing,strong_noise,20,98.43333333333332,4.332374617160635,0,0.0,1.1266893700026623,1.0479403817311048,117,1530.0
gebco_cascadia_margin_moderate,GEBCO Cascadia Margin,Fixed-Spacing,strong_noise,21,97.88333333333334,3.4889679594535177,0,0.0,0.7050189680798551,1.016488162940942,117,1530.0
gebco_cascadia_margin_moderate,GEBCO Cascadia Margin,Fixed-Spacing,strong_noise,22,99.34444444444445,4.435976518353907,0,0.0,-0.7244802438131239,1.0598938987697057,117,1530.0
gebco_cascadia_margin_moderate,GEBCO Cascadia Margin,Fixed-Spacing,strong_noise,23,99.47222222222221,4.914641868880505,0,0.0,-0.4934198915880018,1.072454821297561,117,1530.0
gebco_cascadia_margin_moderate,GEBCO Cascadia Margin,Fixed-Spacing,strong_noise,24,97.79444444444444,3.303057068176916,0,0.0,-1.1777435365113633,0.9944310254818328,117,1530.0
gebco_cascadia_margin_moderate,GEBCO Cascadia Margin,Fixed-Spacing,strong_noise,25,98.52222222222223,3.3408084015839106,0,0.0,0.2969609500914586,1.0352625370394923,117,1530.0
gebco_cascadia_margin_moderate,GEBCO Cascadia Margin,Fixed-Spacing,strong_noise,26,97.51111111111112,3.305933380358751,0,0.0,-1.5394650840062247,0.9726246667674325,117,1530.0
gebco_cascadia_margin_moderate,GEBCO Cascadia Margin,Fixed-Spacing,strong_noise,27,97.57777777777777,5.970385073411692,0,0.0,-2.3540533005862323,1.030901378192035,117,1530.0
gebco_cascadia_margin_moderate,GEBCO Cascadia Margin,Fixed-Spacing,strong_noise,28,98.73333333333333,5.362710911895526,0,0.0,-0.867328272797048,1.0618479702854846,117,1530.0
gebco_cascadia_margin_moderate,GEBCO Cascadia Margin,Fixed-Spacing,strong_noise,29,97.57777777777777,2.492826740700847,1,0.0,-0.24311191108431401,0.9690766542849849,117,1530.0
gebco_cascadia_margin_moderate,GEBCO Cascadia Margin,Fixed-Spacing,strong_noise,30,98.68333333333334,3.2942660714562315,0,0.0,-0.4822325291709105,1.029602041024006,117,1530.0
gebco_cascadia_margin_moderate,GEBCO Cascadia Margin,Fixed-Spacing,strong_noise,31,97.40555555555555,1.977002615311128,1,0.0,1.334137424694193,0.9824665549597124,117,1530.0
gebco_cascadia_margin_moderate,GEBCO Cascadia Margin,Fixed-Spacing,strong_noise,32,99.01666666666667,4.033143664859529,0,0.0,-0.4664482321139335,1.0401575124655171,117,1530.0
gebco_cascadia_margin_moderate,GEBCO Cascadia Margin,Fixed-Spacing,strong_noise,33,98.01111111111112,5.863858812572582,0,0.0,-1.0025943429732174,1.0430478686123796,117,1530.0
gebco_cascadia_margin_moderate,GEBCO Cascadia Margin,Fixed-Spacing,strong_noise,34,98.07777777777777,1.572272814761828,1,0.0,0.38428294181469336,0.963051791118492,117,1530.0
gebco_cascadia_margin_moderate,GEBCO Cascadia Margin,Fixed-Spacing,strong_noise,35,98.23333333333333,2.712012860517712,1,0.0,0.5760464643354377,0.9867349366915172,117,1530.0
gebco_cascadia_margin_moderate,GEBCO Cascadia Margin,Fixed-Spacing,strong_noise,36,99.16111111111111,3.474277112747545,0,0.0,0.5278065507418686,1.0469372758609983,117,1530.0
gebco_cascadia_margin_moderate,GEBCO Cascadia Margin,Fixed-Spacing,strong_noise,37,96.61111111111111,2.6607851205793898,0,0.0,-0.7887769503680276,0.9426690454295794,117,1530.0
gebco_cascadia_margin_moderate,GEBCO Cascadia Margin,Fixed-Spacing,strong_noise,38,98.33333333333333,4.502319871808491,0,0.0,-0.019458848099946816,1.0750538180892106,117,1530.0
gebco_cascadia_margin_moderate,GEBCO Cascadia Margin,Fixed-Spacing,strong_noise,39,98.21666666666667,3.4700020583559645,0,0.0,1.4239625142113457,1.0352561749331923,117,1530.0
gebco_cascadia_margin_moderate,GEBCO Cascadia Margin,Fixed-Spacing,strong_noise,40,98.60555555555555,2.8778289261523198,1,0.0,0.4653497697694903,0.9886264829188101,117,1530.0
gebco_cascadia_margin_moderate,GEBCO Cascadia Margin,Fixed-Spacing,strong_noise,41,93.67222222222222,1.080771031449701,0,0.0,1.4510299658393198,0.8772874286841219,117,1530.0
gebco_cascadia_margin_moderate,GEBCO Cascadia Margin,Fixed-Spacing,strong_noise,42,98.85555555555555,6.018442843766238,0,0.0,-0.9870966070346606,1.0826180697398793,117,1530.0
gebco_cascadia_margin_moderate,GEBCO Cascadia Margin,Fixed-Spacing,strong_noise,43,98.33333333333333,2.7265767905843354,1,0.0,-0.17563900628449627,0.9609598326373763,117,1530.0
gebco_cascadia_margin_moderate,GEBCO Cascadia Margin,Fixed-Spacing,strong_noise,44,97.29444444444444,2.268873753944724,1,0.0,2.1225977752374487,0.9837181479997208,117,1530.0
gebco_cascadia_margin_moderate,GEBCO Cascadia Margin,Fixed-Spacing,strong_noise,45,96.65555555555555,3.1815651519989965,0,0.0,-2.428125146451376,0.9620678405714895,117,1530.0
gebco_cascadia_margin_moderate,GEBCO Cascadia Margin,Fixed-Spacing,strong_noise,46,97.83888888888889,1.7912152691811465,1,0.0,0.0771267726176711,0.9647261845016514,117,1530.0
gebco_cascadia_margin_moderate,GEBCO Cascadia Margin,Fixed-Spacing,strong_noise,47,98.89444444444445,5.172772189758281,0,0.0,-0.6448369172303373,1.0387756411340427,117,1530.0
gebco_cascadia_margin_moderate,GEBCO Cascadia Margin,Fixed-Spacing,strong_noise,48,99.12222222222222,4.212941923695785,0,0.0,-0.2614118907078842,1.0350116343785976,117,1530.0
gebco_cascadia_margin_moderate,GEBCO Cascadia Margin,Fixed-Spacing,strong_noise,49,97.08888888888889,1.8355882135100046,1,0.0,0.6373548594641938,0.9510983116535279,117,1530.0
gebco_cascadia_margin_moderate,GEBCO Cascadia Margin,Fixed-Spacing,strong_noise,50,99.21111111111112,4.9935335335008215,0,0.0,-0.38798493257244765,1.0512852381619464,117,1530.0
gebco_cascadia_margin_moderate,GEBCO Cascadia Margin,Fixed-Spacing,strong_noise,51,99.09444444444443,3.0954101003619923,0,0.0,0.5333940120576649,1.0188867960351273,117,1530.0
gebco_cascadia_margin_moderate,GEBCO Cascadia Margin,Fixed-Spacing,strong_noise,52,97.86111111111111,4.557409317575873,0,0.0,0.18446334273000842,1.0383516519673277,117,1530.0
gebco_cascadia_margin_moderate,GEBCO Cascadia Margin,Fixed-Spacing,strong_noise,53,96.40555555555555,2.1188876864940944,0,0.0,1.1310322659291037,0.9592196580997634,117,1530.0
gebco_cascadia_margin_moderate,GEBCO Cascadia Margin,Fixed-Spacing,strong_noise,54,97.99444444444444,3.7918158087349356,0,0.0,-0.3326832285370377,1.0171169035917111,117,1530.0
gebco_cascadia_margin_moderate,GEBCO Cascadia Margin,Fixed-Spacing,strong_noise,55,97.81666666666666,2.3340343489509783,1,0.0,0.535518677205856,0.9629500475066062,117,1530.0
gebco_cascadia_margin_moderate,GEBCO Cascadia Margin,Fixed-Spacing,strong_noise,56,97.7,3.889628159915338,0,0.0,-1.7090911830416105,0.9954594527846609,117,1530.0
gebco_cascadia_margin_moderate,GEBCO Cascadia Margin,Fixed-Spacing,strong_noise,57,97.80555555555556,2.5492140188200962,1,0.0,0.26684164711560243,0.9537797116988913,117,1530.0
gebco_cascadia_margin_moderate,GEBCO Cascadia Margin,Fixed-Spacing,strong_noise,58,97.32777777777778,3.554211697926891,0,0.0,-0.39898321448678714,0.982022797343698,117,1530.0
gebco_cascadia_margin_moderate,GEBCO Cascadia Margin,Fixed-Spacing,strong_noise,59,95.77222222222223,1.3949829924562833,0,0.0,0.9545802825332103,0.9187743084804006,117,1530.0
gebco_cascadia_margin_moderate,GEBCO Cascadia Margin,Fixed-Spacing,strong_noise,60,97.78888888888889,2.707222639433757,1,0.0,1.622413195476939,1.0091364602236115,117,1530.0
gebco_cascadia_margin_moderate,GEBCO Cascadia Margin,Fixed-Spacing,strong_noise,61,98.61666666666666,3.7630931144520567,0,0.0,-0.1952221842127006,1.0193311470227986,117,1530.0
gebco_cascadia_margin_moderate,GEBCO Cascadia Margin,Fixed-Spacing,strong_noise,62,95.80555555555556,2.156072751894341,0,0.0,-0.13200772358116947,0.9146742640847064,117,1530.0
gebco_cascadia_margin_moderate,GEBCO Cascadia Margin,Fixed-Spacing,strong_noise,63,96.84444444444445,1.8918194867940081,0,0.0,-0.8261723220600024,0.9651643641267029,117,1530.0
gebco_cascadia_margin_moderate,GEBCO Cascadia Margin,Fixed-Spacing,strong_noise,64,98.06666666666666,2.3234683056212275,1,0.0,1.3402713287610393,1.0079675006794977,117,1530.0
gebco_cascadia_margin_moderate,GEBCO Cascadia Margin,Fixed-Spacing,strong_noise,65,93.32222222222222,2.195043879855521,0,0.0,-1.5024139789828157,0.862501024102782,117,1530.0
gebco_cascadia_margin_moderate,GEBCO Cascadia Margin,Fixed-Spacing,strong_noise,66,98.01666666666667,3.37140826666237,0,0.0,-0.3915612224932995,1.01783649421071,117,1530.0
gebco_cascadia_margin_moderate,GEBCO Cascadia Margin,Fixed-Spacing,strong_noise,67,98.01111111111112,3.2775972227297396,0,0.0,-0.5251544078543896,1.0012043027011557,117,1530.0
gebco_cascadia_margin_moderate,GEBCO Cascadia Margin,Fixed-Spacing,strong_noise,68,98.95,3.161535308034744,0,0.0,0.9758042980118684,1.05023577969503,117,1530.0
gebco_cascadia_margin_moderate,GEBCO Cascadia Margin,Fixed-Spacing,strong_noise,69,97.62222222222222,3.3546921458391687,0,0.0,-0.02191100415899614,0.9983331272742322,117,1530.0
gebco_cascadia_margin_moderate,GEBCO Cascadia Margin,Fixed-Spacing,strong_noise,70,98.85555555555555,6.325514244580198,0,0.0,-0.6781417987036263,1.0798524670297658,117,1530.0
gebco_cascadia_margin_moderate,GEBCO Cascadia Margin,Fixed-Spacing,strong_noise,71,97.51111111111112,2.4302936054687785,1,0.0,0.6895238446030731,0.958546173146472,117,1530.0
gebco_cascadia_margin_moderate,GEBCO Cascadia Margin,Fixed-Spacing,strong_noise,72,97.21111111111111,3.743516926813834,0,0.0,-1.9294440488917457,0.9905862205718828,117,1530.0
gebco_cascadia_margin_moderate,GEBCO Cascadia Margin,Fixed-Spacing,strong_noise,73,96.57222222222222,1.9013652151564007,0,0.0,-0.09197098575667158,0.9227236840387656,117,1530.0
gebco_cascadia_margin_moderate,GEBCO Cascadia Margin,Fixed-Spacing,strong_noise,74,99.24444444444444,6.242414590107345,0,0.0,0.5500101011706269,1.1213442071520716,117,1530.0
gebco_cascadia_margin_moderate,GEBCO Cascadia Margin,Fixed-Spacing,strong_noise,75,95.50555555555556,2.196779097943833,0,0.0,-0.6198457314610432,0.9068560705421137,117,1530.0
gebco_cascadia_margin_moderate,GEBCO Cascadia Margin,Fixed-Spacing,strong_noise,76,98.29444444444444,4.1221252575521365,0,0.0,-1.4506871092109235,1.0305337258557206,117,1530.0
gebco_cascadia_margin_moderate,GEBCO Cascadia Margin,Fixed-Spacing,strong_noise,77,98.83333333333333,3.1372968700753145,0,0.0,-0.2918060102240961,1.007147516047888,117,1530.0
gebco_cascadia_margin_moderate,GEBCO Cascadia Margin,Fixed-Spacing,strong_noise,78,98.35555555555555,4.425577370247882,0,0.0,0.2946005894622764,1.033244642761134,117,1530.0
gebco_cascadia_margin_moderate,GEBCO Cascadia Margin,Fixed-Spacing,strong_noise,79,98.87777777777778,6.585292999607285,0,0.0,-0.8245703942225815,1.0948241186809824,117,1530.0
gebco_cascadia_margin_moderate,GEBCO Cascadia Margin,Fixed-Spacing,strong_noise,80,98.28888888888889,3.189865690498376,0,0.0,0.20672735049459798,1.0082636207549749,117,1530.0
gebco_cascadia_margin_moderate,GEBCO Cascadia Margin,Fixed-Spacing,strong_noise,81,97.43888888888888,3.326773395165824,0,0.0,-1.083289252742049,0.9631096000319267,117,1530.0
gebco_cascadia_margin_moderate,GEBCO Cascadia Margin,Fixed-Spacing,strong_noise,82,98.37222222222223,2.4895389131470815,1,0.0,0.5464838043035442,0.9935198105109079,117,1530.0
gebco_cascadia_margin_moderate,GEBCO Cascadia Margin,Fixed-Spacing,strong_noise,83,98.92222222222222,4.571467483931239,0,0.0,0.17424147353556363,1.0353461045077474,117,1530.0
gebco_cascadia_margin_moderate,GEBCO Cascadia Margin,Fixed-Spacing,strong_noise,84,99.02222222222223,4.156698946036824,0,0.0,-0.2695268971089052,1.0161228741036998,117,1530.0
gebco_cascadia_margin_moderate,GEBCO Cascadia Margin,Fixed-Spacing,strong_noise,85,98.09444444444443,4.278646710415467,0,0.0,0.22470156860170584,1.017585187643555,117,1530.0
gebco_cascadia_margin_moderate,GEBCO Cascadia Margin,Fixed-Spacing,strong_noise,86,98.86111111111111,5.932614409990087,0,0.0,-1.0200777126446003,1.0515517425985137,117,1530.0
gebco_cascadia_margin_moderate,GEBCO Cascadia Margin,Fixed-Spacing,strong_noise,87,95.45555555555556,1.6804110503865406,0,0.0,0.360417127852973,0.8939634729211793,117,1530.0
gebco_cascadia_margin_moderate,GEBCO Cascadia Margin,Fixed-Spacing,strong_noise,88,99.06666666666666,4.177542430913771,0,0.0,0.22156961485274618,1.0359755008467124,117,1530.0
gebco_cascadia_margin_moderate,GEBCO Cascadia Margin,Fixed-Spacing,strong_noise,89,95.02777777777777,2.32145284894435,0,0.0,-1.2007497455948264,0.8957836235390393,117,1530.0
gebco_cascadia_margin_moderate,GEBCO Cascadia Margin,Fixed-Spacing,strong_noise,90,96.87222222222222,2.3567179970330785,0,0.0,0.710976247393913,0.9469217392714231,117,1530.0
gebco_cascadia_margin_moderate,GEBCO Cascadia Margin,Fixed-Spacing,strong_noise,91,97.49444444444444,1.9795155853822919,1,0.0,0.3891895677118687,0.9490252207238767,117,1530.0
gebco_cascadia_margin_moderate,GEBCO Cascadia Margin,Fixed-Spacing,strong_noise,92,97.3,2.0614629788985264,1,0.0,-0.9977399815651519,0.9578033316764699,117,1530.0
gebco_cascadia_margin_moderate,GEBCO Cascadia Margin,Fixed-Spacing,strong_noise,93,99.33333333333333,7.827647849712741,0,0.0,-0.35383975966801406,1.1479797418383952,117,1530.0
gebco_cascadia_margin_moderate,GEBCO Cascadia Margin,Fixed-Spacing,strong_noise,94,98.06666666666666,5.1525805645885745,0,0.0,2.0304078224959787,1.102590812038747,117,1530.0
gebco_cascadia_margin_moderate,GEBCO Cascadia Margin,Fixed-Spacing,strong_noise,95,98.5,4.702942825004329,0,0.0,0.7422570369525274,1.0540532462269605,117,1530.0
gebco_cascadia_margin_moderate,GEBCO Cascadia Margin,Fixed-Spacing,strong_noise,96,98.87222222222222,6.032559755255162,0,0.0,-0.4845664000906577,1.1085078826641654,117,1530.0
gebco_cascadia_margin_moderate,GEBCO Cascadia Margin,Fixed-Spacing,strong_noise,97,98.57777777777777,4.996054217574783,0,0.0,-0.7917075224056589,1.0425356745318746,117,1530.0
gebco_cascadia_margin_moderate,GEBCO Cascadia Margin,Fixed-Spacing,strong_noise,98,98.70555555555556,3.4036883568755347,0,0.0,-0.35910866297751987,1.0181831339540204,117,1530.0
gebco_cascadia_margin_moderate,GEBCO Cascadia Margin,Fixed-Spacing,strong_noise,99,97.89444444444445,2.802574998603854,1,0.0,0.0529283263463079,0.9976850048739708,117,1530.0
gebco_cascadia_margin_moderate,GEBCO Cascadia Margin,Fixed-Spacing,strong_noise,100,95.94444444444444,2.877267178344268,0,0.0,0.007343544533053672,0.9753102085695182,117,1530.0
gebco_cascadia_margin_moderate,GEBCO Cascadia Margin,Fixed-Spacing,strong_noise,101,99.05000000000001,4.309850075171428,0,0.0,-0.5960117621560721,1.0625873708724456,117,1530.0
gebco_cascadia_margin_moderate,GEBCO Cascadia Margin,Fixed-Spacing,strong_noise,102,98.42222222222222,3.556108500772631,0,0.0,0.33629069841548076,1.0254209478042013,117,1530.0
gebco_cascadia_margin_moderate,GEBCO Cascadia Margin,Fixed-Spacing,strong_noise,103,96.78888888888889,3.311882640594489,0,0.0,-1.159370450538737,0.9530834756857949,117,1530.0
gebco_cascadia_margin_moderate,GEBCO Cascadia Margin,Fixed-Spacing,strong_noise,104,98.45555555555555,5.987131898881193,0,0.0,1.1824480551336274,1.0909762611714136,117,1530.0
gebco_cascadia_margin_moderate,GEBCO Cascadia Margin,Fixed-Spacing,strong_noise,105,96.96111111111111,3.2727764579433116,0,0.0,-0.17050978337725822,0.9478936333206198,117,1530.0
gebco_cascadia_margin_moderate,GEBCO Cascadia Margin,Fixed-Spacing,strong_noise,106,96.53333333333333,2.314558996712185,0,0.0,-0.21286397369101356,0.9369810096117555,117,1530.0
gebco_cascadia_margin_moderate,GEBCO Cascadia Margin,Fixed-Spacing,strong_noise,107,97.26666666666667,3.4309998727890503,0,0.0,0.35451048285053144,0.9797756400682491,117,1530.0
gebco_cascadia_margin_moderate,GEBCO Cascadia Margin,Fixed-Spacing,strong_noise,108,98.46111111111111,4.464282294190198,0,0.0,-0.4315772634682419,1.0223501170342155,117,1530.0
gebco_cascadia_margin_moderate,GEBCO Cascadia Margin,Fixed-Spacing,strong_noise,109,98.09444444444443,2.5978493438747403,1,0.0,0.22787439114812708,1.0161964402308656,117,1530.0
gebco_cascadia_margin_moderate,GEBCO Cascadia Margin,Fixed-Spacing,strong_noise,110,98.08888888888889,2.62177934561914,1,0.0,0.23071064497355845,1.0189659281623087,117,1530.0
gebco_cascadia_margin_moderate,GEBCO Cascadia Margin,Fixed-Spacing,strong_noise,111,97.87222222222223,3.986122988656012,0,0.0,-0.5917662016925685,0.9936624383088046,117,1530.0
gebco_cascadia_margin_moderate,GEBCO Cascadia Margin,Fixed-Spacing,strong_noise,112,97.82222222222222,3.2142313850590893,0,0.0,0.9403214387348942,1.0225520367936993,117,1530.0
gebco_cascadia_margin_moderate,GEBCO Cascadia Margin,Fixed-Spacing,strong_noise,113,99.29444444444444,6.775074820947577,0,0.0,-0.5590522435291057,1.123777274858088,117,1530.0
gebco_cascadia_margin_moderate,GEBCO Cascadia Margin,Fixed-Spacing,strong_noise,114,99.11666666666666,5.406606774133648,0,0.0,0.5872572749019066,1.084448463185383,117,1530.0
gebco_cascadia_margin_moderate,GEBCO Cascadia Margin,Fixed-Spacing,strong_noise,115,98.86666666666667,5.880671984758308,0,0.0,0.65812752072222,1.0971148069173726,117,1530.0
gebco_cascadia_margin_moderate,GEBCO Cascadia Margin,Fixed-Spacing,strong_noise,116,98.94444444444444,4.303271174646678,0,0.0,0.28990008019753627,1.0518986913763013,117,1530.0
gebco_cascadia_margin_moderate,GEBCO Cascadia Margin,Fixed-Spacing,strong_noise,117,97.89999999999999,2.486581681461172,1,0.0,0.2766698791819564,0.979975864182247,117,1530.0
gebco_cascadia_margin_moderate,GEBCO Cascadia Margin,Fixed-Spacing,strong_noise,118,98.37222222222223,5.096228106249438,0,0.0,-1.4779006953393257,1.0474067234149482,117,1530.0
gebco_cascadia_margin_moderate,GEBCO Cascadia Margin,Fixed-Spacing,strong_noise,119,98.12777777777778,4.986510538426597,0,0.0,2.089839619939043,1.0852381560946656,117,1530.0
gebco_cascadia_margin_moderate,GEBCO Cascadia Margin,Fixed-Spacing,strong_noise,120,97.16111111111111,2.844035478120606,1,0.0,-0.8440485082145106,0.9450963151974946,117,1530.0
gebco_cascadia_margin_moderate,GEBCO Cascadia Margin,Fixed-Spacing,strong_noise,121,94.82222222222222,1.8591460615182926,0,0.0,-0.09872856720281224,0.9260721641422887,117,1530.0
gebco_cascadia_margin_moderate,GEBCO Cascadia Margin,Fixed-Spacing,strong_noise,122,97.81666666666666,5.17345184401098,0,0.0,2.5850669745232384,1.0707174298869935,117,1530.0
gebco_cascadia_margin_moderate,GEBCO Cascadia Margin,Fixed-Spacing,strong_noise,123,98.08333333333333,3.7478198589983505,0,0.0,-1.3542247101810847,0.9961986889131444,117,1530.0
gebco_cascadia_margin_moderate,GEBCO Cascadia Margin,Fixed-Spacing,strong_noise,124,96.67222222222223,1.9930394440264019,0,0.0,0.7877927891995022,0.9330071733814909,117,1530.0
gebco_cascadia_margin_moderate,GEBCO Cascadia Margin,Fixed-Spacing,strong_noise,125,99.23333333333333,6.05858016825112,0,0.0,0.8279960220402125,1.1102778591999458,117,1530.0
gebco_cascadia_margin_moderate,GEBCO Cascadia Margin,Fixed-Spacing,strong_noise,126,99.47777777777777,4.623416195120371,0,0.0,-0.11598659525092511,1.0573581066890567,117,1530.0
gebco_cascadia_margin_moderate,GEBCO Cascadia Margin,Fixed-Spacing,strong_noise,127,96.62222222222222,2.5657004649951802,0,0.0,0.10506981566805762,0.9797793812045292,117,1530.0
gebco_cascadia_margin_moderate,GEBCO Cascadia Margin,Fixed-Spacing,strong_noise,128,97.58888888888889,2.6508771267676843,1,0.0,-0.012570593732137333,0.95172512756437,117,1530.0
gebco_cascadia_margin_moderate,GEBCO Cascadia Margin,Fixed-Spacing,strong_noise,129,98.2611111111111,4.159723263577663,0,0.0,0.8485482945246684,1.0267456766547982,117,1530.0
gebco_cascadia_margin_moderate,GEBCO Cascadia Margin,Fixed-Spacing,strong_noise,130,97.84444444444445,2.3871419160041363,1,0.0,0.7455249725471531,0.9935467721754453,117,1530.0
gebco_cascadia_margin_moderate,GEBCO Cascadia Margin,Fixed-Spacing,strong_noise,131,96.66666666666667,3.976272262801342,0,0.0,-1.1566623818262325,0.9584180956600951,117,1530.0
gebco_cascadia_margin_moderate,GEBCO Cascadia Margin,Fixed-Spacing,strong_noise,132,98.02777777777779,3.923695829834356,0,0.0,0.7774277017281751,1.041263812759646,117,1530.0
gebco_cascadia_margin_moderate,GEBCO Cascadia Margin,Fixed-Spacing,strong_noise,133,97.42222222222222,2.340338999096567,1,0.0,0.34204713487859106,0.9625153260682333,117,1530.0
gebco_cascadia_margin_moderate,GEBCO Cascadia Margin,Fixed-Spacing,strong_noise,134,99.27777777777777,2.6882979114519596,1,0.0,-0.1329283744598227,0.986659393166279,117,1530.0
gebco_cascadia_margin_moderate,GEBCO Cascadia Margin,Fixed-Spacing,strong_noise,135,96.44444444444444,2.966462561660714,0,0.0,-0.09437702574474052,0.9755217539881538,117,1530.0
gebco_cascadia_margin_moderate,GEBCO Cascadia Margin,Fixed-Spacing,strong_noise,136,96.90555555555555,2.3408333858969756,0,0.0,0.22262003707871017,0.9566367833031607,117,1530.0
gebco_cascadia_margin_moderate,GEBCO Cascadia Margin,Fixed-Spacing,strong_noise,137,98.27777777777777,2.3548257973692546,1,0.0,0.209258356009553,0.9879581658211252,117,1530.0
gebco_cascadia_margin_moderate,GEBCO Cascadia Margin,Fixed-Spacing,strong_noise,138,97.53333333333333,2.6034879090824963,1,0.0,0.10269622518149711,0.971543780694001,117,1530.0
gebco_cascadia_margin_moderate,GEBCO Cascadia Margin,Fixed-Spacing,strong_noise,139,98.87222222222222,4.511454937536083,0,0.0,-0.5966226285361529,1.0403884403376102,117,1530.0
gebco_cascadia_margin_moderate,GEBCO Cascadia Margin,Fixed-Spacing,strong_noise,140,96.5,1.7051752832587224,0,0.0,0.34183753668996875,0.9277964778120181,117,1530.0
gebco_cascadia_margin_moderate,GEBCO Cascadia Margin,Fixed-Spacing,strong_noise,141,95.72222222222221,2.3852861356669957,0,0.0,-0.7939050081308086,0.9175600789765701,117,1530.0
gebco_cascadia_margin_moderate,GEBCO Cascadia Margin,Fixed-Spacing,strong_noise,142,97.18333333333334,1.8690663170676085,1,0.0,1.506810462151759,0.9524981074298179,117,1530.0
gebco_cascadia_margin_moderate,GEBCO Cascadia Margin,Fixed-Spacing,strong_noise,143,98.85555555555555,4.06769481985566,0,0.0,0.45497129512459417,1.0433732719298443,117,1530.0
gebco_cascadia_margin_moderate,GEBCO Cascadia Margin,Fixed-Spacing,strong_noise,144,98.78888888888889,3.6599230265302807,0,0.0,-0.028675369490913892,0.9987120355312811,117,1530.0
gebco_cascadia_margin_moderate,GEBCO Cascadia Margin,Fixed-Spacing,strong_noise,145,98.21666666666667,3.2869314898540245,0,0.0,0.6423747337776007,1.017612194744566,117,1530.0
gebco_cascadia_margin_moderate,GEBCO Cascadia Margin,Fixed-Spacing,strong_noise,146,98.4888888888889,4.04267584696515,0,0.0,1.1958449742574917,1.0640466936231638,117,1530.0
gebco_cascadia_margin_moderate,GEBCO Cascadia Margin,Fixed-Spacing,strong_noise,147,96.36111111111111,2.189986570416866,0,0.0,1.7247758479830158,0.9673205930613137,117,1530.0
gebco_cascadia_margin_moderate,GEBCO Cascadia Margin,Fixed-Spacing,strong_noise,148,97.9888888888889,3.901745004311382,0,0.0,-1.246822401618925,1.0302152008967564,117,1530.0
gebco_cascadia_margin_moderate,GEBCO Cascadia Margin,Fixed-Spacing,strong_noise,149,98.6,2.8471179032241145,1,0.0,0.5955605534872279,0.997771855575586,117,1530.0
gebco_cascadia_margin_moderate,GEBCO Cascadia Margin,Fixed-Spacing,strong_noise,150,97.54444444444445,2.6969261200900347,1,0.0,-0.1122566197655643,0.9761674426386846,117,1530.0
gebco_cascadia_margin_moderate,GEBCO Cascadia Margin,Fixed-Spacing,strong_noise,151,96.62777777777778,2.1754194243177394,0,0.0,0.09594475865139353,0.9438894580424503,117,1530.0
gebco_cascadia_margin_moderate,GEBCO Cascadia Margin,Fixed-Spacing,strong_noise,152,97.6,2.714534433177045,1,0.0,0.5059022898699531,0.9655146602264528,117,1530.0
gebco_cascadia_margin_moderate,GEBCO Cascadia Margin,Fixed-Spacing,strong_noise,153,98.36666666666667,4.018728582942176,0,0.0,-0.8116077370336567,1.0192068227699684,117,1530.0
gebco_cascadia_margin_moderate,GEBCO Cascadia Margin,Fixed-Spacing,strong_noise,154,99.11111111111111,4.909290558286613,0,0.0,-0.24043773407812,1.0766863863358926,117,1530.0
gebco_cascadia_margin_moderate,GEBCO Cascadia Margin,Fixed-Spacing,strong_noise,155,98.65555555555555,3.97936020701815,0,0.0,-0.3560869048769987,1.0151014650881174,117,1530.0
gebco_cascadia_margin_moderate,GEBCO Cascadia Margin,Fixed-Spacing,strong_noise,156,98.24444444444444,3.9166805853411764,0,0.0,-0.6788552323200928,0.9974992412193349,117,1530.0
gebco_cascadia_margin_moderate,GEBCO Cascadia Margin,Fixed-Spacing,strong_noise,157,98.45,3.1403500382930933,0,0.0,0.2140638753460066,1.0271213215118746,117,1530.0
gebco_cascadia_margin_moderate,GEBCO Cascadia Margin,Fixed-Spacing,strong_noise,158,96.87777777777778,2.4004559128261342,0,0.0,-0.7986986765729742,0.9593577199193133,117,1530.0
gebco_cascadia_margin_moderate,GEBCO Cascadia Margin,Fixed-Spacing,strong_noise,159,98.55555555555556,5.782336416698571,0,0.0,-0.039123207255496346,1.1000114520840019,117,1530.0
gebco_cascadia_margin_moderate,GEBCO Cascadia Margin,Fixed-Spacing,strong_noise,160,96.0611111111111,3.1831160862519043,0,0.0,-0.3624965111302379,0.9416329674408829,117,1530.0
gebco_cascadia_margin_moderate,GEBCO Cascadia Margin,Fixed-Spacing,strong_noise,161,97.66111111111111,6.934257535780164,0,0.0,-2.0968957486853834,1.0853152685122,117,1530.0
gebco_cascadia_margin_moderate,GEBCO Cascadia Margin,Fixed-Spacing,strong_noise,162,99.43888888888888,4.00958961638684,0,0.0,-0.253627340837609,1.0425737717578913,117,1530.0
gebco_cascadia_margin_moderate,GEBCO Cascadia Margin,Fixed-Spacing,strong_noise,163,97.38888888888889,1.378119950550084,1,0.0,0.5335526378353637,0.9325056131004169,117,1530.0
gebco_cascadia_margin_moderate,GEBCO Cascadia Margin,Fixed-Spacing,strong_noise,164,97.75,3.2657192387253042,0,0.0,-0.8343278605383587,0.9782170859060948,117,1530.0
gebco_cascadia_margin_moderate,GEBCO Cascadia Margin,Fixed-Spacing,strong_noise,165,96.91111111111111,1.3460246262065645,0,0.0,1.1274055708500479,0.9472334634438727,117,1530.0
gebco_cascadia_margin_moderate,GEBCO Cascadia Margin,Fixed-Spacing,strong_noise,166,98.09444444444443,5.391306879485683,0,0.0,-1.0174076797366436,1.04662614967423,117,1530.0
gebco_cascadia_margin_moderate,GEBCO Cascadia Margin,Fixed-Spacing,strong_noise,167,98.49444444444444,3.855143249846319,0,0.0,-0.9604195697156931,1.0214109035988719,117,1530.0
gebco_cascadia_margin_moderate,GEBCO Cascadia Margin,Fixed-Spacing,strong_noise,168,98.96111111111111,3.5520476089787736,0,0.0,-0.034679312063552535,1.0275338698934533,117,1530.0
gebco_cascadia_margin_moderate,GEBCO Cascadia Margin,Fixed-Spacing,strong_noise,169,99.05555555555556,5.725668414463157,0,0.0,0.7883749921364414,1.0963654328568848,117,1530.0
gebco_cascadia_margin_moderate,GEBCO Cascadia Margin,Fixed-Spacing,strong_noise,170,98.55555555555556,4.4393695922894585,0,0.0,-1.391154688545838,1.0462255559634848,117,1530.0
gebco_cascadia_margin_moderate,GEBCO Cascadia Margin,Fixed-Spacing,strong_noise,171,98.45555555555555,2.7482188457775307,1,0.0,-0.3782407389440504,0.9985984192879696,117,1530.0
gebco_cascadia_margin_moderate,GEBCO Cascadia Margin,Fixed-Spacing,strong_noise,172,98.20555555555556,2.2480451310607985,1,0.0,-0.14013267546631086,0.9478064930323762,117,1530.0
gebco_cascadia_margin_moderate,GEBCO Cascadia Margin,Fixed-Spacing,strong_noise,173,97.83333333333334,3.982634164606722,0,0.0,-1.1793196496758425,1.0112302271583757,117,1530.0
gebco_cascadia_margin_moderate,GEBCO Cascadia Margin,Fixed-Spacing,strong_noise,174,98.09444444444443,5.610914513450427,0,0.0,2.067598139696436,1.0917994870833827,117,1530.0
gebco_cascadia_margin_moderate,GEBCO Cascadia Margin,Fixed-Spacing,strong_noise,175,97.16111111111111,2.394114877871567,1,0.0,0.5141010318725466,0.9796940810293312,117,1530.0
gebco_cascadia_margin_moderate,GEBCO Cascadia Margin,Fixed-Spacing,strong_noise,176,98.52777777777779,4.13549469362409,0,0.0,0.029065890412767685,1.0269813384094542,117,1530.0
gebco_cascadia_margin_moderate,GEBCO Cascadia Margin,Fixed-Spacing,strong_noise,177,96.85555555555555,2.9447025652689782,0,0.0,2.991324263182327,1.0357615645640093,117,1530.0
gebco_cascadia_margin_moderate,GEBCO Cascadia Margin,Fixed-Spacing,strong_noise,178,99.15555555555555,5.61588619496321,0,0.0,-0.321398854844074,1.0699487991944725,117,1530.0
gebco_cascadia_margin_moderate,GEBCO Cascadia Margin,Fixed-Spacing,strong_noise,179,97.00555555555556,3.8877258414887725,0,0.0,0.2624491884133337,0.9825111377457019,117,1530.0
gebco_cascadia_margin_moderate,GEBCO Cascadia Margin,Fixed-Spacing,strong_noise,180,96.46666666666667,1.9471649114603187,0,0.0,0.4418141003598216,0.9296465040952782,117,1530.0
gebco_cascadia_margin_moderate,GEBCO Cascadia Margin,Fixed-Spacing,strong_noise,181,97.6,2.713124428369432,1,0.0,1.950824708422383,1.0054653022506135,117,1530.0
gebco_cascadia_margin_moderate,GEBCO Cascadia Margin,Fixed-Spacing,strong_noise,182,98.76666666666667,3.8344680368149557,0,0.0,-0.5595080140520959,1.0273258989545584,117,1530.0
gebco_cascadia_margin_moderate,GEBCO Cascadia Margin,Fixed-Spacing,strong_noise,183,99.75,5.8124102918846745,0,0.0,-0.03219249061644407,1.068577798042898,117,1530.0
gebco_cascadia_margin_moderate,GEBCO Cascadia Margin,Fixed-Spacing,strong_noise,184,95.05555555555556,2.5672514667458874,0,0.0,-1.4074766030732766,0.9025012610588278,117,1530.0
gebco_cascadia_margin_moderate,GEBCO Cascadia Margin,Fixed-Spacing,strong_noise,185,99.07777777777778,6.449603840174477,0,0.0,0.642577749658108,1.1143677333123825,117,1530.0
gebco_cascadia_margin_moderate,GEBCO Cascadia Margin,Fixed-Spacing,strong_noise,186,97.66666666666667,3.3414282690579897,0,0.0,2.33453488858502,1.034847354159147,117,1530.0
gebco_cascadia_margin_moderate,GEBCO Cascadia Margin,Fixed-Spacing,strong_noise,187,96.67777777777778,1.6928600266231388,0,0.0,0.4949437330094936,0.9352693311274055,117,1530.0
gebco_cascadia_margin_moderate,GEBCO Cascadia Margin,Fixed-Spacing,strong_noise,188,97.46111111111111,3.717375411450998,0,0.0,-0.9790229454435088,0.9773658449964107,117,1530.0
gebco_cascadia_margin_moderate,GEBCO Cascadia Margin,Fixed-Spacing,strong_noise,189,97.35000000000001,1.4310052481279312,1,0.0,1.7634832355337724,0.9768062843687467,117,1530.0
gebco_cascadia_margin_moderate,GEBCO Cascadia Margin,Fixed-Spacing,strong_noise,190,97.65555555555555,2.65706577866198,1,0.0,0.42898782209273606,0.9773081234441634,117,1530.0
gebco_cascadia_margin_moderate,GEBCO Cascadia Margin,Fixed-Spacing,strong_noise,191,96.79444444444445,3.28545384831802,0,0.0,-1.3239217772663117,0.985021299229494,117,1530.0
gebco_cascadia_margin_moderate,GEBCO Cascadia Margin,Fixed-Spacing,strong_noise,192,98.24444444444444,2.599330925212595,1,0.0,0.14064546492751448,0.991310481667737,117,1530.0
gebco_cascadia_margin_moderate,GEBCO Cascadia Margin,Fixed-Spacing,strong_noise,193,97.81666666666666,1.9900700619599136,1,0.0,0.3547002037866028,0.9653511699033808,117,1530.0
gebco_cascadia_margin_moderate,GEBCO Cascadia Margin,Fixed-Spacing,strong_noise,194,97.52777777777779,4.230556419190736,0,0.0,-2.0757017672416618,0.9996242925584082,117,1530.0
gebco_cascadia_margin_moderate,GEBCO Cascadia Margin,Fixed-Spacing,strong_noise,195,98.32222222222222,6.129000458498729,0,0.0,-1.9510370779226653,1.0777533835821709,117,1530.0
gebco_cascadia_margin_moderate,GEBCO Cascadia Margin,Fixed-Spacing,strong_noise,196,96.72777777777777,1.6111733809149948,0,0.0,1.2036349595937332,0.9437644497763508,117,1530.0
gebco_cascadia_margin_moderate,GEBCO Cascadia Margin,Fixed-Spacing,strong_noise,197,98.57777777777777,3.043146675817444,0,0.0,0.7586460277948324,1.0183704031942309,117,1530.0
gebco_cascadia_margin_moderate,GEBCO Cascadia Margin,Fixed-Spacing,strong_noise,198,98.8,4.735419825959444,0,0.0,0.6615754179947821,1.0651379680328414,117,1530.0
gebco_cascadia_margin_moderate,GEBCO Cascadia Margin,Fixed-Spacing,strong_noise,199,95.83888888888889,1.3188068544155624,0,0.0,1.0779744527630646,0.947660374882149,117,1530.0
gebco_cascadia_margin_moderate,GEBCO Cascadia Margin,Fixed-Spacing,strong_noise,200,97.62777777777778,3.7147208421664666,0,0.0,1.596804722977887,1.0198826703326895,117,1530.0
gebco_cascadia_margin_moderate,GEBCO Cascadia Margin,Fixed-Spacing,strong_noise,201,97.07222222222222,2.270313750828119,1,0.0,1.904881437903677,0.9646893041486767,117,1530.0
gebco_cascadia_margin_moderate,GEBCO Cascadia Margin,Fixed-Spacing,strong_noise,202,97.74444444444444,3.980265717509945,0,0.0,-0.49496754865385084,1.0157369121261983,117,1530.0
gebco_cascadia_margin_moderate,GEBCO Cascadia Margin,Fixed-Spacing,strong_noise,203,96.71666666666667,3.024938021239915,0,0.0,0.4921323417871867,0.9477901064077228,117,1530.0
gebco_cascadia_margin_moderate,GEBCO Cascadia Margin,Fixed-Spacing,strong_noise,204,95.36111111111111,1.6430300363716204,0,0.0,0.3313096244818233,0.8940358754163656,117,1530.0
gebco_cascadia_margin_moderate,GEBCO Cascadia Margin,Fixed-Spacing,strong_noise,205,95.55555555555556,1.6900585364856917,0,0.0,1.347475651983422,0.9200830739739564,117,1530.0
gebco_cascadia_margin_moderate,GEBCO Cascadia Margin,Fixed-Spacing,strong_noise,206,97.33888888888889,3.0932102578620215,0,0.0,-1.3003311922433647,0.9778379626703231,117,1530.0
gebco_cascadia_margin_moderate,GEBCO Cascadia Margin,Fixed-Spacing,strong_noise,207,99.27777777777777,2.216271565371277,1,0.0,0.030043852362857858,0.9643047382535338,117,1530.0
gebco_cascadia_margin_moderate,GEBCO Cascadia Margin,Fixed-Spacing,strong_noise,208,98.53888888888889,3.9577089766008076,0,0.0,-1.1040461471502343,1.0306762364270428,117,1530.0
gebco_cascadia_margin_moderate,GEBCO Cascadia Margin,Fixed-Spacing,strong_noise,209,97.52777777777779,2.6485269986493853,1,0.0,-0.7451595615418378,0.9685575531035467,117,1530.0
gebco_cascadia_margin_moderate,GEBCO Cascadia Margin,Fixed-Spacing,strong_noise,210,97.43888888888888,3.159191904750518,0,0.0,-0.8497922878036075,0.9471172593208562,117,1530.0
gebco_cascadia_margin_moderate,GEBCO Cascadia Margin,Fixed-Spacing,strong_noise,211,98.82222222222222,2.6770965295723514,1,0.0,0.12336286478177833,0.9773420771730089,117,1530.0
gebco_cascadia_margin_moderate,GEBCO Cascadia Margin,Fixed-Spacing,strong_noise,212,98.17777777777778,3.710313761156531,0,0.0,1.36619099645529,1.0484747334346032,117,1530.0
gebco_cascadia_margin_moderate,GEBCO Cascadia Margin,Fixed-Spacing,strong_noise,213,97.14444444444445,2.447385934260302,1,0.0,-0.6851129840795762,0.9374285739018337,117,1530.0
gebco_cascadia_margin_moderate,GEBCO Cascadia Margin,Fixed-Spacing,strong_noise,214,98.24444444444444,4.472174936430461,0,0.0,0.2586295824280623,1.048653664616317,117,1530.0
gebco_cascadia_margin_moderate,GEBCO Cascadia Margin,Fixed-Spacing,strong_noise,215,98.87777777777778,3.7746109288964522,0,0.0,-0.6859938165610283,1.021924388857421,117,1530.0
gebco_cascadia_margin_moderate,GEBCO Cascadia Margin,Fixed-Spacing,strong_noise,216,97.27222222222223,2.8558090480666003,1,0.0,-1.2611929015092538,0.9503935493773767,117,1530.0
gebco_cascadia_margin_moderate,GEBCO Cascadia Margin,Fixed-Spacing,strong_noise,217,98.63888888888889,2.506175683439147,1,0.0,0.2065713539603219,0.9770228724646585,117,1530.0
gebco_cascadia_margin_moderate,GEBCO Cascadia Margin,Fixed-Spacing,strong_noise,218,98.11666666666666,1.8149375147142293,1,0.0,0.23271467338665625,0.9301867663628122,117,1530.0
gebco_cascadia_margin_moderate,GEBCO Cascadia Margin,Fixed-Spacing,strong_noise,219,94.61666666666667,1.6128986521780766,0,0.0,1.0270762368442354,0.9025148734344056,117,1530.0
gebco_cascadia_margin_moderate,GEBCO Cascadia Margin,Fixed-Spacing,strong_noise,220,99.01666666666667,2.382831865825237,1,0.0,0.6856148728481023,1.012631277766745,117,1530.0
gebco_cascadia_margin_moderate,GEBCO Cascadia Margin,Fixed-Spacing,strong_noise,221,97.63888888888889,3.556267102387482,0,0.0,1.762383013978445,1.0267826999330047,117,1530.0
gebco_cascadia_margin_moderate,GEBCO Cascadia Margin,Fixed-Spacing,strong_noise,222,98.75555555555555,4.934616218923561,0,0.0,0.8545901997993719,1.0682452211566538,117,1530.0
gebco_cascadia_margin_moderate,GEBCO Cascadia Margin,Fixed-Spacing,strong_noise,223,98.63888888888889,2.434656367114269,1,0.0,0.2087249169397674,0.9945153243983951,117,1530.0
gebco_cascadia_margin_moderate,GEBCO Cascadia Margin,Fixed-Spacing,strong_noise,224,96.57777777777777,2.169491665943318,0,0.0,-0.6417240188225222,0.9376766463033969,117,1530.0
gebco_cascadia_margin_moderate,GEBCO Cascadia Margin,Fixed-Spacing,strong_noise,225,95.65555555555557,1.2120623854641304,0,0.0,1.4854939932427167,0.9131719802611217,117,1530.0
gebco_cascadia_margin_moderate,GEBCO Cascadia Margin,Fixed-Spacing,strong_noise,226,97.31111111111112,1.654277345249195,1,0.0,1.6409945503898404,0.9559674816935725,117,1530.0
gebco_cascadia_margin_moderate,GEBCO Cascadia Margin,Fixed-Spacing,strong_noise,227,97.70555555555556,5.745210197687115,0,0.0,2.905794265749264,1.094478960554692,117,1530.0
gebco_cascadia_margin_moderate,GEBCO Cascadia Margin,Fixed-Spacing,strong_noise,228,97.55,2.5200716859294943,1,0.0,2.3410466660358002,1.0231017742394437,117,1530.0
gebco_cascadia_margin_moderate,GEBCO Cascadia Margin,Fixed-Spacing,strong_noise,229,98.42777777777778,3.5137435776302692,0,0.0,1.0637116360974264,1.0270717102168767,117,1530.0
gebco_cascadia_margin_moderate,GEBCO Cascadia Margin,Fixed-Spacing,strong_noise,230,97.22222222222221,4.278882675625717,0,0.0,-0.881156631877951,0.9878886756707155,117,1530.0
gebco_cascadia_margin_moderate,GEBCO Cascadia Margin,Fixed-Spacing,strong_noise,231,97.13333333333334,2.1706600765995185,1,0.0,-0.04015020508033577,0.9439529529043209,117,1530.0
gebco_cascadia_margin_moderate,GEBCO Cascadia Margin,Fixed-Spacing,strong_noise,232,98.63333333333333,4.410231496835081,0,0.0,0.8462731056659947,1.0695448241335985,117,1530.0
gebco_cascadia_margin_moderate,GEBCO Cascadia Margin,Fixed-Spacing,strong_noise,233,99.33333333333333,5.133549715820425,0,0.0,-0.08335739069431539,1.059635352645344,117,1530.0
gebco_cascadia_margin_moderate,GEBCO Cascadia Margin,Fixed-Spacing,strong_noise,234,97.71666666666667,3.0834127007026684,0,0.0,-0.012278858170802664,0.9786994952373672,117,1530.0
gebco_cascadia_margin_moderate,GEBCO Cascadia Margin,Fixed-Spacing,strong_noise,235,98.6888888888889,5.554408277515863,0,0.0,1.127298476138721,1.0832595980157436,117,1530.0
gebco_cascadia_margin_moderate,GEBCO Cascadia Margin,Fixed-Spacing,strong_noise,236,98.61666666666666,3.949982946144613,0,0.0,-0.3517708251937263,0.9986643443781446,117,1530.0
gebco_cascadia_margin_moderate,GEBCO Cascadia Margin,Fixed-Spacing,strong_noise,237,97.72222222222223,3.919692323051225,0,0.0,-0.38969747005385647,0.9779151606878438,117,1530.0
gebco_cascadia_margin_moderate,GEBCO Cascadia Margin,Fixed-Spacing,strong_noise,238,98.06666666666666,4.135190511375081,0,0.0,-0.20062127710279,1.0200910174670064,117,1530.0
gebco_cascadia_margin_moderate,GEBCO Cascadia Margin,Fixed-Spacing,strong_noise,239,97.05555555555556,3.5496619139233814,0,0.0,-0.8235356007705241,0.9617373650716782,117,1530.0
gebco_cascadia_margin_moderate,GEBCO Cascadia Margin,Fixed-Spacing,strong_noise,240,94.89444444444445,1.058043610401189,0,0.0,1.41792065741645,0.905218779962137,117,1530.0
gebco_cascadia_margin_moderate,GEBCO Cascadia Margin,Fixed-Spacing,strong_noise,241,98.08333333333333,3.03725306201756,0,0.0,0.27533258191225196,0.9900981989432567,117,1530.0
gebco_cascadia_margin_moderate,GEBCO Cascadia Margin,Fixed-Spacing,strong_noise,242,97.69444444444444,3.228882394965081,0,0.0,1.6430376738075847,1.021408094918996,117,1530.0
gebco_cascadia_margin_moderate,GEBCO Cascadia Margin,Fixed-Spacing,strong_noise,243,92.52777777777777,1.4600339860463063,0,0.0,-0.8318681384518978,0.8590976926946137,117,1530.0
gebco_cascadia_margin_moderate,GEBCO Cascadia Margin,Fixed-Spacing,strong_noise,244,97.94444444444444,2.1704215151912263,1,0.0,0.2838734561238733,0.9470968266927111,117,1530.0
gebco_cascadia_margin_moderate,GEBCO Cascadia Margin,Fixed-Spacing,strong_noise,245,97.28888888888889,3.1818111565030223,0,0.0,1.4947242128673617,0.9881982731863888,117,1530.0
gebco_cascadia_margin_moderate,GEBCO Cascadia Margin,Fixed-Spacing,strong_noise,246,99.49444444444444,3.0381870384314293,0,0.0,0.08865545095859896,1.0200049200198933,117,1530.0
gebco_cascadia_margin_moderate,GEBCO Cascadia Margin,Fixed-Spacing,strong_noise,247,96.65555555555555,2.9747364685893536,0,0.0,-0.6177622128760655,0.9397071933451326,117,1530.0
gebco_cascadia_margin_moderate,GEBCO Cascadia Margin,Fixed-Spacing,strong_noise,248,94.63888888888889,0.9922630880311061,0,0.0,1.53840815585264,0.8806211618084067,117,1530.0
gebco_cascadia_margin_moderate,GEBCO Cascadia Margin,Fixed-Spacing,strong_noise,249,98.09444444444443,3.5135439549210115,0,0.0,-0.8991385731274908,1.0189418942483852,117,1530.0
gebco_cascadia_margin_moderate,GEBCO Cascadia Margin,Fixed-Spacing,strong_noise,250,97.76666666666667,2.690425327885992,1,0.0,-0.36073432207832984,1.00279711637182,117,1530.0
gebco_cascadia_margin_moderate,GEBCO Cascadia Margin,Fixed-Spacing,strong_noise,251,98.05555555555556,5.232100074054916,0,0.0,-1.9867029149203888,1.0469765066884698,117,1530.0
gebco_cascadia_margin_moderate,GEBCO Cascadia Margin,Fixed-Spacing,strong_noise,252,98.56666666666666,4.402537431889828,0,0.0,0.4871840575780384,1.0598004636044507,117,1530.0
gebco_cascadia_margin_moderate,GEBCO Cascadia Margin,Fixed-Spacing,strong_noise,253,99.7611111111111,6.35724069340384,0,0.0,-0.10605408952659402,1.099447209838455,117,1530.0
gebco_cascadia_margin_moderate,GEBCO Cascadia Margin,Fixed-Spacing,strong_noise,254,97.25,1.8670150343339635,1,0.0,0.6654462167581773,0.9389394455807576,117,1530.0
gebco_cascadia_margin_moderate,GEBCO Cascadia Margin,Fixed-Spacing,strong_noise,255,98.65,3.3504325393812806,0,0.0,0.5220199758581163,1.013236688800824,117,1530.0
gebco_cascadia_margin_moderate,GEBCO Cascadia Margin,Fixed-Spacing,strong_noise,256,98.32777777777778,3.8408808317571546,0,0.0,-0.465310540399085,1.0183714313112353,117,1530.0
gebco_cascadia_margin_moderate,GEBCO Cascadia Margin,Fixed-Spacing,strong_noise,257,98.26666666666667,3.111810293431554,0,0.0,0.9668624216649558,1.001789917820396,117,1530.0
gebco_cascadia_margin_moderate,GEBCO Cascadia Margin,Fixed-Spacing,strong_noise,258,97.92222222222222,3.2284570585825687,0,0.0,-1.0139574364506874,0.9887035441262905,117,1530.0
gebco_cascadia_margin_moderate,GEBCO Cascadia Margin,Fixed-Spacing,strong_noise,259,98.11111111111111,2.275124255264189,1,0.0,-0.49685247779228064,0.9529343047544439,117,1530.0
gebco_cascadia_margin_moderate,GEBCO Cascadia Margin,Fixed-Spacing,strong_noise,260,98.51111111111112,3.655384444718462,0,0.0,-0.3477229055554642,1.0228438491542895,117,1530.0
gebco_cascadia_margin_moderate,GEBCO Cascadia Margin,Fixed-Spacing,strong_noise,261,97.80555555555556,5.228152785874634,0,0.0,-1.116355387286828,1.0466933758962171,117,1530.0
gebco_cascadia_margin_moderate,GEBCO Cascadia Margin,Fixed-Spacing,strong_noise,262,97.65,2.519825556620187,1,0.0,-0.9247720233160911,0.9605621838899465,117,1530.0
gebco_cascadia_margin_moderate,GEBCO Cascadia Margin,Fixed-Spacing,strong_noise,263,98.55555555555556,4.94551286369372,0,0.0,1.5178002618885977,1.0710234605663003,117,1530.0
gebco_cascadia_margin_moderate,GEBCO Cascadia Margin,Fixed-Spacing,strong_noise,264,99.09444444444443,5.252795988019863,0,0.0,-0.18893695447891495,1.08003455194467,117,1530.0
gebco_cascadia_margin_moderate,GEBCO Cascadia Margin,Fixed-Spacing,strong_noise,265,98.36111111111111,2.400622671170815,1,0.0,-1.2442210286321307,0.9975653760864897,117,1530.0
gebco_cascadia_margin_moderate,GEBCO Cascadia Margin,Fixed-Spacing,strong_noise,266,98.37222222222223,3.7996708626355784,0,0.0,-0.9587458054774955,1.0078634541974987,117,1530.0
gebco_cascadia_margin_moderate,GEBCO Cascadia Margin,Fixed-Spacing,strong_noise,267,93.21666666666667,0.8330584674890907,0,0.0,1.0399180225949551,0.8652973228459963,117,1530.0
gebco_cascadia_margin_moderate,GEBCO Cascadia Margin,Fixed-Spacing,strong_noise,268,98.24444444444444,4.440179965429736,0,0.0,1.135232163025861,1.0431273899203544,117,1530.0
gebco_cascadia_margin_moderate,GEBCO Cascadia Margin,Fixed-Spacing,strong_noise,269,97.52777777777779,3.9464285269907067,0,0.0,1.5084051008856239,1.018308379858365,117,1530.0
gebco_cascadia_margin_moderate,GEBCO Cascadia Margin,Fixed-Spacing,strong_noise,270,99.06111111111112,4.274747032299364,0,0.0,0.03506925916839963,1.0415935709616282,117,1530.0
gebco_cascadia_margin_moderate,GEBCO Cascadia Margin,Fixed-Spacing,strong_noise,271,98.78333333333333,5.321744255492057,0,0.0,-0.4201402590441581,1.0648646847212864,117,1530.0
gebco_cascadia_margin_moderate,GEBCO Cascadia Margin,Fixed-Spacing,strong_noise,272,97.35000000000001,2.6442097278933403,1,0.0,0.23321811737849166,0.9695824721384939,117,1530.0
gebco_cascadia_margin_moderate,GEBCO Cascadia Margin,Fixed-Spacing,strong_noise,273,97.83333333333334,2.732131478749961,1,0.0,1.6193141292179032,1.0029460303991016,117,1530.0
gebco_cascadia_margin_moderate,GEBCO Cascadia Margin,Fixed-Spacing,strong_noise,274,98.47222222222223,3.5448727045157797,0,0.0,0.05160919047839218,1.0274279741684513,117,1530.0
gebco_cascadia_margin_moderate,GEBCO Cascadia Margin,Fixed-Spacing,strong_noise,275,98.51666666666667,3.7943937074072034,0,0.0,-0.10948771711938961,1.039266247295477,117,1530.0
gebco_cascadia_margin_moderate,GEBCO Cascadia Margin,Fixed-Spacing,strong_noise,276,97.04444444444445,2.5237420963779575,1,0.0,0.9072929053741791,0.9698808603901135,117,1530.0
gebco_cascadia_margin_moderate,GEBCO Cascadia Margin,Fixed-Spacing,strong_noise,277,93.62777777777778,1.1691260872808336,0,0.0,1.3094382241594087,0.8801982465166631,117,1530.0
gebco_cascadia_margin_moderate,GEBCO Cascadia Margin,Fixed-Spacing,strong_noise,278,99.02777777777779,4.9476059755505615,0,0.0,-0.7960217555854772,1.0465315877872245,117,1530.0
gebco_cascadia_margin_moderate,GEBCO Cascadia Margin,Fixed-Spacing,strong_noise,279,96.86111111111111,2.8448092242499357,0,0.0,-1.2914127051487907,0.9558663038296731,117,1530.0
gebco_cascadia_margin_moderate,GEBCO Cascadia Margin,Fixed-Spacing,strong_noise,280,98.88888888888889,5.307401703308845,0,0.0,0.375702203392928,1.081986436736507,117,1530.0
gebco_cascadia_margin_moderate,GEBCO Cascadia Margin,Fixed-Spacing,strong_noise,281,94.07777777777778,2.2321617249478907,0,0.0,-0.03340502608961047,0.8859300795657353,117,1530.0
gebco_cascadia_margin_moderate,GEBCO Cascadia Margin,Fixed-Spacing,strong_noise,282,97.68333333333334,3.406031372860413,0,0.0,-0.9348281184628423,0.9719979187991986,117,1530.0
gebco_cascadia_margin_moderate,GEBCO Cascadia Margin,Fixed-Spacing,strong_noise,283,97.91666666666666,5.684838855923583,0,0.0,-0.019755084673640354,1.0464422229625459,117,1530.0
gebco_cascadia_margin_moderate,GEBCO Cascadia Margin,Fixed-Spacing,strong_noise,284,98.39444444444445,4.78737822507594,0,0.0,1.3109362868129686,1.0693183634585355,117,1530.0
gebco_cascadia_margin_moderate,GEBCO Cascadia Margin,Fixed-Spacing,strong_noise,285,97.7611111111111,2.744750705741378,1,0.0,-0.7395322753159479,0.9635971109668688,117,1530.0
gebco_cascadia_margin_moderate,GEBCO Cascadia Margin,Fixed-Spacing,strong_noise,286,97.73333333333333,2.96144727054263,1,0.0,2.441266680581316,1.0270794863503108,117,1530.0
gebco_cascadia_margin_moderate,GEBCO Cascadia Margin,Fixed-Spacing,strong_noise,287,97.30555555555556,3.2679049993791667,0,0.0,0.16268632123905646,0.9855603471237367,117,1530.0
gebco_cascadia_margin_moderate,GEBCO Cascadia Margin,Fixed-Spacing,strong_noise,288,96.93333333333334,2.047300654358885,0,0.0,1.1978021292776369,0.9535009554311904,117,1530.0
gebco_cascadia_margin_moderate,GEBCO Cascadia Margin,Fixed-Spacing,strong_noise,289,97.07777777777777,2.7085573017974727,1,0.0,-0.585678817336978,0.960527312698024,117,1530.0
gebco_cascadia_margin_moderate,GEBCO Cascadia Margin,Fixed-Spacing,strong_noise,290,98.72222222222223,4.518140206057575,0,0.0,0.6125887239267865,1.0434176160457531,117,1530.0
gebco_cascadia_margin_moderate,GEBCO Cascadia Margin,Fixed-Spacing,strong_noise,291,97.12777777777778,2.829056148760367,1,0.0,-1.4746326114002646,0.9772340704894782,117,1530.0
gebco_cascadia_margin_moderate,GEBCO Cascadia Margin,Fixed-Spacing,strong_noise,292,97.42222222222222,3.0650248092175842,0,0.0,2.1843581951056334,1.0312020892166747,117,1530.0
gebco_cascadia_margin_moderate,GEBCO Cascadia Margin,Fixed-Spacing,strong_noise,293,97.13888888888889,2.4152283108516577,1,0.0,-0.3456704249008612,0.952462617546069,117,1530.0
gebco_cascadia_margin_moderate,GEBCO Cascadia Margin,Fixed-Spacing,strong_noise,294,97.99444444444444,2.9138941316696685,1,0.0,0.331665327286761,1.000499157244029,117,1530.0
gebco_cascadia_margin_moderate,GEBCO Cascadia Margin,Fixed-Spacing,strong_noise,295,99.18333333333334,3.4262126995174316,0,0.0,-0.0018145175815804807,1.0071902452082593,117,1530.0
gebco_cascadia_margin_moderate,GEBCO Cascadia Margin,Fixed-Spacing,strong_noise,296,94.74444444444444,1.853973996243648,0,0.0,-0.8042583868048333,0.8803764572889476,117,1530.0
gebco_cascadia_margin_moderate,GEBCO Cascadia Margin,Fixed-Spacing,strong_noise,297,95.88888888888889,2.1007860417795072,0,0.0,0.3936031865010611,0.9352735385354947,117,1530.0
gebco_cascadia_margin_moderate,GEBCO Cascadia Margin,Fixed-Spacing,strong_noise,298,98.00555555555556,4.680383115370281,0,0.0,-1.8932580395977772,1.045871041610524,117,1530.0
gebco_cascadia_margin_moderate,GEBCO Cascadia Margin,Fixed-Spacing,strong_noise,299,97.97222222222223,4.680652162793487,0,0.0,-0.10486288253138039,1.0310877598429387,117,1530.0
gebco_cascadia_margin_moderate,GEBCO Cascadia Margin,Adaptive Spacing w/o GA,nominal,0,99.33333333333333,0.0,1,0.0,0.0,1.0,116,1530.0
gebco_cascadia_margin_moderate,GEBCO Cascadia Margin,Adaptive Spacing w/o GA,moderate_noise,0,98.66666666666667,1.2119322524690266,1,0.0,0.056453231549687115,1.0225724288225513,116,1530.0
gebco_cascadia_margin_moderate,GEBCO Cascadia Margin,Adaptive Spacing w/o GA,moderate_noise,1,98.9888888888889,0.35861470992686945,1,0.0,0.24254121045546992,0.9984902859824584,116,1530.0
gebco_cascadia_margin_moderate,GEBCO Cascadia Margin,Adaptive Spacing w/o GA,moderate_noise,2,98.67777777777778,0.9671254077978865,1,0.0,0.07820917867287837,1.034131683977409,116,1530.0
gebco_cascadia_margin_moderate,GEBCO Cascadia Margin,Adaptive Spacing w/o GA,moderate_noise,3,98.66666666666667,0.9649963265668526,1,0.0,-0.003440782088747769,1.0125168766941712,116,1530.0
gebco_cascadia_margin_moderate,GEBCO Cascadia Margin,Adaptive Spacing w/o GA,moderate_noise,4,99.23333333333333,1.938830178701516,1,0.0,-0.06420661775626818,1.0560710690003305,116,1530.0
gebco_cascadia_margin_moderate,GEBCO Cascadia Margin,Adaptive Spacing w/o GA,moderate_noise,5,99.08888888888889,0.7221442753424783,1,0.0,0.7028967875327308,1.008367809953965,116,1530.0
gebco_cascadia_margin_moderate,GEBCO Cascadia Margin,Adaptive Spacing w/o GA,moderate_noise,6,98.76666666666667,0.037092502440268814,1,0.0,-1.0273883565438315,0.947127584241963,116,1530.0
gebco_cascadia_margin_moderate,GEBCO Cascadia Margin,Adaptive Spacing w/o GA,moderate_noise,7,99.12222222222222,0.45841525796143257,1,0.0,-0.2809102099915179,0.9687475694173283,116,1530.0
gebco_cascadia_margin_moderate,GEBCO Cascadia Margin,Adaptive Spacing w/o GA,moderate_noise,8,97.99444444444444,0.032678022668424025,1,0.0,-1.779329252659243,0.9352496186993048,116,1530.0
gebco_cascadia_margin_moderate,GEBCO Cascadia Margin,Adaptive Spacing w/o GA,moderate_noise,9,99.09444444444443,0.5512119794175753,1,0.0,-0.15263454686995648,0.9941062216109204,116,1530.0
gebco_cascadia_margin_moderate,GEBCO Cascadia Margin,Adaptive Spacing w/o GA,moderate_noise,10,98.8,0.7521584663858849,1,0.0,0.3190654295903709,0.9917662175768586,116,1530.0
gebco_cascadia_margin_moderate,GEBCO Cascadia Margin,Adaptive Spacing w/o GA,moderate_noise,11,99.07777777777778,0.7251734079110547,1,0.0,-0.8160853915137423,1.0248582578255825,116,1530.0
gebco_cascadia_margin_moderate,GEBCO Cascadia Margin,Adaptive Spacing w/o GA,moderate_noise,12,99.01111111111112,0.64513519953248,1,0.0,-0.573883767605643,1.007992166742992,116,1530.0
gebco_cascadia_margin_moderate,GEBCO Cascadia Margin,Adaptive Spacing w/o GA,moderate_noise,13,98.96111111111111,0.9077715833176375,1,0.0,0.772898663088683,0.9968742106683669,116,1530.0
gebco_cascadia_margin_moderate,GEBCO Cascadia Margin,Adaptive Spacing w/o GA,moderate_noise,14,99.30555555555556,1.0649173235183855,1,0.0,0.36582405457777906,1.0304567087728385,116,1530.0
gebco_cascadia_margin_moderate,GEBCO Cascadia Margin,Adaptive Spacing w/o GA,moderate_noise,15,98.90555555555555,0.5574565412439737,1,0.0,0.858963329078652,0.9998583985934687,116,1530.0
gebco_cascadia_margin_moderate,GEBCO Cascadia Margin,Adaptive Spacing w/o GA,moderate_noise,16,98.75555555555555,0.4025631640790198,1,0.0,0.1125285635745292,1.0043245793359494,116,1530.0
gebco_cascadia_margin_moderate,GEBCO Cascadia Margin,Adaptive Spacing w/o GA,moderate_noise,17,99.16666666666667,0.7261011486931643,1,0.0,0.3613326404505359,1.0045903032021084,116,1530.0
gebco_cascadia_margin_moderate,GEBCO Cascadia Margin,Adaptive Spacing w/o GA,moderate_noise,18,98.94444444444444,0.3880458089819504,1,0.0,-0.7453751974474458,0.986742062526407,116,1530.0
gebco_cascadia_margin_moderate,GEBCO Cascadia Margin,Adaptive Spacing w/o GA,moderate_noise,19,98.59444444444443,0.6988642517735533,1,0.0,0.17422199921919743,1.0130677016001701,116,1530.0
gebco_cascadia_margin_moderate,GEBCO Cascadia Margin,Adaptive Spacing w/o GA,moderate_noise,20,99.28333333333333,1.3497637883812021,1,0.0,-0.3704251564124488,1.042579579755781,116,1530.0
gebco_cascadia_margin_moderate,GEBCO Cascadia Margin,Adaptive Spacing w/o GA,moderate_noise,21,98.66666666666667,0.5979080946425678,1,0.0,0.18310691565971568,1.002911063816419,116,1530.0
gebco_cascadia_margin_moderate,GEBCO Cascadia Margin,Adaptive Spacing w/o GA,moderate_noise,22,99.30555555555556,0.9999832343272519,1,0.0,0.4097124188618577,1.0270580559776212,116,1530.0
gebco_cascadia_margin_moderate,GEBCO Cascadia Margin,Adaptive Spacing w/o GA,moderate_noise,23,99.17777777777778,0.8865914377943942,1,0.0,-0.49855497242047214,1.0123352360359972,116,1530.0
gebco_cascadia_margin_moderate,GEBCO Cascadia Margin,Adaptive Spacing w/o GA,moderate_noise,24,98.81111111111112,0.27330034667853037,1,0.0,0.3520965104069947,0.9746159694758538,116,1530.0
gebco_cascadia_margin_moderate,GEBCO Cascadia Margin,Adaptive Spacing w/o GA,moderate_noise,25,99.17777777777778,1.6902641586801905,1,0.0,0.6710285005285278,1.0523038698349696,116,1530.0
gebco_cascadia_margin_moderate,GEBCO Cascadia Margin,Adaptive Spacing w/o GA,moderate_noise,26,98.74444444444444,0.41514476309986015,1,0.0,-0.6811114430126181,0.9805835795722625,116,1530.0
gebco_cascadia_margin_moderate,GEBCO Cascadia Margin,Adaptive Spacing w/o GA,moderate_noise,27,98.93333333333332,0.49575338262808005,1,0.0,0.6090989839672699,0.9892022733400394,116,1530.0
gebco_cascadia_margin_moderate,GEBCO Cascadia Margin,Adaptive Spacing w/o GA,moderate_noise,28,98.8,0.09968967618682988,1,0.0,0.46579047452538724,0.9484618095391804,116,1530.0
gebco_cascadia_margin_moderate,GEBCO Cascadia Margin,Adaptive Spacing w/o GA,moderate_noise,29,99.03333333333333,0.40860703465189874,1,0.0,0.6147849840949794,0.9921316691443705,116,1530.0
gebco_cascadia_margin_moderate,GEBCO Cascadia Margin,Adaptive Spacing w/o GA,moderate_noise,30,99.3,0.7197834773464005,1,0.0,-0.23114196851350535,1.0193606579662784,116,1530.0
gebco_cascadia_margin_moderate,GEBCO Cascadia Margin,Adaptive Spacing w/o GA,moderate_noise,31,99.12222222222222,1.8921066001390157,1,0.0,0.43013858810981,1.0585985346158941,116,1530.0
gebco_cascadia_margin_moderate,GEBCO Cascadia Margin,Adaptive Spacing w/o GA,moderate_noise,32,98.94444444444444,1.9517914607692561,1,0.0,0.3087424566263685,1.0712271651775358,116,1530.0
gebco_cascadia_margin_moderate,GEBCO Cascadia Margin,Adaptive Spacing w/o GA,moderate_noise,33,98.46111111111111,0.35921868770267146,1,0.0,0.157685150813076,0.9790669020433341,116,1530.0
gebco_cascadia_margin_moderate,GEBCO Cascadia Margin,Adaptive Spacing w/o GA,moderate_noise,34,98.85555555555555,0.27320028161547016,1,0.0,0.30758317366571064,0.9559194633036312,116,1530.0
gebco_cascadia_margin_moderate,GEBCO Cascadia Margin,Adaptive Spacing w/o GA,moderate_noise,35,98.66666666666667,2.2624005510369045,1,0.0,0.041894014114647264,1.064903211002908,116,1530.0
gebco_cascadia_margin_moderate,GEBCO Cascadia Margin,Adaptive Spacing w/o GA,moderate_noise,36,97.91111111111111,0.13953522347673036,1,0.0,-0.11030146722909824,0.9436586113514982,116,1530.0
gebco_cascadia_margin_moderate,GEBCO Cascadia Margin,Adaptive Spacing w/o GA,moderate_noise,37,98.93888888888888,1.1432778615840227,1,0.0,0.15021431187208034,1.025443962876474,116,1530.0
gebco_cascadia_margin_moderate,GEBCO Cascadia Margin,Adaptive Spacing w/o GA,moderate_noise,38,99.22222222222223,0.707848002553961,1,0.0,-0.23695974041047727,1.0060294536154448,116,1530.0
gebco_cascadia_margin_moderate,GEBCO Cascadia Margin,Adaptive Spacing w/o GA,moderate_noise,39,98.99444444444444,0.7506539611168817,1,0.0,-0.5262644151254916,1.0013032212526791,116,1530.0
gebco_cascadia_margin_moderate,GEBCO Cascadia Margin,Adaptive Spacing w/o GA,moderate_noise,40,98.61666666666666,1.2195055639319448,1,0.0,-0.028966992750923393,1.0203426393768373,116,1530.0
gebco_cascadia_margin_moderate,GEBCO Cascadia Margin,Adaptive Spacing w/o GA,moderate_noise,41,99.00555555555556,0.49325848588490995,1,0.0,0.4492808046213033,0.9969943495771644,116,1530.0
gebco_cascadia_margin_moderate,GEBCO Cascadia Margin,Adaptive Spacing w/o GA,moderate_noise,42,99.21666666666667,1.6802329388076873,1,0.0,-0.11197773684117847,1.0398701349518868,116,1530.0
gebco_cascadia_margin_moderate,GEBCO Cascadia Margin,Adaptive Spacing w/o GA,moderate_noise,43,99.12777777777778,0.5329267122502298,1,0.0,0.44154580399431415,0.9937215329650423,116,1530.0
gebco_cascadia_margin_moderate,GEBCO Cascadia Margin,Adaptive Spacing w/o GA,moderate_noise,44,99.07777777777778,0.3395368302493599,1,0.0,0.6806698474862313,0.9758754234493083,116,1530.0
gebco_cascadia_margin_moderate,GEBCO Cascadia Margin,Adaptive Spacing w/o GA,moderate_noise,45,99.28333333333333,0.9743455217963745,1,0.0,-0.5086171739303769,1.0235001404227988,116,1530.0
gebco_cascadia_margin_moderate,GEBCO Cascadia Margin,Adaptive Spacing w/o GA,moderate_noise,46,99.33333333333333,1.4322681604588852,1,0.0,-0.39001174381326986,1.0368391251284619,116,1530.0
gebco_cascadia_margin_moderate,GEBCO Cascadia Margin,Adaptive Spacing w/o GA,moderate_noise,47,99.00555555555556,0.3730311958714705,1,0.0,-0.2464582481120163,0.964452576053405,116,1530.0
gebco_cascadia_margin_moderate,GEBCO Cascadia Margin,Adaptive Spacing w/o GA,moderate_noise,48,99.19444444444444,0.7170131474898371,1,0.0,-0.5741795325368236,1.0104137870840917,116,1530.0
gebco_cascadia_margin_moderate,GEBCO Cascadia Margin,Adaptive Spacing w/o GA,moderate_noise,49,98.98333333333333,0.4223705116558609,1,0.0,-0.8568494722018486,0.9896199330561919,116,1530.0
gebco_cascadia_margin_moderate,GEBCO Cascadia Margin,Adaptive Spacing w/o GA,moderate_noise,50,99.26666666666667,0.8135232792266744,1,0.0,-0.5054235216540248,1.0169195328728868,116,1530.0
gebco_cascadia_margin_moderate,GEBCO Cascadia Margin,Adaptive Spacing w/o GA,moderate_noise,51,98.65555555555555,0.16749997095488264,1,0.0,-1.1310542830490864,0.9537188870771066,116,1530.0
gebco_cascadia_margin_moderate,GEBCO Cascadia Margin,Adaptive Spacing w/o GA,moderate_noise,52,99.33333333333333,1.179260479084042,1,0.0,-0.33897897696285556,1.0368050454882365,116,1530.0
gebco_cascadia_margin_moderate,GEBCO Cascadia Margin,Adaptive Spacing w/o GA,moderate_noise,53,98.99444444444444,0.07807466543366791,1,0.0,0.5497104513330546,0.9449807638939338,116,1530.0
gebco_cascadia_margin_moderate,GEBCO Cascadia Margin,Adaptive Spacing w/o GA,moderate_noise,54,99.33333333333333,0.8749758935855992,1,0.0,-0.3992441306534756,1.031323731918577,116,1530.0
gebco_cascadia_margin_moderate,GEBCO Cascadia Margin,Adaptive Spacing w/o GA,moderate_noise,55,99.22222222222223,1.528294921055003,1,0.0,0.3068766660023841,1.0462360600118075,116,1530.0
gebco_cascadia_margin_moderate,GEBCO Cascadia Margin,Adaptive Spacing w/o GA,moderate_noise,56,99.33333333333333,0.9050555568103535,1,0.0,-0.1008938537965216,1.007949067969146,116,1530.0
gebco_cascadia_margin_moderate,GEBCO Cascadia Margin,Adaptive Spacing w/o GA,moderate_noise,57,99.13888888888889,1.6273320642602742,1,0.0,-0.46470990261748113,1.0486766934732448,116,1530.0
gebco_cascadia_margin_moderate,GEBCO Cascadia Margin,Adaptive Spacing w/o GA,moderate_noise,58,98.97777777777777,1.3730995462396909,1,0.0,0.08908647227039994,1.0331734753765747,116,1530.0
gebco_cascadia_margin_moderate,GEBCO Cascadia Margin,Adaptive Spacing w/o GA,moderate_noise,59,99.34444444444445,1.4560401634765927,1,0.0,0.693941867013709,1.0405774301064825,116,1530.0
gebco_cascadia_margin_moderate,GEBCO Cascadia Margin,Adaptive Spacing w/o GA,moderate_noise,60,98.91111111111111,0.7670254515202602,1,0.0,0.5667014874562463,0.9987013134827818,116,1530.0
gebco_cascadia_margin_moderate,GEBCO Cascadia Margin,Adaptive Spacing w/o GA,moderate_noise,61,98.95,0.4171591186780543,1,0.0,0.7091829929299103,1.0009172712006378,116,1530.0
gebco_cascadia_margin_moderate,GEBCO Cascadia Margin,Adaptive Spacing w/o GA,moderate_noise,62,98.66666666666667,0.33332359751164425,1,0.0,-0.012219743717190775,0.9616812224915382,116,1530.0
gebco_cascadia_margin_moderate,GEBCO Cascadia Margin,Adaptive Spacing w/o GA,moderate_noise,63,98.66666666666667,0.8333819301571058,1,0.0,-0.030622229303062645,1.0254913569706257,116,1530.0
gebco_cascadia_margin_moderate,GEBCO Cascadia Margin,Adaptive Spacing w/o GA,moderate_noise,64,99.33333333333333,0.8467117982235581,1,0.0,-0.24962066157927384,1.022998988451899,116,1530.0
gebco_cascadia_margin_moderate,GEBCO Cascadia Margin,Adaptive Spacing w/o GA,moderate_noise,65,98.87222222222222,0.8069388174047523,1,0.0,-0.7161309326911526,1.0064051685165252,116,1530.0
gebco_cascadia_margin_moderate,GEBCO Cascadia Margin,Adaptive Spacing w/o GA,moderate_noise,66,98.66666666666667,0.30214883845689516,1,0.0,0.06029244148661365,0.9779580845918248,116,1530.0
gebco_cascadia_margin_moderate,GEBCO Cascadia Margin,Adaptive Spacing w/o GA,moderate_noise,67,98.78888888888889,0.30971536282514633,1,0.0,0.8973566339329667,0.9763443032501031,116,1530.0
gebco_cascadia_margin_moderate,GEBCO Cascadia Margin,Adaptive Spacing w/o GA,moderate_noise,68,99.3,0.1066360103483407,1,0.0,-0.06141118122930854,0.9537859278559614,116,1530.0
gebco_cascadia_margin_moderate,GEBCO Cascadia Margin,Adaptive Spacing w/o GA,moderate_noise,69,98.99444444444444,0.5893185812433424,1,0.0,0.27623510783071703,1.0003053041974712,116,1530.0
gebco_cascadia_margin_moderate,GEBCO Cascadia Margin,Adaptive Spacing w/o GA,moderate_noise,70,99.15,0.674765272559358,1,0.0,-0.2688621433127912,1.012526383732344,116,1530.0
gebco_cascadia_margin_moderate,GEBCO Cascadia Margin,Adaptive Spacing w/o GA,moderate_noise,71,99.33333333333333,1.3328341398820143,1,0.0,-0.37956126374789184,1.0343545516838735,116,1530.0
gebco_cascadia_margin_moderate,GEBCO Cascadia Margin,Adaptive Spacing w/o GA,moderate_noise,72,99.2388888888889,0.2899794234357414,1,0.0,-0.3553811089474564,0.9766404978209842,116,1530.0
gebco_cascadia_margin_moderate,GEBCO Cascadia Margin,Adaptive Spacing w/o GA,moderate_noise,73,98.95,0.7614858444597414,1,0.0,0.21311644626737625,1.000605354418398,116,1530.0
gebco_cascadia_margin_moderate,GEBCO Cascadia Margin,Adaptive Spacing w/o GA,moderate_noise,74,99.1,0.475650821571849,1,0.0,-0.07851284852711173,0.9827437035366937,116,1530.0
gebco_cascadia_margin_moderate,GEBCO Cascadia Margin,Adaptive Spacing w/o GA,moderate_noise,75,99.06111111111112,2.1014534365760036,1,0.0,-0.685983440903263,1.0625202591879142,116,1530.0
gebco_cascadia_margin_moderate,GEBCO Cascadia Margin,Adaptive Spacing w/o GA,moderate_noise,76,98.97222222222221,0.9191509571852771,1,0.0,0.26774249053876764,1.0030666879865888,116,1530.0
gebco_cascadia_margin_moderate,GEBCO Cascadia Margin,Adaptive Spacing w/o GA,moderate_noise,77,98.91111111111111,0.3994334427557718,1,0.0,-0.5870593059774447,0.9843540023492088,116,1530.0
gebco_cascadia_margin_moderate,GEBCO Cascadia Margin,Adaptive Spacing w/o GA,moderate_noise,78,99.33333333333333,0.11997630679068809,1,0.0,-0.05524355643068927,0.9738634713584313,116,1530.0
gebco_cascadia_margin_moderate,GEBCO Cascadia Margin,Adaptive Spacing w/o GA,moderate_noise,79,99.07777777777778,0.426474073437163,1,0.0,0.576017084954007,0.9958539660610706,116,1530.0
gebco_cascadia_margin_moderate,GEBCO Cascadia Margin,Adaptive Spacing w/o GA,moderate_noise,80,98.9,0.6157278472091693,1,0.0,-0.7801586760196907,0.9909081043669865,116,1530.0
gebco_cascadia_margin_moderate,GEBCO Cascadia Margin,Adaptive Spacing w/o GA,moderate_noise,81,99.33333333333333,0.29808755046100477,1,0.0,-0.1574209449991874,0.972380022421659,116,1530.0
gebco_cascadia_margin_moderate,GEBCO Cascadia Margin,Adaptive Spacing w/o GA,moderate_noise,82,99.33333333333333,1.2472408539957742,1,0.0,-0.1886796540726172,1.0154119032530078,116,1530.0
gebco_cascadia_margin_moderate,GEBCO Cascadia Margin,Adaptive Spacing w/o GA,moderate_noise,83,99.14444444444445,0.4127545748709003,1,0.0,0.11612060444863223,0.983554632469882,116,1530.0
gebco_cascadia_margin_moderate,GEBCO Cascadia Margin,Adaptive Spacing w/o GA,moderate_noise,84,98.96666666666667,0.9517670336592774,1,0.0,1.2621150164416326,1.0216725448957156,116,1530.0
gebco_cascadia_margin_moderate,GEBCO Cascadia Margin,Adaptive Spacing w/o GA,moderate_noise,85,98.81111111111112,0.6898907746144715,1,0.0,0.19612112885338454,1.0111154893260228,116,1530.0
gebco_cascadia_margin_moderate,GEBCO Cascadia Margin,Adaptive Spacing w/o GA,moderate_noise,86,98.88333333333334,0.2900984323008597,1,0.0,-0.8700891015756911,0.9802185244404465,116,1530.0
gebco_cascadia_margin_moderate,GEBCO Cascadia Margin,Adaptive Spacing w/o GA,moderate_noise,87,99.03333333333333,0.32400682533808356,1,0.0,-0.07784190605488506,0.9857100199143706,116,1530.0
gebco_cascadia_margin_moderate,GEBCO Cascadia Margin,Adaptive Spacing w/o GA,moderate_noise,88,98.97222222222221,0.30725846762727055,1,0.0,0.6550561810834811,0.9852763122635864,116,1530.0
gebco_cascadia_margin_moderate,GEBCO Cascadia Margin,Adaptive Spacing w/o GA,moderate_noise,89,99.2388888888889,0.5442458740977528,1,0.0,-0.11346153295526687,0.9904261344758242,116,1530.0
gebco_cascadia_margin_moderate,GEBCO Cascadia Margin,Adaptive Spacing w/o GA,moderate_noise,90,98.96111111111111,0.24986807301054645,1,0.0,0.6772858938546797,0.9632110082535725,116,1530.0
gebco_cascadia_margin_moderate,GEBCO Cascadia Margin,Adaptive Spacing w/o GA,moderate_noise,91,98.99444444444444,1.2817815294010548,1,0.0,-0.8128194081353808,1.0414550652356702,116,1530.0
gebco_cascadia_margin_moderate,GEBCO Cascadia Margin,Adaptive Spacing w/o GA,moderate_noise,92,99.33333333333333,0.5863193884713669,1,0.0,-0.08874140402883283,0.9814449222788939,116,1530.0
gebco_cascadia_margin_moderate,GEBCO Cascadia Margin,Adaptive Spacing w/o GA,moderate_noise,93,98.66666666666667,0.15109006558737842,1,0.0,0.1205229858299365,0.9765398040823314,116,1530.0
gebco_cascadia_margin_moderate,GEBCO Cascadia Margin,Adaptive Spacing w/o GA,moderate_noise,94,98.91111111111111,0.3171733759029224,1,0.0,-0.5776241669892451,0.9673434379560648,116,1530.0
gebco_cascadia_margin_moderate,GEBCO Cascadia Margin,Adaptive Spacing w/o GA,moderate_noise,95,98.81111111111112,0.7153448862436557,1,0.0,0.12026623336479907,0.9985029225881941,116,1530.0
gebco_cascadia_margin_moderate,GEBCO Cascadia Margin,Adaptive Spacing w/o GA,moderate_noise,96,99.33333333333333,0.802418902794306,1,0.0,-0.21144479336740563,1.0267748434604118,116,1530.0
gebco_cascadia_margin_moderate,GEBCO Cascadia Margin,Adaptive Spacing w/o GA,moderate_noise,97,99.33333333333333,0.5836629425802395,1,0.0,-0.35594961938652403,1.0003852979171355,116,1530.0
gebco_cascadia_margin_moderate,GEBCO Cascadia Margin,Adaptive Spacing w/o GA,moderate_noise,98,99.21111111111112,0.36195570704724855,1,0.0,-0.36086153499622164,0.9771920448083297,116,1530.0
gebco_cascadia_margin_moderate,GEBCO Cascadia Margin,Adaptive Spacing w/o GA,moderate_noise,99,99.20555555555556,1.2568531442732938,1,0.0,-0.44488377309748106,1.0216355431045492,116,1530.0
gebco_cascadia_margin_moderate,GEBCO Cascadia Margin,Adaptive Spacing w/o GA,moderate_noise,100,99.23333333333333,0.39686384270514113,1,0.0,-0.27616269639405333,0.9682408439350124,116,1530.0
gebco_cascadia_margin_moderate,GEBCO Cascadia Margin,Adaptive Spacing w/o GA,moderate_noise,101,99.03888888888889,1.5850438866896759,1,0.0,0.844569994098497,1.0413221002596784,116,1530.0
gebco_cascadia_margin_moderate,GEBCO Cascadia Margin,Adaptive Spacing w/o GA,moderate_noise,102,98.63888888888889,0.43992225364340143,1,0.0,0.006183129630816425,0.980125318138836,116,1530.0
gebco_cascadia_margin_moderate,GEBCO Cascadia Margin,Adaptive Spacing w/o GA,moderate_noise,103,99.01666666666667,1.0931536427031732,1,0.0,0.38631905900273855,1.015236404336256,116,1530.0
gebco_cascadia_margin_moderate,GEBCO Cascadia Margin,Adaptive Spacing w/o GA,moderate_noise,104,99.12777777777778,0.25523814670627665,1,0.0,-0.426967747690722,0.978366529565499,116,1530.0
gebco_cascadia_margin_moderate,GEBCO Cascadia Margin,Adaptive Spacing w/o GA,moderate_noise,105,99.12222222222222,1.380773219849794,1,0.0,-0.5106122610368116,1.0415804346926143,116,1530.0
gebco_cascadia_margin_moderate,GEBCO Cascadia Margin,Adaptive Spacing w/o GA,moderate_noise,106,98.95555555555555,0.868017152673013,1,0.0,0.33575129092697364,1.021270397127252,116,1530.0
gebco_cascadia_margin_moderate,GEBCO Cascadia Margin,Adaptive Spacing w/o GA,moderate_noise,107,99.17777777777778,0.5270020955717586,1,0.0,-0.06966344564298416,0.9995608487749984,116,1530.0
gebco_cascadia_margin_moderate,GEBCO Cascadia Margin,Adaptive Spacing w/o GA,moderate_noise,108,98.95,0.9175271383154058,1,0.0,0.9892657908199027,1.01546627982872,116,1530.0
gebco_cascadia_margin_moderate,GEBCO Cascadia Margin,Adaptive Spacing w/o GA,moderate_noise,109,99.11666666666666,1.5015239622071712,1,0.0,0.38149143323502255,1.0273258846065132,116,1530.0
gebco_cascadia_margin_moderate,GEBCO Cascadia Margin,Adaptive Spacing w/o GA,moderate_noise,110,99.03333333333333,1.0181501578867806,1,0.0,0.6962081526903727,1.0209420943708756,116,1530.0
gebco_cascadia_margin_moderate,GEBCO Cascadia Margin,Adaptive Spacing w/o GA,moderate_noise,111,99.0,0.3210606565647971,1,0.0,-0.157498634697626,0.9766720462326197,116,1530.0
gebco_cascadia_margin_moderate,GEBCO Cascadia Margin,Adaptive Spacing w/o GA,moderate_noise,112,99.33333333333333,0.45649591554503566,1,0.0,0.03382907836525335,0.9676494614057666,116,1530.0
gebco_cascadia_margin_moderate,GEBCO Cascadia Margin,Adaptive Spacing w/o GA,moderate_noise,113,99.33333333333333,1.7672793623519973,1,0.0,-0.20997193787048346,1.0449821384377906,116,1530.0
gebco_cascadia_margin_moderate,GEBCO Cascadia Margin,Adaptive Spacing w/o GA,moderate_noise,114,99.04444444444445,0.9968193009164592,1,0.0,0.3591745221071041,1.010770148602974,116,1530.0
gebco_cascadia_margin_moderate,GEBCO Cascadia Margin,Adaptive Spacing w/o GA,moderate_noise,115,99.2,2.013553327853908,1,0.0,0.33848756814067593,1.0647599894382451,116,1530.0
gebco_cascadia_margin_moderate,GEBCO Cascadia Margin,Adaptive Spacing w/o GA,moderate_noise,116,98.89444444444445,0.1016764667788116,1,0.0,-0.8101812236919257,0.9569102457582156,116,1530.0
gebco_cascadia_margin_moderate,GEBCO Cascadia Margin,Adaptive Spacing w/o GA,moderate_noise,117,98.99444444444444,1.1460424496026276,1,0.0,-0.5669073155117098,1.0398426534708725,116,1530.0
gebco_cascadia_margin_moderate,GEBCO Cascadia Margin,Adaptive Spacing w/o GA,moderate_noise,118,99.12222222222222,1.528723141720084,1,0.0,0.39481592882656635,1.035599758995218,116,1530.0
gebco_cascadia_margin_moderate,GEBCO Cascadia Margin,Adaptive Spacing w/o GA,moderate_noise,119,99.07222222222222,0.7114585560096678,1,0.0,0.5551861541058377,1.013537757417171,116,1530.0
gebco_cascadia_margin_moderate,GEBCO Cascadia Margin,Adaptive Spacing w/o GA,moderate_noise,120,99.33333333333333,0.4297409807883994,1,0.0,0.03707480169811414,0.9982766154169384,116,1530.0
gebco_cascadia_margin_moderate,GEBCO Cascadia Margin,Adaptive Spacing w/o GA,moderate_noise,121,98.92222222222222,0.4247394299555892,1,0.0,0.06824224295467526,0.9593006107638179,116,1530.0
gebco_cascadia_margin_moderate,GEBCO Cascadia Margin,Adaptive Spacing w/o GA,moderate_noise,122,98.9888888888889,1.5402463849272559,1,0.0,0.8448755558742289,1.0413409450579079,116,1530.0
gebco_cascadia_margin_moderate,GEBCO Cascadia Margin,Adaptive Spacing w/o GA,moderate_noise,123,99.20555555555556,0.21519302109712432,1,0.0,-0.28441363256043284,0.9724187233450345,116,1530.0
gebco_cascadia_margin_moderate,GEBCO Cascadia Margin,Adaptive Spacing w/o GA,moderate_noise,124,98.89444444444445,0.7956746130682197,1,0.0,0.19907480366082264,1.0209893284664049,116,1530.0
gebco_cascadia_margin_moderate,GEBCO Cascadia Margin,Adaptive Spacing w/o GA,moderate_noise,125,99.33333333333333,1.3290019914518039,1,0.0,-0.421394803217572,1.0430477336260662,116,1530.0
gebco_cascadia_margin_moderate,GEBCO Cascadia Margin,Adaptive Spacing w/o GA,moderate_noise,126,99.14444444444445,0.40531192921507797,1,0.0,-0.17283700491158813,0.9810444518767446,116,1530.0
gebco_cascadia_margin_moderate,GEBCO Cascadia Margin,Adaptive Spacing w/o GA,moderate_noise,127,98.72777777777777,0.7497262101487882,1,0.0,0.20144493645795902,1.0084490282730436,116,1530.0
gebco_cascadia_margin_moderate,GEBCO Cascadia Margin,Adaptive Spacing w/o GA,moderate_noise,128,98.86666666666667,0.8577065545287951,1,0.0,1.2873494624791675,1.0112651380198454,116,1530.0
gebco_cascadia_margin_moderate,GEBCO Cascadia Margin,Adaptive Spacing w/o GA,moderate_noise,129,99.06666666666666,0.2327186343541296,1,0.0,-0.47649588133117976,0.9752271422638066,116,1530.0
gebco_cascadia_margin_moderate,GEBCO Cascadia Margin,Adaptive Spacing w/o GA,moderate_noise,130,98.8,1.5141512798080947,1,0.0,-0.9982430651247671,1.0358924314261722,116,1530.0
gebco_cascadia_margin_moderate,GEBCO Cascadia Margin,Adaptive Spacing w/o GA,moderate_noise,131,99.3,2.121932003409372,1,0.0,-0.3704910370111013,1.0586142114338113,116,1530.0
gebco_cascadia_margin_moderate,GEBCO Cascadia Margin,Adaptive Spacing w/o GA,moderate_noise,132,98.79444444444444,1.5927694206818488,1,0.0,0.08287040313693138,1.0262862516505709,116,1530.0
gebco_cascadia_margin_moderate,GEBCO Cascadia Margin,Adaptive Spacing w/o GA,moderate_noise,133,99.3,0.9603577333732802,1,0.0,0.3794842498245892,1.0130330835712618,116,1530.0
gebco_cascadia_margin_moderate,GEBCO Cascadia Margin,Adaptive Spacing w/o GA,moderate_noise,134,98.97777777777777,1.2158820329989846,1,0.0,0.35700104014635786,1.0256347331790112,116,1530.0
gebco_cascadia_margin_moderate,GEBCO Cascadia Margin,Adaptive Spacing w/o GA,moderate_noise,135,99.33333333333333,0.7203533440794199,1,0.0,-0.21575204929873765,0.9943939905453004,116,1530.0
gebco_cascadia_margin_moderate,GEBCO Cascadia Margin,Adaptive Spacing w/o GA,moderate_noise,136,98.93333333333332,0.38589573754288753,1,0.0,0.3792368947377617,0.9756183916381794,116,1530.0
gebco_cascadia_margin_moderate,GEBCO Cascadia Margin,Adaptive Spacing w/o GA,moderate_noise,137,98.53333333333333,0.25410525059450956,1,0.0,-1.1663199433477698,0.9680549345405907,116,1530.0
gebco_cascadia_margin_moderate,GEBCO Cascadia Margin,Adaptive Spacing w/o GA,moderate_noise,138,98.67777777777778,1.099051773611063,1,0.0,0.03809847894027113,1.0097287477451409,116,1530.0
gebco_cascadia_margin_moderate,GEBCO Cascadia Margin,Adaptive Spacing w/o GA,moderate_noise,139,99.16666666666667,1.0421329563222297,1,0.0,-0.38809973393929414,0.9953990083211425,116,1530.0
gebco_cascadia_margin_moderate,GEBCO Cascadia Margin,Adaptive Spacing w/o GA,moderate_noise,140,98.07222222222222,0.16483976389542784,1,0.0,0.038478973533073675,0.9363652041839823,116,1530.0
gebco_cascadia_margin_moderate,GEBCO Cascadia Margin,Adaptive Spacing w/o GA,moderate_noise,141,98.97222222222221,0.13766138786542956,1,0.0,-0.1894137176457921,0.9423028994154161,116,1530.0
gebco_cascadia_margin_moderate,GEBCO Cascadia Margin,Adaptive Spacing w/o GA,moderate_noise,142,98.66666666666667,0.4394629768314451,1,0.0,0.1532903229343167,1.002095310818189,116,1530.0
gebco_cascadia_margin_moderate,GEBCO Cascadia Margin,Adaptive Spacing w/o GA,moderate_noise,143,99.11111111111111,0.37033962616878885,1,0.0,-0.09837831281843523,0.9640314217632411,116,1530.0
gebco_cascadia_margin_moderate,GEBCO Cascadia Margin,Adaptive Spacing w/o GA,moderate_noise,144,99.10555555555555,0.464210194362047,1,0.0,0.3466459710989253,0.9791782637458706,116,1530.0
gebco_cascadia_margin_moderate,GEBCO Cascadia Margin,Adaptive Spacing w/o GA,moderate_noise,145,98.84444444444445,0.26317278548900586,1,0.0,-0.13775058103092902,0.9609622002868068,116,1530.0
gebco_cascadia_margin_moderate,GEBCO Cascadia Margin,Adaptive Spacing w/o GA,moderate_noise,146,99.02777777777779,0.4103854490810699,1,0.0,0.28366098357163644,1.0066582923521772,116,1530.0
gebco_cascadia_margin_moderate,GEBCO Cascadia Margin,Adaptive Spacing w/o GA,moderate_noise,147,99.33333333333333,0.8506508563365268,1,0.0,-0.4240959588398565,1.016964529231449,116,1530.0
gebco_cascadia_margin_moderate,GEBCO Cascadia Margin,Adaptive Spacing w/o GA,moderate_noise,148,99.00555555555556,0.34713672122052025,1,0.0,0.43420162024604436,0.9714034557327209,116,1530.0
gebco_cascadia_margin_moderate,GEBCO Cascadia Margin,Adaptive Spacing w/o GA,moderate_noise,149,98.85555555555555,0.40060635583633425,1,0.0,0.2877741890841138,0.9919755215885796,116,1530.0
gebco_cascadia_margin_moderate,GEBCO Cascadia Margin,Adaptive Spacing w/o GA,moderate_noise,150,98.87777777777778,0.6815482579464394,1,0.0,-0.3238021101223637,0.972883813222783,116,1530.0
gebco_cascadia_margin_moderate,GEBCO Cascadia Margin,Adaptive Spacing w/o GA,moderate_noise,151,98.90555555555555,0.7765642378134162,1,0.0,0.12757490554093853,1.0067776809890667,116,1530.0
gebco_cascadia_margin_moderate,GEBCO Cascadia Margin,Adaptive Spacing w/o GA,moderate_noise,152,99.1,0.8270723065813766,1,0.0,0.4127084594585844,1.0265886852822332,116,1530.0
gebco_cascadia_margin_moderate,GEBCO Cascadia Margin,Adaptive Spacing w/o GA,moderate_noise,153,99.33333333333333,0.5526116094635797,1,0.0,-0.30388128515122015,1.0132748959956681,116,1530.0
gebco_cascadia_margin_moderate,GEBCO Cascadia Margin,Adaptive Spacing w/o GA,moderate_noise,154,99.13888888888889,0.8216442142110234,1,0.0,-0.10402611421915889,0.9924914950542263,116,1530.0
gebco_cascadia_margin_moderate,GEBCO Cascadia Margin,Adaptive Spacing w/o GA,moderate_noise,155,99.33333333333333,1.2428544405416873,1,0.0,-0.32934096533169155,1.0387736889981827,116,1530.0
gebco_cascadia_margin_moderate,GEBCO Cascadia Margin,Adaptive Spacing w/o GA,moderate_noise,156,98.55000000000001,0.3699187040530029,1,0.0,0.15922718990126322,0.980752726624679,116,1530.0
gebco_cascadia_margin_moderate,GEBCO Cascadia Margin,Adaptive Spacing w/o GA,moderate_noise,157,99.33333333333333,2.132849752097134,1,0.0,-0.13016860066972047,1.0704645932107246,116,1530.0
gebco_cascadia_margin_moderate,GEBCO Cascadia Margin,Adaptive Spacing w/o GA,moderate_noise,158,99.07222222222222,0.10169078721787504,1,0.0,0.1854667682011703,0.9430063591815067,116,1530.0
gebco_cascadia_margin_moderate,GEBCO Cascadia Margin,Adaptive Spacing w/o GA,moderate_noise,159,99.24444444444444,0.9875523883226673,1,0.0,0.09491309543319598,1.0336251401837795,116,1530.0
gebco_cascadia_margin_moderate,GEBCO Cascadia Margin,Adaptive Spacing w/o GA,moderate_noise,160,99.33333333333333,1.3176657799153775,1,0.0,-0.044964533736987014,1.0415147609989608,116,1530.0
gebco_cascadia_margin_moderate,GEBCO Cascadia Margin,Adaptive Spacing w/o GA,moderate_noise,161,99.16111111111111,0.14440022819648624,1,0.0,-0.303298994052372,0.9528097241243463,116,1530.0
gebco_cascadia_margin_moderate,GEBCO Cascadia Margin,Adaptive Spacing w/o GA,moderate_noise,162,99.33333333333333,1.0579695756747705,1,0.0,0.014694053995608785,1.008109206352339,116,1530.0
gebco_cascadia_margin_moderate,GEBCO Cascadia Margin,Adaptive Spacing w/o GA,moderate_noise,163,98.91111111111111,0.5118908375726945,1,0.0,0.5979803843173125,0.9737774528490929,116,1530.0
gebco_cascadia_margin_moderate,GEBCO Cascadia Margin,Adaptive Spacing w/o GA,moderate_noise,164,98.58888888888889,0.6472260865799673,1,0.0,0.22621861489907855,0.9953207796544631,116,1530.0
gebco_cascadia_margin_moderate,GEBCO Cascadia Margin,Adaptive Spacing w/o GA,moderate_noise,165,98.66666666666667,1.2842092673415804,1,0.0,-0.0014556746415508247,1.0226603210548029,116,1530.0
gebco_cascadia_margin_moderate,GEBCO Cascadia Margin,Adaptive Spacing w/o GA,moderate_noise,166,98.7,0.2788260479040702,1,0.0,-0.042359442646124165,0.9705486171180159,116,1530.0
gebco_cascadia_margin_moderate,GEBCO Cascadia Margin,Adaptive Spacing w/o GA,moderate_noise,167,98.53888888888889,0.17192408163382067,1,0.0,-0.5116596008135855,0.9372329482295603,116,1530.0
gebco_cascadia_margin_moderate,GEBCO Cascadia Margin,Adaptive Spacing w/o GA,moderate_noise,168,99.32777777777778,1.0067520579095863,1,0.0,-0.23792556399017337,1.022418447909583,116,1530.0
gebco_cascadia_margin_moderate,GEBCO Cascadia Margin,Adaptive Spacing w/o GA,moderate_noise,169,99.32777777777778,0.23322494612569972,1,0.0,-0.14055064926244368,0.9812804787395488,116,1530.0
gebco_cascadia_margin_moderate,GEBCO Cascadia Margin,Adaptive Spacing w/o GA,moderate_noise,170,99.23333333333333,1.161000134879096,1,0.0,0.042175633546176684,1.0134097570317768,116,1530.0
gebco_cascadia_margin_moderate,GEBCO Cascadia Margin,Adaptive Spacing w/o GA,moderate_noise,171,99.08333333333333,0.2165205063412875,1,0.0,-0.5786183233701117,0.965442025090756,116,1530.0
gebco_cascadia_margin_moderate,GEBCO Cascadia Margin,Adaptive Spacing w/o GA,moderate_noise,172,98.65,0.4971447520580804,1,0.0,0.14575822782125838,1.005935110908988,116,1530.0
gebco_cascadia_margin_moderate,GEBCO Cascadia Margin,Adaptive Spacing w/o GA,moderate_noise,173,98.83888888888889,0.3370086824106425,1,0.0,-1.0022083223395846,0.9854825625171718,116,1530.0
gebco_cascadia_margin_moderate,GEBCO Cascadia Margin,Adaptive Spacing w/o GA,moderate_noise,174,98.63333333333333,0.13797503118869728,1,0.0,-1.0604555292748312,0.9502400990258923,116,1530.0
gebco_cascadia_margin_moderate,GEBCO Cascadia Margin,Adaptive Spacing w/o GA,moderate_noise,175,99.0,0.3766182661631119,1,0.0,0.290083993580753,0.9657242538119006,116,1530.0
gebco_cascadia_margin_moderate,GEBCO Cascadia Margin,Adaptive Spacing w/o GA,moderate_noise,176,98.90555555555555,0.6042542826255465,1,0.0,0.16112506722677392,1.0051699994457057,116,1530.0
gebco_cascadia_margin_moderate,GEBCO Cascadia Margin,Adaptive Spacing w/o GA,moderate_noise,177,99.29444444444444,0.23526552842005666,1,0.0,-0.2305375394418581,0.9732110821389204,116,1530.0
gebco_cascadia_margin_moderate,GEBCO Cascadia Margin,Adaptive Spacing w/o GA,moderate_noise,178,98.9,0.44066708400736226,1,0.0,-0.9347154299211258,0.9953185238008155,116,1530.0
gebco_cascadia_margin_moderate,GEBCO Cascadia Margin,Adaptive Spacing w/o GA,moderate_noise,179,98.92222222222222,0.7468168089314868,1,0.0,0.2626354923240071,0.9956763711366512,116,1530.0
gebco_cascadia_margin_moderate,GEBCO Cascadia Margin,Adaptive Spacing w/o GA,moderate_noise,180,99.2,0.2879685403851674,1,0.0,-0.36154144703853847,0.989660914814745,116,1530.0
gebco_cascadia_margin_moderate,GEBCO Cascadia Margin,Adaptive Spacing w/o GA,moderate_noise,181,99.23333333333333,0.18545619225964027,1,0.0,-0.25294904513606264,0.9643388464072407,116,1530.0
gebco_cascadia_margin_moderate,GEBCO Cascadia Margin,Adaptive Spacing w/o GA,moderate_noise,182,98.94444444444444,0.6774449024939141,1,0.0,0.5121966761591842,0.9914148298411075,116,1530.0
gebco_cascadia_margin_moderate,GEBCO Cascadia Margin,Adaptive Spacing w/o GA,moderate_noise,183,99.17777777777778,0.13934067143668863,1,0.0,-0.20003036389419168,0.9525877680570995,116,1530.0
gebco_cascadia_margin_moderate,GEBCO Cascadia Margin,Adaptive Spacing w/o GA,moderate_noise,184,99.12222222222222,1.797190979749297,1,0.0,0.4694972647572064,1.0510184582259996,116,1530.0
gebco_cascadia_margin_moderate,GEBCO Cascadia Margin,Adaptive Spacing w/o GA,moderate_noise,185,98.97777777777777,0.3943984834106744,1,0.0,0.4906636745033284,0.9733285457915496,116,1530.0
gebco_cascadia_margin_moderate,GEBCO Cascadia Margin,Adaptive Spacing w/o GA,moderate_noise,186,99.08333333333333,1.1247255330944266,1,0.0,0.005471672354583161,1.0148395695179335,116,1530.0
gebco_cascadia_margin_moderate,GEBCO Cascadia Margin,Adaptive Spacing w/o GA,moderate_noise,187,98.93333333333332,1.7212721943366125,1,0.0,-0.7402361456625758,1.0279203390704474,116,1530.0
gebco_cascadia_margin_moderate,GEBCO Cascadia Margin,Adaptive Spacing w/o GA,moderate_noise,188,99.09444444444443,0.19898505347708992,1,0.0,0.4827753296003269,0.9876873570283662,116,1530.0
gebco_cascadia_margin_moderate,GEBCO Cascadia Margin,Adaptive Spacing w/o GA,moderate_noise,189,98.72222222222223,0.13818904422406625,1,0.0,0.8090189073766556,0.9408572774287668,116,1530.0
gebco_cascadia_margin_moderate,GEBCO Cascadia Margin,Adaptive Spacing w/o GA,moderate_noise,190,98.95,0.4406741794807459,1,0.0,0.1889528683248725,0.9876303155581315,116,1530.0
gebco_cascadia_margin_moderate,GEBCO Cascadia Margin,Adaptive Spacing w/o GA,moderate_noise,191,99.1,0.4392669569412237,1,0.0,0.3190816354819387,0.981879205099292,116,1530.0
gebco_cascadia_margin_moderate,GEBCO Cascadia Margin,Adaptive Spacing w/o GA,moderate_noise,192,99.12777777777778,0.5985906694293889,1,0.0,0.43072351195077346,1.0144672117988869,116,1530.0
gebco_cascadia_margin_moderate,GEBCO Cascadia Margin,Adaptive Spacing w/o GA,moderate_noise,193,98.66666666666667,0.4329050239864722,1,0.0,0.06278768577642957,0.975472731551553,116,1530.0
gebco_cascadia_margin_moderate,GEBCO Cascadia Margin,Adaptive Spacing w/o GA,moderate_noise,194,98.66666666666667,1.9024121666499942,1,0.0,0.0142633402573298,1.0574574156394196,116,1530.0
gebco_cascadia_margin_moderate,GEBCO Cascadia Margin,Adaptive Spacing w/o GA,moderate_noise,195,99.33333333333333,0.6520715155275162,1,0.0,-0.06559328951515704,0.9793118325838627,116,1530.0
gebco_cascadia_margin_moderate,GEBCO Cascadia Margin,Adaptive Spacing w/o GA,moderate_noise,196,98.93333333333332,0.8887913248977378,1,0.0,-0.8389857624136824,1.0058173970504916,116,1530.0
gebco_cascadia_margin_moderate,GEBCO Cascadia Margin,Adaptive Spacing w/o GA,moderate_noise,197,99.07222222222222,0.2688544731356785,1,0.0,-0.6139115863080292,0.9981130514652835,116,1530.0
gebco_cascadia_margin_moderate,GEBCO Cascadia Margin,Adaptive Spacing w/o GA,moderate_noise,198,99.03333333333333,0.8828398829527622,1,0.0,-0.740815183378283,1.0068186405586856,116,1530.0
gebco_cascadia_margin_moderate,GEBCO Cascadia Margin,Adaptive Spacing w/o GA,moderate_noise,199,98.73888888888888,0.23818009760214226,1,0.0,0.24406642295178063,0.9749186218163396,116,1530.0
gebco_cascadia_margin_moderate,GEBCO Cascadia Margin,Adaptive Spacing w/o GA,moderate_noise,200,99.33333333333333,0.14908121146972872,1,0.0,-0.030030303577769278,0.9513276441973858,116,1530.0
gebco_cascadia_margin_moderate,GEBCO Cascadia Margin,Adaptive Spacing w/o GA,moderate_noise,201,98.96666666666667,0.3560888244421538,1,0.0,0.5061488405594284,0.9824663704527345,116,1530.0
gebco_cascadia_margin_moderate,GEBCO Cascadia Margin,Adaptive Spacing w/o GA,moderate_noise,202,99.13333333333333,0.4340080119427729,1,0.0,-0.3511405840557903,0.9925120469562658,116,1530.0
gebco_cascadia_margin_moderate,GEBCO Cascadia Margin,Adaptive Spacing w/o GA,moderate_noise,203,98.93333333333332,0.49710864061886284,1,0.0,-0.8988752206219758,0.9945450459866936,116,1530.0
gebco_cascadia_margin_moderate,GEBCO Cascadia Margin,Adaptive Spacing w/o GA,moderate_noise,204,99.01666666666667,0.46779319554693777,1,0.0,0.31715487868480735,1.0004254055609119,116,1530.0
gebco_cascadia_margin_moderate,GEBCO Cascadia Margin,Adaptive Spacing w/o GA,moderate_noise,205,98.68333333333334,0.059953530986703675,1,0.0,0.22251588206025055,0.9427132645333587,116,1530.0
gebco_cascadia_margin_moderate,GEBCO Cascadia Margin,Adaptive Spacing w/o GA,moderate_noise,206,99.04444444444445,1.002337264007118,1,0.0,-0.730283609756669,1.0188562116079296,116,1530.0
gebco_cascadia_margin_moderate,GEBCO Cascadia Margin,Adaptive Spacing w/o GA,moderate_noise,207,98.99444444444444,1.1473200424187424,1,0.0,0.06520369972443037,1.0312027659464031,116,1530.0
gebco_cascadia_margin_moderate,GEBCO Cascadia Margin,Adaptive Spacing w/o GA,moderate_noise,208,98.98333333333333,1.1619914246420664,1,0.0,0.09949971932536343,1.022819864039045,116,1530.0
gebco_cascadia_margin_moderate,GEBCO Cascadia Margin,Adaptive Spacing w/o GA,moderate_noise,209,99.33333333333333,2.1533972578559486,1,0.0,-0.2628803449541667,1.0623818260509887,116,1530.0
gebco_cascadia_margin_moderate,GEBCO Cascadia Margin,Adaptive Spacing w/o GA,moderate_noise,210,98.99444444444444,1.0225430106589621,1,0.0,0.5860521840451725,1.018943956266505,116,1530.0
gebco_cascadia_margin_moderate,GEBCO Cascadia Margin,Adaptive Spacing w/o GA,moderate_noise,211,99.00555555555556,0.31039674159367664,1,0.0,0.7756100601084441,0.9854918423690133,116,1530.0
gebco_cascadia_margin_moderate,GEBCO Cascadia Margin,Adaptive Spacing w/o GA,moderate_noise,212,98.65555555555555,0.3620915500463239,1,0.0,0.06356231036897753,0.9956212719614331,116,1530.0
gebco_cascadia_margin_moderate,GEBCO Cascadia Margin,Adaptive Spacing w/o GA,moderate_noise,213,99.23333333333333,0.5774824460006971,1,0.0,0.4519327603818805,0.990288420982487,116,1530.0
gebco_cascadia_margin_moderate,GEBCO Cascadia Margin,Adaptive Spacing w/o GA,moderate_noise,214,99.13888888888889,1.4545194931267502,1,0.0,-0.5840779916777381,1.0382673490928864,116,1530.0
gebco_cascadia_margin_moderate,GEBCO Cascadia Margin,Adaptive Spacing w/o GA,moderate_noise,215,98.89444444444445,0.5595794686565088,1,0.0,0.8271041691189293,0.9915655449956768,116,1530.0
gebco_cascadia_margin_moderate,GEBCO Cascadia Margin,Adaptive Spacing w/o GA,moderate_noise,216,99.06111111111112,0.5859301175618101,1,0.0,-0.6304657116455982,0.9922267173766652,116,1530.0
gebco_cascadia_margin_moderate,GEBCO Cascadia Margin,Adaptive Spacing w/o GA,moderate_noise,217,98.90555555555555,0.5353052426021346,1,0.0,0.7333814144430713,0.9916303015738701,116,1530.0
gebco_cascadia_margin_moderate,GEBCO Cascadia Margin,Adaptive Spacing w/o GA,moderate_noise,218,99.3,0.40442028433464455,1,0.0,-0.3459784408138817,0.9899826737591604,116,1530.0
gebco_cascadia_margin_moderate,GEBCO Cascadia Margin,Adaptive Spacing w/o GA,moderate_noise,219,98.87222222222222,0.8417855756632978,1,0.0,0.21009070379324946,1.017200046284945,116,1530.0
gebco_cascadia_margin_moderate,GEBCO Cascadia Margin,Adaptive Spacing w/o GA,moderate_noise,220,98.66666666666667,0.7256405971311792,1,0.0,-0.0004258943513833794,0.9993412144071772,116,1530.0
gebco_cascadia_margin_moderate,GEBCO Cascadia Margin,Adaptive Spacing w/o GA,moderate_noise,221,99.00555555555556,1.1884999672200578,1,0.0,0.9542778628632723,1.0260528465402496,116,1530.0
gebco_cascadia_margin_moderate,GEBCO Cascadia Margin,Adaptive Spacing w/o GA,moderate_noise,222,99.02222222222223,0.3313447888644373,1,0.0,-0.20211383070232075,0.9575700420077938,116,1530.0
gebco_cascadia_margin_moderate,GEBCO Cascadia Margin,Adaptive Spacing w/o GA,moderate_noise,223,98.86666666666667,0.21496967981218065,1,0.0,0.8072632813347699,0.9622334212084805,116,1530.0
gebco_cascadia_margin_moderate,GEBCO Cascadia Margin,Adaptive Spacing w/o GA,moderate_noise,224,99.3,0.4856437160950348,1,0.0,-0.37973884416738796,1.0027669544661229,116,1530.0
gebco_cascadia_margin_moderate,GEBCO Cascadia Margin,Adaptive Spacing w/o GA,moderate_noise,225,99.21666666666667,0.48743546253113657,1,0.0,-0.2028163604406627,1.0027914070636996,116,1530.0
gebco_cascadia_margin_moderate,GEBCO Cascadia Margin,Adaptive Spacing w/o GA,moderate_noise,226,99.13888888888889,0.6521957620722709,1,0.0,-0.4715439044271793,0.9994863022757643,116,1530.0
gebco_cascadia_margin_moderate,GEBCO Cascadia Margin,Adaptive Spacing w/o GA,moderate_noise,227,98.93888888888888,0.5075119933294261,1,0.0,-0.8508906646144573,0.984678726569311,116,1530.0
gebco_cascadia_margin_moderate,GEBCO Cascadia Margin,Adaptive Spacing w/o GA,moderate_noise,228,99.15,1.1174379882318142,1,0.0,-0.45011657756069506,1.021043369667788,116,1530.0
gebco_cascadia_margin_moderate,GEBCO Cascadia Margin,Adaptive Spacing w/o GA,moderate_noise,229,99.07777777777778,0.18603960061835426,1,0.0,0.32487415739387215,0.961146375615084,116,1530.0
gebco_cascadia_margin_moderate,GEBCO Cascadia Margin,Adaptive Spacing w/o GA,moderate_noise,230,98.66666666666667,1.0674313182610693,1,0.0,0.01955395437626619,1.0214303320226448,116,1530.0
gebco_cascadia_margin_moderate,GEBCO Cascadia Margin,Adaptive Spacing w/o GA,moderate_noise,231,99.15555555555555,0.32221437601287517,1,0.0,-0.1122692843352829,0.9697891558391263,116,1530.0
gebco_cascadia_margin_moderate,GEBCO Cascadia Margin,Adaptive Spacing w/o GA,moderate_noise,232,98.66666666666667,1.201101357254481,1,0.0,0.15421885218666562,1.026254540116075,116,1530.0
gebco_cascadia_margin_moderate,GEBCO Cascadia Margin,Adaptive Spacing w/o GA,moderate_noise,233,99.25555555555555,0.7957287254425736,1,0.0,-0.3050677433121217,1.009646463208649,116,1530.0
gebco_cascadia_margin_moderate,GEBCO Cascadia Margin,Adaptive Spacing w/o GA,moderate_noise,234,98.93333333333332,0.5060355070403911,1,0.0,0.7505035697767246,0.9949946442982338,116,1530.0
gebco_cascadia_margin_moderate,GEBCO Cascadia Margin,Adaptive Spacing w/o GA,moderate_noise,235,99.16666666666667,2.0878207649315805,1,0.0,-0.6430348331921985,1.0477704345138055,116,1530.0
gebco_cascadia_margin_moderate,GEBCO Cascadia Margin,Adaptive Spacing w/o GA,moderate_noise,236,98.90555555555555,1.1386385139440234,1,0.0,-0.790879203116514,1.0208162156311154,116,1530.0
gebco_cascadia_margin_moderate,GEBCO Cascadia Margin,Adaptive Spacing w/o GA,moderate_noise,237,98.66111111111111,0.15253969337833434,1,0.0,0.5242770926831164,0.9475005864388601,116,1530.0
gebco_cascadia_margin_moderate,GEBCO Cascadia Margin,Adaptive Spacing w/o GA,moderate_noise,238,99.06666666666666,0.5832276427105819,1,0.0,-0.5405506953609565,0.996515560839009,116,1530.0
gebco_cascadia_margin_moderate,GEBCO Cascadia Margin,Adaptive Spacing w/o GA,moderate_noise,239,98.96666666666667,1.2823045556359756,1,0.0,-0.7807186892301788,1.019520932657875,116,1530.0
gebco_cascadia_margin_moderate,GEBCO Cascadia Margin,Adaptive Spacing w/o GA,moderate_noise,240,99.1,2.2124588477612828,1,0.0,0.28650772230983296,1.0536082759373044,116,1530.0
gebco_cascadia_margin_moderate,GEBCO Cascadia Margin,Adaptive Spacing w/o GA,moderate_noise,241,98.92777777777778,0.30427909374550444,1,0.0,-0.7863946857205814,0.9720287953722683,116,1530.0
gebco_cascadia_margin_moderate,GEBCO Cascadia Margin,Adaptive Spacing w/o GA,moderate_noise,242,99.05555555555556,0.8319233238948573,1,0.0,-0.4642811456287391,1.0140107878731033,116,1530.0
gebco_cascadia_margin_moderate,GEBCO Cascadia Margin,Adaptive Spacing w/o GA,moderate_noise,243,99.02222222222223,0.7195232890310831,1,0.0,0.7720555358530504,0.9921850421473564,116,1530.0
gebco_cascadia_margin_moderate,GEBCO Cascadia Margin,Adaptive Spacing w/o GA,moderate_noise,244,99.28333333333333,0.855283922425901,1,0.0,-0.33708870765304655,1.0113742676195134,116,1530.0
gebco_cascadia_margin_moderate,GEBCO Cascadia Margin,Adaptive Spacing w/o GA,moderate_noise,245,98.9,0.44618983715191735,1,0.0,-0.8032393585714783,0.9929872219778214,116,1530.0
gebco_cascadia_margin_moderate,GEBCO Cascadia Margin,Adaptive Spacing w/o GA,moderate_noise,246,99.3111111111111,0.2941027373860578,1,0.0,-0.3455366908814698,0.9772200887003379,116,1530.0
gebco_cascadia_margin_moderate,GEBCO Cascadia Margin,Adaptive Spacing w/o GA,moderate_noise,247,99.10555555555555,1.6827246963275897,1,0.0,0.15272867739458185,1.0448029126220009,116,1530.0
gebco_cascadia_margin_moderate,GEBCO Cascadia Margin,Adaptive Spacing w/o GA,moderate_noise,248,98.66111111111111,0.10768268792781556,1,0.0,1.2448453527824295,0.9556164998115769,116,1530.0
gebco_cascadia_margin_moderate,GEBCO Cascadia Margin,Adaptive Spacing w/o GA,moderate_noise,249,99.15555555555555,0.7883431399077201,1,0.0,0.29550836047200135,1.0119363191996986,116,1530.0
gebco_cascadia_margin_moderate,GEBCO Cascadia Margin,Adaptive Spacing w/o GA,moderate_noise,250,98.55000000000001,0.45294893697137983,1,0.0,0.08599544947988426,0.9687220109844502,116,1530.0
gebco_cascadia_margin_moderate,GEBCO Cascadia Margin,Adaptive Spacing w/o GA,moderate_noise,251,98.92222222222222,0.22177053035677433,1,0.0,0.3138768902833362,0.9658863947315219,116,1530.0
gebco_cascadia_margin_moderate,GEBCO Cascadia Margin,Adaptive Spacing w/o GA,moderate_noise,252,99.09444444444443,0.6982112704076848,1,0.0,-0.6364857605850219,0.9992948604519021,116,1530.0
gebco_cascadia_margin_moderate,GEBCO Cascadia Margin,Adaptive Spacing w/o GA,moderate_noise,253,98.80555555555556,0.07421221638170718,1,0.0,0.4527887826018606,0.9478441941287525,116,1530.0
gebco_cascadia_margin_moderate,GEBCO Cascadia Margin,Adaptive Spacing w/o GA,moderate_noise,254,99.07777777777778,0.5390143327137243,1,0.0,-0.15364403341060828,0.9892267118365017,116,1530.0
gebco_cascadia_margin_moderate,GEBCO Cascadia Margin,Adaptive Spacing w/o GA,moderate_noise,255,98.78333333333333,0.4414323312672178,1,0.0,0.05765082880074422,0.9753543761932078,116,1530.0
gebco_cascadia_margin_moderate,GEBCO Cascadia Margin,Adaptive Spacing w/o GA,moderate_noise,256,98.75,0.08413554119584916,1,0.0,-0.1650569530679476,0.9109045291150437,116,1530.0
gebco_cascadia_margin_moderate,GEBCO Cascadia Margin,Adaptive Spacing w/o GA,moderate_noise,257,99.02777777777779,1.268407985362018,1,0.0,-0.7154784663752437,1.0202840907252955,116,1530.0
gebco_cascadia_margin_moderate,GEBCO Cascadia Margin,Adaptive Spacing w/o GA,moderate_noise,258,99.07222222222222,0.409729256674366,1,0.0,-0.43675751992834044,0.9716651602078352,116,1530.0
gebco_cascadia_margin_moderate,GEBCO Cascadia Margin,Adaptive Spacing w/o GA,moderate_noise,259,99.05000000000001,1.2557359944054114,1,0.0,-0.7221995293262267,1.031155207138982,116,1530.0
gebco_cascadia_margin_moderate,GEBCO Cascadia Margin,Adaptive Spacing w/o GA,moderate_noise,260,99.33333333333333,1.4675319117321521,1,0.0,-0.16937118814267338,1.0465459664742287,116,1530.0
gebco_cascadia_margin_moderate,GEBCO Cascadia Margin,Adaptive Spacing w/o GA,moderate_noise,261,98.87222222222222,0.4467843037222989,1,0.0,-0.14018810190227962,0.974807681092621,116,1530.0
gebco_cascadia_margin_moderate,GEBCO Cascadia Margin,Adaptive Spacing w/o GA,moderate_noise,262,99.22777777777779,1.060645708072378,1,0.0,-0.3096158967128345,1.0263130619012684,116,1530.0
gebco_cascadia_margin_moderate,GEBCO Cascadia Margin,Adaptive Spacing w/o GA,moderate_noise,263,98.78333333333333,0.07372303165930467,1,0.0,0.4985625474527486,0.9483763806066337,116,1530.0
gebco_cascadia_margin_moderate,GEBCO Cascadia Margin,Adaptive Spacing w/o GA,moderate_noise,264,98.66666666666667,1.3149036764476956,1,0.0,0.1354687668411037,1.0273792599627494,116,1530.0
gebco_cascadia_margin_moderate,GEBCO Cascadia Margin,Adaptive Spacing w/o GA,moderate_noise,265,99.17222222222222,1.0826506884160514,1,0.0,0.46491085706134655,1.0242037959203012,116,1530.0
gebco_cascadia_margin_moderate,GEBCO Cascadia Margin,Adaptive Spacing w/o GA,moderate_noise,266,99.00555555555556,1.451174384628951,1,0.0,0.2355262224818415,1.0316577974893322,116,1530.0
gebco_cascadia_margin_moderate,GEBCO Cascadia Margin,Adaptive Spacing w/o GA,moderate_noise,267,98.81111111111112,0.0966358722425497,1,0.0,0.06704714181238199,0.9602593283579665,116,1530.0
gebco_cascadia_margin_moderate,GEBCO Cascadia Margin,Adaptive Spacing w/o GA,moderate_noise,268,98.66666666666667,1.4608810470591092,1,0.0,-0.03749995516662339,1.0489239909422399,116,1530.0
gebco_cascadia_margin_moderate,GEBCO Cascadia Margin,Adaptive Spacing w/o GA,moderate_noise,269,99.12777777777778,1.0143013602429405,1,0.0,-0.5896391381928711,1.0118480672159444,116,1530.0
gebco_cascadia_margin_moderate,GEBCO Cascadia Margin,Adaptive Spacing w/o GA,moderate_noise,270,99.09444444444443,0.8008808629936599,1,0.0,-0.0298362702409949,1.009788933254692,116,1530.0
gebco_cascadia_margin_moderate,GEBCO Cascadia Margin,Adaptive Spacing w/o GA,moderate_noise,271,99.03333333333333,1.3502915970511284,1,0.0,0.7449574293298582,1.0300476922061723,116,1530.0
gebco_cascadia_margin_moderate,GEBCO Cascadia Margin,Adaptive Spacing w/o GA,moderate_noise,272,99.04444444444445,0.5403218284532695,1,0.0,0.6319963890989438,0.9819160077280695,116,1530.0
gebco_cascadia_margin_moderate,GEBCO Cascadia Margin,Adaptive Spacing w/o GA,moderate_noise,273,99.21666666666667,0.5047205536730198,1,0.0,0.3473156612605949,1.0059169387356477,116,1530.0
gebco_cascadia_margin_moderate,GEBCO Cascadia Margin,Adaptive Spacing w/o GA,moderate_noise,274,98.75,0.39238147185914213,1,0.0,0.7315832595413686,0.9641595347099488,116,1530.0
gebco_cascadia_margin_moderate,GEBCO Cascadia Margin,Adaptive Spacing w/o GA,moderate_noise,275,99.16111111111111,0.4226891481394363,1,0.0,-0.34257948619234196,0.9619454017506671,116,1530.0
gebco_cascadia_margin_moderate,GEBCO Cascadia Margin,Adaptive Spacing w/o GA,moderate_noise,276,99.19444444444444,0.8732817899325047,1,0.0,-0.4498827676293345,1.0068964442307222,116,1530.0
gebco_cascadia_margin_moderate,GEBCO Cascadia Margin,Adaptive Spacing w/o GA,moderate_noise,277,99.21666666666667,0.5788229185933741,1,0.0,-0.33909081118015066,1.0160404025597392,116,1530.0
gebco_cascadia_margin_moderate,GEBCO Cascadia Margin,Adaptive Spacing w/o GA,moderate_noise,278,99.01666666666667,0.6688062185021992,1,0.0,0.4442945518386969,0.9916339847429576,116,1530.0
gebco_cascadia_margin_moderate,GEBCO Cascadia Margin,Adaptive Spacing w/o GA,moderate_noise,279,99.04444444444445,0.2703907120701552,1,0.0,0.21436163644415065,0.9906441999535412,116,1530.0
gebco_cascadia_margin_moderate,GEBCO Cascadia Margin,Adaptive Spacing w/o GA,moderate_noise,280,99.11666666666666,0.4588483185682043,1,0.0,0.41283490015698493,0.9796639583925981,116,1530.0
gebco_cascadia_margin_moderate,GEBCO Cascadia Margin,Adaptive Spacing w/o GA,moderate_noise,281,98.85555555555555,0.1588701783134761,1,0.0,-0.6781900664461702,0.9587065329362608,116,1530.0
gebco_cascadia_margin_moderate,GEBCO Cascadia Margin,Adaptive Spacing w/o GA,moderate_noise,282,99.12222222222222,0.5584770270771864,1,0.0,0.6010149225252094,0.9791881521972434,116,1530.0
gebco_cascadia_margin_moderate,GEBCO Cascadia Margin,Adaptive Spacing w/o GA,moderate_noise,283,98.9888888888889,1.3850033933972863,1,0.0,0.016978321733260034,1.0347574047933825,116,1530.0
gebco_cascadia_margin_moderate,GEBCO Cascadia Margin,Adaptive Spacing w/o GA,moderate_noise,284,99.27777777777777,0.53306891062274,1,0.0,-0.46973583551476394,0.9889188901205954,116,1530.0
gebco_cascadia_margin_moderate,GEBCO Cascadia Margin,Adaptive Spacing w/o GA,moderate_noise,285,98.75,0.5335407105753627,1,0.0,1.1391226862410018,0.9894943135829781,116,1530.0
gebco_cascadia_margin_moderate,GEBCO Cascadia Margin,Adaptive Spacing w/o GA,moderate_noise,286,99.33333333333333,2.2154899957094276,1,0.0,-0.06952909773734942,1.0616672370585298,116,1530.0
gebco_cascadia_margin_moderate,GEBCO Cascadia Margin,Adaptive Spacing w/o GA,moderate_noise,287,98.85000000000001,0.09072638580560918,1,0.0,-0.2579807935562206,0.9634118932289663,116,1530.0
gebco_cascadia_margin_moderate,GEBCO Cascadia Margin,Adaptive Spacing w/o GA,moderate_noise,288,99.12222222222222,0.3302430438244289,1,0.0,-0.5022949438115579,0.9893539552132551,116,1530.0
gebco_cascadia_margin_moderate,GEBCO Cascadia Margin,Adaptive Spacing w/o GA,moderate_noise,289,99.16111111111111,0.8999335735678332,1,0.0,-0.37252522855635395,1.022193974804771,116,1530.0
gebco_cascadia_margin_moderate,GEBCO Cascadia Margin,Adaptive Spacing w/o GA,moderate_noise,290,99.16666666666667,0.15839139931255167,1,0.0,0.4147450709480754,0.966066123160505,116,1530.0
gebco_cascadia_margin_moderate,GEBCO Cascadia Margin,Adaptive Spacing w/o GA,moderate_noise,291,98.71111111111112,0.9146351990477346,1,0.0,1.4121552212204471,0.997777410781217,116,1530.0
gebco_cascadia_margin_moderate,GEBCO Cascadia Margin,Adaptive Spacing w/o GA,moderate_noise,292,99.33333333333333,1.2235471403455191,1,0.0,0.03757327018812588,1.0337943657384467,116,1530.0
gebco_cascadia_margin_moderate,GEBCO Cascadia Margin,Adaptive Spacing w/o GA,moderate_noise,293,98.85000000000001,0.2635710274787003,1,0.0,0.40418411631720247,0.9661161453039737,116,1530.0
gebco_cascadia_margin_moderate,GEBCO Cascadia Margin,Adaptive Spacing w/o GA,moderate_noise,294,99.0,0.5926764962757631,1,0.0,-0.7672439902467844,0.9993456856653732,116,1530.0
gebco_cascadia_margin_moderate,GEBCO Cascadia Margin,Adaptive Spacing w/o GA,moderate_noise,295,98.72222222222223,0.12601742647489636,1,0.0,0.2275248664288825,0.9561529398080015,116,1530.0
gebco_cascadia_margin_moderate,GEBCO Cascadia Margin,Adaptive Spacing w/o GA,moderate_noise,296,98.93333333333332,0.19104282954251478,1,0.0,0.5942962171293815,0.9477217478129069,116,1530.0
gebco_cascadia_margin_moderate,GEBCO Cascadia Margin,Adaptive Spacing w/o GA,moderate_noise,297,98.81666666666666,0.45041656494322935,1,0.0,-0.5150938363977087,0.984604161229485,116,1530.0
gebco_cascadia_margin_moderate,GEBCO Cascadia Margin,Adaptive Spacing w/o GA,moderate_noise,298,98.85000000000001,0.3182972600452225,1,0.0,0.16913624560850923,0.978572838027317,116,1530.0
gebco_cascadia_margin_moderate,GEBCO Cascadia Margin,Adaptive Spacing w/o GA,moderate_noise,299,99.31666666666666,1.1062073130374819,1,0.0,-0.30953649739826994,1.0326134941225518,116,1530.0
gebco_cascadia_margin_moderate,GEBCO Cascadia Margin,Adaptive Spacing w/o GA,strong_noise,0,97.24444444444444,2.6984311218731243,1,0.0,-1.1578145866483684,0.9903234664143389,116,1530.0
gebco_cascadia_margin_moderate,GEBCO Cascadia Margin,Adaptive Spacing w/o GA,strong_noise,1,98.0611111111111,3.778625743423917,0,0.0,-0.6434559779965312,1.0312673622354418,116,1530.0
gebco_cascadia_margin_moderate,GEBCO Cascadia Margin,Adaptive Spacing w/o GA,strong_noise,2,97.17777777777778,1.5026936479288378,1,0.0,0.6146504366262494,0.9418634613614858,116,1530.0
gebco_cascadia_margin_moderate,GEBCO Cascadia Margin,Adaptive Spacing w/o GA,strong_noise,3,96.94444444444444,2.6248563646640584,0,0.0,-0.8113915876070027,0.9701300223823883,116,1530.0
gebco_cascadia_margin_moderate,GEBCO Cascadia Margin,Adaptive Spacing w/o GA,strong_noise,4,97.61666666666666,1.5871911848425346,1,0.0,-0.140969896546458,0.9468499010240289,116,1530.0
gebco_cascadia_margin_moderate,GEBCO Cascadia Margin,Adaptive Spacing w/o GA,strong_noise,5,96.81666666666666,1.2484533685169625,0,0.0,0.4457668681585005,0.9530366455251804,116,1530.0
gebco_cascadia_margin_moderate,GEBCO Cascadia Margin,Adaptive Spacing w/o GA,strong_noise,6,98.75555555555555,4.459092370181281,0,0.0,1.3364428731732274,1.0870905281988603,116,1530.0
gebco_cascadia_margin_moderate,GEBCO Cascadia Margin,Adaptive Spacing w/o GA,strong_noise,7,98.63333333333333,7.399852999058803,0,0.0,-1.192473308869101,1.171789921581341,116,1530.0
gebco_cascadia_margin_moderate,GEBCO Cascadia Margin,Adaptive Spacing w/o GA,strong_noise,8,98.96111111111111,3.2879777821421277,0,0.0,0.3899785060411015,1.0336081846702287,116,1530.0
gebco_cascadia_margin_moderate,GEBCO Cascadia Margin,Adaptive Spacing w/o GA,strong_noise,9,97.22777777777777,2.4283145578874454,1,0.0,2.3307606562946876,1.0139439298467559,116,1530.0
gebco_cascadia_margin_moderate,GEBCO Cascadia Margin,Adaptive Spacing w/o GA,strong_noise,10,98.0611111111111,3.1856333922051645,0,0.0,0.6863805913084052,1.0281378597345396,116,1530.0
gebco_cascadia_margin_moderate,GEBCO Cascadia Margin,Adaptive Spacing w/o GA,strong_noise,11,98.07777777777777,3.168039709335332,0,0.0,-1.1981372744365186,1.0455677040133822,116,1530.0
gebco_cascadia_margin_moderate,GEBCO Cascadia Margin,Adaptive Spacing w/o GA,strong_noise,12,98.27222222222223,4.474672935325327,0,0.0,-1.144024591854694,1.0690794474970404,116,1530.0
gebco_cascadia_margin_moderate,GEBCO Cascadia Margin,Adaptive Spacing w/o GA,strong_noise,13,97.73333333333333,3.278368930483017,0,0.0,-1.4134271489921684,1.014589934335968,116,1530.0
gebco_cascadia_margin_moderate,GEBCO Cascadia Margin,Adaptive Spacing w/o GA,strong_noise,14,98.73888888888888,4.008307960888145,0,0.0,-0.9041126230856541,1.0631196537034184,116,1530.0
gebco_cascadia_margin_moderate,GEBCO Cascadia Margin,Adaptive Spacing w/o GA,strong_noise,15,96.5611111111111,1.0913177753520582,0,0.0,-0.8040740389315983,0.9533234349482365,116,1530.0
gebco_cascadia_margin_moderate,GEBCO Cascadia Margin,Adaptive Spacing w/o GA,strong_noise,16,98.99444444444444,4.2074373743948055,0,0.0,-0.005076896484555377,1.0679332293288426,116,1530.0
gebco_cascadia_margin_moderate,GEBCO Cascadia Margin,Adaptive Spacing w/o GA,strong_noise,17,96.59444444444445,2.0257662802459606,0,0.0,0.9617630529272477,0.9596338727069468,116,1530.0
gebco_cascadia_margin_moderate,GEBCO Cascadia Margin,Adaptive Spacing w/o GA,strong_noise,18,97.83888888888889,2.0126211168117853,1,0.0,1.0061717714098546,0.9880976643716898,116,1530.0
gebco_cascadia_margin_moderate,GEBCO Cascadia Margin,Adaptive Spacing w/o GA,strong_noise,19,99.13888888888889,6.538135440312601,0,0.0,0.2090049477075388,1.130119655286246,116,1530.0
gebco_cascadia_margin_moderate,GEBCO Cascadia Margin,Adaptive Spacing w/o GA,strong_noise,20,96.29444444444445,1.112291585761746,0,0.0,-1.1205479505440556,0.9444273924740071,116,1530.0
gebco_cascadia_margin_moderate,GEBCO Cascadia Margin,Adaptive Spacing w/o GA,strong_noise,21,97.14444444444445,2.835791304780718,1,0.0,-0.5788214547683614,0.9933454868323485,116,1530.0
gebco_cascadia_margin_moderate,GEBCO Cascadia Margin,Adaptive Spacing w/o GA,strong_noise,22,96.75555555555555,1.0683742748669263,0,0.0,-0.28326148078391955,0.9566909571391893,116,1530.0
gebco_cascadia_margin_moderate,GEBCO Cascadia Margin,Adaptive Spacing w/o GA,strong_noise,23,99.08333333333333,3.151022349845141,0,0.0,-0.27739522749175405,1.0320344274184088,116,1530.0
gebco_cascadia_margin_moderate,GEBCO Cascadia Margin,Adaptive Spacing w/o GA,strong_noise,24,97.26666666666667,1.182102280563068,1,0.0,0.8873201548567587,0.9690386303067792,116,1530.0
gebco_cascadia_margin_moderate,GEBCO Cascadia Margin,Adaptive Spacing w/o GA,strong_noise,25,97.12777777777778,2.930496968081658,1,0.0,-0.10724631868046612,1.027164531382559,116,1530.0
gebco_cascadia_margin_moderate,GEBCO Cascadia Margin,Adaptive Spacing w/o GA,strong_noise,26,96.83333333333334,1.056376659928686,0,0.0,0.0020121493934077937,0.9133152795903501,116,1530.0
gebco_cascadia_margin_moderate,GEBCO Cascadia Margin,Adaptive Spacing w/o GA,strong_noise,27,94.96111111111111,1.6253255656148382,0,0.0,1.665031718211065,0.9223948594163123,116,1530.0
gebco_cascadia_margin_moderate,GEBCO Cascadia Margin,Adaptive Spacing w/o GA,strong_noise,28,96.36666666666667,1.512129008512557,0,0.0,-1.371674498105175,0.9561830827576806,116,1530.0
gebco_cascadia_margin_moderate,GEBCO Cascadia Margin,Adaptive Spacing w/o GA,strong_noise,29,94.79444444444445,1.383428776272655,0,0.0,0.4162937576372741,0.899249295675362,116,1530.0
gebco_cascadia_margin_moderate,GEBCO Cascadia Margin,Adaptive Spacing w/o GA,strong_noise,30,96.65,1.2095791464370644,0,0.0,0.4497727691749297,0.9339791129793856,116,1530.0
gebco_cascadia_margin_moderate,GEBCO Cascadia Margin,Adaptive Spacing w/o GA,strong_noise,31,98.61666666666666,3.777297901344441,0,0.0,0.8997856794977341,1.054607298778555,116,1530.0
gebco_cascadia_margin_moderate,GEBCO Cascadia Margin,Adaptive Spacing w/o GA,strong_noise,32,98.25555555555555,1.7752064957025937,1,0.0,0.46489142815333345,0.9769146736738397,116,1530.0
gebco_cascadia_margin_moderate,GEBCO Cascadia Margin,Adaptive Spacing w/o GA,strong_noise,33,96.12777777777778,2.1523271614554074,0,0.0,-1.1896396240804847,0.9540973191697751,116,1530.0
gebco_cascadia_margin_moderate,GEBCO Cascadia Margin,Adaptive Spacing w/o GA,strong_noise,34,89.52222222222223,0.27225499107354145,0,0.0,0.8041134117489225,0.8084402674450004,116,1530.0
gebco_cascadia_margin_moderate,GEBCO Cascadia Margin,Adaptive Spacing w/o GA,strong_noise,35,97.73333333333333,2.486411356048527,1,0.0,-1.2394278335013085,1.0145452192051285,116,1530.0
gebco_cascadia_margin_moderate,GEBCO Cascadia Margin,Adaptive Spacing w/o GA,strong_noise,36,99.47222222222221,2.68861754179064,1,0.0,0.08949233132795183,1.0282473425540561,116,1530.0
gebco_cascadia_margin_moderate,GEBCO Cascadia Margin,Adaptive Spacing w/o GA,strong_noise,37,95.73888888888888,0.7832275393998197,0,0.0,-1.6537347433043286,0.9174122677381928,116,1530.0
gebco_cascadia_margin_moderate,GEBCO Cascadia Margin,Adaptive Spacing w/o GA,strong_noise,38,98.01111111111112,1.6956514102549858,1,0.0,0.7305660897501769,0.9990163163287812,116,1530.0
gebco_cascadia_margin_moderate,GEBCO Cascadia Margin,Adaptive Spacing w/o GA,strong_noise,39,93.45555555555556,0.5503959608377293,0,0.0,-1.3628685885391905,0.8718562889216164,116,1530.0
gebco_cascadia_margin_moderate,GEBCO Cascadia Margin,Adaptive Spacing w/o GA,strong_noise,40,98.14444444444445,2.1290414160347617,1,0.0,-0.01019857752507733,0.9904615801013613,116,1530.0
gebco_cascadia_margin_moderate,GEBCO Cascadia Margin,Adaptive Spacing w/o GA,strong_noise,41,98.21666666666667,3.0180943303813343,0,0.0,-0.47400204199797114,1.0090625263773083,116,1530.0
gebco_cascadia_margin_moderate,GEBCO Cascadia Margin,Adaptive Spacing w/o GA,strong_noise,42,95.63333333333334,1.0993819409261902,0,0.0,-0.49116257183578965,0.913084980680015,116,1530.0
gebco_cascadia_margin_moderate,GEBCO Cascadia Margin,Adaptive Spacing w/o GA,strong_noise,43,97.0611111111111,1.7599985750887992,1,0.0,0.15345096039939124,0.9806705260413505,116,1530.0
gebco_cascadia_margin_moderate,GEBCO Cascadia Margin,Adaptive Spacing w/o GA,strong_noise,44,98.47777777777777,3.1754372066839642,0,0.0,-0.24539458225242652,1.0483346751499194,116,1530.0
gebco_cascadia_margin_moderate,GEBCO Cascadia Margin,Adaptive Spacing w/o GA,strong_noise,45,95.80555555555556,0.767396040248792,0,0.0,1.3602492532067312,0.9074494495635336,116,1530.0
gebco_cascadia_margin_moderate,GEBCO Cascadia Margin,Adaptive Spacing w/o GA,strong_noise,46,98.26666666666667,3.3342555934623506,0,0.0,-0.9714124317469511,1.032138072895875,116,1530.0
gebco_cascadia_margin_moderate,GEBCO Cascadia Margin,Adaptive Spacing w/o GA,strong_noise,47,98.08333333333333,2.861759597364095,1,0.0,-0.29065945538305366,1.003391373900262,116,1530.0
gebco_cascadia_margin_moderate,GEBCO Cascadia Margin,Adaptive Spacing w/o GA,strong_noise,48,98.34444444444445,2.325415022224128,1,0.0,-0.5005209045147165,1.016868128956939,116,1530.0
gebco_cascadia_margin_moderate,GEBCO Cascadia Margin,Adaptive Spacing w/o GA,strong_noise,49,98.85555555555555,2.5911564536205565,1,0.0,0.012567095693319114,1.0017488195748974,116,1530.0
gebco_cascadia_margin_moderate,GEBCO Cascadia Margin,Adaptive Spacing w/o GA,strong_noise,50,98.13888888888889,2.9286347579718557,1,0.0,-0.4684127159487205,1.0044360256031615,116,1530.0
gebco_cascadia_margin_moderate,GEBCO Cascadia Margin,Adaptive Spacing w/o GA,strong_noise,51,98.45,3.7046370969652944,0,0.0,-0.5816038630733961,1.033892610519524,116,1530.0
gebco_cascadia_margin_moderate,GEBCO Cascadia Margin,Adaptive Spacing w/o GA,strong_noise,52,98.8,6.729655916840009,0,0.0,0.3586994037345309,1.1283491682608786,116,1530.0
gebco_cascadia_margin_moderate,GEBCO Cascadia Margin,Adaptive Spacing w/o GA,strong_noise,53,97.9888888888889,2.8730138241682326,1,0.0,0.2940204258639037,0.9880379805764483,116,1530.0
gebco_cascadia_margin_moderate,GEBCO Cascadia Margin,Adaptive Spacing w/o GA,strong_noise,54,98.33333333333333,1.989610661695489,1,0.0,-0.22921358601032435,0.9858486737990824,116,1530.0
gebco_cascadia_margin_moderate,GEBCO Cascadia Margin,Adaptive Spacing w/o GA,strong_noise,55,97.97222222222223,2.7893978545804354,1,0.0,0.9147549809704644,1.0167980518062287,116,1530.0
gebco_cascadia_margin_moderate,GEBCO Cascadia Margin,Adaptive Spacing w/o GA,strong_noise,56,96.07222222222222,1.4859807908502112,0,0.0,1.0158373037342936,0.9401060044383499,116,1530.0
gebco_cascadia_margin_moderate,GEBCO Cascadia Margin,Adaptive Spacing w/o GA,strong_noise,57,97.47222222222223,3.0791034614280473,0,0.0,-1.4970143432236136,1.0141429239701345,116,1530.0
gebco_cascadia_margin_moderate,GEBCO Cascadia Margin,Adaptive Spacing w/o GA,strong_noise,58,94.95555555555556,1.047383118579491,0,0.0,0.1814766665740954,0.9049902860785252,116,1530.0
gebco_cascadia_margin_moderate,GEBCO Cascadia Margin,Adaptive Spacing w/o GA,strong_noise,59,97.70555555555556,2.410466917454527,1,0.0,0.13855592632558922,0.9977543343207518,116,1530.0
gebco_cascadia_margin_moderate,GEBCO Cascadia Margin,Adaptive Spacing w/o GA,strong_noise,60,98.10555555555555,2.752286708511973,1,0.0,-0.5244695398815202,1.0049049570783777,116,1530.0
gebco_cascadia_margin_moderate,GEBCO Cascadia Margin,Adaptive Spacing w/o GA,strong_noise,61,97.46666666666667,2.5665427372438434,1,0.0,-0.0028186978492487818,0.9960091859329012,116,1530.0
gebco_cascadia_margin_moderate,GEBCO Cascadia Margin,Adaptive Spacing w/o GA,strong_noise,62,98.74444444444444,2.5664555059991296,1,0.0,-0.37833347164831266,1.0112450152715082,116,1530.0
gebco_cascadia_margin_moderate,GEBCO Cascadia Margin,Adaptive Spacing w/o GA,strong_noise,63,98.43333333333332,3.5317015415300377,0,0.0,0.23840018268470012,1.0395865984518622,116,1530.0
gebco_cascadia_margin_moderate,GEBCO Cascadia Margin,Adaptive Spacing w/o GA,strong_noise,64,98.9888888888889,3.370229947454153,0,0.0,-0.3436710829042705,1.0548104324964735,116,1530.0
gebco_cascadia_margin_moderate,GEBCO Cascadia Margin,Adaptive Spacing w/o GA,strong_noise,65,97.61666666666666,1.5319003338089223,1,0.0,-1.2213304310583688,0.9882643685330356,116,1530.0
gebco_cascadia_margin_moderate,GEBCO Cascadia Margin,Adaptive Spacing w/o GA,strong_noise,66,96.31111111111112,1.716432489235741,0,0.0,-2.3867709695957107,0.9582648728744636,116,1530.0
gebco_cascadia_margin_moderate,GEBCO Cascadia Margin,Adaptive Spacing w/o GA,strong_noise,67,99.35555555555555,8.969414479639303,0,0.0,0.32980103495265284,1.187566242851605,116,1530.0
gebco_cascadia_margin_moderate,GEBCO Cascadia Margin,Adaptive Spacing w/o GA,strong_noise,68,98.81666666666666,4.282362759208113,0,0.0,0.5463347893883304,1.0904905514045389,116,1530.0
gebco_cascadia_margin_moderate,GEBCO Cascadia Margin,Adaptive Spacing w/o GA,strong_noise,69,98.1,1.6032360099145788,1,0.0,0.6560613064219535,1.0009572897603682,116,1530.0
gebco_cascadia_margin_moderate,GEBCO Cascadia Margin,Adaptive Spacing w/o GA,strong_noise,70,97.25,3.252454955800226,0,0.0,-1.7761885962283304,1.007345999826093,116,1530.0
gebco_cascadia_margin_moderate,GEBCO Cascadia Margin,Adaptive Spacing w/o GA,strong_noise,71,96.39444444444445,1.2509612425687573,0,0.0,-1.0025877223965023,0.937445903697427,116,1530.0
gebco_cascadia_margin_moderate,GEBCO Cascadia Margin,Adaptive Spacing w/o GA,strong_noise,72,96.01666666666667,1.9239695317083525,0,0.0,-0.366898402323772,0.9293370898342154,116,1530.0
gebco_cascadia_margin_moderate,GEBCO Cascadia Margin,Adaptive Spacing w/o GA,strong_noise,73,97.46666666666667,1.5739456381823083,1,0.0,-1.2031966271371763,0.9887924051012535,116,1530.0
gebco_cascadia_margin_moderate,GEBCO Cascadia Margin,Adaptive Spacing w/o GA,strong_noise,74,95.78333333333333,0.6907676690893466,0,0.0,0.14181718568245105,0.9043613856392478,116,1530.0
gebco_cascadia_margin_moderate,GEBCO Cascadia Margin,Adaptive Spacing w/o GA,strong_noise,75,97.64444444444445,1.8858084374676878,1,0.0,0.3672740440585686,0.9743735617262531,116,1530.0
gebco_cascadia_margin_moderate,GEBCO Cascadia Margin,Adaptive Spacing w/o GA,strong_noise,76,96.4888888888889,1.333577087321995,0,0.0,-0.021236375152339462,0.925364818306747,116,1530.0
gebco_cascadia_margin_moderate,GEBCO Cascadia Margin,Adaptive Spacing w/o GA,strong_noise,77,98.47777777777777,3.7670728821154253,0,0.0,-1.0574779159736796,1.0639980387988348,116,1530.0
gebco_cascadia_margin_moderate,GEBCO Cascadia Margin,Adaptive Spacing w/o GA,strong_noise,78,98.33333333333333,2.422471743717456,1,0.0,-0.7965408382935061,1.0093151807239122,116,1530.0
gebco_cascadia_margin_moderate,GEBCO Cascadia Margin,Adaptive Spacing w/o GA,strong_noise,79,97.00555555555556,1.273819101362079,1,0.0,-1.5843373705398194,0.9633787997743286,116,1530.0
gebco_cascadia_margin_moderate,GEBCO Cascadia Margin,Adaptive Spacing w/o GA,strong_noise,80,98.32222222222222,3.3613143030413695,0,0.0,-0.38162676437085413,1.0171354679568598,116,1530.0
gebco_cascadia_margin_moderate,GEBCO Cascadia Margin,Adaptive Spacing w/o GA,strong_noise,81,98.11666666666666,2.3907379185939353,1,0.0,-0.2175629266299667,0.9877588872621961,116,1530.0
gebco_cascadia_margin_moderate,GEBCO Cascadia Margin,Adaptive Spacing w/o GA,strong_noise,82,99.13888888888889,3.334266844378238,0,0.0,0.30116654735458015,1.0388123596201753,116,1530.0
gebco_cascadia_margin_moderate,GEBCO Cascadia Margin,Adaptive Spacing w/o GA,strong_noise,83,99.13888888888889,5.53984922718298,0,0.0,0.6663086350132583,1.0895887950598604,116,1530.0
gebco_cascadia_margin_moderate,GEBCO Cascadia Margin,Adaptive Spacing w/o GA,strong_noise,84,98.6888888888889,3.752857244077229,0,0.0,-1.027013767247166,1.0871247225156375,116,1530.0
gebco_cascadia_margin_moderate,GEBCO Cascadia Margin,Adaptive Spacing w/o GA,strong_noise,85,97.83333333333334,3.0943030277546093,0,0.0,0.42118864064308986,1.0243984247383642,116,1530.0
gebco_cascadia_margin_moderate,GEBCO Cascadia Margin,Adaptive Spacing w/o GA,strong_noise,86,98.83333333333333,7.394336622595794,0,0.0,1.242579587688867,1.166504853584625,116,1530.0
gebco_cascadia_margin_moderate,GEBCO Cascadia Margin,Adaptive Spacing w/o GA,strong_noise,87,98.03333333333333,2.6011622029798893,1,0.0,-0.7598265829756975,1.018862974310813,116,1530.0
gebco_cascadia_margin_moderate,GEBCO Cascadia Margin,Adaptive Spacing w/o GA,strong_noise,88,98.16111111111111,1.223632494665335,1,0.0,0.5769322037360406,0.9572847448868642,116,1530.0
gebco_cascadia_margin_moderate,GEBCO Cascadia Margin,Adaptive Spacing w/o GA,strong_noise,89,96.95555555555555,2.6596391465381988,0,0.0,0.4330578234526788,0.9884635997720256,116,1530.0
gebco_cascadia_margin_moderate,GEBCO Cascadia Margin,Adaptive Spacing w/o GA,strong_noise,90,98.06666666666666,4.429636321420526,0,0.0,1.2566833299598366,1.0916270277863662,116,1530.0
gebco_cascadia_margin_moderate,GEBCO Cascadia Margin,Adaptive Spacing w/o GA,strong_noise,91,98.58888888888889,4.6836585331305205,0,0.0,-1.137374908648442,1.0676500186640328,116,1530.0
gebco_cascadia_margin_moderate,GEBCO Cascadia Margin,Adaptive Spacing w/o GA,strong_noise,92,95.37222222222222,1.2927318738818747,0,0.0,-2.236802230200274,0.9254964104985,116,1530.0
gebco_cascadia_margin_moderate,GEBCO Cascadia Margin,Adaptive Spacing w/o GA,strong_noise,93,97.62777777777778,2.957626926773106,1,0.0,0.7340613382400449,0.9992294133317926,116,1530.0
gebco_cascadia_margin_moderate,GEBCO Cascadia Margin,Adaptive Spacing w/o GA,strong_noise,94,99.15555555555555,4.693270720473194,0,0.0,-0.3473000346175523,1.0773949701031738,116,1530.0
gebco_cascadia_margin_moderate,GEBCO Cascadia Margin,Adaptive Spacing w/o GA,strong_noise,95,98.83888888888889,2.537322866989675,1,0.0,-0.12247117505102724,1.0439106185353448,116,1530.0
gebco_cascadia_margin_moderate,GEBCO Cascadia Margin,Adaptive Spacing w/o GA,strong_noise,96,97.03888888888889,2.3217174197942994,1,0.0,-1.8146163692418638,0.9898131743973718,116,1530.0
gebco_cascadia_margin_moderate,GEBCO Cascadia Margin,Adaptive Spacing w/o GA,strong_noise,97,97.42777777777778,2.0266600529027707,1,0.0,-1.8706281024764533,0.9838916199445024,116,1530.0
gebco_cascadia_margin_moderate,GEBCO Cascadia Margin,Adaptive Spacing w/o GA,strong_noise,98,96.6,1.9810283320435005,0,0.0,-1.0152937090640435,0.9907240574832018,116,1530.0
gebco_cascadia_margin_moderate,GEBCO Cascadia Margin,Adaptive Spacing w/o GA,strong_noise,99,96.02777777777777,1.111842347361057,0,0.0,-0.9339225968188274,0.9121490946162123,116,1530.0
gebco_cascadia_margin_moderate,GEBCO Cascadia Margin,Adaptive Spacing w/o GA,strong_noise,100,99.11666666666666,6.034311522185484,0,0.0,-0.3767884394440369,1.1097275445706958,116,1530.0
gebco_cascadia_margin_moderate,GEBCO Cascadia Margin,Adaptive Spacing w/o GA,strong_noise,101,98.03333333333333,2.9850165888923708,1,0.0,0.3557696714269813,1.0151279714181178,116,1530.0
gebco_cascadia_margin_moderate,GEBCO Cascadia Margin,Adaptive Spacing w/o GA,strong_noise,102,99.49444444444444,4.631239316689881,0,0.0,0.18492701968287545,1.0947967100632925,116,1530.0
gebco_cascadia_margin_moderate,GEBCO Cascadia Margin,Adaptive Spacing w/o GA,strong_noise,103,97.21666666666667,2.2993632245070112,1,0.0,0.8221478565830715,0.9775290371541461,116,1530.0
gebco_cascadia_margin_moderate,GEBCO Cascadia Margin,Adaptive Spacing w/o GA,strong_noise,104,98.38333333333334,4.002435094745742,0,0.0,0.2890120815205516,1.0678969626968926,116,1530.0
gebco_cascadia_margin_moderate,GEBCO Cascadia Margin,Adaptive Spacing w/o GA,strong_noise,105,94.83333333333334,1.4465985597347255,0,0.0,-1.090701951792311,0.9153248126412339,116,1530.0
gebco_cascadia_margin_moderate,GEBCO Cascadia Margin,Adaptive Spacing w/o GA,strong_noise,106,96.2,1.698000820913946,0,0.0,1.2260854116994124,0.9480720214754571,116,1530.0
gebco_cascadia_margin_moderate,GEBCO Cascadia Margin,Adaptive Spacing w/o GA,strong_noise,107,97.12777777777778,2.1058951918429085,1,0.0,0.7762579805540814,0.9790211018489704,116,1530.0
gebco_cascadia_margin_moderate,GEBCO Cascadia Margin,Adaptive Spacing w/o GA,strong_noise,108,98.01111111111112,3.3249643721257165,0,0.0,0.6073432349973338,1.018866432153466,116,1530.0
gebco_cascadia_margin_moderate,GEBCO Cascadia Margin,Adaptive Spacing w/o GA,strong_noise,109,94.41666666666667,1.2811772862333224,0,0.0,0.8095229020516652,0.9181605857917382,116,1530.0
gebco_cascadia_margin_moderate,GEBCO Cascadia Margin,Adaptive Spacing w/o GA,strong_noise,110,96.36111111111111,2.4367440257045176,0,0.0,0.1492902259727875,0.9776766055447472,116,1530.0
gebco_cascadia_margin_moderate,GEBCO Cascadia Margin,Adaptive Spacing w/o GA,strong_noise,111,97.95555555555555,3.216630429306976,0,0.0,-0.175822777330767,1.0219318441681402,116,1530.0
gebco_cascadia_margin_moderate,GEBCO Cascadia Margin,Adaptive Spacing w/o GA,strong_noise,112,95.91666666666666,1.821119022137141,0,0.0,-0.1414454635565427,0.9543772862775746,116,1530.0
gebco_cascadia_margin_moderate,GEBCO Cascadia Margin,Adaptive Spacing w/o GA,strong_noise,113,98.77777777777777,2.3280220975885895,1,0.0,-0.7013971580374081,1.0265314129842662,116,1530.0
gebco_cascadia_margin_moderate,GEBCO Cascadia Margin,Adaptive Spacing w/o GA,strong_noise,114,96.1,1.8422007129910085,0,0.0,1.4046512792762813,0.9491445127450276,116,1530.0
gebco_cascadia_margin_moderate,GEBCO Cascadia Margin,Adaptive Spacing w/o GA,strong_noise,115,98.06666666666666,2.194641201165937,1,0.0,-1.0321071269288538,0.9924249192775383,116,1530.0
gebco_cascadia_margin_moderate,GEBCO Cascadia Margin,Adaptive Spacing w/o GA,strong_noise,116,98.62222222222222,4.211499037380026,0,0.0,0.14264063490574566,1.0598714988799238,116,1530.0
gebco_cascadia_margin_moderate,GEBCO Cascadia Margin,Adaptive Spacing w/o GA,strong_noise,117,97.23888888888888,2.2298806363084873,1,0.0,-2.341159597426425,0.9987101311644484,116,1530.0
gebco_cascadia_margin_moderate,GEBCO Cascadia Margin,Adaptive Spacing w/o GA,strong_noise,118,96.87222222222222,1.8169569971951147,0,0.0,1.5804975368422947,0.9567371982168209,116,1530.0
gebco_cascadia_margin_moderate,GEBCO Cascadia Margin,Adaptive Spacing w/o GA,strong_noise,119,97.99444444444444,4.327940313056545,0,0.0,-1.6002818039421383,1.0487630757458568,116,1530.0
gebco_cascadia_margin_moderate,GEBCO Cascadia Margin,Adaptive Spacing w/o GA,strong_noise,120,97.13333333333334,1.1129810691760147,1,0.0,-0.3407728898345444,0.9594440502658568,116,1530.0
gebco_cascadia_margin_moderate,GEBCO Cascadia Margin,Adaptive Spacing w/o GA,strong_noise,121,97.97777777777777,3.346226750955881,0,0.0,-1.5785764596826364,1.027902999713141,116,1530.0
gebco_cascadia_margin_moderate,GEBCO Cascadia Margin,Adaptive Spacing w/o GA,strong_noise,122,98.4888888888889,2.5985924151906277,1,0.0,0.47100048305066083,1.0275524951039345,116,1530.0
gebco_cascadia_margin_moderate,GEBCO Cascadia Margin,Adaptive Spacing w/o GA,strong_noise,123,97.36111111111111,2.216998528540492,1,0.0,-0.7322873039259818,0.980970042002688,116,1530.0
gebco_cascadia_margin_moderate,GEBCO Cascadia Margin,Adaptive Spacing w/o GA,strong_noise,124,98.77222222222221,2.956372209331324,1,0.0,0.3816068554399734,1.0300504347447053,116,1530.0
gebco_cascadia_margin_moderate,GEBCO Cascadia Margin,Adaptive Spacing w/o GA,strong_noise,125,97.18333333333334,2.870859856601551,1,0.0,0.4511314376320354,0.9893542797573879,116,1530.0
gebco_cascadia_margin_moderate,GEBCO Cascadia Margin,Adaptive Spacing w/o GA,strong_noise,126,98.78333333333333,2.341913306341293,1,0.0,-0.7608060951829648,1.0135731782529915,116,1530.0
gebco_cascadia_margin_moderate,GEBCO Cascadia Margin,Adaptive Spacing w/o GA,strong_noise,127,98.7611111111111,3.168386266675256,0,0.0,-0.5835834798055116,1.0207635875632641,116,1530.0
gebco_cascadia_margin_moderate,GEBCO Cascadia Margin,Adaptive Spacing w/o GA,strong_noise,128,98.48333333333333,2.021786157190435,1,0.0,0.4457680443651259,0.9992457643760717,116,1530.0
gebco_cascadia_margin_moderate,GEBCO Cascadia Margin,Adaptive Spacing w/o GA,strong_noise,129,97.91111111111111,4.200422815810012,0,0.0,-1.5359038827284925,1.0525195075544862,116,1530.0
gebco_cascadia_margin_moderate,GEBCO Cascadia Margin,Adaptive Spacing w/o GA,strong_noise,130,98.65555555555555,3.0283473676584367,0,0.0,0.5814674825444522,1.0417480323722363,116,1530.0
gebco_cascadia_margin_moderate,GEBCO Cascadia Margin,Adaptive Spacing w/o GA,strong_noise,131,98.87222222222222,4.938398931100548,0,0.0,0.310814099492655,1.112187333832799,116,1530.0
gebco_cascadia_margin_moderate,GEBCO Cascadia Margin,Adaptive Spacing w/o GA,strong_noise,132,97.70555555555556,1.8909174115726537,1,0.0,-0.29182669378196135,0.9838504755543578,116,1530.0
gebco_cascadia_margin_moderate,GEBCO Cascadia Margin,Adaptive Spacing w/o GA,strong_noise,133,96.72777777777777,1.1005717799154442,0,0.0,0.2746528350697813,0.9472525492944942,116,1530.0
gebco_cascadia_margin_moderate,GEBCO Cascadia Margin,Adaptive Spacing w/o GA,strong_noise,134,96.71666666666667,1.739121367108466,0,0.0,1.302357153459374,0.9598231625129916,116,1530.0
gebco_cascadia_margin_moderate,GEBCO Cascadia Margin,Adaptive Spacing w/o GA,strong_noise,135,97.20555555555556,1.8102696485074126,1,0.0,-0.628885698936558,0.9664272639722085,116,1530.0
gebco_cascadia_margin_moderate,GEBCO Cascadia Margin,Adaptive Spacing w/o GA,strong_noise,136,98.33333333333333,2.592744655192967,1,0.0,1.0353631717950946,1.0100405874711222,116,1530.0
gebco_cascadia_margin_moderate,GEBCO Cascadia Margin,Adaptive Spacing w/o GA,strong_noise,137,97.45,1.3269308651964176,1,0.0,1.419803045305012,0.9545845817151793,116,1530.0
gebco_cascadia_margin_moderate,GEBCO Cascadia Margin,Adaptive Spacing w/o GA,strong_noise,138,98.0611111111111,1.6104385055432293,1,0.0,-0.13927145236773966,0.9618427458263061,116,1530.0
gebco_cascadia_margin_moderate,GEBCO Cascadia Margin,Adaptive Spacing w/o GA,strong_noise,139,98.3,4.514186992367788,0,0.0,0.009804345188814742,1.0932614511366818,116,1530.0
gebco_cascadia_margin_moderate,GEBCO Cascadia Margin,Adaptive Spacing w/o GA,strong_noise,140,98.9,3.718619295420403,0,0.0,-0.7639255018848982,1.0474884281496428,116,1530.0
gebco_cascadia_margin_moderate,GEBCO Cascadia Margin,Adaptive Spacing w/o GA,strong_noise,141,94.87222222222222,1.7923623912799425,0,0.0,-2.3678986163731066,0.9466955777569495,116,1530.0
gebco_cascadia_margin_moderate,GEBCO Cascadia Margin,Adaptive Spacing w/o GA,strong_noise,142,96.94444444444444,2.176498471135921,0,0.0,-0.44196570822088016,0.9862893706969217,116,1530.0
gebco_cascadia_margin_moderate,GEBCO Cascadia Margin,Adaptive Spacing w/o GA,strong_noise,143,97.72222222222223,1.2750801176376063,1,0.0,0.5477848404110714,0.9471906756152123,116,1530.0
gebco_cascadia_margin_moderate,GEBCO Cascadia Margin,Adaptive Spacing w/o GA,strong_noise,144,96.93333333333334,1.5939390766124117,0,0.0,-1.7841261241703428,0.9678575003841702,116,1530.0
gebco_cascadia_margin_moderate,GEBCO Cascadia Margin,Adaptive Spacing w/o GA,strong_noise,145,94.64444444444445,1.022810542758242,0,0.0,-1.4444047336748806,0.9378739709721572,116,1530.0
gebco_cascadia_margin_moderate,GEBCO Cascadia Margin,Adaptive Spacing w/o GA,strong_noise,146,97.48333333333333,1.398884413905455,1,0.0,-1.8544509279580401,0.9880179873030552,116,1530.0
gebco_cascadia_margin_moderate,GEBCO Cascadia Margin,Adaptive Spacing w/o GA,strong_noise,147,95.5611111111111,0.8953669381203304,0,0.0,0.8417789495659186,0.9098244715948902,116,1530.0
gebco_cascadia_margin_moderate,GEBCO Cascadia Margin,Adaptive Spacing w/o GA,strong_noise,148,97.74444444444444,3.779849802224251,0,0.0,-1.989725246413557,1.0660583556260188,116,1530.0
gebco_cascadia_margin_moderate,GEBCO Cascadia Margin,Adaptive Spacing w/o GA,strong_noise,149,97.63333333333334,2.2436968340559345,1,0.0,-0.15885743210037429,0.9800557442344405,116,1530.0
gebco_cascadia_margin_moderate,GEBCO Cascadia Margin,Adaptive Spacing w/o GA,strong_noise,150,98.57777777777777,4.877272097029112,0,0.0,-0.5791057698559816,1.0747440938472366,116,1530.0
gebco_cascadia_margin_moderate,GEBCO Cascadia Margin,Adaptive Spacing w/o GA,strong_noise,151,96.28333333333333,2.1777408800106457,0,0.0,-1.2183439001906164,1.0009573301975996,116,1530.0
gebco_cascadia_margin_moderate,GEBCO Cascadia Margin,Adaptive Spacing w/o GA,strong_noise,152,97.04444444444445,2.0179884787111884,1,0.0,-0.26884540414192276,0.9842346961337973,116,1530.0
gebco_cascadia_margin_moderate,GEBCO Cascadia Margin,Adaptive Spacing w/o GA,strong_noise,153,98.52222222222223,4.733614659731258,0,0.0,0.13487317906464957,1.0618352063212662,116,1530.0
gebco_cascadia_margin_moderate,GEBCO Cascadia Margin,Adaptive Spacing w/o GA,strong_noise,154,96.42777777777778,0.9387586420970094,0,0.0,1.4298401718449647,0.9318915940550028,116,1530.0
gebco_cascadia_margin_moderate,GEBCO Cascadia Margin,Adaptive Spacing w/o GA,strong_noise,155,96.17777777777778,0.7562935267073693,0,0.0,0.31047357138798776,0.9355049600412593,116,1530.0
gebco_cascadia_margin_moderate,GEBCO Cascadia Margin,Adaptive Spacing w/o GA,strong_noise,156,96.83333333333334,1.494444484065038,0,0.0,1.6877964921149236,0.9518063689570432,116,1530.0
gebco_cascadia_margin_moderate,GEBCO Cascadia Margin,Adaptive Spacing w/o GA,strong_noise,157,96.07777777777777,1.2289817990173006,0,0.0,1.6007402876118155,0.9489418132002857,116,1530.0
gebco_cascadia_margin_moderate,GEBCO Cascadia Margin,Adaptive Spacing w/o GA,strong_noise,158,97.72777777777777,2.8177225832149806,1,0.0,1.7671206325776578,1.0058288622238856,116,1530.0
gebco_cascadia_margin_moderate,GEBCO Cascadia Margin,Adaptive Spacing w/o GA,strong_noise,159,97.93888888888888,3.0960774824422668,0,0.0,-0.8967144560577072,1.0210552179063044,116,1530.0
gebco_cascadia_margin_moderate,GEBCO Cascadia Margin,Adaptive Spacing w/o GA,strong_noise,160,98.92222222222222,4.657404857555246,0,0.0,-0.399585893197565,1.0815360870085584,116,1530.0
gebco_cascadia_margin_moderate,GEBCO Cascadia Margin,Adaptive Spacing w/o GA,strong_noise,161,96.99444444444445,1.615881356005261,0,0.0,-1.1289131808974724,0.9610786168227352,116,1530.0
gebco_cascadia_margin_moderate,GEBCO Cascadia Margin,Adaptive Spacing w/o GA,strong_noise,162,98.16666666666667,3.3705541950441966,0,0.0,-1.1613083768809294,1.030876267521523,116,1530.0
gebco_cascadia_margin_moderate,GEBCO Cascadia Margin,Adaptive Spacing w/o GA,strong_noise,163,94.65,1.6122650240373715,0,0.0,-1.4674972018135528,0.9276027602484871,116,1530.0
gebco_cascadia_margin_moderate,GEBCO Cascadia Margin,Adaptive Spacing w/o GA,strong_noise,164,99.01666666666667,2.4561530518546872,1,0.0,-0.49834553437011064,1.047258397892286,116,1530.0
gebco_cascadia_margin_moderate,GEBCO Cascadia Margin,Adaptive Spacing w/o GA,strong_noise,165,96.12777777777778,1.6848064615319405,0,0.0,0.851003587731232,0.9564920542903119,116,1530.0
gebco_cascadia_margin_moderate,GEBCO Cascadia Margin,Adaptive Spacing w/o GA,strong_noise,166,96.92222222222222,1.7695384039521704,0,0.0,1.505157083887354,0.9554131679218016,116,1530.0
gebco_cascadia_margin_moderate,GEBCO Cascadia Margin,Adaptive Spacing w/o GA,strong_noise,167,97.39999999999999,1.553924081914753,1,0.0,-0.24976207239485998,0.9535888389580294,116,1530.0
gebco_cascadia_margin_moderate,GEBCO Cascadia Margin,Adaptive Spacing w/o GA,strong_noise,168,97.96111111111111,2.101601474421357,1,0.0,0.42598993796944373,0.9881496278310122,116,1530.0
gebco_cascadia_margin_moderate,GEBCO Cascadia Margin,Adaptive Spacing w/o GA,strong_noise,169,95.95,1.111401282928316,0,0.0,1.1594742798226505,0.93682642738359,116,1530.0
gebco_cascadia_margin_moderate,GEBCO Cascadia Margin,Adaptive Spacing w/o GA,strong_noise,170,96.6888888888889,1.8972428838447704,0,0.0,-0.21534791702543293,0.9569146316033299,116,1530.0
gebco_cascadia_margin_moderate,GEBCO Cascadia Margin,Adaptive Spacing w/o GA,strong_noise,171,98.99444444444444,7.020592523341961,0,0.0,-0.6569362796286164,1.135265342000393,116,1530.0
gebco_cascadia_margin_moderate,GEBCO Cascadia Margin,Adaptive Spacing w/o GA,strong_noise,172,95.97222222222223,1.5598728573017604,0,0.0,0.7315730660935092,0.9603867798236043,116,1530.0
gebco_cascadia_margin_moderate,GEBCO Cascadia Margin,Adaptive Spacing w/o GA,strong_noise,173,98.37777777777778,3.023381147257356,0,0.0,-0.737929489480289,1.0232406492655406,116,1530.0
gebco_cascadia_margin_moderate,GEBCO Cascadia Margin,Adaptive Spacing w/o GA,strong_noise,174,95.63333333333334,1.863069981269161,0,0.0,0.0498162852316656,0.9790324288799347,116,1530.0
gebco_cascadia_margin_moderate,GEBCO Cascadia Margin,Adaptive Spacing w/o GA,strong_noise,175,98.0,1.7553134848532375,1,0.0,0.3338709826927517,0.9925155632232953,116,1530.0
gebco_cascadia_margin_moderate,GEBCO Cascadia Margin,Adaptive Spacing w/o GA,strong_noise,176,97.32222222222222,1.5499717309358885,1,0.0,0.058974993893028835,0.9700592850869558,116,1530.0
gebco_cascadia_margin_moderate,GEBCO Cascadia Margin,Adaptive Spacing w/o GA,strong_noise,177,96.53888888888889,1.6793462215583752,0,0.0,-0.6157057091510627,0.9528396698656614,116,1530.0
gebco_cascadia_margin_moderate,GEBCO Cascadia Margin,Adaptive Spacing w/o GA,strong_noise,178,99.01111111111112,2.889682748243918,1,0.0,-0.22588045123955994,1.0329106558154741,116,1530.0
gebco_cascadia_margin_moderate,GEBCO Cascadia Margin,Adaptive Spacing w/o GA,strong_noise,179,98.35555555555555,2.1723761534413657,1,0.0,1.0645229740671436,1.0244466360521656,116,1530.0
gebco_cascadia_margin_moderate,GEBCO Cascadia Margin,Adaptive Spacing w/o GA,strong_noise,180,98.86111111111111,4.2499358028800795,0,0.0,-0.43384261307526245,1.0653714110684354,116,1530.0
gebco_cascadia_margin_moderate,GEBCO Cascadia Margin,Adaptive Spacing w/o GA,strong_noise,181,98.08888888888889,4.229282606892958,0,0.0,0.5244048686077795,1.0382945463159892,116,1530.0
gebco_cascadia_margin_moderate,GEBCO Cascadia Margin,Adaptive Spacing w/o GA,strong_noise,182,98.27777777777777,4.413075688234748,0,0.0,0.0910883708435583,1.0575465683366927,116,1530.0
gebco_cascadia_margin_moderate,GEBCO Cascadia Margin,Adaptive Spacing w/o GA,strong_noise,183,97.66111111111111,3.4196301739218216,0,0.0,2.828585637956169,1.061470131289482,116,1530.0
gebco_cascadia_margin_moderate,GEBCO Cascadia Margin,Adaptive Spacing w/o GA,strong_noise,184,94.95555555555556,0.957245343561899,0,0.0,-0.18687980317832478,0.8843114246550634,116,1530.0
gebco_cascadia_margin_moderate,GEBCO Cascadia Margin,Adaptive Spacing w/o GA,strong_noise,185,99.2611111111111,4.361341114324928,0,0.0,0.04085654116341258,1.0700357476432534,116,1530.0
gebco_cascadia_margin_moderate,GEBCO Cascadia Margin,Adaptive Spacing w/o GA,strong_noise,186,99.0,4.125156858067378,0,0.0,-0.4015839432724786,1.071343378093816,116,1530.0
gebco_cascadia_margin_moderate,GEBCO Cascadia Margin,Adaptive Spacing w/o GA,strong_noise,187,98.02222222222223,1.8026725243759472,1,0.0,-0.061864488200117695,0.9767059680738727,116,1530.0
gebco_cascadia_margin_moderate,GEBCO Cascadia Margin,Adaptive Spacing w/o GA,strong_noise,188,98.19444444444444,3.7629888000355276,0,0.0,-0.33799496795945305,1.0314937303775125,116,1530.0
gebco_cascadia_margin_moderate,GEBCO Cascadia Margin,Adaptive Spacing w/o GA,strong_noise,189,98.17777777777778,2.8564462127615964,1,0.0,-0.15745397530400584,1.0121454310348286,116,1530.0
gebco_cascadia_margin_moderate,GEBCO Cascadia Margin,Adaptive Spacing w/o GA,strong_noise,190,98.10555555555555,2.09127074870671,1,0.0,-1.0436440532874807,1.014204739779571,116,1530.0
gebco_cascadia_margin_moderate,GEBCO Cascadia Margin,Adaptive Spacing w/o GA,strong_noise,191,96.58888888888889,1.6173920996239333,0,0.0,0.4584979865425809,0.9420352063914943,116,1530.0
gebco_cascadia_margin_moderate,GEBCO Cascadia Margin,Adaptive Spacing w/o GA,strong_noise,192,93.38888888888889,0.5226063841240882,0,0.0,-0.22955921032747487,0.8576008704844458,116,1530.0
gebco_cascadia_margin_moderate,GEBCO Cascadia Margin,Adaptive Spacing w/o GA,strong_noise,193,92.31111111111112,0.4832755994270266,0,0.0,1.6968059203109898,0.8620484423149584,116,1530.0
gebco_cascadia_margin_moderate,GEBCO Cascadia Margin,Adaptive Spacing w/o GA,strong_noise,194,98.41111111111111,3.779256667845463,0,0.0,0.372805256440063,1.0463241352013533,116,1530.0
gebco_cascadia_margin_moderate,GEBCO Cascadia Margin,Adaptive Spacing w/o GA,strong_noise,195,96.21111111111111,1.603640515486179,0,0.0,-0.6029449298111315,0.9477807629480636,116,1530.0
gebco_cascadia_margin_moderate,GEBCO Cascadia Margin,Adaptive Spacing w/o GA,strong_noise,196,98.04444444444445,1.5433314780230685,1,0.0,-0.16765518477268404,0.9674618410644081,116,1530.0
gebco_cascadia_margin_moderate,GEBCO Cascadia Margin,Adaptive Spacing w/o GA,strong_noise,197,98.2,3.2202796634752877,0,0.0,0.23482541310737004,1.051175792457055,116,1530.0
gebco_cascadia_margin_moderate,GEBCO Cascadia Margin,Adaptive Spacing w/o GA,strong_noise,198,98.7,6.000163782665762,0,0.0,0.6879080512010632,1.102119902480683,116,1530.0
gebco_cascadia_margin_moderate,GEBCO Cascadia Margin,Adaptive Spacing w/o GA,strong_noise,199,96.61111111111111,1.195745533832845,0,0.0,0.8389141990240045,0.9531098010989912,116,1530.0
gebco_cascadia_margin_moderate,GEBCO Cascadia Margin,Adaptive Spacing w/o GA,strong_noise,200,97.85000000000001,2.872635070180429,1,0.0,-1.5959136642656893,1.0536565169642331,116,1530.0
gebco_cascadia_margin_moderate,GEBCO Cascadia Margin,Adaptive Spacing w/o GA,strong_noise,201,96.83888888888889,1.934582656397582,0,0.0,1.1499376860104022,0.9633546402677649,116,1530.0
gebco_cascadia_margin_moderate,GEBCO Cascadia Margin,Adaptive Spacing w/o GA,strong_noise,202,97.86666666666667,2.441895811484099,1,0.0,-0.23551414624271427,1.0005477293706722,116,1530.0
gebco_cascadia_margin_moderate,GEBCO Cascadia Margin,Adaptive Spacing w/o GA,strong_noise,203,98.2611111111111,2.9732838403651205,1,0.0,-1.466992337124897,1.0417319328850103,116,1530.0
gebco_cascadia_margin_moderate,GEBCO Cascadia Margin,Adaptive Spacing w/o GA,strong_noise,204,98.41111111111111,3.4126264487682265,0,0.0,-0.16729008249334462,1.0301203612147698,116,1530.0
gebco_cascadia_margin_moderate,GEBCO Cascadia Margin,Adaptive Spacing w/o GA,strong_noise,205,97.96111111111111,2.468206029231279,1,0.0,-0.9872282670298771,0.9929395543562451,116,1530.0
gebco_cascadia_margin_moderate,GEBCO Cascadia Margin,Adaptive Spacing w/o GA,strong_noise,206,98.28888888888889,3.3413436040928777,0,0.0,0.6481482477523185,1.0327112367651237,116,1530.0
gebco_cascadia_margin_moderate,GEBCO Cascadia Margin,Adaptive Spacing w/o GA,strong_noise,207,98.81111111111112,4.711428231857787,0,0.0,-0.5516076604110468,1.0723208310714119,116,1530.0
gebco_cascadia_margin_moderate,GEBCO Cascadia Margin,Adaptive Spacing w/o GA,strong_noise,208,97.55,2.0897983701262377,1,0.0,0.8219793161483804,0.9773268747664181,116,1530.0
gebco_cascadia_margin_moderate,GEBCO Cascadia Margin,Adaptive Spacing w/o GA,strong_noise,209,98.16111111111111,1.5522711935135938,1,0.0,-0.47070742231864904,0.9857980551321283,116,1530.0
gebco_cascadia_margin_moderate,GEBCO Cascadia Margin,Adaptive Spacing w/o GA,strong_noise,210,96.99444444444445,1.2052333940056852,0,0.0,1.4904309761621706,0.9550405364307776,116,1530.0
gebco_cascadia_margin_moderate,GEBCO Cascadia Margin,Adaptive Spacing w/o GA,strong_noise,211,97.52777777777779,1.9704910327747804,1,0.0,0.27000566223938094,0.9918123274703993,116,1530.0
gebco_cascadia_margin_moderate,GEBCO Cascadia Margin,Adaptive Spacing w/o GA,strong_noise,212,98.28333333333333,2.919680245030072,1,0.0,-1.3632937611092273,1.0391749425010954,116,1530.0
gebco_cascadia_margin_moderate,GEBCO Cascadia Margin,Adaptive Spacing w/o GA,strong_noise,213,98.54444444444445,2.3840154020857915,1,0.0,0.05662893420424954,1.0061343596908099,116,1530.0
gebco_cascadia_margin_moderate,GEBCO Cascadia Margin,Adaptive Spacing w/o GA,strong_noise,214,98.7611111111111,4.064020548344831,0,0.0,0.3808809477995348,1.033661494253466,116,1530.0
gebco_cascadia_margin_moderate,GEBCO Cascadia Margin,Adaptive Spacing w/o GA,strong_noise,215,98.68333333333334,3.516924821349392,0,0.0,-0.8012069417558122,1.0406141876921313,116,1530.0
gebco_cascadia_margin_moderate,GEBCO Cascadia Margin,Adaptive Spacing w/o GA,strong_noise,216,96.88333333333333,1.2794189360382866,0,0.0,-0.5672321511341261,0.9367932424843646,116,1530.0
gebco_cascadia_margin_moderate,GEBCO Cascadia Margin,Adaptive Spacing w/o GA,strong_noise,217,93.33888888888889,0.5496190392452952,0,0.0,-1.412316358751261,0.889966714346371,116,1530.0
gebco_cascadia_margin_moderate,GEBCO Cascadia Margin,Adaptive Spacing w/o GA,strong_noise,218,96.8,1.1356296295462256,0,0.0,-1.5706448324174562,0.9406311107944575,116,1530.0
gebco_cascadia_margin_moderate,GEBCO Cascadia Margin,Adaptive Spacing w/o GA,strong_noise,219,97.79444444444444,1.939713802068721,1,0.0,0.39552542023235,0.9606394415467362,116,1530.0
gebco_cascadia_margin_moderate,GEBCO Cascadia Margin,Adaptive Spacing w/o GA,strong_noise,220,98.75555555555555,1.8674322403909407,1,0.0,-0.17601564550962334,1.008578362582344,116,1530.0
gebco_cascadia_margin_moderate,GEBCO Cascadia Margin,Adaptive Spacing w/o GA,strong_noise,221,98.21111111111111,4.264038599925171,0,0.0,-1.7053680342239932,1.0850653640499632,116,1530.0
gebco_cascadia_margin_moderate,GEBCO Cascadia Margin,Adaptive Spacing w/o GA,strong_noise,222,95.99444444444445,1.5008097497395843,0,0.0,-0.6368799871868637,0.9296891984761131,116,1530.0
gebco_cascadia_margin_moderate,GEBCO Cascadia Margin,Adaptive Spacing w/o GA,strong_noise,223,96.75,1.6010447837872366,0,0.0,-0.15201217158748337,0.9597089628551787,116,1530.0
gebco_cascadia_margin_moderate,GEBCO Cascadia Margin,Adaptive Spacing w/o GA,strong_noise,224,95.23888888888888,0.6932237418293921,0,0.0,0.6895417571060628,0.9180749788158232,116,1530.0
gebco_cascadia_margin_moderate,GEBCO Cascadia Margin,Adaptive Spacing w/o GA,strong_noise,225,95.94444444444444,0.9018212550032597,0,0.0,0.4385353174894115,0.9110123705199,116,1530.0
gebco_cascadia_margin_moderate,GEBCO Cascadia Margin,Adaptive Spacing w/o GA,strong_noise,226,98.02777777777779,2.9351880805686887,1,0.0,-0.00835005519608907,1.0284659792166095,116,1530.0
gebco_cascadia_margin_moderate,GEBCO Cascadia Margin,Adaptive Spacing w/o GA,strong_noise,227,97.18333333333334,1.7860083043635833,1,0.0,1.4692818976165383,0.9683273828163993,116,1530.0
gebco_cascadia_margin_moderate,GEBCO Cascadia Margin,Adaptive Spacing w/o GA,strong_noise,228,98.38333333333334,3.5303851582470354,0,0.0,1.6568811847345246,1.059899450360811,116,1530.0
gebco_cascadia_margin_moderate,GEBCO Cascadia Margin,Adaptive Spacing w/o GA,strong_noise,229,97.47222222222223,1.9423005092514924,1,0.0,0.5751770491639833,0.9836071030379536,116,1530.0
gebco_cascadia_margin_moderate,GEBCO Cascadia Margin,Adaptive Spacing w/o GA,strong_noise,230,98.87777777777778,6.350700428722735,0,0.0,0.21531374004182635,1.1351634675080606,116,1530.0
gebco_cascadia_margin_moderate,GEBCO Cascadia Margin,Adaptive Spacing w/o GA,strong_noise,231,98.32777777777778,4.244837287075382,0,0.0,-0.5993583866966268,1.0669248983434496,116,1530.0
gebco_cascadia_margin_moderate,GEBCO Cascadia Margin,Adaptive Spacing w/o GA,strong_noise,232,97.56666666666666,2.1955224464080128,1,0.0,1.4199663486049603,0.9952949937070618,116,1530.0
gebco_cascadia_margin_moderate,GEBCO Cascadia Margin,Adaptive Spacing w/o GA,strong_noise,233,98.03888888888889,2.122966734956541,1,0.0,1.1198118972283289,0.9924813137239892,116,1530.0
gebco_cascadia_margin_moderate,GEBCO Cascadia Margin,Adaptive Spacing w/o GA,strong_noise,234,97.74444444444444,2.545310094938193,1,0.0,0.6240535899205686,0.9953436157816824,116,1530.0
gebco_cascadia_margin_moderate,GEBCO Cascadia Margin,Adaptive Spacing w/o GA,strong_noise,235,98.83888888888889,2.8927261334721037,1,0.0,0.11461521185200883,1.0170416220227,116,1530.0
gebco_cascadia_margin_moderate,GEBCO Cascadia Margin,Adaptive Spacing w/o GA,strong_noise,236,98.39444444444445,2.656769826631846,1,0.0,0.015881261064821336,0.9795514254441038,116,1530.0
gebco_cascadia_margin_moderate,GEBCO Cascadia Margin,Adaptive Spacing w/o GA,strong_noise,237,95.39999999999999,1.0823990988474672,0,0.0,0.9764552287043172,0.9306037635443272,116,1530.0
gebco_cascadia_margin_moderate,GEBCO Cascadia Margin,Adaptive Spacing w/o GA,strong_noise,238,97.15555555555555,2.3836026425194063,1,0.0,-0.9651369498220171,0.9671646163523444,116,1530.0
gebco_cascadia_margin_moderate,GEBCO Cascadia Margin,Adaptive Spacing w/o GA,strong_noise,239,97.89999999999999,3.9535219575230447,0,0.0,-1.3458875808224307,1.0404059396888323,116,1530.0
gebco_cascadia_margin_moderate,GEBCO Cascadia Margin,Adaptive Spacing w/o GA,strong_noise,240,98.29444444444444,4.130648706817139,0,0.0,-0.8966908730389131,1.0454029200497439,116,1530.0
gebco_cascadia_margin_moderate,GEBCO Cascadia Margin,Adaptive Spacing w/o GA,strong_noise,241,95.49444444444445,1.4401226619101564,0,0.0,0.5672687230777383,0.9096197789509386,116,1530.0
gebco_cascadia_margin_moderate,GEBCO Cascadia Margin,Adaptive Spacing w/o GA,strong_noise,242,97.28888888888889,1.613932577007106,1,0.0,2.0149588809664545,0.9706208211173275,116,1530.0
gebco_cascadia_margin_moderate,GEBCO Cascadia Margin,Adaptive Spacing w/o GA,strong_noise,243,97.88888888888889,4.256726495179645,0,0.0,1.6803039070640826,1.0556671013880674,116,1530.0
gebco_cascadia_margin_moderate,GEBCO Cascadia Margin,Adaptive Spacing w/o GA,strong_noise,244,98.88333333333334,5.625478651554065,0,0.0,0.8926132282508161,1.0930646352922377,116,1530.0
gebco_cascadia_margin_moderate,GEBCO Cascadia Margin,Adaptive Spacing w/o GA,strong_noise,245,95.42222222222222,0.5353039634409822,0,0.0,-0.8235677912541712,0.8970974418611188,116,1530.0
gebco_cascadia_margin_moderate,GEBCO Cascadia Margin,Adaptive Spacing w/o GA,strong_noise,246,97.82222222222222,2.4722795891744687,1,0.0,-0.07249258265714127,0.9836430376943746,116,1530.0
gebco_cascadia_margin_moderate,GEBCO Cascadia Margin,Adaptive Spacing w/o GA,strong_noise,247,97.6888888888889,1.2625553032493566,1,0.0,0.5700308521872742,0.9692711251332354,116,1530.0
gebco_cascadia_margin_moderate,GEBCO Cascadia Margin,Adaptive Spacing w/o GA,strong_noise,248,98.33333333333333,4.095175692087365,0,0.0,0.49379477389642984,1.0440489731458524,116,1530.0
gebco_cascadia_margin_moderate,GEBCO Cascadia Margin,Adaptive Spacing w/o GA,strong_noise,249,96.88888888888889,3.073005766844761,0,0.0,3.2310340859865025,1.0131528937061813,116,1530.0
gebco_cascadia_margin_moderate,GEBCO Cascadia Margin,Adaptive Spacing w/o GA,strong_noise,250,99.02222222222223,3.5106612671483,0,0.0,-0.1435429729620375,1.0740329941796936,116,1530.0
gebco_cascadia_margin_moderate,GEBCO Cascadia Margin,Adaptive Spacing w/o GA,strong_noise,251,98.1,2.8846079205033286,1,0.0,1.229898121748591,1.0300251486150387,116,1530.0
gebco_cascadia_margin_moderate,GEBCO Cascadia Margin,Adaptive Spacing w/o GA,strong_noise,252,97.55,2.2512919217406986,1,0.0,-1.1604335106218675,1.0080716129289156,116,1530.0
gebco_cascadia_margin_moderate,GEBCO Cascadia Margin,Adaptive Spacing w/o GA,strong_noise,253,97.39999999999999,2.068434870517966,1,0.0,0.8200734571646529,0.9804264065327489,116,1530.0
gebco_cascadia_margin_moderate,GEBCO Cascadia Margin,Adaptive Spacing w/o GA,strong_noise,254,97.11666666666666,2.3452501930585106,1,0.0,2.3760254793868536,0.996606094595991,116,1530.0
gebco_cascadia_margin_moderate,GEBCO Cascadia Margin,Adaptive Spacing w/o GA,strong_noise,255,97.38333333333333,1.7673426728746886,1,0.0,0.4820678387521334,0.9768764144657492,116,1530.0
gebco_cascadia_margin_moderate,GEBCO Cascadia Margin,Adaptive Spacing w/o GA,strong_noise,256,98.02777777777779,1.9603667012361854,1,0.0,0.5814888554330606,1.0024524129158972,116,1530.0
gebco_cascadia_margin_moderate,GEBCO Cascadia Margin,Adaptive Spacing w/o GA,strong_noise,257,97.2,1.5270477979345058,1,0.0,0.41025070813106984,0.9902530027033101,116,1530.0
gebco_cascadia_margin_moderate,GEBCO Cascadia Margin,Adaptive Spacing w/o GA,strong_noise,258,97.66111111111111,2.5308322316430334,1,0.0,1.0899797018074986,0.9842454603351821,116,1530.0
gebco_cascadia_margin_moderate,GEBCO Cascadia Margin,Adaptive Spacing w/o GA,strong_noise,259,96.60555555555555,1.0277713874217678,0,0.0,1.00108337176663,0.9403170446715342,116,1530.0
gebco_cascadia_margin_moderate,GEBCO Cascadia Margin,Adaptive Spacing w/o GA,strong_noise,260,98.63333333333333,3.998385696045698,0,0.0,0.45466907441674953,1.056414832560028,116,1530.0
gebco_cascadia_margin_moderate,GEBCO Cascadia Margin,Adaptive Spacing w/o GA,strong_noise,261,99.03333333333333,3.2899254400108857,0,0.0,0.5649002897981988,1.0523389483821004,116,1530.0
gebco_cascadia_margin_moderate,GEBCO Cascadia Margin,Adaptive Spacing w/o GA,strong_noise,262,97.88888888888889,3.6265043791717138,0,0.0,1.0007767550103968,1.028240443683649,116,1530.0
gebco_cascadia_margin_moderate,GEBCO Cascadia Margin,Adaptive Spacing w/o GA,strong_noise,263,98.3,4.708045952902704,0,0.0,1.7103238009950104,1.0735348674867085,116,1530.0
gebco_cascadia_margin_moderate,GEBCO Cascadia Margin,Adaptive Spacing w/o GA,strong_noise,264,95.21111111111111,1.8251782466243118,0,0.0,-1.5898068280412145,0.936434711139846,116,1530.0
gebco_cascadia_margin_moderate,GEBCO Cascadia Margin,Adaptive Spacing w/o GA,strong_noise,265,96.86666666666667,3.2802781546710778,0,0.0,-2.2713352416682793,1.0084881073500473,116,1530.0
gebco_cascadia_margin_moderate,GEBCO Cascadia Margin,Adaptive Spacing w/o GA,strong_noise,266,97.69444444444444,2.4675713139136026,1,0.0,-1.8656196350588472,0.9917043019247046,116,1530.0
gebco_cascadia_margin_moderate,GEBCO Cascadia Margin,Adaptive Spacing w/o GA,strong_noise,267,98.36111111111111,2.827625743149625,1,0.0,-0.8043805399675009,1.017986206100524,116,1530.0
gebco_cascadia_margin_moderate,GEBCO Cascadia Margin,Adaptive Spacing w/o GA,strong_noise,268,97.81666666666666,2.480029071002745,1,0.0,-1.3031552356766465,0.9925298622298869,116,1530.0
gebco_cascadia_margin_moderate,GEBCO Cascadia Margin,Adaptive Spacing w/o GA,strong_noise,269,95.42222222222222,1.5744202119193358,0,0.0,0.08705069709787824,0.9398448599340664,116,1530.0
gebco_cascadia_margin_moderate,GEBCO Cascadia Margin,Adaptive Spacing w/o GA,strong_noise,270,95.71111111111111,1.4234399202462618,0,0.0,-0.681635005632645,0.9247155429006049,116,1530.0
gebco_cascadia_margin_moderate,GEBCO Cascadia Margin,Adaptive Spacing w/o GA,strong_noise,271,98.65555555555555,3.2622255908679265,0,0.0,-0.3167403191632712,1.0345303978536142,116,1530.0
gebco_cascadia_margin_moderate,GEBCO Cascadia Margin,Adaptive Spacing w/o GA,strong_noise,272,98.0611111111111,2.599961834407706,1,0.0,-0.81514523253118,1.009340391723664,116,1530.0
gebco_cascadia_margin_moderate,GEBCO Cascadia Margin,Adaptive Spacing w/o GA,strong_noise,273,97.12777777777778,2.887584893075934,1,0.0,-2.964931986328898,1.021483821375653,116,1530.0
gebco_cascadia_margin_moderate,GEBCO Cascadia Margin,Adaptive Spacing w/o GA,strong_noise,274,98.67777777777778,4.251307422381442,0,0.0,-0.38092927892900186,1.0611853315557473,116,1530.0
gebco_cascadia_margin_moderate,GEBCO Cascadia Margin,Adaptive Spacing w/o GA,strong_noise,275,96.98333333333333,1.782815064060094,0,0.0,-1.4229768678425134,0.9936142489934541,116,1530.0
gebco_cascadia_margin_moderate,GEBCO Cascadia Margin,Adaptive Spacing w/o GA,strong_noise,276,96.69444444444444,2.206775120339838,0,0.0,-0.4505058931346017,0.946711643508147,116,1530.0
gebco_cascadia_margin_moderate,GEBCO Cascadia Margin,Adaptive Spacing w/o GA,strong_noise,277,96.83888888888889,1.0809487416944992,0,0.0,0.3414495601308436,0.9413490083679267,116,1530.0
gebco_cascadia_margin_moderate,GEBCO Cascadia Margin,Adaptive Spacing w/o GA,strong_noise,278,99.00555555555556,4.841779183258949,0,0.0,0.9976452108379916,1.0938038790566964,116,1530.0
gebco_cascadia_margin_moderate,GEBCO Cascadia Margin,Adaptive Spacing w/o GA,strong_noise,279,97.93888888888888,2.4155101104353847,1,0.0,0.26145768140853126,0.9987166253485963,116,1530.0
gebco_cascadia_margin_moderate,GEBCO Cascadia Margin,Adaptive Spacing w/o GA,strong_noise,280,97.56666666666666,1.968929738385281,1,0.0,-0.3531636665272892,0.9631267947978346,116,1530.0
gebco_cascadia_margin_moderate,GEBCO Cascadia Margin,Adaptive Spacing w/o GA,strong_noise,281,98.66666666666667,5.668475483231714,0,0.0,-0.6384918109286065,1.0860444042895774,116,1530.0
gebco_cascadia_margin_moderate,GEBCO Cascadia Margin,Adaptive Spacing w/o GA,strong_noise,282,98.03888888888889,3.813405226684468,0,0.0,-0.7672445142434895,1.0293125170580908,116,1530.0
gebco_cascadia_margin_moderate,GEBCO Cascadia Margin,Adaptive Spacing w/o GA,strong_noise,283,99.26666666666667,4.157518590273493,0,0.0,-0.34984411385046105,1.0816973309775815,116,1530.0
gebco_cascadia_margin_moderate,GEBCO Cascadia Margin,Adaptive Spacing w/o GA,strong_noise,284,96.57222222222222,2.8190706687113116,0,0.0,-2.178703966677233,1.0059228221582277,116,1530.0
gebco_cascadia_margin_moderate,GEBCO Cascadia Margin,Adaptive Spacing w/o GA,strong_noise,285,97.2,1.7682117741419605,1,0.0,0.2841383830479606,0.9661442244891761,116,1530.0
gebco_cascadia_margin_moderate,GEBCO Cascadia Margin,Adaptive Spacing w/o GA,strong_noise,286,97.04444444444445,1.5031937199060152,1,0.0,0.4218912554445152,0.9655257616453199,116,1530.0
gebco_cascadia_margin_moderate,GEBCO Cascadia Margin,Adaptive Spacing w/o GA,strong_noise,287,98.19444444444444,2.5584291107336896,1,0.0,0.10040113000527952,0.9948658126998504,116,1530.0
gebco_cascadia_margin_moderate,GEBCO Cascadia Margin,Adaptive Spacing w/o GA,strong_noise,288,97.09444444444445,1.6411876264581453,1,0.0,-0.9539417257535782,0.9586860811751584,116,1530.0
gebco_cascadia_margin_moderate,GEBCO Cascadia Margin,Adaptive Spacing w/o GA,strong_noise,289,99.05555555555556,3.993043173733564,0,0.0,0.300185025619071,1.071812233828987,116,1530.0
gebco_cascadia_margin_moderate,GEBCO Cascadia Margin,Adaptive Spacing w/o GA,strong_noise,290,96.51666666666667,2.1002313463512925,0,0.0,2.6672763724853317,0.9701385385959292,116,1530.0
gebco_cascadia_margin_moderate,GEBCO Cascadia Margin,Adaptive Spacing w/o GA,strong_noise,291,96.15555555555557,1.6910343476274659,0,0.0,0.978054433935114,0.9332543589494844,116,1530.0
gebco_cascadia_margin_moderate,GEBCO Cascadia Margin,Adaptive Spacing w/o GA,strong_noise,292,97.95,1.795826243686721,1,0.0,-0.370261102592928,0.9736983373659681,116,1530.0
gebco_cascadia_margin_moderate,GEBCO Cascadia Margin,Adaptive Spacing w/o GA,strong_noise,293,98.92777777777778,7.550996915286573,0,0.0,-1.2353753599939399,1.1487331244149062,116,1530.0
gebco_cascadia_margin_moderate,GEBCO Cascadia Margin,Adaptive Spacing w/o GA,strong_noise,294,97.70555555555556,2.2966189803568966,1,0.0,0.5957176991738784,0.997793486318381,116,1530.0
gebco_cascadia_margin_moderate,GEBCO Cascadia Margin,Adaptive Spacing w/o GA,strong_noise,295,96.91111111111111,1.8118540872932287,0,0.0,0.27271926174656697,0.965426989470346,116,1530.0
gebco_cascadia_margin_moderate,GEBCO Cascadia Margin,Adaptive Spacing w/o GA,strong_noise,296,98.75555555555555,3.569483491649744,0,0.0,0.9674554853014564,1.0477193651485561,116,1530.0
gebco_cascadia_margin_moderate,GEBCO Cascadia Margin,Adaptive Spacing w/o GA,strong_noise,297,94.07777777777778,0.4344493899655228,0,0.0,0.8889349754598644,0.8731571665653245,116,1530.0
gebco_cascadia_margin_moderate,GEBCO Cascadia Margin,Adaptive Spacing w/o GA,strong_noise,298,97.78888888888889,2.7552957479534435,1,0.0,-0.5756803518008555,0.9961881647000703,116,1530.0
gebco_cascadia_margin_moderate,GEBCO Cascadia Margin,Adaptive Spacing w/o GA,strong_noise,299,98.17777777777778,2.0725683678424476,1,0.0,-0.1173951908912443,0.9874601728196227,116,1530.0
gebco_cascadia_margin_moderate,GEBCO Cascadia Margin,Full Geometry-Aware Hybrid GA,nominal,0,99.33333333333333,0.017754944001838673,1,0.0,0.0,1.0,116,1531.1368900201924
gebco_cascadia_margin_moderate,GEBCO Cascadia Margin,Full Geometry-Aware Hybrid GA,moderate_noise,0,98.66666666666667,1.3214481160097755,1,0.0,0.056453231549687115,1.0225724288225513,116,1531.1368900201924
gebco_cascadia_margin_moderate,GEBCO Cascadia Margin,Full Geometry-Aware Hybrid GA,moderate_noise,1,98.85000000000001,0.49206810801732204,1,0.0,0.24254121045546992,0.9984902859824584,116,1531.1368900201924
gebco_cascadia_margin_moderate,GEBCO Cascadia Margin,Full Geometry-Aware Hybrid GA,moderate_noise,2,98.6,1.1128908800705641,1,0.0,0.07820917867287837,1.034131683977409,116,1531.1368900201924
gebco_cascadia_margin_moderate,GEBCO Cascadia Margin,Full Geometry-Aware Hybrid GA,moderate_noise,3,98.66666666666667,1.083083653262072,1,0.0,-0.003440782088747769,1.0125168766941712,116,1531.1368900201924
gebco_cascadia_margin_moderate,GEBCO Cascadia Margin,Full Geometry-Aware Hybrid GA,moderate_noise,4,99.26666666666667,2.230226540896501,1,0.0,-0.06420661775626818,1.0560710690003305,116,1531.1368900201924
gebco_cascadia_margin_moderate,GEBCO Cascadia Margin,Full Geometry-Aware Hybrid GA,moderate_noise,5,98.98333333333333,0.8906086528747723,1,0.0,0.7028967875327308,1.008367809953965,116,1531.1368900201924
gebco_cascadia_margin_moderate,GEBCO Cascadia Margin,Full Geometry-Aware Hybrid GA,moderate_noise,6,98.65,0.0861483457818789,1,0.0,-1.0273883565438315,0.947127584241963,116,1531.1368900201924
gebco_cascadia_margin_moderate,GEBCO Cascadia Margin,Full Geometry-Aware Hybrid GA,moderate_noise,7,99.02777777777779,0.5677729868719266,1,0.0,-0.2809102099915179,0.9687475694173283,116,1531.1368900201924
gebco_cascadia_margin_moderate,GEBCO Cascadia Margin,Full Geometry-Aware Hybrid GA,moderate_noise,8,97.92222222222222,0.05479466800276915,1,0.0,-1.779329252659243,0.9352496186993048,116,1531.1368900201924
gebco_cascadia_margin_moderate,GEBCO Cascadia Margin,Full Geometry-Aware Hybrid GA,moderate_noise,9,99.21111111111112,0.5081770204281385,1,0.0,-0.15263454686995648,0.9941062216109204,116,1531.1368900201924
gebco_cascadia_margin_moderate,GEBCO Cascadia Margin,Full Geometry-Aware Hybrid GA,moderate_noise,10,98.7,0.8020820431077593,1,0.0,0.3190654295903709,0.9917662175768586,116,1531.1368900201924
gebco_cascadia_margin_moderate,GEBCO Cascadia Margin,Full Geometry-Aware Hybrid GA,moderate_noise,11,99.05555555555556,0.9155743651463678,1,0.0,-0.8160853915137423,1.0248582578255825,116,1531.1368900201924
gebco_cascadia_margin_moderate,GEBCO Cascadia Margin,Full Geometry-Aware Hybrid GA,moderate_noise,12,99.02777777777779,0.814451385812831,1,0.0,-0.573883767605643,1.007992166742992,116,1531.1368900201924
gebco_cascadia_margin_moderate,GEBCO Cascadia Margin,Full Geometry-Aware Hybrid GA,moderate_noise,13,98.85000000000001,1.0852706724601886,1,0.0,0.772898663088683,0.9968742106683669,116,1531.1368900201924
gebco_cascadia_margin_moderate,GEBCO Cascadia Margin,Full Geometry-Aware Hybrid GA,moderate_noise,14,99.2,1.4089025891205613,1,0.0,0.36582405457777906,1.0304567087728385,116,1531.1368900201924
gebco_cascadia_margin_moderate,GEBCO Cascadia Margin,Full Geometry-Aware Hybrid GA,moderate_noise,15,98.8,0.8770349880462646,1,0.0,0.858963329078652,0.9998583985934687,116,1531.1368900201924
gebco_cascadia_margin_moderate,GEBCO Cascadia Margin,Full Geometry-Aware Hybrid GA,moderate_noise,16,98.66666666666667,0.4727016169038457,1,0.0,0.1125285635745292,1.0043245793359494,116,1531.1368900201924
gebco_cascadia_margin_moderate,GEBCO Cascadia Margin,Full Geometry-Aware Hybrid GA,moderate_noise,17,99.11111111111111,0.780280924268837,1,0.0,0.3613326404505359,1.0045903032021084,116,1531.1368900201924
gebco_cascadia_margin_moderate,GEBCO Cascadia Margin,Full Geometry-Aware Hybrid GA,moderate_noise,18,98.90555555555555,0.5599921330268669,1,0.0,-0.7453751974474458,0.986742062526407,116,1531.1368900201924
gebco_cascadia_margin_moderate,GEBCO Cascadia Margin,Full Geometry-Aware Hybrid GA,moderate_noise,19,98.60555555555555,0.8202378412149931,1,0.0,0.17422199921919743,1.0130677016001701,116,1531.1368900201924
gebco_cascadia_margin_moderate,GEBCO Cascadia Margin,Full Geometry-Aware Hybrid GA,moderate_noise,20,99.25555555555555,1.6289414298574787,1,0.0,-0.3704251564124488,1.042579579755781,116,1531.1368900201924
gebco_cascadia_margin_moderate,GEBCO Cascadia Margin,Full Geometry-Aware Hybrid GA,moderate_noise,21,98.66666666666667,0.7893420027125619,1,0.0,0.18310691565971568,1.002911063816419,116,1531.1368900201924
gebco_cascadia_margin_moderate,GEBCO Cascadia Margin,Full Geometry-Aware Hybrid GA,moderate_noise,22,99.25555555555555,1.1700376395729901,1,0.0,0.4097124188618577,1.0270580559776212,116,1531.1368900201924
gebco_cascadia_margin_moderate,GEBCO Cascadia Margin,Full Geometry-Aware Hybrid GA,moderate_noise,23,99.16111111111111,1.0064849817489685,1,0.0,-0.49855497242047214,1.0123352360359972,116,1531.1368900201924
gebco_cascadia_margin_moderate,GEBCO Cascadia Margin,Full Geometry-Aware Hybrid GA,moderate_noise,24,98.72222222222223,0.41554464197946434,1,0.0,0.3520965104069947,0.9746159694758538,116,1531.1368900201924
gebco_cascadia_margin_moderate,GEBCO Cascadia Margin,Full Geometry-Aware Hybrid GA,moderate_noise,25,99.13888888888889,1.8965774272146332,1,0.0,0.6710285005285278,1.0523038698349696,116,1531.1368900201924
gebco_cascadia_margin_moderate,GEBCO Cascadia Margin,Full Geometry-Aware Hybrid GA,moderate_noise,26,98.43888888888888,0.6586601581217241,1,0.0,-0.6811114430126181,0.9805835795722625,116,1531.1368900201924
gebco_cascadia_margin_moderate,GEBCO Cascadia Margin,Full Geometry-Aware Hybrid GA,moderate_noise,27,98.9,0.5608755656536509,1,0.0,0.6090989839672699,0.9892022733400394,116,1531.1368900201924
gebco_cascadia_margin_moderate,GEBCO Cascadia Margin,Full Geometry-Aware Hybrid GA,moderate_noise,28,98.66666666666667,0.12255455714295022,1,0.0,0.46579047452538724,0.9484618095391804,116,1531.1368900201924
gebco_cascadia_margin_moderate,GEBCO Cascadia Margin,Full Geometry-Aware Hybrid GA,moderate_noise,29,98.96666666666667,0.4537183945126289,1,0.0,0.6147849840949794,0.9921316691443705,116,1531.1368900201924
gebco_cascadia_margin_moderate,GEBCO Cascadia Margin,Full Geometry-Aware Hybrid GA,moderate_noise,30,99.3,1.048666847476878,1,0.0,-0.23114196851350535,1.0193606579662784,116,1531.1368900201924
gebco_cascadia_margin_moderate,GEBCO Cascadia Margin,Full Geometry-Aware Hybrid GA,moderate_noise,31,99.07777777777778,1.9877420472744476,1,0.0,0.43013858810981,1.0585985346158941,116,1531.1368900201924
gebco_cascadia_margin_moderate,GEBCO Cascadia Margin,Full Geometry-Aware Hybrid GA,moderate_noise,32,98.9,2.155120843776623,1,0.0,0.3087424566263685,1.0712271651775358,116,1531.1368900201924
gebco_cascadia_margin_moderate,GEBCO Cascadia Margin,Full Geometry-Aware Hybrid GA,moderate_noise,33,98.33333333333333,0.5222228874441258,1,0.0,0.157685150813076,0.9790669020433341,116,1531.1368900201924
gebco_cascadia_margin_moderate,GEBCO Cascadia Margin,Full Geometry-Aware Hybrid GA,moderate_noise,34,98.74444444444444,0.4701812534285574,1,0.0,0.30758317366571064,0.9559194633036312,116,1531.1368900201924
gebco_cascadia_margin_moderate,GEBCO Cascadia Margin,Full Geometry-Aware Hybrid GA,moderate_noise,35,98.66666666666667,2.5855658028811486,1,0.0,0.041894014114647264,1.064903211002908,116,1531.1368900201924
gebco_cascadia_margin_moderate,GEBCO Cascadia Margin,Full Geometry-Aware Hybrid GA,moderate_noise,36,98.14444444444445,0.2623036868439395,1,0.0,-0.11030146722909824,0.9436586113514982,116,1531.1368900201924
gebco_cascadia_margin_moderate,GEBCO Cascadia Margin,Full Geometry-Aware Hybrid GA,moderate_noise,37,98.7611111111111,1.4478182356398166,1,0.0,0.15021431187208034,1.025443962876474,116,1531.1368900201924
gebco_cascadia_margin_moderate,GEBCO Cascadia Margin,Full Geometry-Aware Hybrid GA,moderate_noise,38,99.21111111111112,0.8715829843342259,1,0.0,-0.23695974041047727,1.0060294536154448,116,1531.1368900201924
gebco_cascadia_margin_moderate,GEBCO Cascadia Margin,Full Geometry-Aware Hybrid GA,moderate_noise,39,98.91111111111111,0.8911463252948301,1,0.0,-0.5262644151254916,1.0013032212526791,116,1531.1368900201924
gebco_cascadia_margin_moderate,GEBCO Cascadia Margin,Full Geometry-Aware Hybrid GA,moderate_noise,40,98.61666666666666,1.5199822645155692,1,0.0,-0.028966992750923393,1.0203426393768373,116,1531.1368900201924
gebco_cascadia_margin_moderate,GEBCO Cascadia Margin,Full Geometry-Aware Hybrid GA,moderate_noise,41,98.96666666666667,0.6572128251514934,1,0.0,0.4492808046213033,0.9969943495771644,116,1531.1368900201924
gebco_cascadia_margin_moderate,GEBCO Cascadia Margin,Full Geometry-Aware Hybrid GA,moderate_noise,42,99.21666666666667,2.0076022926374026,1,0.0,-0.11197773684117847,1.0398701349518868,116,1531.1368900201924
gebco_cascadia_margin_moderate,GEBCO Cascadia Margin,Full Geometry-Aware Hybrid GA,moderate_noise,43,99.11111111111111,0.5966816422281258,1,0.0,0.44154580399431415,0.9937215329650423,116,1531.1368900201924
gebco_cascadia_margin_moderate,GEBCO Cascadia Margin,Full Geometry-Aware Hybrid GA,moderate_noise,44,99.01666666666667,0.5947568704777418,1,0.0,0.6806698474862313,0.9758754234493083,116,1531.1368900201924
gebco_cascadia_margin_moderate,GEBCO Cascadia Margin,Full Geometry-Aware Hybrid GA,moderate_noise,45,99.23333333333333,1.12748004500113,1,0.0,-0.5086171739303769,1.0235001404227988,116,1531.1368900201924
gebco_cascadia_margin_moderate,GEBCO Cascadia Margin,Full Geometry-Aware Hybrid GA,moderate_noise,46,99.33333333333333,1.6679927487646857,1,0.0,-0.39001174381326986,1.0368391251284619,116,1531.1368900201924
gebco_cascadia_margin_moderate,GEBCO Cascadia Margin,Full Geometry-Aware Hybrid GA,moderate_noise,47,98.75,0.47004912162403567,1,0.0,-0.2464582481120163,0.964452576053405,116,1531.1368900201924
gebco_cascadia_margin_moderate,GEBCO Cascadia Margin,Full Geometry-Aware Hybrid GA,moderate_noise,48,99.15,0.9402793114948116,1,0.0,-0.5741795325368236,1.0104137870840917,116,1531.1368900201924
gebco_cascadia_margin_moderate,GEBCO Cascadia Margin,Full Geometry-Aware Hybrid GA,moderate_noise,49,98.89444444444445,0.6129018020825122,1,0.0,-0.8568494722018486,0.9896199330561919,116,1531.1368900201924
gebco_cascadia_margin_moderate,GEBCO Cascadia Margin,Full Geometry-Aware Hybrid GA,moderate_noise,50,99.17777777777778,1.1267419955777425,1,0.0,-0.5054235216540248,1.0169195328728868,116,1531.1368900201924
gebco_cascadia_margin_moderate,GEBCO Cascadia Margin,Full Geometry-Aware Hybrid GA,moderate_noise,51,98.61111111111111,0.24067415582413787,1,0.0,-1.1310542830490864,0.9537188870771066,116,1531.1368900201924
gebco_cascadia_margin_moderate,GEBCO Cascadia Margin,Full Geometry-Aware Hybrid GA,moderate_noise,52,99.33333333333333,1.350493822369174,1,0.0,-0.33897897696285556,1.0368050454882365,116,1531.1368900201924
gebco_cascadia_margin_moderate,GEBCO Cascadia Margin,Full Geometry-Aware Hybrid GA,moderate_noise,53,98.81666666666666,0.08005601378472238,1,0.0,0.5497104513330546,0.9449807638939338,116,1531.1368900201924
gebco_cascadia_margin_moderate,GEBCO Cascadia Margin,Full Geometry-Aware Hybrid GA,moderate_noise,54,99.31666666666666,1.0241424503815177,1,0.0,-0.3992441306534756,1.031323731918577,116,1531.1368900201924
gebco_cascadia_margin_moderate,GEBCO Cascadia Margin,Full Geometry-Aware Hybrid GA,moderate_noise,55,99.13333333333333,1.8692832735387779,1,0.0,0.3068766660023841,1.0462360600118075,116,1531.1368900201924
gebco_cascadia_margin_moderate,GEBCO Cascadia Margin,Full Geometry-Aware Hybrid GA,moderate_noise,56,99.33333333333333,0.9072142795185999,1,0.0,-0.1008938537965216,1.007949067969146,116,1531.1368900201924
gebco_cascadia_margin_moderate,GEBCO Cascadia Margin,Full Geometry-Aware Hybrid GA,moderate_noise,57,99.08888888888889,1.9712423521907614,1,0.0,-0.46470990261748113,1.0486766934732448,116,1531.1368900201924
gebco_cascadia_margin_moderate,GEBCO Cascadia Margin,Full Geometry-Aware Hybrid GA,moderate_noise,58,98.98333333333333,1.57977030460269,1,0.0,0.08908647227039994,1.0331734753765747,116,1531.1368900201924
gebco_cascadia_margin_moderate,GEBCO Cascadia Margin,Full Geometry-Aware Hybrid GA,moderate_noise,59,99.31666666666666,1.8274684472966514,1,0.0,0.693941867013709,1.0405774301064825,116,1531.1368900201924
gebco_cascadia_margin_moderate,GEBCO Cascadia Margin,Full Geometry-Aware Hybrid GA,moderate_noise,60,98.88888888888889,0.9149650786101113,1,0.0,0.5667014874562463,0.9987013134827818,116,1531.1368900201924
gebco_cascadia_margin_moderate,GEBCO Cascadia Margin,Full Geometry-Aware Hybrid GA,moderate_noise,61,98.87777777777778,0.5733192060591087,1,0.0,0.7091829929299103,1.0009172712006378,116,1531.1368900201924
gebco_cascadia_margin_moderate,GEBCO Cascadia Margin,Full Geometry-Aware Hybrid GA,moderate_noise,62,98.66666666666667,0.2991515369423237,1,0.0,-0.012219743717190775,0.9616812224915382,116,1531.1368900201924
gebco_cascadia_margin_moderate,GEBCO Cascadia Margin,Full Geometry-Aware Hybrid GA,moderate_noise,63,98.66666666666667,1.163645142158436,1,0.0,-0.030622229303062645,1.0254913569706257,116,1531.1368900201924
gebco_cascadia_margin_moderate,GEBCO Cascadia Margin,Full Geometry-Aware Hybrid GA,moderate_noise,64,99.33333333333333,1.182623802286367,1,0.0,-0.24962066157927384,1.022998988451899,116,1531.1368900201924
gebco_cascadia_margin_moderate,GEBCO Cascadia Margin,Full Geometry-Aware Hybrid GA,moderate_noise,65,98.83888888888889,0.9231766187748562,1,0.0,-0.7161309326911526,1.0064051685165252,116,1531.1368900201924
gebco_cascadia_margin_moderate,GEBCO Cascadia Margin,Full Geometry-Aware Hybrid GA,moderate_noise,66,98.58888888888889,0.42840375008547055,1,0.0,0.06029244148661365,0.9779580845918248,116,1531.1368900201924
gebco_cascadia_margin_moderate,GEBCO Cascadia Margin,Full Geometry-Aware Hybrid GA,moderate_noise,67,98.74444444444444,0.36960401489300126,1,0.0,0.8973566339329667,0.9763443032501031,116,1531.1368900201924
gebco_cascadia_margin_moderate,GEBCO Cascadia Margin,Full Geometry-Aware Hybrid GA,moderate_noise,68,99.33333333333333,0.24882975708878394,1,0.0,-0.06141118122930854,0.9537859278559614,116,1531.1368900201924
gebco_cascadia_margin_moderate,GEBCO Cascadia Margin,Full Geometry-Aware Hybrid GA,moderate_noise,69,98.88888888888889,0.6406703760130368,1,0.0,0.27623510783071703,1.0003053041974712,116,1531.1368900201924
gebco_cascadia_margin_moderate,GEBCO Cascadia Margin,Full Geometry-Aware Hybrid GA,moderate_noise,70,99.10555555555555,0.7980443910669596,1,0.0,-0.2688621433127912,1.012526383732344,116,1531.1368900201924
gebco_cascadia_margin_moderate,GEBCO Cascadia Margin,Full Geometry-Aware Hybrid GA,moderate_noise,71,99.33333333333333,1.6566779906095002,1,0.0,-0.37956126374789184,1.0343545516838735,116,1531.1368900201924
gebco_cascadia_margin_moderate,GEBCO Cascadia Margin,Full Geometry-Aware Hybrid GA,moderate_noise,72,99.25555555555555,0.42269584156440737,1,0.0,-0.3553811089474564,0.9766404978209842,116,1531.1368900201924
gebco_cascadia_margin_moderate,GEBCO Cascadia Margin,Full Geometry-Aware Hybrid GA,moderate_noise,73,98.85555555555555,0.8810024562904353,1,0.0,0.21311644626737625,1.000605354418398,116,1531.1368900201924
gebco_cascadia_margin_moderate,GEBCO Cascadia Margin,Full Geometry-Aware Hybrid GA,moderate_noise,74,99.09444444444443,0.476949622219264,1,0.0,-0.07851284852711173,0.9827437035366937,116,1531.1368900201924
gebco_cascadia_margin_moderate,GEBCO Cascadia Margin,Full Geometry-Aware Hybrid GA,moderate_noise,75,99.03888888888889,2.3188306311110938,1,0.0,-0.685983440903263,1.0625202591879142,116,1531.1368900201924
gebco_cascadia_margin_moderate,GEBCO Cascadia Margin,Full Geometry-Aware Hybrid GA,moderate_noise,76,98.83888888888889,0.959697594519589,1,0.0,0.26774249053876764,1.0030666879865888,116,1531.1368900201924
gebco_cascadia_margin_moderate,GEBCO Cascadia Margin,Full Geometry-Aware Hybrid GA,moderate_noise,77,98.85000000000001,0.5297098291634774,1,0.0,-0.5870593059774447,0.9843540023492088,116,1531.1368900201924
gebco_cascadia_margin_moderate,GEBCO Cascadia Margin,Full Geometry-Aware Hybrid GA,moderate_noise,78,99.33333333333333,0.27336104682820517,1,0.0,-0.05524355643068927,0.9738634713584313,116,1531.1368900201924
gebco_cascadia_margin_moderate,GEBCO Cascadia Margin,Full Geometry-Aware Hybrid GA,moderate_noise,79,99.03888888888889,0.5963484669385593,1,0.0,0.576017084954007,0.9958539660610706,116,1531.1368900201924
gebco_cascadia_margin_moderate,GEBCO Cascadia Margin,Full Geometry-Aware Hybrid GA,moderate_noise,80,98.81666666666666,0.9382050962306019,1,0.0,-0.7801586760196907,0.9909081043669865,116,1531.1368900201924
gebco_cascadia_margin_moderate,GEBCO Cascadia Margin,Full Geometry-Aware Hybrid GA,moderate_noise,81,99.33333333333333,0.4374556507202006,1,0.0,-0.1574209449991874,0.972380022421659,116,1531.1368900201924
gebco_cascadia_margin_moderate,GEBCO Cascadia Margin,Full Geometry-Aware Hybrid GA,moderate_noise,82,99.32222222222222,1.4276320878416413,1,0.0,-0.1886796540726172,1.0154119032530078,116,1531.1368900201924
gebco_cascadia_margin_moderate,GEBCO Cascadia Margin,Full Geometry-Aware Hybrid GA,moderate_noise,83,99.09444444444443,0.6128745512046961,1,0.0,0.11612060444863223,0.983554632469882,116,1531.1368900201924
gebco_cascadia_margin_moderate,GEBCO Cascadia Margin,Full Geometry-Aware Hybrid GA,moderate_noise,84,98.94444444444444,1.1864082762339108,1,0.0,1.2621150164416326,1.0216725448957156,116,1531.1368900201924
gebco_cascadia_margin_moderate,GEBCO Cascadia Margin,Full Geometry-Aware Hybrid GA,moderate_noise,85,98.65,0.939152788710832,1,0.0,0.19612112885338454,1.0111154893260228,116,1531.1368900201924
gebco_cascadia_margin_moderate,GEBCO Cascadia Margin,Full Geometry-Aware Hybrid GA,moderate_noise,86,98.78333333333333,0.42628548491493884,1,0.0,-0.8700891015756911,0.9802185244404465,116,1531.1368900201924
gebco_cascadia_margin_moderate,GEBCO Cascadia Margin,Full Geometry-Aware Hybrid GA,moderate_noise,87,99.03888888888889,0.5185458494669367,1,0.0,-0.07784190605488506,0.9857100199143706,116,1531.1368900201924
gebco_cascadia_margin_moderate,GEBCO Cascadia Margin,Full Geometry-Aware Hybrid GA,moderate_noise,88,98.86666666666667,0.46237563509956825,1,0.0,0.6550561810834811,0.9852763122635864,116,1531.1368900201924
gebco_cascadia_margin_moderate,GEBCO Cascadia Margin,Full Geometry-Aware Hybrid GA,moderate_noise,89,99.14444444444445,0.9172731111042154,1,0.0,-0.11346153295526687,0.9904261344758242,116,1531.1368900201924
gebco_cascadia_margin_moderate,GEBCO Cascadia Margin,Full Geometry-Aware Hybrid GA,moderate_noise,90,98.70555555555556,0.36651065628042573,1,0.0,0.6772858938546797,0.9632110082535725,116,1531.1368900201924
gebco_cascadia_margin_moderate,GEBCO Cascadia Margin,Full Geometry-Aware Hybrid GA,moderate_noise,91,98.96111111111111,1.5662551247762624,1,0.0,-0.8128194081353808,1.0414550652356702,116,1531.1368900201924
gebco_cascadia_margin_moderate,GEBCO Cascadia Margin,Full Geometry-Aware Hybrid GA,moderate_noise,92,99.33333333333333,0.8132551409865376,1,0.0,-0.08874140402883283,0.9814449222788939,116,1531.1368900201924
gebco_cascadia_margin_moderate,GEBCO Cascadia Margin,Full Geometry-Aware Hybrid GA,moderate_noise,93,98.66666666666667,0.24253806749288817,1,0.0,0.1205229858299365,0.9765398040823314,116,1531.1368900201924
gebco_cascadia_margin_moderate,GEBCO Cascadia Margin,Full Geometry-Aware Hybrid GA,moderate_noise,94,98.83888888888889,0.4428378101958065,1,0.0,-0.5776241669892451,0.9673434379560648,116,1531.1368900201924
gebco_cascadia_margin_moderate,GEBCO Cascadia Margin,Full Geometry-Aware Hybrid GA,moderate_noise,95,98.70555555555556,0.7848868733109866,1,0.0,0.12026623336479907,0.9985029225881941,116,1531.1368900201924
gebco_cascadia_margin_moderate,GEBCO Cascadia Margin,Full Geometry-Aware Hybrid GA,moderate_noise,96,99.33333333333333,1.0565214987813722,1,0.0,-0.21144479336740563,1.0267748434604118,116,1531.1368900201924
gebco_cascadia_margin_moderate,GEBCO Cascadia Margin,Full Geometry-Aware Hybrid GA,moderate_noise,97,99.30555555555556,0.8628578965170735,1,0.0,-0.35594961938652403,1.0003852979171355,116,1531.1368900201924
gebco_cascadia_margin_moderate,GEBCO Cascadia Margin,Full Geometry-Aware Hybrid GA,moderate_noise,98,99.21666666666667,0.4106618866549953,1,0.0,-0.36086153499622164,0.9771920448083297,116,1531.1368900201924
gebco_cascadia_margin_moderate,GEBCO Cascadia Margin,Full Geometry-Aware Hybrid GA,moderate_noise,99,99.15,1.3896897852014929,1,0.0,-0.44488377309748106,1.0216355431045492,116,1531.1368900201924
gebco_cascadia_margin_moderate,GEBCO Cascadia Margin,Full Geometry-Aware Hybrid GA,moderate_noise,100,99.11111111111111,0.4682645412013332,1,0.0,-0.27616269639405333,0.9682408439350124,116,1531.1368900201924
gebco_cascadia_margin_moderate,GEBCO Cascadia Margin,Full Geometry-Aware Hybrid GA,moderate_noise,101,99.02222222222223,1.792656129048907,1,0.0,0.844569994098497,1.0413221002596784,116,1531.1368900201924
gebco_cascadia_margin_moderate,GEBCO Cascadia Margin,Full Geometry-Aware Hybrid GA,moderate_noise,102,98.35555555555555,0.6265650974282649,1,0.0,0.006183129630816425,0.980125318138836,116,1531.1368900201924
gebco_cascadia_margin_moderate,GEBCO Cascadia Margin,Full Geometry-Aware Hybrid GA,moderate_noise,103,98.93888888888888,1.1956427575560125,1,0.0,0.38631905900273855,1.015236404336256,116,1531.1368900201924
gebco_cascadia_margin_moderate,GEBCO Cascadia Margin,Full Geometry-Aware Hybrid GA,moderate_noise,104,98.95555555555555,0.471780053012184,1,0.0,-0.426967747690722,0.978366529565499,116,1531.1368900201924
gebco_cascadia_margin_moderate,GEBCO Cascadia Margin,Full Geometry-Aware Hybrid GA,moderate_noise,105,99.07777777777778,1.6016787536392023,1,0.0,-0.5106122610368116,1.0415804346926143,116,1531.1368900201924
gebco_cascadia_margin_moderate,GEBCO Cascadia Margin,Full Geometry-Aware Hybrid GA,moderate_noise,106,98.95,1.0896403655676017,1,0.0,0.33575129092697364,1.021270397127252,116,1531.1368900201924
gebco_cascadia_margin_moderate,GEBCO Cascadia Margin,Full Geometry-Aware Hybrid GA,moderate_noise,107,99.11666666666666,0.6450289665689959,1,0.0,-0.06966344564298416,0.9995608487749984,116,1531.1368900201924
gebco_cascadia_margin_moderate,GEBCO Cascadia Margin,Full Geometry-Aware Hybrid GA,moderate_noise,108,98.92222222222222,0.8136178585649315,1,0.0,0.9892657908199027,1.01546627982872,116,1531.1368900201924
gebco_cascadia_margin_moderate,GEBCO Cascadia Margin,Full Geometry-Aware Hybrid GA,moderate_noise,109,99.1,1.8251258054599664,1,0.0,0.38149143323502255,1.0273258846065132,116,1531.1368900201924
gebco_cascadia_margin_moderate,GEBCO Cascadia Margin,Full Geometry-Aware Hybrid GA,moderate_noise,110,99.0,1.3402609566300177,1,0.0,0.6962081526903727,1.0209420943708756,116,1531.1368900201924
gebco_cascadia_margin_moderate,GEBCO Cascadia Margin,Full Geometry-Aware Hybrid GA,moderate_noise,111,98.88888888888889,0.5601883169358796,1,0.0,-0.157498634697626,0.9766720462326197,116,1531.1368900201924
gebco_cascadia_margin_moderate,GEBCO Cascadia Margin,Full Geometry-Aware Hybrid GA,moderate_noise,112,99.33333333333333,0.42764290651176035,1,0.0,0.03382907836525335,0.9676494614057666,116,1531.1368900201924
gebco_cascadia_margin_moderate,GEBCO Cascadia Margin,Full Geometry-Aware Hybrid GA,moderate_noise,113,99.33333333333333,1.9985619366916698,1,0.0,-0.20997193787048346,1.0449821384377906,116,1531.1368900201924
gebco_cascadia_margin_moderate,GEBCO Cascadia Margin,Full Geometry-Aware Hybrid GA,moderate_noise,114,99.01111111111112,1.1375334803178367,1,0.0,0.3591745221071041,1.010770148602974,116,1531.1368900201924
gebco_cascadia_margin_moderate,GEBCO Cascadia Margin,Full Geometry-Aware Hybrid GA,moderate_noise,115,99.14444444444445,2.2292096813824793,1,0.0,0.33848756814067593,1.0647599894382451,116,1531.1368900201924
gebco_cascadia_margin_moderate,GEBCO Cascadia Margin,Full Geometry-Aware Hybrid GA,moderate_noise,116,98.7,0.21068445197507435,1,0.0,-0.8101812236919257,0.9569102457582156,116,1531.1368900201924
gebco_cascadia_margin_moderate,GEBCO Cascadia Margin,Full Geometry-Aware Hybrid GA,moderate_noise,117,98.92777777777778,1.6063103098634817,1,0.0,-0.5669073155117098,1.0398426534708725,116,1531.1368900201924
gebco_cascadia_margin_moderate,GEBCO Cascadia Margin,Full Geometry-Aware Hybrid GA,moderate_noise,118,99.06666666666666,1.7720700098286661,1,0.0,0.39481592882656635,1.035599758995218,116,1531.1368900201924
gebco_cascadia_margin_moderate,GEBCO Cascadia Margin,Full Geometry-Aware Hybrid GA,moderate_noise,119,99.0,0.9361819263150408,1,0.0,0.5551861541058377,1.013537757417171,116,1531.1368900201924
gebco_cascadia_margin_moderate,GEBCO Cascadia Margin,Full Geometry-Aware Hybrid GA,moderate_noise,120,99.33333333333333,0.6207800122241877,1,0.0,0.03707480169811414,0.9982766154169384,116,1531.1368900201924
gebco_cascadia_margin_moderate,GEBCO Cascadia Margin,Full Geometry-Aware Hybrid GA,moderate_noise,121,98.78888888888889,0.6637135977656506,1,0.0,0.06824224295467526,0.9593006107638179,116,1531.1368900201924
gebco_cascadia_margin_moderate,GEBCO Cascadia Margin,Full Geometry-Aware Hybrid GA,moderate_noise,122,98.96666666666667,1.6944221888108877,1,0.0,0.8448755558742289,1.0413409450579079,116,1531.1368900201924
gebco_cascadia_margin_moderate,GEBCO Cascadia Margin,Full Geometry-Aware Hybrid GA,moderate_noise,123,99.12777777777778,0.3421241361396552,1,0.0,-0.28441363256043284,0.9724187233450345,116,1531.1368900201924
gebco_cascadia_margin_moderate,GEBCO Cascadia Margin,Full Geometry-Aware Hybrid GA,moderate_noise,124,98.76666666666667,1.1125280498740742,1,0.0,0.19907480366082264,1.0209893284664049,116,1531.1368900201924
gebco_cascadia_margin_moderate,GEBCO Cascadia Margin,Full Geometry-Aware Hybrid GA,moderate_noise,125,99.22777777777779,1.516796857604681,1,0.0,-0.421394803217572,1.0430477336260662,116,1531.1368900201924
gebco_cascadia_margin_moderate,GEBCO Cascadia Margin,Full Geometry-Aware Hybrid GA,moderate_noise,126,99.14444444444445,0.41989061254310417,1,0.0,-0.17283700491158813,0.9810444518767446,116,1531.1368900201924
gebco_cascadia_margin_moderate,GEBCO Cascadia Margin,Full Geometry-Aware Hybrid GA,moderate_noise,127,98.67222222222222,1.0300191866788213,1,0.0,0.20144493645795902,1.0084490282730436,116,1531.1368900201924
gebco_cascadia_margin_moderate,GEBCO Cascadia Margin,Full Geometry-Aware Hybrid GA,moderate_noise,128,98.74444444444444,1.1827734651881059,1,0.0,1.2873494624791675,1.0112651380198454,116,1531.1368900201924
gebco_cascadia_margin_moderate,GEBCO Cascadia Margin,Full Geometry-Aware Hybrid GA,moderate_noise,129,98.78888888888889,0.44409501750806535,1,0.0,-0.47649588133117976,0.9752271422638066,116,1531.1368900201924
gebco_cascadia_margin_moderate,GEBCO Cascadia Margin,Full Geometry-Aware Hybrid GA,moderate_noise,130,98.66111111111111,1.8420822566674817,1,0.0,-0.9982430651247671,1.0358924314261722,116,1531.1368900201924
gebco_cascadia_margin_moderate,GEBCO Cascadia Margin,Full Geometry-Aware Hybrid GA,moderate_noise,131,99.30555555555556,2.3661698582146133,1,0.0,-0.3704910370111013,1.0586142114338113,116,1531.1368900201924
gebco_cascadia_margin_moderate,GEBCO Cascadia Margin,Full Geometry-Aware Hybrid GA,moderate_noise,132,98.78888888888889,1.8307321752251988,1,0.0,0.08287040313693138,1.0262862516505709,116,1531.1368900201924
gebco_cascadia_margin_moderate,GEBCO Cascadia Margin,Full Geometry-Aware Hybrid GA,moderate_noise,133,99.2611111111111,1.2062982461058134,1,0.0,0.3794842498245892,1.0130330835712618,116,1531.1368900201924
gebco_cascadia_margin_moderate,GEBCO Cascadia Margin,Full Geometry-Aware Hybrid GA,moderate_noise,134,98.93333333333332,1.383564425199497,1,0.0,0.35700104014635786,1.0256347331790112,116,1531.1368900201924
gebco_cascadia_margin_moderate,GEBCO Cascadia Margin,Full Geometry-Aware Hybrid GA,moderate_noise,135,99.22222222222223,0.8870120230596803,1,0.0,-0.21575204929873765,0.9943939905453004,116,1531.1368900201924
gebco_cascadia_margin_moderate,GEBCO Cascadia Margin,Full Geometry-Aware Hybrid GA,moderate_noise,136,98.81111111111112,0.4949502769415659,1,0.0,0.3792368947377617,0.9756183916381794,116,1531.1368900201924
gebco_cascadia_margin_moderate,GEBCO Cascadia Margin,Full Geometry-Aware Hybrid GA,moderate_noise,137,98.50555555555556,0.3975410138651981,1,0.0,-1.1663199433477698,0.9680549345405907,116,1531.1368900201924
gebco_cascadia_margin_moderate,GEBCO Cascadia Margin,Full Geometry-Aware Hybrid GA,moderate_noise,138,98.68333333333334,1.5672558970466859,1,0.0,0.03809847894027113,1.0097287477451409,116,1531.1368900201924
gebco_cascadia_margin_moderate,GEBCO Cascadia Margin,Full Geometry-Aware Hybrid GA,moderate_noise,139,99.12222222222222,1.0139402143115162,1,0.0,-0.38809973393929414,0.9953990083211425,116,1531.1368900201924
gebco_cascadia_margin_moderate,GEBCO Cascadia Margin,Full Geometry-Aware Hybrid GA,moderate_noise,140,98.26666666666667,0.27403562160587186,1,0.0,0.038478973533073675,0.9363652041839823,116,1531.1368900201924
gebco_cascadia_margin_moderate,GEBCO Cascadia Margin,Full Geometry-Aware Hybrid GA,moderate_noise,141,98.73888888888888,0.2918541085517849,1,0.0,-0.1894137176457921,0.9423028994154161,116,1531.1368900201924
gebco_cascadia_margin_moderate,GEBCO Cascadia Margin,Full Geometry-Aware Hybrid GA,moderate_noise,142,98.66666666666667,0.6339991104120738,1,0.0,0.1532903229343167,1.002095310818189,116,1531.1368900201924
gebco_cascadia_margin_moderate,GEBCO Cascadia Margin,Full Geometry-Aware Hybrid GA,moderate_noise,143,99.05555555555556,0.48726637977940085,1,0.0,-0.09837831281843523,0.9640314217632411,116,1531.1368900201924
gebco_cascadia_margin_moderate,GEBCO Cascadia Margin,Full Geometry-Aware Hybrid GA,moderate_noise,144,98.97222222222221,0.5967646447875318,1,0.0,0.3466459710989253,0.9791782637458706,116,1531.1368900201924
gebco_cascadia_margin_moderate,GEBCO Cascadia Margin,Full Geometry-Aware Hybrid GA,moderate_noise,145,98.75,0.3833795921787436,1,0.0,-0.13775058103092902,0.9609622002868068,116,1531.1368900201924
gebco_cascadia_margin_moderate,GEBCO Cascadia Margin,Full Geometry-Aware Hybrid GA,moderate_noise,146,98.96666666666667,0.5109123504578725,1,0.0,0.28366098357163644,1.0066582923521772,116,1531.1368900201924
gebco_cascadia_margin_moderate,GEBCO Cascadia Margin,Full Geometry-Aware Hybrid GA,moderate_noise,147,99.25555555555555,1.0524186191066807,1,0.0,-0.4240959588398565,1.016964529231449,116,1531.1368900201924
gebco_cascadia_margin_moderate,GEBCO Cascadia Margin,Full Geometry-Aware Hybrid GA,moderate_noise,148,98.85555555555555,0.3860670701327915,1,0.0,0.43420162024604436,0.9714034557327209,116,1531.1368900201924
gebco_cascadia_margin_moderate,GEBCO Cascadia Margin,Full Geometry-Aware Hybrid GA,moderate_noise,149,98.79444444444444,0.6196048242658485,1,0.0,0.2877741890841138,0.9919755215885796,116,1531.1368900201924
gebco_cascadia_margin_moderate,GEBCO Cascadia Margin,Full Geometry-Aware Hybrid GA,moderate_noise,150,98.83888888888889,0.7535371152285714,1,0.0,-0.3238021101223637,0.972883813222783,116,1531.1368900201924
gebco_cascadia_margin_moderate,GEBCO Cascadia Margin,Full Geometry-Aware Hybrid GA,moderate_noise,151,98.91111111111111,0.7718311236565304,1,0.0,0.12757490554093853,1.0067776809890667,116,1531.1368900201924
gebco_cascadia_margin_moderate,GEBCO Cascadia Margin,Full Geometry-Aware Hybrid GA,moderate_noise,152,99.06666666666666,1.0457730835532535,1,0.0,0.4127084594585844,1.0265886852822332,116,1531.1368900201924
gebco_cascadia_margin_moderate,GEBCO Cascadia Margin,Full Geometry-Aware Hybrid GA,moderate_noise,153,99.33333333333333,0.7314224704364743,1,0.0,-0.30388128515122015,1.0132748959956681,116,1531.1368900201924
gebco_cascadia_margin_moderate,GEBCO Cascadia Margin,Full Geometry-Aware Hybrid GA,moderate_noise,154,99.16111111111111,1.0954934100046276,1,0.0,-0.10402611421915889,0.9924914950542263,116,1531.1368900201924
gebco_cascadia_margin_moderate,GEBCO Cascadia Margin,Full Geometry-Aware Hybrid GA,moderate_noise,155,99.33333333333333,1.3212651341253325,1,0.0,-0.32934096533169155,1.0387736889981827,116,1531.1368900201924
gebco_cascadia_margin_moderate,GEBCO Cascadia Margin,Full Geometry-Aware Hybrid GA,moderate_noise,156,98.52777777777779,0.48157263055453364,1,0.0,0.15922718990126322,0.980752726624679,116,1531.1368900201924
gebco_cascadia_margin_moderate,GEBCO Cascadia Margin,Full Geometry-Aware Hybrid GA,moderate_noise,157,99.33333333333333,2.4410661822007635,1,0.0,-0.13016860066972047,1.0704645932107246,116,1531.1368900201924
gebco_cascadia_margin_moderate,GEBCO Cascadia Margin,Full Geometry-Aware Hybrid GA,moderate_noise,158,98.9,0.0518011133395928,1,0.0,0.1854667682011703,0.9430063591815067,116,1531.1368900201924
gebco_cascadia_margin_moderate,GEBCO Cascadia Margin,Full Geometry-Aware Hybrid GA,moderate_noise,159,99.21666666666667,1.051746871289758,1,0.0,0.09491309543319598,1.0336251401837795,116,1531.1368900201924
gebco_cascadia_margin_moderate,GEBCO Cascadia Margin,Full Geometry-Aware Hybrid GA,moderate_noise,160,99.3111111111111,1.5091209188620072,1,0.0,-0.044964533736987014,1.0415147609989608,116,1531.1368900201924
gebco_cascadia_margin_moderate,GEBCO Cascadia Margin,Full Geometry-Aware Hybrid GA,moderate_noise,161,99.02222222222223,0.2745482713668064,1,0.0,-0.303298994052372,0.9528097241243463,116,1531.1368900201924
gebco_cascadia_margin_moderate,GEBCO Cascadia Margin,Full Geometry-Aware Hybrid GA,moderate_noise,162,99.33333333333333,1.216764518893087,1,0.0,0.014694053995608785,1.008109206352339,116,1531.1368900201924
gebco_cascadia_margin_moderate,GEBCO Cascadia Margin,Full Geometry-Aware Hybrid GA,moderate_noise,163,98.86666666666667,0.6151409404866344,1,0.0,0.5979803843173125,0.9737774528490929,116,1531.1368900201924
gebco_cascadia_margin_moderate,GEBCO Cascadia Margin,Full Geometry-Aware Hybrid GA,moderate_noise,164,98.48333333333333,0.8248488925980608,1,0.0,0.22621861489907855,0.9953207796544631,116,1531.1368900201924
gebco_cascadia_margin_moderate,GEBCO Cascadia Margin,Full Geometry-Aware Hybrid GA,moderate_noise,165,98.66666666666667,1.2076482468129657,1,0.0,-0.0014556746415508247,1.0226603210548029,116,1531.1368900201924
gebco_cascadia_margin_moderate,GEBCO Cascadia Margin,Full Geometry-Aware Hybrid GA,moderate_noise,166,98.75,0.45471976272871184,1,0.0,-0.042359442646124165,0.9705486171180159,116,1531.1368900201924
gebco_cascadia_margin_moderate,GEBCO Cascadia Margin,Full Geometry-Aware Hybrid GA,moderate_noise,167,98.44444444444444,0.40603827917021773,1,0.0,-0.5116596008135855,0.9372329482295603,116,1531.1368900201924
gebco_cascadia_margin_moderate,GEBCO Cascadia Margin,Full Geometry-Aware Hybrid GA,moderate_noise,168,99.32222222222222,1.2235924980133266,1,0.0,-0.23792556399017337,1.022418447909583,116,1531.1368900201924
gebco_cascadia_margin_moderate,GEBCO Cascadia Margin,Full Geometry-Aware Hybrid GA,moderate_noise,169,99.32777777777778,0.3326368269827848,1,0.0,-0.14055064926244368,0.9812804787395488,116,1531.1368900201924
gebco_cascadia_margin_moderate,GEBCO Cascadia Margin,Full Geometry-Aware Hybrid GA,moderate_noise,170,99.17777777777778,1.4161967939288955,1,0.0,0.042175633546176684,1.0134097570317768,116,1531.1368900201924
gebco_cascadia_margin_moderate,GEBCO Cascadia Margin,Full Geometry-Aware Hybrid GA,moderate_noise,171,99.00555555555556,0.2876089126024705,1,0.0,-0.5786183233701117,0.965442025090756,116,1531.1368900201924
gebco_cascadia_margin_moderate,GEBCO Cascadia Margin,Full Geometry-Aware Hybrid GA,moderate_noise,172,98.59444444444443,0.6673767578239254,1,0.0,0.14575822782125838,1.005935110908988,116,1531.1368900201924
gebco_cascadia_margin_moderate,GEBCO Cascadia Margin,Full Geometry-Aware Hybrid GA,moderate_noise,173,98.78888888888889,0.42183844550456867,1,0.0,-1.0022083223395846,0.9854825625171718,116,1531.1368900201924
gebco_cascadia_margin_moderate,GEBCO Cascadia Margin,Full Geometry-Aware Hybrid GA,moderate_noise,174,98.62777777777778,0.1802291187042836,1,0.0,-1.0604555292748312,0.9502400990258923,116,1531.1368900201924
gebco_cascadia_margin_moderate,GEBCO Cascadia Margin,Full Geometry-Aware Hybrid GA,moderate_noise,175,98.83888888888889,0.4967304404382873,1,0.0,0.290083993580753,0.9657242538119006,116,1531.1368900201924
gebco_cascadia_margin_moderate,GEBCO Cascadia Margin,Full Geometry-Aware Hybrid GA,moderate_noise,176,98.87777777777778,0.7524137523266967,1,0.0,0.16112506722677392,1.0051699994457057,116,1531.1368900201924
gebco_cascadia_margin_moderate,GEBCO Cascadia Margin,Full Geometry-Aware Hybrid GA,moderate_noise,177,99.17222222222222,0.38351522485653833,1,0.0,-0.2305375394418581,0.9732110821389204,116,1531.1368900201924
gebco_cascadia_margin_moderate,GEBCO Cascadia Margin,Full Geometry-Aware Hybrid GA,moderate_noise,178,98.82777777777778,0.57271949378797,1,0.0,-0.9347154299211258,0.9953185238008155,116,1531.1368900201924
gebco_cascadia_margin_moderate,GEBCO Cascadia Margin,Full Geometry-Aware Hybrid GA,moderate_noise,179,98.7,0.7916649047310319,1,0.0,0.2626354923240071,0.9956763711366512,116,1531.1368900201924
gebco_cascadia_margin_moderate,GEBCO Cascadia Margin,Full Geometry-Aware Hybrid GA,moderate_noise,180,99.13888888888889,0.4065514233117605,1,0.0,-0.36154144703853847,0.989660914814745,116,1531.1368900201924
gebco_cascadia_margin_moderate,GEBCO Cascadia Margin,Full Geometry-Aware Hybrid GA,moderate_noise,181,99.15555555555555,0.39684254346871906,1,0.0,-0.25294904513606264,0.9643388464072407,116,1531.1368900201924
gebco_cascadia_margin_moderate,GEBCO Cascadia Margin,Full Geometry-Aware Hybrid GA,moderate_noise,182,98.84444444444445,0.7281641846670582,1,0.0,0.5121966761591842,0.9914148298411075,116,1531.1368900201924
gebco_cascadia_margin_moderate,GEBCO Cascadia Margin,Full Geometry-Aware Hybrid GA,moderate_noise,183,99.16666666666667,0.160126778279935,1,0.0,-0.20003036389419168,0.9525877680570995,116,1531.1368900201924
gebco_cascadia_margin_moderate,GEBCO Cascadia Margin,Full Geometry-Aware Hybrid GA,moderate_noise,184,99.06111111111112,1.9698256313296738,1,0.0,0.4694972647572064,1.0510184582259996,116,1531.1368900201924
gebco_cascadia_margin_moderate,GEBCO Cascadia Margin,Full Geometry-Aware Hybrid GA,moderate_noise,185,98.85000000000001,0.4437568114440472,1,0.0,0.4906636745033284,0.9733285457915496,116,1531.1368900201924
gebco_cascadia_margin_moderate,GEBCO Cascadia Margin,Full Geometry-Aware Hybrid GA,moderate_noise,186,99.09444444444443,1.3331155057732973,1,0.0,0.005471672354583161,1.0148395695179335,116,1531.1368900201924
gebco_cascadia_margin_moderate,GEBCO Cascadia Margin,Full Geometry-Aware Hybrid GA,moderate_noise,187,98.90555555555555,1.7191861470039087,1,0.0,-0.7402361456625758,1.0279203390704474,116,1531.1368900201924
gebco_cascadia_margin_moderate,GEBCO Cascadia Margin,Full Geometry-Aware Hybrid GA,moderate_noise,188,99.07777777777778,0.27288530955451795,1,0.0,0.4827753296003269,0.9876873570283662,116,1531.1368900201924
gebco_cascadia_margin_moderate,GEBCO Cascadia Margin,Full Geometry-Aware Hybrid GA,moderate_noise,189,98.49444444444444,0.2263801604065427,1,0.0,0.8090189073766556,0.9408572774287668,116,1531.1368900201924
gebco_cascadia_margin_moderate,GEBCO Cascadia Margin,Full Geometry-Aware Hybrid GA,moderate_noise,190,98.6,0.5579904994656095,1,0.0,0.1889528683248725,0.9876303155581315,116,1531.1368900201924
gebco_cascadia_margin_moderate,GEBCO Cascadia Margin,Full Geometry-Aware Hybrid GA,moderate_noise,191,98.96666666666667,0.7660980342209934,1,0.0,0.3190816354819387,0.981879205099292,116,1531.1368900201924
gebco_cascadia_margin_moderate,GEBCO Cascadia Margin,Full Geometry-Aware Hybrid GA,moderate_noise,192,99.12777777777778,0.7975228230585419,1,0.0,0.43072351195077346,1.0144672117988869,116,1531.1368900201924
gebco_cascadia_margin_moderate,GEBCO Cascadia Margin,Full Geometry-Aware Hybrid GA,moderate_noise,193,98.56111111111112,0.4621549820552774,1,0.0,0.06278768577642957,0.975472731551553,116,1531.1368900201924
gebco_cascadia_margin_moderate,GEBCO Cascadia Margin,Full Geometry-Aware Hybrid GA,moderate_noise,194,98.66666666666667,1.9472466415456418,1,0.0,0.0142633402573298,1.0574574156394196,116,1531.1368900201924
gebco_cascadia_margin_moderate,GEBCO Cascadia Margin,Full Geometry-Aware Hybrid GA,moderate_noise,195,99.33333333333333,0.5176883563985573,1,0.0,-0.06559328951515704,0.9793118325838627,116,1531.1368900201924
gebco_cascadia_margin_moderate,GEBCO Cascadia Margin,Full Geometry-Aware Hybrid GA,moderate_noise,196,98.91666666666666,0.9340120650416252,1,0.0,-0.8389857624136824,1.0058173970504916,116,1531.1368900201924
gebco_cascadia_margin_moderate,GEBCO Cascadia Margin,Full Geometry-Aware Hybrid GA,moderate_noise,197,99.02777777777779,0.41609779399282293,1,0.0,-0.6139115863080292,0.9981130514652835,116,1531.1368900201924
gebco_cascadia_margin_moderate,GEBCO Cascadia Margin,Full Geometry-Aware Hybrid GA,moderate_noise,198,98.97222222222221,1.2500029918256943,1,0.0,-0.740815183378283,1.0068186405586856,116,1531.1368900201924
gebco_cascadia_margin_moderate,GEBCO Cascadia Margin,Full Geometry-Aware Hybrid GA,moderate_noise,199,98.51111111111112,0.4383481088127224,1,0.0,0.24406642295178063,0.9749186218163396,116,1531.1368900201924
gebco_cascadia_margin_moderate,GEBCO Cascadia Margin,Full Geometry-Aware Hybrid GA,moderate_noise,200,99.19444444444444,0.23867720901565356,1,0.0,-0.030030303577769278,0.9513276441973858,116,1531.1368900201924
gebco_cascadia_margin_moderate,GEBCO Cascadia Margin,Full Geometry-Aware Hybrid GA,moderate_noise,201,98.92222222222222,0.537290441444022,1,0.0,0.5061488405594284,0.9824663704527345,116,1531.1368900201924
gebco_cascadia_margin_moderate,GEBCO Cascadia Margin,Full Geometry-Aware Hybrid GA,moderate_noise,202,99.07222222222222,0.5427290356095035,1,0.0,-0.3511405840557903,0.9925120469562658,116,1531.1368900201924
gebco_cascadia_margin_moderate,GEBCO Cascadia Margin,Full Geometry-Aware Hybrid GA,moderate_noise,203,98.87777777777778,0.5393974585810992,1,0.0,-0.8988752206219758,0.9945450459866936,116,1531.1368900201924
gebco_cascadia_margin_moderate,GEBCO Cascadia Margin,Full Geometry-Aware Hybrid GA,moderate_noise,204,98.9888888888889,0.4105954485936293,1,0.0,0.31715487868480735,1.0004254055609119,116,1531.1368900201924
gebco_cascadia_margin_moderate,GEBCO Cascadia Margin,Full Geometry-Aware Hybrid GA,moderate_noise,205,98.24444444444444,0.09668385416311141,1,0.0,0.22251588206025055,0.9427132645333587,116,1531.1368900201924
gebco_cascadia_margin_moderate,GEBCO Cascadia Margin,Full Geometry-Aware Hybrid GA,moderate_noise,206,99.01666666666667,1.246521633709269,1,0.0,-0.730283609756669,1.0188562116079296,116,1531.1368900201924
gebco_cascadia_margin_moderate,GEBCO Cascadia Margin,Full Geometry-Aware Hybrid GA,moderate_noise,207,99.0,1.328698804510405,1,0.0,0.06520369972443037,1.0312027659464031,116,1531.1368900201924
gebco_cascadia_margin_moderate,GEBCO Cascadia Margin,Full Geometry-Aware Hybrid GA,moderate_noise,208,98.98333333333333,1.5051885586803195,1,0.0,0.09949971932536343,1.022819864039045,116,1531.1368900201924
gebco_cascadia_margin_moderate,GEBCO Cascadia Margin,Full Geometry-Aware Hybrid GA,moderate_noise,209,99.33333333333333,2.254234067754555,1,0.0,-0.2628803449541667,1.0623818260509887,116,1531.1368900201924
gebco_cascadia_margin_moderate,GEBCO Cascadia Margin,Full Geometry-Aware Hybrid GA,moderate_noise,210,98.97222222222221,1.061760133188358,1,0.0,0.5860521840451725,1.018943956266505,116,1531.1368900201924
gebco_cascadia_margin_moderate,GEBCO Cascadia Margin,Full Geometry-Aware Hybrid GA,moderate_noise,211,98.96666666666667,0.5680760764198469,1,0.0,0.7756100601084441,0.9854918423690133,116,1531.1368900201924
gebco_cascadia_margin_moderate,GEBCO Cascadia Margin,Full Geometry-Aware Hybrid GA,moderate_noise,212,98.63333333333333,0.5795120254154792,1,0.0,0.06356231036897753,0.9956212719614331,116,1531.1368900201924
gebco_cascadia_margin_moderate,GEBCO Cascadia Margin,Full Geometry-Aware Hybrid GA,moderate_noise,213,99.13333333333333,0.6832453715732177,1,0.0,0.4519327603818805,0.990288420982487,116,1531.1368900201924
gebco_cascadia_margin_moderate,GEBCO Cascadia Margin,Full Geometry-Aware Hybrid GA,moderate_noise,214,99.08888888888889,1.8439757950512625,1,0.0,-0.5840779916777381,1.0382673490928864,116,1531.1368900201924
gebco_cascadia_margin_moderate,GEBCO Cascadia Margin,Full Geometry-Aware Hybrid GA,moderate_noise,215,98.81666666666666,0.7529787012448077,1,0.0,0.8271041691189293,0.9915655449956768,116,1531.1368900201924
gebco_cascadia_margin_moderate,GEBCO Cascadia Margin,Full Geometry-Aware Hybrid GA,moderate_noise,216,99.02777777777779,0.721547123282378,1,0.0,-0.6304657116455982,0.9922267173766652,116,1531.1368900201924
gebco_cascadia_margin_moderate,GEBCO Cascadia Margin,Full Geometry-Aware Hybrid GA,moderate_noise,217,98.96111111111111,0.6658276865326519,1,0.0,0.7333814144430713,0.9916303015738701,116,1531.1368900201924
gebco_cascadia_margin_moderate,GEBCO Cascadia Margin,Full Geometry-Aware Hybrid GA,moderate_noise,218,99.2611111111111,0.44912044460390776,1,0.0,-0.3459784408138817,0.9899826737591604,116,1531.1368900201924
gebco_cascadia_margin_moderate,GEBCO Cascadia Margin,Full Geometry-Aware Hybrid GA,moderate_noise,219,98.77777777777777,1.0499268514489075,1,0.0,0.21009070379324946,1.017200046284945,116,1531.1368900201924
gebco_cascadia_margin_moderate,GEBCO Cascadia Margin,Full Geometry-Aware Hybrid GA,moderate_noise,220,98.66666666666667,0.9103742353350341,1,0.0,-0.0004258943513833794,0.9993412144071772,116,1531.1368900201924
gebco_cascadia_margin_moderate,GEBCO Cascadia Margin,Full Geometry-Aware Hybrid GA,moderate_noise,221,98.96111111111111,1.432364067786848,1,0.0,0.9542778628632723,1.0260528465402496,116,1531.1368900201924
gebco_cascadia_margin_moderate,GEBCO Cascadia Margin,Full Geometry-Aware Hybrid GA,moderate_noise,222,99.06111111111112,0.39199738635848824,1,0.0,-0.20211383070232075,0.9575700420077938,116,1531.1368900201924
gebco_cascadia_margin_moderate,GEBCO Cascadia Margin,Full Geometry-Aware Hybrid GA,moderate_noise,223,98.6888888888889,0.24586284388284674,1,0.0,0.8072632813347699,0.9622334212084805,116,1531.1368900201924
gebco_cascadia_margin_moderate,GEBCO Cascadia Margin,Full Geometry-Aware Hybrid GA,moderate_noise,224,99.3,0.6879616753587551,1,0.0,-0.37973884416738796,1.0027669544661229,116,1531.1368900201924
gebco_cascadia_margin_moderate,GEBCO Cascadia Margin,Full Geometry-Aware Hybrid GA,moderate_noise,225,99.21666666666667,0.6246329090036792,1,0.0,-0.2028163604406627,1.0027914070636996,116,1531.1368900201924
gebco_cascadia_margin_moderate,GEBCO Cascadia Margin,Full Geometry-Aware Hybrid GA,moderate_noise,226,99.11111111111111,0.7291485519851196,1,0.0,-0.4715439044271793,0.9994863022757643,116,1531.1368900201924
gebco_cascadia_margin_moderate,GEBCO Cascadia Margin,Full Geometry-Aware Hybrid GA,moderate_noise,227,98.9,0.6308552065415274,1,0.0,-0.8508906646144573,0.984678726569311,116,1531.1368900201924
gebco_cascadia_margin_moderate,GEBCO Cascadia Margin,Full Geometry-Aware Hybrid GA,moderate_noise,228,99.02777777777779,1.2947171047267,1,0.0,-0.45011657756069506,1.021043369667788,116,1531.1368900201924
gebco_cascadia_margin_moderate,GEBCO Cascadia Margin,Full Geometry-Aware Hybrid GA,moderate_noise,229,98.99444444444444,0.3111285826266491,1,0.0,0.32487415739387215,0.961146375615084,116,1531.1368900201924
gebco_cascadia_margin_moderate,GEBCO Cascadia Margin,Full Geometry-Aware Hybrid GA,moderate_noise,230,98.66666666666667,1.2363552165827578,1,0.0,0.01955395437626619,1.0214303320226448,116,1531.1368900201924
gebco_cascadia_margin_moderate,GEBCO Cascadia Margin,Full Geometry-Aware Hybrid GA,moderate_noise,231,98.85000000000001,0.40570375633475464,1,0.0,-0.1122692843352829,0.9697891558391263,116,1531.1368900201924
gebco_cascadia_margin_moderate,GEBCO Cascadia Margin,Full Geometry-Aware Hybrid GA,moderate_noise,232,98.66666666666667,1.4147549489204352,1,0.0,0.15421885218666562,1.026254540116075,116,1531.1368900201924
gebco_cascadia_margin_moderate,GEBCO Cascadia Margin,Full Geometry-Aware Hybrid GA,moderate_noise,233,99.17777777777778,1.0213065259971468,1,0.0,-0.3050677433121217,1.009646463208649,116,1531.1368900201924
gebco_cascadia_margin_moderate,GEBCO Cascadia Margin,Full Geometry-Aware Hybrid GA,moderate_noise,234,98.82777777777778,0.570694993863251,1,0.0,0.7505035697767246,0.9949946442982338,116,1531.1368900201924
gebco_cascadia_margin_moderate,GEBCO Cascadia Margin,Full Geometry-Aware Hybrid GA,moderate_noise,235,99.12222222222222,2.3120824803798334,1,0.0,-0.6430348331921985,1.0477704345138055,116,1531.1368900201924
gebco_cascadia_margin_moderate,GEBCO Cascadia Margin,Full Geometry-Aware Hybrid GA,moderate_noise,236,98.84444444444445,1.2802835773574264,1,0.0,-0.790879203116514,1.0208162156311154,116,1531.1368900201924
gebco_cascadia_margin_moderate,GEBCO Cascadia Margin,Full Geometry-Aware Hybrid GA,moderate_noise,237,98.66666666666667,0.27803156016080516,1,0.0,0.5242770926831164,0.9475005864388601,116,1531.1368900201924
gebco_cascadia_margin_moderate,GEBCO Cascadia Margin,Full Geometry-Aware Hybrid GA,moderate_noise,238,98.92222222222222,0.8249480989068718,1,0.0,-0.5405506953609565,0.996515560839009,116,1531.1368900201924
gebco_cascadia_margin_moderate,GEBCO Cascadia Margin,Full Geometry-Aware Hybrid GA,moderate_noise,239,98.88333333333334,1.4215170079978383,1,0.0,-0.7807186892301788,1.019520932657875,116,1531.1368900201924
gebco_cascadia_margin_moderate,GEBCO Cascadia Margin,Full Geometry-Aware Hybrid GA,moderate_noise,240,99.06111111111112,2.174599976404961,1,0.0,0.28650772230983296,1.0536082759373044,116,1531.1368900201924
gebco_cascadia_margin_moderate,GEBCO Cascadia Margin,Full Geometry-Aware Hybrid GA,moderate_noise,241,98.85000000000001,0.3975852043949983,1,0.0,-0.7863946857205814,0.9720287953722683,116,1531.1368900201924
gebco_cascadia_margin_moderate,GEBCO Cascadia Margin,Full Geometry-Aware Hybrid GA,moderate_noise,242,98.92777777777778,1.1605404929986642,1,0.0,-0.4642811456287391,1.0140107878731033,116,1531.1368900201924
gebco_cascadia_margin_moderate,GEBCO Cascadia Margin,Full Geometry-Aware Hybrid GA,moderate_noise,243,98.96666666666667,0.8334208753948271,1,0.0,0.7720555358530504,0.9921850421473564,116,1531.1368900201924
gebco_cascadia_margin_moderate,GEBCO Cascadia Margin,Full Geometry-Aware Hybrid GA,moderate_noise,244,99.25,1.009961735034795,1,0.0,-0.33708870765304655,1.0113742676195134,116,1531.1368900201924
gebco_cascadia_margin_moderate,GEBCO Cascadia Margin,Full Geometry-Aware Hybrid GA,moderate_noise,245,98.82777777777778,0.48255532914043237,1,0.0,-0.8032393585714783,0.9929872219778214,116,1531.1368900201924
gebco_cascadia_margin_moderate,GEBCO Cascadia Margin,Full Geometry-Aware Hybrid GA,moderate_noise,246,99.15555555555555,0.5253794733881466,1,0.0,-0.3455366908814698,0.9772200887003379,116,1531.1368900201924
gebco_cascadia_margin_moderate,GEBCO Cascadia Margin,Full Geometry-Aware Hybrid GA,moderate_noise,247,98.79444444444444,1.8517786063925838,1,0.0,0.15272867739458185,1.0448029126220009,116,1531.1368900201924
gebco_cascadia_margin_moderate,GEBCO Cascadia Margin,Full Geometry-Aware Hybrid GA,moderate_noise,248,98.59444444444443,0.1727854466443636,1,0.0,1.2448453527824295,0.9556164998115769,116,1531.1368900201924
gebco_cascadia_margin_moderate,GEBCO Cascadia Margin,Full Geometry-Aware Hybrid GA,moderate_noise,249,98.99444444444444,1.0344607103748424,1,0.0,0.29550836047200135,1.0119363191996986,116,1531.1368900201924
gebco_cascadia_margin_moderate,GEBCO Cascadia Margin,Full Geometry-Aware Hybrid GA,moderate_noise,250,97.97777777777777,0.5220411218794908,1,0.0,0.08599544947988426,0.9687220109844502,116,1531.1368900201924
gebco_cascadia_margin_moderate,GEBCO Cascadia Margin,Full Geometry-Aware Hybrid GA,moderate_noise,251,98.83333333333333,0.49065446623064496,1,0.0,0.3138768902833362,0.9658863947315219,116,1531.1368900201924
gebco_cascadia_margin_moderate,GEBCO Cascadia Margin,Full Geometry-Aware Hybrid GA,moderate_noise,252,99.05555555555556,0.9519044881369391,1,0.0,-0.6364857605850219,0.9992948604519021,116,1531.1368900201924
gebco_cascadia_margin_moderate,GEBCO Cascadia Margin,Full Geometry-Aware Hybrid GA,moderate_noise,253,98.70555555555556,0.1802415545436498,1,0.0,0.4527887826018606,0.9478441941287525,116,1531.1368900201924
gebco_cascadia_margin_moderate,GEBCO Cascadia Margin,Full Geometry-Aware Hybrid GA,moderate_noise,254,98.90555555555555,0.6818566416450413,1,0.0,-0.15364403341060828,0.9892267118365017,116,1531.1368900201924
gebco_cascadia_margin_moderate,GEBCO Cascadia Margin,Full Geometry-Aware Hybrid GA,moderate_noise,255,98.46111111111111,0.598870610401906,1,0.0,0.05765082880074422,0.9753543761932078,116,1531.1368900201924
gebco_cascadia_margin_moderate,GEBCO Cascadia Margin,Full Geometry-Aware Hybrid GA,moderate_noise,256,98.63888888888889,0.047260159527433614,1,0.0,-0.1650569530679476,0.9109045291150437,116,1531.1368900201924
gebco_cascadia_margin_moderate,GEBCO Cascadia Margin,Full Geometry-Aware Hybrid GA,moderate_noise,257,98.93888888888888,1.2777296367871462,1,0.0,-0.7154784663752437,1.0202840907252955,116,1531.1368900201924
gebco_cascadia_margin_moderate,GEBCO Cascadia Margin,Full Geometry-Aware Hybrid GA,moderate_noise,258,98.94444444444444,0.37787639296832193,1,0.0,-0.43675751992834044,0.9716651602078352,116,1531.1368900201924
gebco_cascadia_margin_moderate,GEBCO Cascadia Margin,Full Geometry-Aware Hybrid GA,moderate_noise,259,99.02222222222223,1.6502554216205358,1,0.0,-0.7221995293262267,1.031155207138982,116,1531.1368900201924
gebco_cascadia_margin_moderate,GEBCO Cascadia Margin,Full Geometry-Aware Hybrid GA,moderate_noise,260,99.33333333333333,1.7066886431147665,1,0.0,-0.16937118814267338,1.0465459664742287,116,1531.1368900201924
gebco_cascadia_margin_moderate,GEBCO Cascadia Margin,Full Geometry-Aware Hybrid GA,moderate_noise,261,98.85000000000001,0.48307060363142024,1,0.0,-0.14018810190227962,0.974807681092621,116,1531.1368900201924
gebco_cascadia_margin_moderate,GEBCO Cascadia Margin,Full Geometry-Aware Hybrid GA,moderate_noise,262,99.22777777777779,1.1813845032113797,1,0.0,-0.3096158967128345,1.0263130619012684,116,1531.1368900201924
gebco_cascadia_margin_moderate,GEBCO Cascadia Margin,Full Geometry-Aware Hybrid GA,moderate_noise,263,98.63888888888889,0.20044666868214936,1,0.0,0.4985625474527486,0.9483763806066337,116,1531.1368900201924
gebco_cascadia_margin_moderate,GEBCO Cascadia Margin,Full Geometry-Aware Hybrid GA,moderate_noise,264,98.66666666666667,1.5345263005718177,1,0.0,0.1354687668411037,1.0273792599627494,116,1531.1368900201924
gebco_cascadia_margin_moderate,GEBCO Cascadia Margin,Full Geometry-Aware Hybrid GA,moderate_noise,265,99.12777777777778,1.2482536253417622,1,0.0,0.46491085706134655,1.0242037959203012,116,1531.1368900201924
gebco_cascadia_margin_moderate,GEBCO Cascadia Margin,Full Geometry-Aware Hybrid GA,moderate_noise,266,98.91111111111111,1.503991248339052,1,0.0,0.2355262224818415,1.0316577974893322,116,1531.1368900201924
gebco_cascadia_margin_moderate,GEBCO Cascadia Margin,Full Geometry-Aware Hybrid GA,moderate_noise,267,98.66666666666667,0.21940972319573881,1,0.0,0.06704714181238199,0.9602593283579665,116,1531.1368900201924
gebco_cascadia_margin_moderate,GEBCO Cascadia Margin,Full Geometry-Aware Hybrid GA,moderate_noise,268,98.66666666666667,1.6249290075714178,1,0.0,-0.03749995516662339,1.0489239909422399,116,1531.1368900201924
gebco_cascadia_margin_moderate,GEBCO Cascadia Margin,Full Geometry-Aware Hybrid GA,moderate_noise,269,99.09444444444443,1.0885469441023048,1,0.0,-0.5896391381928711,1.0118480672159444,116,1531.1368900201924
gebco_cascadia_margin_moderate,GEBCO Cascadia Margin,Full Geometry-Aware Hybrid GA,moderate_noise,270,99.09444444444443,0.9858500305100288,1,0.0,-0.0298362702409949,1.009788933254692,116,1531.1368900201924
gebco_cascadia_margin_moderate,GEBCO Cascadia Margin,Full Geometry-Aware Hybrid GA,moderate_noise,271,98.92777777777778,1.7366113916191213,1,0.0,0.7449574293298582,1.0300476922061723,116,1531.1368900201924
gebco_cascadia_margin_moderate,GEBCO Cascadia Margin,Full Geometry-Aware Hybrid GA,moderate_noise,272,99.03888888888889,0.6830541996373901,1,0.0,0.6319963890989438,0.9819160077280695,116,1531.1368900201924
gebco_cascadia_margin_moderate,GEBCO Cascadia Margin,Full Geometry-Aware Hybrid GA,moderate_noise,273,99.16666666666667,0.7242673247813671,1,0.0,0.3473156612605949,1.0059169387356477,116,1531.1368900201924
gebco_cascadia_margin_moderate,GEBCO Cascadia Margin,Full Geometry-Aware Hybrid GA,moderate_noise,274,98.66111111111111,0.45612638880614415,1,0.0,0.7315832595413686,0.9641595347099488,116,1531.1368900201924
gebco_cascadia_margin_moderate,GEBCO Cascadia Margin,Full Geometry-Aware Hybrid GA,moderate_noise,275,99.1888888888889,0.46848432190706857,1,0.0,-0.34257948619234196,0.9619454017506671,116,1531.1368900201924
gebco_cascadia_margin_moderate,GEBCO Cascadia Margin,Full Geometry-Aware Hybrid GA,moderate_noise,276,99.15,1.0991815095551054,1,0.0,-0.4498827676293345,1.0068964442307222,116,1531.1368900201924
gebco_cascadia_margin_moderate,GEBCO Cascadia Margin,Full Geometry-Aware Hybrid GA,moderate_noise,277,99.13333333333333,0.6970305108987381,1,0.0,-0.33909081118015066,1.0160404025597392,116,1531.1368900201924
gebco_cascadia_margin_moderate,GEBCO Cascadia Margin,Full Geometry-Aware Hybrid GA,moderate_noise,278,98.92222222222222,0.8249980731221048,1,0.0,0.4442945518386969,0.9916339847429576,116,1531.1368900201924
gebco_cascadia_margin_moderate,GEBCO Cascadia Margin,Full Geometry-Aware Hybrid GA,moderate_noise,279,98.6,0.34087734459983654,1,0.0,0.21436163644415065,0.9906441999535412,116,1531.1368900201924
gebco_cascadia_margin_moderate,GEBCO Cascadia Margin,Full Geometry-Aware Hybrid GA,moderate_noise,280,99.00555555555556,0.6435915856995456,1,0.0,0.41283490015698493,0.9796639583925981,116,1531.1368900201924
gebco_cascadia_margin_moderate,GEBCO Cascadia Margin,Full Geometry-Aware Hybrid GA,moderate_noise,281,98.75555555555555,0.22277332754077903,1,0.0,-0.6781900664461702,0.9587065329362608,116,1531.1368900201924
gebco_cascadia_margin_moderate,GEBCO Cascadia Margin,Full Geometry-Aware Hybrid GA,moderate_noise,282,98.99444444444444,0.7369069604737797,1,0.0,0.6010149225252094,0.9791881521972434,116,1531.1368900201924
gebco_cascadia_margin_moderate,GEBCO Cascadia Margin,Full Geometry-Aware Hybrid GA,moderate_noise,283,99.0,1.621780670936228,1,0.0,0.016978321733260034,1.0347574047933825,116,1531.1368900201924
gebco_cascadia_margin_moderate,GEBCO Cascadia Margin,Full Geometry-Aware Hybrid GA,moderate_noise,284,99.15,0.7336231099953262,1,0.0,-0.46973583551476394,0.9889188901205954,116,1531.1368900201924
gebco_cascadia_margin_moderate,GEBCO Cascadia Margin,Full Geometry-Aware Hybrid GA,moderate_noise,285,98.70555555555556,0.8223208049593008,1,0.0,1.1391226862410018,0.9894943135829781,116,1531.1368900201924
gebco_cascadia_margin_moderate,GEBCO Cascadia Margin,Full Geometry-Aware Hybrid GA,moderate_noise,286,99.33333333333333,2.564214968326955,1,0.0,-0.06952909773734942,1.0616672370585298,116,1531.1368900201924
gebco_cascadia_margin_moderate,GEBCO Cascadia Margin,Full Geometry-Aware Hybrid GA,moderate_noise,287,98.82222222222222,0.2508306763854694,1,0.0,-0.2579807935562206,0.9634118932289663,116,1531.1368900201924
gebco_cascadia_margin_moderate,GEBCO Cascadia Margin,Full Geometry-Aware Hybrid GA,moderate_noise,288,99.01666666666667,0.41554481989659775,1,0.0,-0.5022949438115579,0.9893539552132551,116,1531.1368900201924
gebco_cascadia_margin_moderate,GEBCO Cascadia Margin,Full Geometry-Aware Hybrid GA,moderate_noise,289,99.11666666666666,0.9703222476601453,1,0.0,-0.37252522855635395,1.022193974804771,116,1531.1368900201924
gebco_cascadia_margin_moderate,GEBCO Cascadia Margin,Full Geometry-Aware Hybrid GA,moderate_noise,290,98.95,0.28527281623622336,1,0.0,0.4147450709480754,0.966066123160505,116,1531.1368900201924
gebco_cascadia_margin_moderate,GEBCO Cascadia Margin,Full Geometry-Aware Hybrid GA,moderate_noise,291,98.67222222222222,1.1385142747246069,1,0.0,1.4121552212204471,0.997777410781217,116,1531.1368900201924
gebco_cascadia_margin_moderate,GEBCO Cascadia Margin,Full Geometry-Aware Hybrid GA,moderate_noise,292,99.33333333333333,1.387825480177918,1,0.0,0.03757327018812588,1.0337943657384467,116,1531.1368900201924
gebco_cascadia_margin_moderate,GEBCO Cascadia Margin,Full Geometry-Aware Hybrid GA,moderate_noise,293,98.67777777777778,0.479754686722333,1,0.0,0.40418411631720247,0.9661161453039737,116,1531.1368900201924
gebco_cascadia_margin_moderate,GEBCO Cascadia Margin,Full Geometry-Aware Hybrid GA,moderate_noise,294,98.93333333333332,0.8653417729257309,1,0.0,-0.7672439902467844,0.9993456856653732,116,1531.1368900201924
gebco_cascadia_margin_moderate,GEBCO Cascadia Margin,Full Geometry-Aware Hybrid GA,moderate_noise,295,98.60555555555555,0.16064580873834536,1,0.0,0.2275248664288825,0.9561529398080015,116,1531.1368900201924
gebco_cascadia_margin_moderate,GEBCO Cascadia Margin,Full Geometry-Aware Hybrid GA,moderate_noise,296,98.7,0.2456124940330758,1,0.0,0.5942962171293815,0.9477217478129069,116,1531.1368900201924
gebco_cascadia_margin_moderate,GEBCO Cascadia Margin,Full Geometry-Aware Hybrid GA,moderate_noise,297,98.74444444444444,0.5621232174484174,1,0.0,-0.5150938363977087,0.984604161229485,116,1531.1368900201924
gebco_cascadia_margin_moderate,GEBCO Cascadia Margin,Full Geometry-Aware Hybrid GA,moderate_noise,298,98.81111111111112,0.5407482694107351,1,0.0,0.16913624560850923,0.978572838027317,116,1531.1368900201924
gebco_cascadia_margin_moderate,GEBCO Cascadia Margin,Full Geometry-Aware Hybrid GA,moderate_noise,299,99.31666666666666,1.3108280521341058,1,0.0,-0.30953649739826994,1.0326134941225518,116,1531.1368900201924
gebco_cascadia_margin_moderate,GEBCO Cascadia Margin,Full Geometry-Aware Hybrid GA,strong_noise,0,97.1888888888889,2.9414083403361135,1,0.0,-1.1578145866483684,0.9903234664143389,116,1531.1368900201924
gebco_cascadia_margin_moderate,GEBCO Cascadia Margin,Full Geometry-Aware Hybrid GA,strong_noise,1,97.97222222222223,3.697560848449809,0,0.0,-0.6434559779965312,1.0312673622354418,116,1531.1368900201924
gebco_cascadia_margin_moderate,GEBCO Cascadia Margin,Full Geometry-Aware Hybrid GA,strong_noise,2,97.10555555555555,1.6658214493399621,1,0.0,0.6146504366262494,0.9418634613614858,116,1531.1368900201924
gebco_cascadia_margin_moderate,GEBCO Cascadia Margin,Full Geometry-Aware Hybrid GA,strong_noise,3,97.05,2.63621537067646,1,0.0,-0.8113915876070027,0.9701300223823883,116,1531.1368900201924
gebco_cascadia_margin_moderate,GEBCO Cascadia Margin,Full Geometry-Aware Hybrid GA,strong_noise,4,97.40555555555555,1.4343613732814868,1,0.0,-0.140969896546458,0.9468499010240289,116,1531.1368900201924
gebco_cascadia_margin_moderate,GEBCO Cascadia Margin,Full Geometry-Aware Hybrid GA,strong_noise,5,96.49444444444445,1.3228797676780704,0,0.0,0.4457668681585005,0.9530366455251804,116,1531.1368900201924
gebco_cascadia_margin_moderate,GEBCO Cascadia Margin,Full Geometry-Aware Hybrid GA,strong_noise,6,98.68333333333334,4.621021248656807,0,0.0,1.3364428731732274,1.0870905281988603,116,1531.1368900201924
gebco_cascadia_margin_moderate,GEBCO Cascadia Margin,Full Geometry-Aware Hybrid GA,strong_noise,7,98.62777777777778,7.421476221079523,0,0.0,-1.192473308869101,1.171789921581341,116,1531.1368900201924
gebco_cascadia_margin_moderate,GEBCO Cascadia Margin,Full Geometry-Aware Hybrid GA,strong_noise,8,98.85000000000001,3.273242850341388,0,0.0,0.3899785060411015,1.0336081846702287,116,1531.1368900201924
gebco_cascadia_margin_moderate,GEBCO Cascadia Margin,Full Geometry-Aware Hybrid GA,strong_noise,9,97.12222222222222,2.57304849825813,1,0.0,2.3307606562946876,1.0139439298467559,116,1531.1368900201924
gebco_cascadia_margin_moderate,GEBCO Cascadia Margin,Full Geometry-Aware Hybrid GA,strong_noise,10,97.89444444444445,3.333272324209071,0,0.0,0.6863805913084052,1.0281378597345396,116,1531.1368900201924
gebco_cascadia_margin_moderate,GEBCO Cascadia Margin,Full Geometry-Aware Hybrid GA,strong_noise,11,98.11111111111111,3.269360363540855,0,0.0,-1.1981372744365186,1.0455677040133822,116,1531.1368900201924
gebco_cascadia_margin_moderate,GEBCO Cascadia Margin,Full Geometry-Aware Hybrid GA,strong_noise,12,98.17222222222223,4.625371708474912,0,0.0,-1.144024591854694,1.0690794474970404,116,1531.1368900201924
gebco_cascadia_margin_moderate,GEBCO Cascadia Margin,Full Geometry-Aware Hybrid GA,strong_noise,13,97.67222222222223,3.3932604455293984,0,0.0,-1.4134271489921684,1.014589934335968,116,1531.1368900201924
gebco_cascadia_margin_moderate,GEBCO Cascadia Margin,Full Geometry-Aware Hybrid GA,strong_noise,14,98.65,4.084414394439891,0,0.0,-0.9041126230856541,1.0631196537034184,116,1531.1368900201924
gebco_cascadia_margin_moderate,GEBCO Cascadia Margin,Full Geometry-Aware Hybrid GA,strong_noise,15,96.60555555555555,1.1152306979360807,0,0.0,-0.8040740389315983,0.9533234349482365,116,1531.1368900201924
gebco_cascadia_margin_moderate,GEBCO Cascadia Margin,Full Geometry-Aware Hybrid GA,strong_noise,16,99.3,4.0821341137380935,0,0.0,-0.005076896484555377,1.0679332293288426,116,1531.1368900201924
gebco_cascadia_margin_moderate,GEBCO Cascadia Margin,Full Geometry-Aware Hybrid GA,strong_noise,17,96.57222222222222,2.069512526411178,0,0.0,0.9617630529272477,0.9596338727069468,116,1531.1368900201924
gebco_cascadia_margin_moderate,GEBCO Cascadia Margin,Full Geometry-Aware Hybrid GA,strong_noise,18,97.8,2.166260674999151,1,0.0,1.0061717714098546,0.9880976643716898,116,1531.1368900201924
gebco_cascadia_margin_moderate,GEBCO Cascadia Margin,Full Geometry-Aware Hybrid GA,strong_noise,19,98.96666666666667,6.584018158482058,0,0.0,0.2090049477075388,1.130119655286246,116,1531.1368900201924
gebco_cascadia_margin_moderate,GEBCO Cascadia Margin,Full Geometry-Aware Hybrid GA,strong_noise,20,95.94444444444444,1.3749629363733107,0,0.0,-1.1205479505440556,0.9444273924740071,116,1531.1368900201924
gebco_cascadia_margin_moderate,GEBCO Cascadia Margin,Full Geometry-Aware Hybrid GA,strong_noise,21,96.91111111111111,2.767627992506138,0,0.0,-0.5788214547683614,0.9933454868323485,116,1531.1368900201924
gebco_cascadia_margin_moderate,GEBCO Cascadia Margin,Full Geometry-Aware Hybrid GA,strong_noise,22,97.08333333333333,1.0864589981946813,1,0.0,-0.28326148078391955,0.9566909571391893,116,1531.1368900201924
gebco_cascadia_margin_moderate,GEBCO Cascadia Margin,Full Geometry-Aware Hybrid GA,strong_noise,23,98.97777777777777,3.2720579021356526,0,0.0,-0.27739522749175405,1.0320344274184088,116,1531.1368900201924
gebco_cascadia_margin_moderate,GEBCO Cascadia Margin,Full Geometry-Aware Hybrid GA,strong_noise,24,96.9888888888889,1.3456093228793968,0,0.0,0.8873201548567587,0.9690386303067792,116,1531.1368900201924
gebco_cascadia_margin_moderate,GEBCO Cascadia Margin,Full Geometry-Aware Hybrid GA,strong_noise,25,97.37777777777778,3.137226481802355,0,0.0,-0.10724631868046612,1.027164531382559,116,1531.1368900201924
gebco_cascadia_margin_moderate,GEBCO Cascadia Margin,Full Geometry-Aware Hybrid GA,strong_noise,26,96.08888888888889,1.1762961373228773,0,0.0,0.0020121493934077937,0.9133152795903501,116,1531.1368900201924
gebco_cascadia_margin_moderate,GEBCO Cascadia Margin,Full Geometry-Aware Hybrid GA,strong_noise,27,94.67222222222222,1.7365986441755001,0,0.0,1.665031718211065,0.9223948594163123,116,1531.1368900201924
gebco_cascadia_margin_moderate,GEBCO Cascadia Margin,Full Geometry-Aware Hybrid GA,strong_noise,28,96.17777777777778,1.7466055245485064,0,0.0,-1.371674498105175,0.9561830827576806,116,1531.1368900201924
gebco_cascadia_margin_moderate,GEBCO Cascadia Margin,Full Geometry-Aware Hybrid GA,strong_noise,29,94.68888888888888,1.3698930744386482,0,0.0,0.4162937576372741,0.899249295675362,116,1531.1368900201924
gebco_cascadia_margin_moderate,GEBCO Cascadia Margin,Full Geometry-Aware Hybrid GA,strong_noise,30,96.43888888888888,1.2115533543114396,0,0.0,0.4497727691749297,0.9339791129793856,116,1531.1368900201924
gebco_cascadia_margin_moderate,GEBCO Cascadia Margin,Full Geometry-Aware Hybrid GA,strong_noise,31,98.6888888888889,3.7342350118475336,0,0.0,0.8997856794977341,1.054607298778555,116,1531.1368900201924
gebco_cascadia_margin_moderate,GEBCO Cascadia Margin,Full Geometry-Aware Hybrid GA,strong_noise,32,98.14444444444445,1.6789263443111155,1,0.0,0.46489142815333345,0.9769146736738397,116,1531.1368900201924
gebco_cascadia_margin_moderate,GEBCO Cascadia Margin,Full Geometry-Aware Hybrid GA,strong_noise,33,96.02777777777777,2.241228875875505,0,0.0,-1.1896396240804847,0.9540973191697751,116,1531.1368900201924
gebco_cascadia_margin_moderate,GEBCO Cascadia Margin,Full Geometry-Aware Hybrid GA,strong_noise,34,89.41666666666667,0.2895154802616509,0,0.0,0.8041134117489225,0.8084402674450004,116,1531.1368900201924
gebco_cascadia_margin_moderate,GEBCO Cascadia Margin,Full Geometry-Aware Hybrid GA,strong_noise,35,97.74444444444444,2.6460146183807645,1,0.0,-1.2394278335013085,1.0145452192051285,116,1531.1368900201924
gebco_cascadia_margin_moderate,GEBCO Cascadia Margin,Full Geometry-Aware Hybrid GA,strong_noise,36,98.9,2.717383969861475,1,0.0,0.08949233132795183,1.0282473425540561,116,1531.1368900201924
gebco_cascadia_margin_moderate,GEBCO Cascadia Margin,Full Geometry-Aware Hybrid GA,strong_noise,37,95.45555555555556,0.8467994167066671,0,0.0,-1.6537347433043286,0.9174122677381928,116,1531.1368900201924
gebco_cascadia_margin_moderate,GEBCO Cascadia Margin,Full Geometry-Aware Hybrid GA,strong_noise,38,97.90555555555555,1.95039199700023,1,0.0,0.7305660897501769,0.9990163163287812,116,1531.1368900201924
gebco_cascadia_margin_moderate,GEBCO Cascadia Margin,Full Geometry-Aware Hybrid GA,strong_noise,39,93.36666666666666,0.6543741477933892,0,0.0,-1.3628685885391905,0.8718562889216164,116,1531.1368900201924
gebco_cascadia_margin_moderate,GEBCO Cascadia Margin,Full Geometry-Aware Hybrid GA,strong_noise,40,98.24444444444444,2.1640789218265293,1,0.0,-0.01019857752507733,0.9904615801013613,116,1531.1368900201924
gebco_cascadia_margin_moderate,GEBCO Cascadia Margin,Full Geometry-Aware Hybrid GA,strong_noise,41,98.05,3.310843213338245,0,0.0,-0.47400204199797114,1.0090625263773083,116,1531.1368900201924
gebco_cascadia_margin_moderate,GEBCO Cascadia Margin,Full Geometry-Aware Hybrid GA,strong_noise,42,95.28888888888889,1.2787868814334684,0,0.0,-0.49116257183578965,0.913084980680015,116,1531.1368900201924
gebco_cascadia_margin_moderate,GEBCO Cascadia Margin,Full Geometry-Aware Hybrid GA,strong_noise,43,96.83888888888889,1.9799875190790417,0,0.0,0.15345096039939124,0.9806705260413505,116,1531.1368900201924
gebco_cascadia_margin_moderate,GEBCO Cascadia Margin,Full Geometry-Aware Hybrid GA,strong_noise,44,98.77777777777777,3.140852974216896,0,0.0,-0.24539458225242652,1.0483346751499194,116,1531.1368900201924
gebco_cascadia_margin_moderate,GEBCO Cascadia Margin,Full Geometry-Aware Hybrid GA,strong_noise,45,95.76666666666667,0.8703057950350813,0,0.0,1.3602492532067312,0.9074494495635336,116,1531.1368900201924
gebco_cascadia_margin_moderate,GEBCO Cascadia Margin,Full Geometry-Aware Hybrid GA,strong_noise,46,98.21111111111111,3.5021469233881626,0,0.0,-0.9714124317469511,1.032138072895875,116,1531.1368900201924
gebco_cascadia_margin_moderate,GEBCO Cascadia Margin,Full Geometry-Aware Hybrid GA,strong_noise,47,98.01111111111112,2.9373292331768917,1,0.0,-0.29065945538305366,1.003391373900262,116,1531.1368900201924
gebco_cascadia_margin_moderate,GEBCO Cascadia Margin,Full Geometry-Aware Hybrid GA,strong_noise,48,98.35000000000001,2.3049456132869484,1,0.0,-0.5005209045147165,1.016868128956939,116,1531.1368900201924
gebco_cascadia_margin_moderate,GEBCO Cascadia Margin,Full Geometry-Aware Hybrid GA,strong_noise,49,98.62777777777778,2.6647586347458376,1,0.0,0.012567095693319114,1.0017488195748974,116,1531.1368900201924
gebco_cascadia_margin_moderate,GEBCO Cascadia Margin,Full Geometry-Aware Hybrid GA,strong_noise,50,97.81666666666666,2.968285758330901,1,0.0,-0.4684127159487205,1.0044360256031615,116,1531.1368900201924
gebco_cascadia_margin_moderate,GEBCO Cascadia Margin,Full Geometry-Aware Hybrid GA,strong_noise,51,98.45,3.4854423322165338,0,0.0,-0.5816038630733961,1.033892610519524,116,1531.1368900201924
gebco_cascadia_margin_moderate,GEBCO Cascadia Margin,Full Geometry-Aware Hybrid GA,strong_noise,52,98.86666666666667,6.619658953663161,0,0.0,0.3586994037345309,1.1283491682608786,116,1531.1368900201924
gebco_cascadia_margin_moderate,GEBCO Cascadia Margin,Full Geometry-Aware Hybrid GA,strong_noise,53,97.63333333333334,3.0155252244845587,0,0.0,0.2940204258639037,0.9880379805764483,116,1531.1368900201924
gebco_cascadia_margin_moderate,GEBCO Cascadia Margin,Full Geometry-Aware Hybrid GA,strong_noise,54,98.1,2.1722047118987904,1,0.0,-0.22921358601032435,0.9858486737990824,116,1531.1368900201924
gebco_cascadia_margin_moderate,GEBCO Cascadia Margin,Full Geometry-Aware Hybrid GA,strong_noise,55,97.85555555555555,2.888983728656114,1,0.0,0.9147549809704644,1.0167980518062287,116,1531.1368900201924
gebco_cascadia_margin_moderate,GEBCO Cascadia Margin,Full Geometry-Aware Hybrid GA,strong_noise,56,95.82222222222222,1.5235121504986184,0,0.0,1.0158373037342936,0.9401060044383499,116,1531.1368900201924
gebco_cascadia_margin_moderate,GEBCO Cascadia Margin,Full Geometry-Aware Hybrid GA,strong_noise,57,97.46666666666667,3.223919648664005,0,0.0,-1.4970143432236136,1.0141429239701345,116,1531.1368900201924
gebco_cascadia_margin_moderate,GEBCO Cascadia Margin,Full Geometry-Aware Hybrid GA,strong_noise,58,95.19444444444444,1.1412193017033863,0,0.0,0.1814766665740954,0.9049902860785252,116,1531.1368900201924
gebco_cascadia_margin_moderate,GEBCO Cascadia Margin,Full Geometry-Aware Hybrid GA,strong_noise,59,97.87222222222223,2.537378477398003,1,0.0,0.13855592632558922,0.9977543343207518,116,1531.1368900201924
gebco_cascadia_margin_moderate,GEBCO Cascadia Margin,Full Geometry-Aware Hybrid GA,strong_noise,60,98.1,2.7286346674194273,1,0.0,-0.5244695398815202,1.0049049570783777,116,1531.1368900201924
gebco_cascadia_margin_moderate,GEBCO Cascadia Margin,Full Geometry-Aware Hybrid GA,strong_noise,61,97.73333333333333,2.796416080791508,1,0.0,-0.0028186978492487818,0.9960091859329012,116,1531.1368900201924
gebco_cascadia_margin_moderate,GEBCO Cascadia Margin,Full Geometry-Aware Hybrid GA,strong_noise,62,98.70555555555556,2.6893274299349805,1,0.0,-0.37833347164831266,1.0112450152715082,116,1531.1368900201924
gebco_cascadia_margin_moderate,GEBCO Cascadia Margin,Full Geometry-Aware Hybrid GA,strong_noise,63,98.38333333333334,3.5352244279148612,0,0.0,0.23840018268470012,1.0395865984518622,116,1531.1368900201924
gebco_cascadia_margin_moderate,GEBCO Cascadia Margin,Full Geometry-Aware Hybrid GA,strong_noise,64,99.03333333333333,3.44460548324246,0,0.0,-0.3436710829042705,1.0548104324964735,116,1531.1368900201924
gebco_cascadia_margin_moderate,GEBCO Cascadia Margin,Full Geometry-Aware Hybrid GA,strong_noise,65,97.53888888888889,1.7894311915223562,1,0.0,-1.2213304310583688,0.9882643685330356,116,1531.1368900201924
gebco_cascadia_margin_moderate,GEBCO Cascadia Margin,Full Geometry-Aware Hybrid GA,strong_noise,66,96.03888888888889,1.6641747532220876,0,0.0,-2.3867709695957107,0.9582648728744636,116,1531.1368900201924
gebco_cascadia_margin_moderate,GEBCO Cascadia Margin,Full Geometry-Aware Hybrid GA,strong_noise,67,99.34444444444445,8.909629498628178,0,0.0,0.32980103495265284,1.187566242851605,116,1531.1368900201924
gebco_cascadia_margin_moderate,GEBCO Cascadia Margin,Full Geometry-Aware Hybrid GA,strong_noise,68,98.82222222222222,4.28326339195436,0,0.0,0.5463347893883304,1.0904905514045389,116,1531.1368900201924
gebco_cascadia_margin_moderate,GEBCO Cascadia Margin,Full Geometry-Aware Hybrid GA,strong_noise,69,98.05,1.7687241904586761,1,0.0,0.6560613064219535,1.0009572897603682,116,1531.1368900201924
gebco_cascadia_margin_moderate,GEBCO Cascadia Margin,Full Geometry-Aware Hybrid GA,strong_noise,70,97.17777777777778,3.348093828581325,0,0.0,-1.7761885962283304,1.007345999826093,116,1531.1368900201924
gebco_cascadia_margin_moderate,GEBCO Cascadia Margin,Full Geometry-Aware Hybrid GA,strong_noise,71,96.40555555555555,1.2992703082928947,0,0.0,-1.0025877223965023,0.937445903697427,116,1531.1368900201924
gebco_cascadia_margin_moderate,GEBCO Cascadia Margin,Full Geometry-Aware Hybrid GA,strong_noise,72,95.78888888888889,2.199664144038941,0,0.0,-0.366898402323772,0.9293370898342154,116,1531.1368900201924
gebco_cascadia_margin_moderate,GEBCO Cascadia Margin,Full Geometry-Aware Hybrid GA,strong_noise,73,97.37222222222222,1.6480381308572505,1,0.0,-1.2031966271371763,0.9887924051012535,116,1531.1368900201924
gebco_cascadia_margin_moderate,GEBCO Cascadia Margin,Full Geometry-Aware Hybrid GA,strong_noise,74,95.92222222222222,0.8358022629283822,0,0.0,0.14181718568245105,0.9043613856392478,116,1531.1368900201924
gebco_cascadia_margin_moderate,GEBCO Cascadia Margin,Full Geometry-Aware Hybrid GA,strong_noise,75,97.38333333333333,2.066500082642744,1,0.0,0.3672740440585686,0.9743735617262531,116,1531.1368900201924
gebco_cascadia_margin_moderate,GEBCO Cascadia Margin,Full Geometry-Aware Hybrid GA,strong_noise,76,96.13888888888889,1.7273307177103996,0,0.0,-0.021236375152339462,0.925364818306747,116,1531.1368900201924
gebco_cascadia_margin_moderate,GEBCO Cascadia Margin,Full Geometry-Aware Hybrid GA,strong_noise,77,98.37222222222223,3.9639786796165217,0,0.0,-1.0574779159736796,1.0639980387988348,116,1531.1368900201924
gebco_cascadia_margin_moderate,GEBCO Cascadia Margin,Full Geometry-Aware Hybrid GA,strong_noise,78,98.36111111111111,2.325041024606961,1,0.0,-0.7965408382935061,1.0093151807239122,116,1531.1368900201924
gebco_cascadia_margin_moderate,GEBCO Cascadia Margin,Full Geometry-Aware Hybrid GA,strong_noise,79,96.94444444444444,1.477040136000311,0,0.0,-1.5843373705398194,0.9633787997743286,116,1531.1368900201924
gebco_cascadia_margin_moderate,GEBCO Cascadia Margin,Full Geometry-Aware Hybrid GA,strong_noise,80,98.36111111111111,3.274212607428788,0,0.0,-0.38162676437085413,1.0171354679568598,116,1531.1368900201924
gebco_cascadia_margin_moderate,GEBCO Cascadia Margin,Full Geometry-Aware Hybrid GA,strong_noise,81,98.01666666666667,2.352148161067267,1,0.0,-0.2175629266299667,0.9877588872621961,116,1531.1368900201924
gebco_cascadia_margin_moderate,GEBCO Cascadia Margin,Full Geometry-Aware Hybrid GA,strong_noise,82,99.12222222222222,3.3008448881458614,0,0.0,0.30116654735458015,1.0388123596201753,116,1531.1368900201924
gebco_cascadia_margin_moderate,GEBCO Cascadia Margin,Full Geometry-Aware Hybrid GA,strong_noise,83,99.1,5.686310694953073,0,0.0,0.6663086350132583,1.0895887950598604,116,1531.1368900201924
gebco_cascadia_margin_moderate,GEBCO Cascadia Margin,Full Geometry-Aware Hybrid GA,strong_noise,84,98.57777777777777,3.9121839472184625,0,0.0,-1.027013767247166,1.0871247225156375,116,1531.1368900201924
gebco_cascadia_margin_moderate,GEBCO Cascadia Margin,Full Geometry-Aware Hybrid GA,strong_noise,85,97.67777777777778,3.1773354865693375,0,0.0,0.42118864064308986,1.0243984247383642,116,1531.1368900201924
gebco_cascadia_margin_moderate,GEBCO Cascadia Margin,Full Geometry-Aware Hybrid GA,strong_noise,86,98.86111111111111,7.539214959842834,0,0.0,1.242579587688867,1.166504853584625,116,1531.1368900201924
gebco_cascadia_margin_moderate,GEBCO Cascadia Margin,Full Geometry-Aware Hybrid GA,strong_noise,87,98.15555555555555,2.5720544512858727,1,0.0,-0.7598265829756975,1.018862974310813,116,1531.1368900201924
gebco_cascadia_margin_moderate,GEBCO Cascadia Margin,Full Geometry-Aware Hybrid GA,strong_noise,88,98.16666666666667,1.1947661701110281,1,0.0,0.5769322037360406,0.9572847448868642,116,1531.1368900201924
gebco_cascadia_margin_moderate,GEBCO Cascadia Margin,Full Geometry-Aware Hybrid GA,strong_noise,89,96.92777777777778,2.82064769495745,0,0.0,0.4330578234526788,0.9884635997720256,116,1531.1368900201924
gebco_cascadia_margin_moderate,GEBCO Cascadia Margin,Full Geometry-Aware Hybrid GA,strong_noise,90,98.05,4.495278160784452,0,0.0,1.2566833299598366,1.0916270277863662,116,1531.1368900201924
gebco_cascadia_margin_moderate,GEBCO Cascadia Margin,Full Geometry-Aware Hybrid GA,strong_noise,91,98.56666666666666,4.887591757456649,0,0.0,-1.137374908648442,1.0676500186640328,116,1531.1368900201924
gebco_cascadia_margin_moderate,GEBCO Cascadia Margin,Full Geometry-Aware Hybrid GA,strong_noise,92,95.13333333333334,1.4400050121603618,0,0.0,-2.236802230200274,0.9254964104985,116,1531.1368900201924
gebco_cascadia_margin_moderate,GEBCO Cascadia Margin,Full Geometry-Aware Hybrid GA,strong_noise,93,97.75555555555555,2.811313580361876,1,0.0,0.7340613382400449,0.9992294133317926,116,1531.1368900201924
gebco_cascadia_margin_moderate,GEBCO Cascadia Margin,Full Geometry-Aware Hybrid GA,strong_noise,94,99.06666666666666,4.786511426628691,0,0.0,-0.3473000346175523,1.0773949701031738,116,1531.1368900201924
gebco_cascadia_margin_moderate,GEBCO Cascadia Margin,Full Geometry-Aware Hybrid GA,strong_noise,95,98.76666666666667,2.5639542637787693,1,0.0,-0.12247117505102724,1.0439106185353448,116,1531.1368900201924
gebco_cascadia_margin_moderate,GEBCO Cascadia Margin,Full Geometry-Aware Hybrid GA,strong_noise,96,97.10555555555555,2.3875776818131715,1,0.0,-1.8146163692418638,0.9898131743973718,116,1531.1368900201924
gebco_cascadia_margin_moderate,GEBCO Cascadia Margin,Full Geometry-Aware Hybrid GA,strong_noise,97,97.27777777777777,2.039184633011106,1,0.0,-1.8706281024764533,0.9838916199445024,116,1531.1368900201924
gebco_cascadia_margin_moderate,GEBCO Cascadia Margin,Full Geometry-Aware Hybrid GA,strong_noise,98,96.48333333333333,2.1401122877857697,0,0.0,-1.0152937090640435,0.9907240574832018,116,1531.1368900201924
gebco_cascadia_margin_moderate,GEBCO Cascadia Margin,Full Geometry-Aware Hybrid GA,strong_noise,99,95.84444444444445,1.2906186173734748,0,0.0,-0.9339225968188274,0.9121490946162123,116,1531.1368900201924
gebco_cascadia_margin_moderate,GEBCO Cascadia Margin,Full Geometry-Aware Hybrid GA,strong_noise,100,98.96111111111111,6.10256017086364,0,0.0,-0.3767884394440369,1.1097275445706958,116,1531.1368900201924
gebco_cascadia_margin_moderate,GEBCO Cascadia Margin,Full Geometry-Aware Hybrid GA,strong_noise,101,97.70555555555556,3.0134685481855734,0,0.0,0.3557696714269813,1.0151279714181178,116,1531.1368900201924
gebco_cascadia_margin_moderate,GEBCO Cascadia Margin,Full Geometry-Aware Hybrid GA,strong_noise,102,99.12777777777778,4.839314871315917,0,0.0,0.18492701968287545,1.0947967100632925,116,1531.1368900201924
gebco_cascadia_margin_moderate,GEBCO Cascadia Margin,Full Geometry-Aware Hybrid GA,strong_noise,103,97.15555555555555,2.3195214900667342,1,0.0,0.8221478565830715,0.9775290371541461,116,1531.1368900201924
gebco_cascadia_margin_moderate,GEBCO Cascadia Margin,Full Geometry-Aware Hybrid GA,strong_noise,104,98.27777777777777,4.133604073080508,0,0.0,0.2890120815205516,1.0678969626968926,116,1531.1368900201924
gebco_cascadia_margin_moderate,GEBCO Cascadia Margin,Full Geometry-Aware Hybrid GA,strong_noise,105,94.64444444444445,1.5896635531797938,0,0.0,-1.090701951792311,0.9153248126412339,116,1531.1368900201924
gebco_cascadia_margin_moderate,GEBCO Cascadia Margin,Full Geometry-Aware Hybrid GA,strong_noise,106,96.06666666666666,1.9437795528667496,0,0.0,1.2260854116994124,0.9480720214754571,116,1531.1368900201924
gebco_cascadia_margin_moderate,GEBCO Cascadia Margin,Full Geometry-Aware Hybrid GA,strong_noise,107,96.97777777777777,2.3079518139045447,0,0.0,0.7762579805540814,0.9790211018489704,116,1531.1368900201924
gebco_cascadia_margin_moderate,GEBCO Cascadia Margin,Full Geometry-Aware Hybrid GA,strong_noise,108,97.97777777777777,3.583741115907971,0,0.0,0.6073432349973338,1.018866432153466,116,1531.1368900201924
gebco_cascadia_margin_moderate,GEBCO Cascadia Margin,Full Geometry-Aware Hybrid GA,strong_noise,109,94.21666666666667,1.3785944248576776,0,0.0,0.8095229020516652,0.9181605857917382,116,1531.1368900201924
gebco_cascadia_margin_moderate,GEBCO Cascadia Margin,Full Geometry-Aware Hybrid GA,strong_noise,110,96.05555555555556,2.559059018532644,0,0.0,0.1492902259727875,0.9776766055447472,116,1531.1368900201924
gebco_cascadia_margin_moderate,GEBCO Cascadia Margin,Full Geometry-Aware Hybrid GA,strong_noise,111,97.55,3.60157815903762,0,0.0,-0.175822777330767,1.0219318441681402,116,1531.1368900201924
gebco_cascadia_margin_moderate,GEBCO Cascadia Margin,Full Geometry-Aware Hybrid GA,strong_noise,112,95.67222222222223,2.0776346007341595,0,0.0,-0.1414454635565427,0.9543772862775746,116,1531.1368900201924
gebco_cascadia_margin_moderate,GEBCO Cascadia Margin,Full Geometry-Aware Hybrid GA,strong_noise,113,98.71666666666667,2.505954880464693,1,0.0,-0.7013971580374081,1.0265314129842662,116,1531.1368900201924
gebco_cascadia_margin_moderate,GEBCO Cascadia Margin,Full Geometry-Aware Hybrid GA,strong_noise,114,96.11111111111111,1.8479618596553857,0,0.0,1.4046512792762813,0.9491445127450276,116,1531.1368900201924
gebco_cascadia_margin_moderate,GEBCO Cascadia Margin,Full Geometry-Aware Hybrid GA,strong_noise,115,97.96666666666667,2.281030803764346,1,0.0,-1.0321071269288538,0.9924249192775383,116,1531.1368900201924
gebco_cascadia_margin_moderate,GEBCO Cascadia Margin,Full Geometry-Aware Hybrid GA,strong_noise,116,98.50555555555556,4.282157077439778,0,0.0,0.14264063490574566,1.0598714988799238,116,1531.1368900201924
gebco_cascadia_margin_moderate,GEBCO Cascadia Margin,Full Geometry-Aware Hybrid GA,strong_noise,117,97.14444444444445,2.3769416391639067,1,0.0,-2.341159597426425,0.9987101311644484,116,1531.1368900201924
gebco_cascadia_margin_moderate,GEBCO Cascadia Margin,Full Geometry-Aware Hybrid GA,strong_noise,118,96.83333333333334,1.7091644512241546,0,0.0,1.5804975368422947,0.9567371982168209,116,1531.1368900201924
gebco_cascadia_margin_moderate,GEBCO Cascadia Margin,Full Geometry-Aware Hybrid GA,strong_noise,119,97.81666666666666,4.471344198194518,0,0.0,-1.6002818039421383,1.0487630757458568,116,1531.1368900201924
gebco_cascadia_margin_moderate,GEBCO Cascadia Margin,Full Geometry-Aware Hybrid GA,strong_noise,120,96.91111111111111,1.1599162026223109,0,0.0,-0.3407728898345444,0.9594440502658568,116,1531.1368900201924
gebco_cascadia_margin_moderate,GEBCO Cascadia Margin,Full Geometry-Aware Hybrid GA,strong_noise,121,97.88888888888889,3.2832840897412954,0,0.0,-1.5785764596826364,1.027902999713141,116,1531.1368900201924
gebco_cascadia_margin_moderate,GEBCO Cascadia Margin,Full Geometry-Aware Hybrid GA,strong_noise,122,98.37777777777778,2.7407485555786826,1,0.0,0.47100048305066083,1.0275524951039345,116,1531.1368900201924
gebco_cascadia_margin_moderate,GEBCO Cascadia Margin,Full Geometry-Aware Hybrid GA,strong_noise,123,97.06666666666666,2.358479769593771,1,0.0,-0.7322873039259818,0.980970042002688,116,1531.1368900201924
gebco_cascadia_margin_moderate,GEBCO Cascadia Margin,Full Geometry-Aware Hybrid GA,strong_noise,124,98.69444444444444,3.0127486770769147,0,0.0,0.3816068554399734,1.0300504347447053,116,1531.1368900201924
gebco_cascadia_margin_moderate,GEBCO Cascadia Margin,Full Geometry-Aware Hybrid GA,strong_noise,125,97.22777777777777,2.9747791260411613,1,0.0,0.4511314376320354,0.9893542797573879,116,1531.1368900201924
gebco_cascadia_margin_moderate,GEBCO Cascadia Margin,Full Geometry-Aware Hybrid GA,strong_noise,126,98.82222222222222,2.4078115070481596,1,0.0,-0.7608060951829648,1.0135731782529915,116,1531.1368900201924
gebco_cascadia_margin_moderate,GEBCO Cascadia Margin,Full Geometry-Aware Hybrid GA,strong_noise,127,98.81111111111112,3.3901481232588258,0,0.0,-0.5835834798055116,1.0207635875632641,116,1531.1368900201924
gebco_cascadia_margin_moderate,GEBCO Cascadia Margin,Full Geometry-Aware Hybrid GA,strong_noise,128,98.15555555555555,2.1123679487986693,1,0.0,0.4457680443651259,0.9992457643760717,116,1531.1368900201924
gebco_cascadia_margin_moderate,GEBCO Cascadia Margin,Full Geometry-Aware Hybrid GA,strong_noise,129,97.75555555555555,4.245436292140209,0,0.0,-1.5359038827284925,1.0525195075544862,116,1531.1368900201924
gebco_cascadia_margin_moderate,GEBCO Cascadia Margin,Full Geometry-Aware Hybrid GA,strong_noise,130,98.51111111111112,3.040160431365468,0,0.0,0.5814674825444522,1.0417480323722363,116,1531.1368900201924
gebco_cascadia_margin_moderate,GEBCO Cascadia Margin,Full Geometry-Aware Hybrid GA,strong_noise,131,98.81111111111112,5.012046697011987,0,0.0,0.310814099492655,1.112187333832799,116,1531.1368900201924
gebco_cascadia_margin_moderate,GEBCO Cascadia Margin,Full Geometry-Aware Hybrid GA,strong_noise,132,97.13888888888889,2.080855132189751,1,0.0,-0.29182669378196135,0.9838504755543578,116,1531.1368900201924
gebco_cascadia_margin_moderate,GEBCO Cascadia Margin,Full Geometry-Aware Hybrid GA,strong_noise,133,96.23888888888888,1.195839941190247,0,0.0,0.2746528350697813,0.9472525492944942,116,1531.1368900201924
gebco_cascadia_margin_moderate,GEBCO Cascadia Margin,Full Geometry-Aware Hybrid GA,strong_noise,134,96.4888888888889,1.8951803235180087,0,0.0,1.302357153459374,0.9598231625129916,116,1531.1368900201924
gebco_cascadia_margin_moderate,GEBCO Cascadia Margin,Full Geometry-Aware Hybrid GA,strong_noise,135,97.18333333333334,1.7732412422800878,1,0.0,-0.628885698936558,0.9664272639722085,116,1531.1368900201924
gebco_cascadia_margin_moderate,GEBCO Cascadia Margin,Full Geometry-Aware Hybrid GA,strong_noise,136,98.07777777777777,2.830793449457204,1,0.0,1.0353631717950946,1.0100405874711222,116,1531.1368900201924
gebco_cascadia_margin_moderate,GEBCO Cascadia Margin,Full Geometry-Aware Hybrid GA,strong_noise,137,97.1888888888889,1.5491586709738354,1,0.0,1.419803045305012,0.9545845817151793,116,1531.1368900201924
gebco_cascadia_margin_moderate,GEBCO Cascadia Margin,Full Geometry-Aware Hybrid GA,strong_noise,138,97.89999999999999,1.5888828449381458,1,0.0,-0.13927145236773966,0.9618427458263061,116,1531.1368900201924
gebco_cascadia_margin_moderate,GEBCO Cascadia Margin,Full Geometry-Aware Hybrid GA,strong_noise,139,98.49444444444444,4.637854595759732,0,0.0,0.009804345188814742,1.0932614511366818,116,1531.1368900201924
gebco_cascadia_margin_moderate,GEBCO Cascadia Margin,Full Geometry-Aware Hybrid GA,strong_noise,140,98.77222222222221,3.7232461928710174,0,0.0,-0.7639255018848982,1.0474884281496428,116,1531.1368900201924
gebco_cascadia_margin_moderate,GEBCO Cascadia Margin,Full Geometry-Aware Hybrid GA,strong_noise,141,94.82777777777778,1.527391058807586,0,0.0,-2.3678986163731066,0.9466955777569495,116,1531.1368900201924
gebco_cascadia_margin_moderate,GEBCO Cascadia Margin,Full Geometry-Aware Hybrid GA,strong_noise,142,97.0611111111111,2.3102071210322577,1,0.0,-0.44196570822088016,0.9862893706969217,116,1531.1368900201924
gebco_cascadia_margin_moderate,GEBCO Cascadia Margin,Full Geometry-Aware Hybrid GA,strong_noise,143,97.74444444444444,1.3248147688908332,1,0.0,0.5477848404110714,0.9471906756152123,116,1531.1368900201924
gebco_cascadia_margin_moderate,GEBCO Cascadia Margin,Full Geometry-Aware Hybrid GA,strong_noise,144,96.59444444444445,1.73238204073553,0,0.0,-1.7841261241703428,0.9678575003841702,116,1531.1368900201924
gebco_cascadia_margin_moderate,GEBCO Cascadia Margin,Full Geometry-Aware Hybrid GA,strong_noise,145,94.58888888888889,1.165695927050094,0,0.0,-1.4444047336748806,0.9378739709721572,116,1531.1368900201924
gebco_cascadia_margin_moderate,GEBCO Cascadia Margin,Full Geometry-Aware Hybrid GA,strong_noise,146,97.27222222222223,1.66958936582584,1,0.0,-1.8544509279580401,0.9880179873030552,116,1531.1368900201924
gebco_cascadia_margin_moderate,GEBCO Cascadia Margin,Full Geometry-Aware Hybrid GA,strong_noise,147,95.41111111111111,0.9162494909918997,0,0.0,0.8417789495659186,0.9098244715948902,116,1531.1368900201924
gebco_cascadia_margin_moderate,GEBCO Cascadia Margin,Full Geometry-Aware Hybrid GA,strong_noise,148,97.66666666666667,3.8546499334828686,0,0.0,-1.989725246413557,1.0660583556260188,116,1531.1368900201924
gebco_cascadia_margin_moderate,GEBCO Cascadia Margin,Full Geometry-Aware Hybrid GA,strong_noise,149,97.65,2.406203403001203,1,0.0,-0.15885743210037429,0.9800557442344405,116,1531.1368900201924
gebco_cascadia_margin_moderate,GEBCO Cascadia Margin,Full Geometry-Aware Hybrid GA,strong_noise,150,98.45555555555555,5.081883784261675,0,0.0,-0.5791057698559816,1.0747440938472366,116,1531.1368900201924
gebco_cascadia_margin_moderate,GEBCO Cascadia Margin,Full Geometry-Aware Hybrid GA,strong_noise,151,96.27222222222223,2.29313588277118,0,0.0,-1.2183439001906164,1.0009573301975996,116,1531.1368900201924
gebco_cascadia_margin_moderate,GEBCO Cascadia Margin,Full Geometry-Aware Hybrid GA,strong_noise,152,96.85000000000001,2.2329491043119174,0,0.0,-0.26884540414192276,0.9842346961337973,116,1531.1368900201924
gebco_cascadia_margin_moderate,GEBCO Cascadia Margin,Full Geometry-Aware Hybrid GA,strong_noise,153,98.41111111111111,4.753868419443622,0,0.0,0.13487317906464957,1.0618352063212662,116,1531.1368900201924
gebco_cascadia_margin_moderate,GEBCO Cascadia Margin,Full Geometry-Aware Hybrid GA,strong_noise,154,96.35555555555555,0.9090136852745053,0,0.0,1.4298401718449647,0.9318915940550028,116,1531.1368900201924
gebco_cascadia_margin_moderate,GEBCO Cascadia Margin,Full Geometry-Aware Hybrid GA,strong_noise,155,95.79444444444445,0.8372168426985372,0,0.0,0.31047357138798776,0.9355049600412593,116,1531.1368900201924
gebco_cascadia_margin_moderate,GEBCO Cascadia Margin,Full Geometry-Aware Hybrid GA,strong_noise,156,96.6,1.6836077754308385,0,0.0,1.6877964921149236,0.9518063689570432,116,1531.1368900201924
gebco_cascadia_margin_moderate,GEBCO Cascadia Margin,Full Geometry-Aware Hybrid GA,strong_noise,157,95.97222222222223,1.3044402084246667,0,0.0,1.6007402876118155,0.9489418132002857,116,1531.1368900201924
gebco_cascadia_margin_moderate,GEBCO Cascadia Margin,Full Geometry-Aware Hybrid GA,strong_noise,158,97.67222222222223,3.0368691906271037,0,0.0,1.7671206325776578,1.0058288622238856,116,1531.1368900201924
gebco_cascadia_margin_moderate,GEBCO Cascadia Margin,Full Geometry-Aware Hybrid GA,strong_noise,159,97.77777777777777,3.236850677836039,0,0.0,-0.8967144560577072,1.0210552179063044,116,1531.1368900201924
gebco_cascadia_margin_moderate,GEBCO Cascadia Margin,Full Geometry-Aware Hybrid GA,strong_noise,160,98.91666666666666,4.8427124328081,0,0.0,-0.399585893197565,1.0815360870085584,116,1531.1368900201924
gebco_cascadia_margin_moderate,GEBCO Cascadia Margin,Full Geometry-Aware Hybrid GA,strong_noise,161,96.81111111111112,1.6541167973188724,0,0.0,-1.1289131808974724,0.9610786168227352,116,1531.1368900201924
gebco_cascadia_margin_moderate,GEBCO Cascadia Margin,Full Geometry-Aware Hybrid GA,strong_noise,162,97.94444444444444,3.4048009661121186,0,0.0,-1.1613083768809294,1.030876267521523,116,1531.1368900201924
gebco_cascadia_margin_moderate,GEBCO Cascadia Margin,Full Geometry-Aware Hybrid GA,strong_noise,163,94.80555555555556,1.634188468902483,0,0.0,-1.4674972018135528,0.9276027602484871,116,1531.1368900201924
gebco_cascadia_margin_moderate,GEBCO Cascadia Margin,Full Geometry-Aware Hybrid GA,strong_noise,164,99.00555555555556,2.528481704981287,1,0.0,-0.49834553437011064,1.047258397892286,116,1531.1368900201924
gebco_cascadia_margin_moderate,GEBCO Cascadia Margin,Full Geometry-Aware Hybrid GA,strong_noise,165,96.07222222222222,1.8792540520265841,0,0.0,0.851003587731232,0.9564920542903119,116,1531.1368900201924
gebco_cascadia_margin_moderate,GEBCO Cascadia Margin,Full Geometry-Aware Hybrid GA,strong_noise,166,96.87222222222222,1.878601620993846,0,0.0,1.505157083887354,0.9554131679218016,116,1531.1368900201924
gebco_cascadia_margin_moderate,GEBCO Cascadia Margin,Full Geometry-Aware Hybrid GA,strong_noise,167,97.30555555555556,1.6125889638185296,1,0.0,-0.24976207239485998,0.9535888389580294,116,1531.1368900201924
gebco_cascadia_margin_moderate,GEBCO Cascadia Margin,Full Geometry-Aware Hybrid GA,strong_noise,168,97.49444444444444,2.3694539068355094,1,0.0,0.42598993796944373,0.9881496278310122,116,1531.1368900201924
gebco_cascadia_margin_moderate,GEBCO Cascadia Margin,Full Geometry-Aware Hybrid GA,strong_noise,169,95.91111111111111,1.1453083856166886,0,0.0,1.1594742798226505,0.93682642738359,116,1531.1368900201924
gebco_cascadia_margin_moderate,GEBCO Cascadia Margin,Full Geometry-Aware Hybrid GA,strong_noise,170,96.78333333333333,1.994982673309356,0,0.0,-0.21534791702543293,0.9569146316033299,116,1531.1368900201924
gebco_cascadia_margin_moderate,GEBCO Cascadia Margin,Full Geometry-Aware Hybrid GA,strong_noise,171,98.92222222222222,7.087288738729518,0,0.0,-0.6569362796286164,1.135265342000393,116,1531.1368900201924
gebco_cascadia_margin_moderate,GEBCO Cascadia Margin,Full Geometry-Aware Hybrid GA,strong_noise,172,95.66666666666667,1.6663116561005211,0,0.0,0.7315730660935092,0.9603867798236043,116,1531.1368900201924
gebco_cascadia_margin_moderate,GEBCO Cascadia Margin,Full Geometry-Aware Hybrid GA,strong_noise,173,98.22777777777777,3.2088729383293284,0,0.0,-0.737929489480289,1.0232406492655406,116,1531.1368900201924
gebco_cascadia_margin_moderate,GEBCO Cascadia Margin,Full Geometry-Aware Hybrid GA,strong_noise,174,95.35,1.833456924145829,0,0.0,0.0498162852316656,0.9790324288799347,116,1531.1368900201924
gebco_cascadia_margin_moderate,GEBCO Cascadia Margin,Full Geometry-Aware Hybrid GA,strong_noise,175,98.03888888888889,1.9037286936382374,1,0.0,0.3338709826927517,0.9925155632232953,116,1531.1368900201924
gebco_cascadia_margin_moderate,GEBCO Cascadia Margin,Full Geometry-Aware Hybrid GA,strong_noise,176,97.75,1.6641873594190897,1,0.0,0.058974993893028835,0.9700592850869558,116,1531.1368900201924
gebco_cascadia_margin_moderate,GEBCO Cascadia Margin,Full Geometry-Aware Hybrid GA,strong_noise,177,96.3,1.9057265829114274,0,0.0,-0.6157057091510627,0.9528396698656614,116,1531.1368900201924
gebco_cascadia_margin_moderate,GEBCO Cascadia Margin,Full Geometry-Aware Hybrid GA,strong_noise,178,99.02222222222223,2.8250936384577243,1,0.0,-0.22588045123955994,1.0329106558154741,116,1531.1368900201924
gebco_cascadia_margin_moderate,GEBCO Cascadia Margin,Full Geometry-Aware Hybrid GA,strong_noise,179,98.34444444444445,2.1073621530273563,1,0.0,1.0645229740671436,1.0244466360521656,116,1531.1368900201924
gebco_cascadia_margin_moderate,GEBCO Cascadia Margin,Full Geometry-Aware Hybrid GA,strong_noise,180,98.68333333333334,4.340998572139817,0,0.0,-0.43384261307526245,1.0653714110684354,116,1531.1368900201924
gebco_cascadia_margin_moderate,GEBCO Cascadia Margin,Full Geometry-Aware Hybrid GA,strong_noise,181,97.83888888888889,4.316728954172248,0,0.0,0.5244048686077795,1.0382945463159892,116,1531.1368900201924
gebco_cascadia_margin_moderate,GEBCO Cascadia Margin,Full Geometry-Aware Hybrid GA,strong_noise,182,98.24444444444444,4.564499228620436,0,0.0,0.0910883708435583,1.0575465683366927,116,1531.1368900201924
gebco_cascadia_margin_moderate,GEBCO Cascadia Margin,Full Geometry-Aware Hybrid GA,strong_noise,183,97.58888888888889,3.5151832393137386,0,0.0,2.828585637956169,1.061470131289482,116,1531.1368900201924
gebco_cascadia_margin_moderate,GEBCO Cascadia Margin,Full Geometry-Aware Hybrid GA,strong_noise,184,94.47777777777779,1.0931206054592517,0,0.0,-0.18687980317832478,0.8843114246550634,116,1531.1368900201924
gebco_cascadia_margin_moderate,GEBCO Cascadia Margin,Full Geometry-Aware Hybrid GA,strong_noise,185,99.19444444444444,4.521045603763691,0,0.0,0.04085654116341258,1.0700357476432534,116,1531.1368900201924
gebco_cascadia_margin_moderate,GEBCO Cascadia Margin,Full Geometry-Aware Hybrid GA,strong_noise,186,98.74444444444444,4.220438880942529,0,0.0,-0.4015839432724786,1.071343378093816,116,1531.1368900201924
gebco_cascadia_margin_moderate,GEBCO Cascadia Margin,Full Geometry-Aware Hybrid GA,strong_noise,187,97.6888888888889,2.061553467778857,1,0.0,-0.061864488200117695,0.9767059680738727,116,1531.1368900201924
gebco_cascadia_margin_moderate,GEBCO Cascadia Margin,Full Geometry-Aware Hybrid GA,strong_noise,188,98.28888888888889,3.790266236010614,0,0.0,-0.33799496795945305,1.0314937303775125,116,1531.1368900201924
gebco_cascadia_margin_moderate,GEBCO Cascadia Margin,Full Geometry-Aware Hybrid GA,strong_noise,189,98.42777777777778,2.9236430560410045,1,0.0,-0.15745397530400584,1.0121454310348286,116,1531.1368900201924
gebco_cascadia_margin_moderate,GEBCO Cascadia Margin,Full Geometry-Aware Hybrid GA,strong_noise,190,97.85555555555555,2.38632530404875,1,0.0,-1.0436440532874807,1.014204739779571,116,1531.1368900201924
gebco_cascadia_margin_moderate,GEBCO Cascadia Margin,Full Geometry-Aware Hybrid GA,strong_noise,191,96.28888888888889,1.9080872285792805,0,0.0,0.4584979865425809,0.9420352063914943,116,1531.1368900201924
gebco_cascadia_margin_moderate,GEBCO Cascadia Margin,Full Geometry-Aware Hybrid GA,strong_noise,192,93.04444444444444,0.6143168607292309,0,0.0,-0.22955921032747487,0.8576008704844458,116,1531.1368900201924
gebco_cascadia_margin_moderate,GEBCO Cascadia Margin,Full Geometry-Aware Hybrid GA,strong_noise,193,92.23333333333333,0.5757985573079586,0,0.0,1.6968059203109898,0.8620484423149584,116,1531.1368900201924
gebco_cascadia_margin_moderate,GEBCO Cascadia Margin,Full Geometry-Aware Hybrid GA,strong_noise,194,98.28333333333333,3.6638501731076056,0,0.0,0.372805256440063,1.0463241352013533,116,1531.1368900201924
gebco_cascadia_margin_moderate,GEBCO Cascadia Margin,Full Geometry-Aware Hybrid GA,strong_noise,195,95.96666666666667,1.9368056207726978,0,0.0,-0.6029449298111315,0.9477807629480636,116,1531.1368900201924
gebco_cascadia_margin_moderate,GEBCO Cascadia Margin,Full Geometry-Aware Hybrid GA,strong_noise,196,98.31666666666666,1.7991329001971705,1,0.0,-0.16765518477268404,0.9674618410644081,116,1531.1368900201924
gebco_cascadia_margin_moderate,GEBCO Cascadia Margin,Full Geometry-Aware Hybrid GA,strong_noise,197,98.36666666666667,3.2409375815111074,0,0.0,0.23482541310737004,1.051175792457055,116,1531.1368900201924
gebco_cascadia_margin_moderate,GEBCO Cascadia Margin,Full Geometry-Aware Hybrid GA,strong_noise,198,98.61111111111111,5.862782794630496,0,0.0,0.6879080512010632,1.102119902480683,116,1531.1368900201924
gebco_cascadia_margin_moderate,GEBCO Cascadia Margin,Full Geometry-Aware Hybrid GA,strong_noise,199,96.17777777777778,1.4340455272399688,0,0.0,0.8389141990240045,0.9531098010989912,116,1531.1368900201924
gebco_cascadia_margin_moderate,GEBCO Cascadia Margin,Full Geometry-Aware Hybrid GA,strong_noise,200,97.66111111111111,3.0749121260889147,0,0.0,-1.5959136642656893,1.0536565169642331,116,1531.1368900201924
gebco_cascadia_margin_moderate,GEBCO Cascadia Margin,Full Geometry-Aware Hybrid GA,strong_noise,201,96.6,2.1461957622726526,0,0.0,1.1499376860104022,0.9633546402677649,116,1531.1368900201924
gebco_cascadia_margin_moderate,GEBCO Cascadia Margin,Full Geometry-Aware Hybrid GA,strong_noise,202,97.87777777777778,2.4874424713219496,1,0.0,-0.23551414624271427,1.0005477293706722,116,1531.1368900201924
gebco_cascadia_margin_moderate,GEBCO Cascadia Margin,Full Geometry-Aware Hybrid GA,strong_noise,203,98.0611111111111,3.193928985840789,0,0.0,-1.466992337124897,1.0417319328850103,116,1531.1368900201924
gebco_cascadia_margin_moderate,GEBCO Cascadia Margin,Full Geometry-Aware Hybrid GA,strong_noise,204,98.33888888888889,3.4257659730402903,0,0.0,-0.16729008249334462,1.0301203612147698,116,1531.1368900201924
gebco_cascadia_margin_moderate,GEBCO Cascadia Margin,Full Geometry-Aware Hybrid GA,strong_noise,205,97.96666666666667,2.4368571037042877,1,0.0,-0.9872282670298771,0.9929395543562451,116,1531.1368900201924
gebco_cascadia_margin_moderate,GEBCO Cascadia Margin,Full Geometry-Aware Hybrid GA,strong_noise,206,98.16111111111111,3.433719762066757,0,0.0,0.6481482477523185,1.0327112367651237,116,1531.1368900201924
gebco_cascadia_margin_moderate,GEBCO Cascadia Margin,Full Geometry-Aware Hybrid GA,strong_noise,207,98.74444444444444,4.799244036000752,0,0.0,-0.5516076604110468,1.0723208310714119,116,1531.1368900201924
gebco_cascadia_margin_moderate,GEBCO Cascadia Margin,Full Geometry-Aware Hybrid GA,strong_noise,208,97.5611111111111,2.2232501100726907,1,0.0,0.8219793161483804,0.9773268747664181,116,1531.1368900201924
gebco_cascadia_margin_moderate,GEBCO Cascadia Margin,Full Geometry-Aware Hybrid GA,strong_noise,209,98.13888888888889,1.5749654989300579,1,0.0,-0.47070742231864904,0.9857980551321283,116,1531.1368900201924
gebco_cascadia_margin_moderate,GEBCO Cascadia Margin,Full Geometry-Aware Hybrid GA,strong_noise,210,96.85000000000001,1.3399704806898176,0,0.0,1.4904309761621706,0.9550405364307776,116,1531.1368900201924
gebco_cascadia_margin_moderate,GEBCO Cascadia Margin,Full Geometry-Aware Hybrid GA,strong_noise,211,97.2611111111111,2.077895023987837,1,0.0,0.27000566223938094,0.9918123274703993,116,1531.1368900201924
gebco_cascadia_margin_moderate,GEBCO Cascadia Margin,Full Geometry-Aware Hybrid GA,strong_noise,212,98.25555555555555,2.957210663192472,1,0.0,-1.3632937611092273,1.0391749425010954,116,1531.1368900201924
gebco_cascadia_margin_moderate,GEBCO Cascadia Margin,Full Geometry-Aware Hybrid GA,strong_noise,213,98.27222222222223,2.5900986506350088,1,0.0,0.05662893420424954,1.0061343596908099,116,1531.1368900201924
gebco_cascadia_margin_moderate,GEBCO Cascadia Margin,Full Geometry-Aware Hybrid GA,strong_noise,214,98.61111111111111,4.153301075937637,0,0.0,0.3808809477995348,1.033661494253466,116,1531.1368900201924
gebco_cascadia_margin_moderate,GEBCO Cascadia Margin,Full Geometry-Aware Hybrid GA,strong_noise,215,98.6,3.6593317328413444,0,0.0,-0.8012069417558122,1.0406141876921313,116,1531.1368900201924
gebco_cascadia_margin_moderate,GEBCO Cascadia Margin,Full Geometry-Aware Hybrid GA,strong_noise,216,96.77777777777777,1.4325042187853851,0,0.0,-0.5672321511341261,0.9367932424843646,116,1531.1368900201924
gebco_cascadia_margin_moderate,GEBCO Cascadia Margin,Full Geometry-Aware Hybrid GA,strong_noise,217,93.21111111111111,0.6847389476570719,0,0.0,-1.412316358751261,0.889966714346371,116,1531.1368900201924
gebco_cascadia_margin_moderate,GEBCO Cascadia Margin,Full Geometry-Aware Hybrid GA,strong_noise,218,96.58888888888889,1.3445960127797603,0,0.0,-1.5706448324174562,0.9406311107944575,116,1531.1368900201924
gebco_cascadia_margin_moderate,GEBCO Cascadia Margin,Full Geometry-Aware Hybrid GA,strong_noise,219,97.45555555555555,1.84915319627127,1,0.0,0.39552542023235,0.9606394415467362,116,1531.1368900201924
gebco_cascadia_margin_moderate,GEBCO Cascadia Margin,Full Geometry-Aware Hybrid GA,strong_noise,220,98.47777777777777,2.026023349671615,1,0.0,-0.17601564550962334,1.008578362582344,116,1531.1368900201924
gebco_cascadia_margin_moderate,GEBCO Cascadia Margin,Full Geometry-Aware Hybrid GA,strong_noise,221,98.1888888888889,4.4896523872208975,0,0.0,-1.7053680342239932,1.0850653640499632,116,1531.1368900201924
gebco_cascadia_margin_moderate,GEBCO Cascadia Margin,Full Geometry-Aware Hybrid GA,strong_noise,222,96.08333333333333,1.3525800080563475,0,0.0,-0.6368799871868637,0.9296891984761131,116,1531.1368900201924
gebco_cascadia_margin_moderate,GEBCO Cascadia Margin,Full Geometry-Aware Hybrid GA,strong_noise,223,96.6888888888889,1.6776820075889964,0,0.0,-0.15201217158748337,0.9597089628551787,116,1531.1368900201924
gebco_cascadia_margin_moderate,GEBCO Cascadia Margin,Full Geometry-Aware Hybrid GA,strong_noise,224,94.88333333333333,0.804777764405439,0,0.0,0.6895417571060628,0.9180749788158232,116,1531.1368900201924
gebco_cascadia_margin_moderate,GEBCO Cascadia Margin,Full Geometry-Aware Hybrid GA,strong_noise,225,96.0,0.9231411949006122,0,0.0,0.4385353174894115,0.9110123705199,116,1531.1368900201924
gebco_cascadia_margin_moderate,GEBCO Cascadia Margin,Full Geometry-Aware Hybrid GA,strong_noise,226,97.79444444444444,3.0790427483468115,0,0.0,-0.00835005519608907,1.0284659792166095,116,1531.1368900201924
gebco_cascadia_margin_moderate,GEBCO Cascadia Margin,Full Geometry-Aware Hybrid GA,strong_noise,227,97.03888888888889,1.969074748608139,1,0.0,1.4692818976165383,0.9683273828163993,116,1531.1368900201924
gebco_cascadia_margin_moderate,GEBCO Cascadia Margin,Full Geometry-Aware Hybrid GA,strong_noise,228,98.42222222222222,3.5057301579187454,0,0.0,1.6568811847345246,1.059899450360811,116,1531.1368900201924
gebco_cascadia_margin_moderate,GEBCO Cascadia Margin,Full Geometry-Aware Hybrid GA,strong_noise,229,97.47777777777777,1.8491247524846508,1,0.0,0.5751770491639833,0.9836071030379536,116,1531.1368900201924
gebco_cascadia_margin_moderate,GEBCO Cascadia Margin,Full Geometry-Aware Hybrid GA,strong_noise,230,98.77222222222221,6.508318407288838,0,0.0,0.21531374004182635,1.1351634675080606,116,1531.1368900201924
gebco_cascadia_margin_moderate,GEBCO Cascadia Margin,Full Geometry-Aware Hybrid GA,strong_noise,231,98.28333333333333,4.422158201719574,0,0.0,-0.5993583866966268,1.0669248983434496,116,1531.1368900201924
gebco_cascadia_margin_moderate,GEBCO Cascadia Margin,Full Geometry-Aware Hybrid GA,strong_noise,232,97.52777777777779,2.187039917299675,1,0.0,1.4199663486049603,0.9952949937070618,116,1531.1368900201924
gebco_cascadia_margin_moderate,GEBCO Cascadia Margin,Full Geometry-Aware Hybrid GA,strong_noise,233,97.95555555555555,2.1426811529320666,1,0.0,1.1198118972283289,0.9924813137239892,116,1531.1368900201924
gebco_cascadia_margin_moderate,GEBCO Cascadia Margin,Full Geometry-Aware Hybrid GA,strong_noise,234,97.59444444444443,2.801279192729584,1,0.0,0.6240535899205686,0.9953436157816824,116,1531.1368900201924
gebco_cascadia_margin_moderate,GEBCO Cascadia Margin,Full Geometry-Aware Hybrid GA,strong_noise,235,98.77777777777777,2.9022771827299874,1,0.0,0.11461521185200883,1.0170416220227,116,1531.1368900201924
gebco_cascadia_margin_moderate,GEBCO Cascadia Margin,Full Geometry-Aware Hybrid GA,strong_noise,236,97.88888888888889,2.564766637523154,1,0.0,0.015881261064821336,0.9795514254441038,116,1531.1368900201924
gebco_cascadia_margin_moderate,GEBCO Cascadia Margin,Full Geometry-Aware Hybrid GA,strong_noise,237,95.07777777777778,1.1628688881864413,0,0.0,0.9764552287043172,0.9306037635443272,116,1531.1368900201924
gebco_cascadia_margin_moderate,GEBCO Cascadia Margin,Full Geometry-Aware Hybrid GA,strong_noise,238,96.9888888888889,2.5411251302054967,0,0.0,-0.9651369498220171,0.9671646163523444,116,1531.1368900201924
gebco_cascadia_margin_moderate,GEBCO Cascadia Margin,Full Geometry-Aware Hybrid GA,strong_noise,239,97.87222222222223,3.9855658582689584,0,0.0,-1.3458875808224307,1.0404059396888323,116,1531.1368900201924
gebco_cascadia_margin_moderate,GEBCO Cascadia Margin,Full Geometry-Aware Hybrid GA,strong_noise,240,98.23333333333333,4.1966712623731635,0,0.0,-0.8966908730389131,1.0454029200497439,116,1531.1368900201924
gebco_cascadia_margin_moderate,GEBCO Cascadia Margin,Full Geometry-Aware Hybrid GA,strong_noise,241,95.27777777777777,1.4820825056925309,0,0.0,0.5672687230777383,0.9096197789509386,116,1531.1368900201924
gebco_cascadia_margin_moderate,GEBCO Cascadia Margin,Full Geometry-Aware Hybrid GA,strong_noise,242,97.21111111111111,1.7337253711581944,1,0.0,2.0149588809664545,0.9706208211173275,116,1531.1368900201924
gebco_cascadia_margin_moderate,GEBCO Cascadia Margin,Full Geometry-Aware Hybrid GA,strong_noise,243,97.83333333333334,4.329050671818581,0,0.0,1.6803039070640826,1.0556671013880674,116,1531.1368900201924
gebco_cascadia_margin_moderate,GEBCO Cascadia Margin,Full Geometry-Aware Hybrid GA,strong_noise,244,98.86666666666667,5.719987617524934,0,0.0,0.8926132282508161,1.0930646352922377,116,1531.1368900201924
gebco_cascadia_margin_moderate,GEBCO Cascadia Margin,Full Geometry-Aware Hybrid GA,strong_noise,245,95.58888888888889,0.5297728376515422,0,0.0,-0.8235677912541712,0.8970974418611188,116,1531.1368900201924
gebco_cascadia_margin_moderate,GEBCO Cascadia Margin,Full Geometry-Aware Hybrid GA,strong_noise,246,98.0611111111111,2.4854076331031325,1,0.0,-0.07249258265714127,0.9836430376943746,116,1531.1368900201924
gebco_cascadia_margin_moderate,GEBCO Cascadia Margin,Full Geometry-Aware Hybrid GA,strong_noise,247,97.61111111111111,1.3120250732599241,1,0.0,0.5700308521872742,0.9692711251332354,116,1531.1368900201924
gebco_cascadia_margin_moderate,GEBCO Cascadia Margin,Full Geometry-Aware Hybrid GA,strong_noise,248,98.17777777777778,4.207392169119109,0,0.0,0.49379477389642984,1.0440489731458524,116,1531.1368900201924
gebco_cascadia_margin_moderate,GEBCO Cascadia Margin,Full Geometry-Aware Hybrid GA,strong_noise,249,96.85000000000001,3.0296476756096746,0,0.0,3.2310340859865025,1.0131528937061813,116,1531.1368900201924
gebco_cascadia_margin_moderate,GEBCO Cascadia Margin,Full Geometry-Aware Hybrid GA,strong_noise,250,98.98333333333333,3.780488479083093,0,0.0,-0.1435429729620375,1.0740329941796936,116,1531.1368900201924
gebco_cascadia_margin_moderate,GEBCO Cascadia Margin,Full Geometry-Aware Hybrid GA,strong_noise,251,98.0,2.974418054433115,1,0.0,1.229898121748591,1.0300251486150387,116,1531.1368900201924
gebco_cascadia_margin_moderate,GEBCO Cascadia Margin,Full Geometry-Aware Hybrid GA,strong_noise,252,97.61666666666666,2.234461441170684,1,0.0,-1.1604335106218675,1.0080716129289156,116,1531.1368900201924
gebco_cascadia_margin_moderate,GEBCO Cascadia Margin,Full Geometry-Aware Hybrid GA,strong_noise,253,97.03888888888889,2.084789882650221,1,0.0,0.8200734571646529,0.9804264065327489,116,1531.1368900201924
gebco_cascadia_margin_moderate,GEBCO Cascadia Margin,Full Geometry-Aware Hybrid GA,strong_noise,254,96.93888888888888,2.567766191248739,0,0.0,2.3760254793868536,0.996606094595991,116,1531.1368900201924
gebco_cascadia_margin_moderate,GEBCO Cascadia Margin,Full Geometry-Aware Hybrid GA,strong_noise,255,97.29444444444444,1.9084359498633996,1,0.0,0.4820678387521334,0.9768764144657492,116,1531.1368900201924
gebco_cascadia_margin_moderate,GEBCO Cascadia Margin,Full Geometry-Aware Hybrid GA,strong_noise,256,97.72777777777777,2.147397211385244,1,0.0,0.5814888554330606,1.0024524129158972,116,1531.1368900201924
gebco_cascadia_margin_moderate,GEBCO Cascadia Margin,Full Geometry-Aware Hybrid GA,strong_noise,257,97.27777777777777,1.518814932629684,1,0.0,0.41025070813106984,0.9902530027033101,116,1531.1368900201924
gebco_cascadia_margin_moderate,GEBCO Cascadia Margin,Full Geometry-Aware Hybrid GA,strong_noise,258,97.63888888888889,2.462022543852086,1,0.0,1.0899797018074986,0.9842454603351821,116,1531.1368900201924
gebco_cascadia_margin_moderate,GEBCO Cascadia Margin,Full Geometry-Aware Hybrid GA,strong_noise,259,96.73333333333333,0.9863189309800636,0,0.0,1.00108337176663,0.9403170446715342,116,1531.1368900201924
gebco_cascadia_margin_moderate,GEBCO Cascadia Margin,Full Geometry-Aware Hybrid GA,strong_noise,260,98.55000000000001,3.914909792014295,0,0.0,0.45466907441674953,1.056414832560028,116,1531.1368900201924
gebco_cascadia_margin_moderate,GEBCO Cascadia Margin,Full Geometry-Aware Hybrid GA,strong_noise,261,98.86111111111111,3.508139994178652,0,0.0,0.5649002897981988,1.0523389483821004,116,1531.1368900201924
gebco_cascadia_margin_moderate,GEBCO Cascadia Margin,Full Geometry-Aware Hybrid GA,strong_noise,262,97.63333333333334,3.902422440329692,0,0.0,1.0007767550103968,1.028240443683649,116,1531.1368900201924
gebco_cascadia_margin_moderate,GEBCO Cascadia Margin,Full Geometry-Aware Hybrid GA,strong_noise,263,98.17777777777778,4.8224083113310785,0,0.0,1.7103238009950104,1.0735348674867085,116,1531.1368900201924
gebco_cascadia_margin_moderate,GEBCO Cascadia Margin,Full Geometry-Aware Hybrid GA,strong_noise,264,95.28888888888889,1.8797470120529656,0,0.0,-1.5898068280412145,0.936434711139846,116,1531.1368900201924
gebco_cascadia_margin_moderate,GEBCO Cascadia Margin,Full Geometry-Aware Hybrid GA,strong_noise,265,96.67777777777778,3.3825531371048325,0,0.0,-2.2713352416682793,1.0084881073500473,116,1531.1368900201924
gebco_cascadia_margin_moderate,GEBCO Cascadia Margin,Full Geometry-Aware Hybrid GA,strong_noise,266,97.61666666666666,2.6010490551513934,1,0.0,-1.8656196350588472,0.9917043019247046,116,1531.1368900201924
gebco_cascadia_margin_moderate,GEBCO Cascadia Margin,Full Geometry-Aware Hybrid GA,strong_noise,267,98.37777777777778,3.069231429064426,0,0.0,-0.8043805399675009,1.017986206100524,116,1531.1368900201924
gebco_cascadia_margin_moderate,GEBCO Cascadia Margin,Full Geometry-Aware Hybrid GA,strong_noise,268,97.66666666666667,2.401005726935997,1,0.0,-1.3031552356766465,0.9925298622298869,116,1531.1368900201924
gebco_cascadia_margin_moderate,GEBCO Cascadia Margin,Full Geometry-Aware Hybrid GA,strong_noise,269,95.72222222222221,1.6934322978315746,0,0.0,0.08705069709787824,0.9398448599340664,116,1531.1368900201924
gebco_cascadia_margin_moderate,GEBCO Cascadia Margin,Full Geometry-Aware Hybrid GA,strong_noise,270,95.31666666666668,1.6139657877121893,0,0.0,-0.681635005632645,0.9247155429006049,116,1531.1368900201924
gebco_cascadia_margin_moderate,GEBCO Cascadia Margin,Full Geometry-Aware Hybrid GA,strong_noise,271,98.70555555555556,3.548157296710739,0,0.0,-0.3167403191632712,1.0345303978536142,116,1531.1368900201924
gebco_cascadia_margin_moderate,GEBCO Cascadia Margin,Full Geometry-Aware Hybrid GA,strong_noise,272,97.95,2.813826204756488,1,0.0,-0.81514523253118,1.009340391723664,116,1531.1368900201924
gebco_cascadia_margin_moderate,GEBCO Cascadia Margin,Full Geometry-Aware Hybrid GA,strong_noise,273,97.00555555555556,3.14708318635653,0,0.0,-2.964931986328898,1.021483821375653,116,1531.1368900201924
gebco_cascadia_margin_moderate,GEBCO Cascadia Margin,Full Geometry-Aware Hybrid GA,strong_noise,274,98.53888888888889,4.35779181630996,0,0.0,-0.38092927892900186,1.0611853315557473,116,1531.1368900201924
gebco_cascadia_margin_moderate,GEBCO Cascadia Margin,Full Geometry-Aware Hybrid GA,strong_noise,275,96.74444444444444,1.9625850559869025,0,0.0,-1.4229768678425134,0.9936142489934541,116,1531.1368900201924
gebco_cascadia_margin_moderate,GEBCO Cascadia Margin,Full Geometry-Aware Hybrid GA,strong_noise,276,96.50555555555556,2.1820485733480663,0,0.0,-0.4505058931346017,0.946711643508147,116,1531.1368900201924
gebco_cascadia_margin_moderate,GEBCO Cascadia Margin,Full Geometry-Aware Hybrid GA,strong_noise,277,96.98333333333333,0.9293875338298636,0,0.0,0.3414495601308436,0.9413490083679267,116,1531.1368900201924
gebco_cascadia_margin_moderate,GEBCO Cascadia Margin,Full Geometry-Aware Hybrid GA,strong_noise,278,98.98333333333333,5.055357420465561,0,0.0,0.9976452108379916,1.0938038790566964,116,1531.1368900201924
gebco_cascadia_margin_moderate,GEBCO Cascadia Margin,Full Geometry-Aware Hybrid GA,strong_noise,279,97.78888888888889,2.4335245488099453,1,0.0,0.26145768140853126,0.9987166253485963,116,1531.1368900201924
gebco_cascadia_margin_moderate,GEBCO Cascadia Margin,Full Geometry-Aware Hybrid GA,strong_noise,280,97.20555555555556,2.075686396627909,1,0.0,-0.3531636665272892,0.9631267947978346,116,1531.1368900201924
gebco_cascadia_margin_moderate,GEBCO Cascadia Margin,Full Geometry-Aware Hybrid GA,strong_noise,281,98.61666666666666,5.834504167718013,0,0.0,-0.6384918109286065,1.0860444042895774,116,1531.1368900201924
gebco_cascadia_margin_moderate,GEBCO Cascadia Margin,Full Geometry-Aware Hybrid GA,strong_noise,282,97.99444444444444,3.803202408585046,0,0.0,-0.7672445142434895,1.0293125170580908,116,1531.1368900201924
gebco_cascadia_margin_moderate,GEBCO Cascadia Margin,Full Geometry-Aware Hybrid GA,strong_noise,283,99.09444444444443,4.265444171617368,0,0.0,-0.34984411385046105,1.0816973309775815,116,1531.1368900201924
gebco_cascadia_margin_moderate,GEBCO Cascadia Margin,Full Geometry-Aware Hybrid GA,strong_noise,284,96.38888888888889,3.075656788603078,0,0.0,-2.178703966677233,1.0059228221582277,116,1531.1368900201924
gebco_cascadia_margin_moderate,GEBCO Cascadia Margin,Full Geometry-Aware Hybrid GA,strong_noise,285,97.10555555555555,1.8436231584515368,1,0.0,0.2841383830479606,0.9661442244891761,116,1531.1368900201924
gebco_cascadia_margin_moderate,GEBCO Cascadia Margin,Full Geometry-Aware Hybrid GA,strong_noise,286,96.91111111111111,1.6567989123734301,0,0.0,0.4218912554445152,0.9655257616453199,116,1531.1368900201924
gebco_cascadia_margin_moderate,GEBCO Cascadia Margin,Full Geometry-Aware Hybrid GA,strong_noise,287,97.81111111111112,2.696528916748846,1,0.0,0.10040113000527952,0.9948658126998504,116,1531.1368900201924
gebco_cascadia_margin_moderate,GEBCO Cascadia Margin,Full Geometry-Aware Hybrid GA,strong_noise,288,97.12777777777778,1.7494104666307821,1,0.0,-0.9539417257535782,0.9586860811751584,116,1531.1368900201924
gebco_cascadia_margin_moderate,GEBCO Cascadia Margin,Full Geometry-Aware Hybrid GA,strong_noise,289,98.97777777777777,4.1427566730883925,0,0.0,0.300185025619071,1.071812233828987,116,1531.1368900201924
gebco_cascadia_margin_moderate,GEBCO Cascadia Margin,Full Geometry-Aware Hybrid GA,strong_noise,290,96.45,2.071972743961656,0,0.0,2.6672763724853317,0.9701385385959292,116,1531.1368900201924
gebco_cascadia_margin_moderate,GEBCO Cascadia Margin,Full Geometry-Aware Hybrid GA,strong_noise,291,96.01111111111112,1.8416562929522047,0,0.0,0.978054433935114,0.9332543589494844,116,1531.1368900201924
gebco_cascadia_margin_moderate,GEBCO Cascadia Margin,Full Geometry-Aware Hybrid GA,strong_noise,292,97.73333333333333,1.764180977068306,1,0.0,-0.370261102592928,0.9736983373659681,116,1531.1368900201924
gebco_cascadia_margin_moderate,GEBCO Cascadia Margin,Full Geometry-Aware Hybrid GA,strong_noise,293,98.90555555555555,7.573767613960032,0,0.0,-1.2353753599939399,1.1487331244149062,116,1531.1368900201924
gebco_cascadia_margin_moderate,GEBCO Cascadia Margin,Full Geometry-Aware Hybrid GA,strong_noise,294,97.67777777777778,2.234487860830867,1,0.0,0.5957176991738784,0.997793486318381,116,1531.1368900201924
gebco_cascadia_margin_moderate,GEBCO Cascadia Margin,Full Geometry-Aware Hybrid GA,strong_noise,295,96.93333333333334,1.886244928956111,0,0.0,0.27271926174656697,0.965426989470346,116,1531.1368900201924
gebco_cascadia_margin_moderate,GEBCO Cascadia Margin,Full Geometry-Aware Hybrid GA,strong_noise,296,98.72777777777777,3.351820264259299,0,0.0,0.9674554853014564,1.0477193651485561,116,1531.1368900201924
gebco_cascadia_margin_moderate,GEBCO Cascadia Margin,Full Geometry-Aware Hybrid GA,strong_noise,297,93.55,0.6335415149673949,0,0.0,0.8889349754598644,0.8731571665653245,116,1531.1368900201924
gebco_cascadia_margin_moderate,GEBCO Cascadia Margin,Full Geometry-Aware Hybrid GA,strong_noise,298,97.87222222222223,2.586865123219001,1,0.0,-0.5756803518008555,0.9961881647000703,116,1531.1368900201924
gebco_cascadia_margin_moderate,GEBCO Cascadia Margin,Full Geometry-Aware Hybrid GA,strong_noise,299,98.1888888888889,2.096351207082387,1,0.0,-0.1173951908912443,0.9874601728196227,116,1531.1368900201924
gebco_monterey_canyon_complex,GEBCO Monterey Canyon,Fixed-Spacing,nominal,0,99.33333333333333,0.8148148148148147,1,0.0,0.0,1.0,73,1530.0
gebco_monterey_canyon_complex,GEBCO Monterey Canyon,Fixed-Spacing,moderate_noise,0,99.16666666666667,1.9804725372633103,1,0.0,-0.5832776026913248,1.0214898322181247,73,1530.0
gebco_monterey_canyon_complex,GEBCO Monterey Canyon,Fixed-Spacing,moderate_noise,1,99.33333333333333,1.7609016925664838,1,0.0,0.2826580849733653,1.0133910399926467,73,1530.0
gebco_monterey_canyon_complex,GEBCO Monterey Canyon,Fixed-Spacing,moderate_noise,2,99.2611111111111,0.9504667342813194,1,0.0,-0.48986268690746204,0.9703185192318072,73,1530.0
gebco_monterey_canyon_complex,GEBCO Monterey Canyon,Fixed-Spacing,moderate_noise,3,99.16666666666667,1.2534737632645432,1,0.0,0.04198306185273212,0.9944637650227451,73,1530.0
gebco_monterey_canyon_complex,GEBCO Monterey Canyon,Fixed-Spacing,moderate_noise,4,99.06111111111112,1.216904503533905,1,0.0,0.0565955536700658,0.9665152462495505,73,1530.0
gebco_monterey_canyon_complex,GEBCO Monterey Canyon,Fixed-Spacing,moderate_noise,5,98.94444444444444,1.5669418322078577,1,0.0,0.80435619798312,0.9913070335831905,73,1530.0
gebco_monterey_canyon_complex,GEBCO Monterey Canyon,Fixed-Spacing,moderate_noise,6,99.28333333333333,1.8557801903007862,1,0.0,0.2665145684610514,1.003442364366121,73,1530.0
gebco_monterey_canyon_complex,GEBCO Monterey Canyon,Fixed-Spacing,moderate_noise,7,98.91111111111111,2.579388868105829,1,0.0,0.04604660986979021,1.0401376568769463,73,1530.0
gebco_monterey_canyon_complex,GEBCO Monterey Canyon,Fixed-Spacing,moderate_noise,8,98.77222222222221,0.8014780571215976,1,0.0,0.6230953223701065,0.9436926017303526,73,1530.0
gebco_monterey_canyon_complex,GEBCO Monterey Canyon,Fixed-Spacing,moderate_noise,9,98.65555555555555,1.047676140051742,1,0.0,-1.1075833764694567,0.9662251094873485,73,1530.0
gebco_monterey_canyon_complex,GEBCO Monterey Canyon,Fixed-Spacing,moderate_noise,10,99.34444444444445,1.3717612588185992,1,0.0,-0.07743848947453304,0.9980069798889643,73,1530.0
gebco_monterey_canyon_complex,GEBCO Monterey Canyon,Fixed-Spacing,moderate_noise,11,99.01111111111112,1.1204099503670772,1,0.0,0.16007824069704468,0.9491400677572894,73,1530.0
gebco_monterey_canyon_complex,GEBCO Monterey Canyon,Fixed-Spacing,moderate_noise,12,99.11111111111111,1.4882128355602544,1,0.0,0.2079543812629269,0.9783201797241354,73,1530.0
gebco_monterey_canyon_complex,GEBCO Monterey Canyon,Fixed-Spacing,moderate_noise,13,99.33333333333333,1.4929574616499375,1,0.0,-0.06282322668779824,1.006645787780171,73,1530.0
gebco_monterey_canyon_complex,GEBCO Monterey Canyon,Fixed-Spacing,moderate_noise,14,99.37222222222222,2.1524409174873065,1,0.0,0.5227523920122125,1.035550658332803,73,1530.0
gebco_monterey_canyon_complex,GEBCO Monterey Canyon,Fixed-Spacing,moderate_noise,15,99.16111111111111,1.5461629530792627,1,0.0,0.8457747686881649,1.015645828978397,73,1530.0
gebco_monterey_canyon_complex,GEBCO Monterey Canyon,Fixed-Spacing,moderate_noise,16,99.33333333333333,0.8777123343072085,1,0.0,-0.006250130642285679,0.9816568029568492,73,1530.0
gebco_monterey_canyon_complex,GEBCO Monterey Canyon,Fixed-Spacing,moderate_noise,17,99.30555555555556,0.9856139759189346,1,0.0,0.06168549904962299,0.9753239106798002,73,1530.0
gebco_monterey_canyon_complex,GEBCO Monterey Canyon,Fixed-Spacing,moderate_noise,18,99.04444444444445,1.891824507744805,1,0.0,0.8145276971989329,1.0328552145108407,73,1530.0
gebco_monterey_canyon_complex,GEBCO Monterey Canyon,Fixed-Spacing,moderate_noise,19,98.86111111111111,0.9222536394097737,1,0.0,0.7461437571466816,0.9647839030899467,73,1530.0
gebco_monterey_canyon_complex,GEBCO Monterey Canyon,Fixed-Spacing,moderate_noise,20,98.91111111111111,2.653346880098594,1,0.0,-0.14590532461140104,1.0387873966319785,73,1530.0
gebco_monterey_canyon_complex,GEBCO Monterey Canyon,Fixed-Spacing,moderate_noise,21,99.54444444444445,1.2896683439146714,1,0.0,0.4581698265962727,1.0074845541268398,73,1530.0
gebco_monterey_canyon_complex,GEBCO Monterey Canyon,Fixed-Spacing,moderate_noise,22,98.56111111111112,0.7026698221158882,1,0.0,1.355241639736124,0.9615766529965379,73,1530.0
gebco_monterey_canyon_complex,GEBCO Monterey Canyon,Fixed-Spacing,moderate_noise,23,99.41666666666666,2.6130944983443185,1,0.0,0.501192827602285,1.0389053434976123,73,1530.0
gebco_monterey_canyon_complex,GEBCO Monterey Canyon,Fixed-Spacing,moderate_noise,24,98.37222222222223,0.6988654646844531,1,0.0,-0.1223466839797161,0.9349380238198689,73,1530.0
gebco_monterey_canyon_complex,GEBCO Monterey Canyon,Fixed-Spacing,moderate_noise,25,99.25,1.6635651878757687,1,0.0,-0.32243536055995403,1.0166282250727046,73,1530.0
gebco_monterey_canyon_complex,GEBCO Monterey Canyon,Fixed-Spacing,moderate_noise,26,99.24444444444444,1.3146654939523352,1,0.0,-0.48522383443925216,0.9725901542526983,73,1530.0
gebco_monterey_canyon_complex,GEBCO Monterey Canyon,Fixed-Spacing,moderate_noise,27,98.9,0.8193580564311991,1,0.0,-1.2094694735226836,0.974085566908506,73,1530.0
gebco_monterey_canyon_complex,GEBCO Monterey Canyon,Fixed-Spacing,moderate_noise,28,98.96666666666667,2.08961892173505,1,0.0,-0.8652728931658689,1.02296724618058,73,1530.0
gebco_monterey_canyon_complex,GEBCO Monterey Canyon,Fixed-Spacing,moderate_noise,29,99.15,1.2610242236891325,1,0.0,0.6496622427551039,1.0046997191499318,73,1530.0
gebco_monterey_canyon_complex,GEBCO Monterey Canyon,Fixed-Spacing,moderate_noise,30,99.33333333333333,1.8880942882006448,1,0.0,-0.262503548790746,1.0266344608288247,73,1530.0
gebco_monterey_canyon_complex,GEBCO Monterey Canyon,Fixed-Spacing,moderate_noise,31,99.36111111111111,1.8350774424038925,1,0.0,-0.23623590464387298,1.0292154060714886,73,1530.0
gebco_monterey_canyon_complex,GEBCO Monterey Canyon,Fixed-Spacing,moderate_noise,32,99.18333333333334,1.8560430077448606,1,0.0,0.5168281924907281,1.0274222181018264,73,1530.0
gebco_monterey_canyon_complex,GEBCO Monterey Canyon,Fixed-Spacing,moderate_noise,33,99.08888888888889,1.5437028937801496,1,0.0,0.7347016559679215,0.9967208452276931,73,1530.0
gebco_monterey_canyon_complex,GEBCO Monterey Canyon,Fixed-Spacing,moderate_noise,34,99.22222222222223,2.821638611414718,1,0.0,-0.20551436021173813,1.0645176358710788,73,1530.0
gebco_monterey_canyon_complex,GEBCO Monterey Canyon,Fixed-Spacing,moderate_noise,35,98.82222222222222,1.3615491253288683,1,0.0,1.0997837686438547,1.0155037606461137,73,1530.0
gebco_monterey_canyon_complex,GEBCO Monterey Canyon,Fixed-Spacing,moderate_noise,36,98.84444444444445,1.1519647064077119,1,0.0,-0.945066381789748,0.9946299289071118,73,1530.0
gebco_monterey_canyon_complex,GEBCO Monterey Canyon,Fixed-Spacing,moderate_noise,37,98.96111111111111,1.2296376109796285,1,0.0,-0.1790641105061469,0.9831791354610231,73,1530.0
gebco_monterey_canyon_complex,GEBCO Monterey Canyon,Fixed-Spacing,moderate_noise,38,99.18333333333334,1.698739679269396,1,0.0,-0.4661664790235814,1.0108286562451911,73,1530.0
gebco_monterey_canyon_complex,GEBCO Monterey Canyon,Fixed-Spacing,moderate_noise,39,99.21111111111112,3.375695642411679,0,0.0,-0.47193555150168487,1.051940821457262,73,1530.0
gebco_monterey_canyon_complex,GEBCO Monterey Canyon,Fixed-Spacing,moderate_noise,40,99.02222222222223,0.8264377776953984,1,0.0,-0.1614418600862472,0.9709417366125846,73,1530.0
gebco_monterey_canyon_complex,GEBCO Monterey Canyon,Fixed-Spacing,moderate_noise,41,99.33888888888889,1.649456815402403,1,0.0,-0.4208946357267501,1.01467574134156,73,1530.0
gebco_monterey_canyon_complex,GEBCO Monterey Canyon,Fixed-Spacing,moderate_noise,42,99.06111111111112,0.8996932641812576,1,0.0,-0.016925306131396107,0.9596722115275697,73,1530.0
gebco_monterey_canyon_complex,GEBCO Monterey Canyon,Fixed-Spacing,moderate_noise,43,99.12222222222222,1.6950386345400716,1,0.0,-0.6478474744250642,1.0220189648943176,73,1530.0
gebco_monterey_canyon_complex,GEBCO Monterey Canyon,Fixed-Spacing,moderate_noise,44,98.86666666666667,0.9056569239185436,1,0.0,-0.19387693232669406,0.9582026644314333,73,1530.0
gebco_monterey_canyon_complex,GEBCO Monterey Canyon,Fixed-Spacing,moderate_noise,45,99.2,1.4930470035610333,1,0.0,-0.2449096072794248,1.0064518959679056,73,1530.0
gebco_monterey_canyon_complex,GEBCO Monterey Canyon,Fixed-Spacing,moderate_noise,46,99.16666666666667,1.4464379925307322,1,0.0,0.33833049760568906,0.9992042175429064,73,1530.0
gebco_monterey_canyon_complex,GEBCO Monterey Canyon,Fixed-Spacing,moderate_noise,47,99.32777777777778,1.3107520600993696,1,0.0,-0.3839369967269067,0.9877129135899798,73,1530.0
gebco_monterey_canyon_complex,GEBCO Monterey Canyon,Fixed-Spacing,moderate_noise,48,99.01111111111112,0.9243762520571545,1,0.0,0.6924254232123657,0.977494269528445,73,1530.0
gebco_monterey_canyon_complex,GEBCO Monterey Canyon,Fixed-Spacing,moderate_noise,49,99.96111111111111,1.6070680997530602,1,0.0,0.02535893213400788,1.0225214752016125,73,1530.0
gebco_monterey_canyon_complex,GEBCO Monterey Canyon,Fixed-Spacing,moderate_noise,50,98.90555555555555,1.6907807809697124,1,0.0,-0.04091561123047294,0.9909778120705266,73,1530.0
gebco_monterey_canyon_complex,GEBCO Monterey Canyon,Fixed-Spacing,moderate_noise,51,99.09444444444443,1.7934548558757326,1,0.0,-0.7976421662340486,1.0142568933962177,73,1530.0
gebco_monterey_canyon_complex,GEBCO Monterey Canyon,Fixed-Spacing,moderate_noise,52,99.33333333333333,1.6960579025459779,1,0.0,0.1584951675915533,1.020041896130795,73,1530.0
gebco_monterey_canyon_complex,GEBCO Monterey Canyon,Fixed-Spacing,moderate_noise,53,99.33888888888889,1.4776207221263733,1,0.0,0.6083270857744657,1.016836059093452,73,1530.0
gebco_monterey_canyon_complex,GEBCO Monterey Canyon,Fixed-Spacing,moderate_noise,54,99.32222222222222,2.291511948877495,1,0.0,-0.8139894518066311,1.042405969000076,73,1530.0
gebco_monterey_canyon_complex,GEBCO Monterey Canyon,Fixed-Spacing,moderate_noise,55,99.13888888888889,1.5344516979480014,1,0.0,-0.46330881711900573,0.9921650789370939,73,1530.0
gebco_monterey_canyon_complex,GEBCO Monterey Canyon,Fixed-Spacing,moderate_noise,56,99.60555555555555,1.7824574273469755,1,0.0,-0.35479438950254527,1.03238473798085,73,1530.0
gebco_monterey_canyon_complex,GEBCO Monterey Canyon,Fixed-Spacing,moderate_noise,57,99.37222222222222,1.5429479244977884,1,0.0,-0.5731868307206617,1.011250856122421,73,1530.0
gebco_monterey_canyon_complex,GEBCO Monterey Canyon,Fixed-Spacing,moderate_noise,58,99.33333333333333,1.061108456036623,1,0.0,0.1162722947467674,0.9771492052938413,73,1530.0
gebco_monterey_canyon_complex,GEBCO Monterey Canyon,Fixed-Spacing,moderate_noise,59,99.33333333333333,2.088056922109684,1,0.0,0.4570304554017939,1.0263931196860507,73,1530.0
gebco_monterey_canyon_complex,GEBCO Monterey Canyon,Fixed-Spacing,moderate_noise,60,99.23333333333333,0.6995669332214992,1,0.0,0.24636447061737715,0.9594337166154927,73,1530.0
gebco_monterey_canyon_complex,GEBCO Monterey Canyon,Fixed-Spacing,moderate_noise,61,98.9888888888889,1.2091952525463283,1,0.0,0.7377556882961179,0.9933922293933819,73,1530.0
gebco_monterey_canyon_complex,GEBCO Monterey Canyon,Fixed-Spacing,moderate_noise,62,98.78888888888889,1.5375711429607597,1,0.0,-0.04290043353574259,0.9816246828887175,73,1530.0
gebco_monterey_canyon_complex,GEBCO Monterey Canyon,Fixed-Spacing,moderate_noise,63,99.01111111111112,0.6504947898714745,1,0.0,0.7519787939846025,0.9663840499281628,73,1530.0
gebco_monterey_canyon_complex,GEBCO Monterey Canyon,Fixed-Spacing,moderate_noise,64,99.33333333333333,1.2473977703275976,1,0.0,0.2814929851307268,1.0177525310334257,73,1530.0
gebco_monterey_canyon_complex,GEBCO Monterey Canyon,Fixed-Spacing,moderate_noise,65,99.24444444444444,1.3116802227618658,1,0.0,0.15576433697648495,0.9981352432586273,73,1530.0
gebco_monterey_canyon_complex,GEBCO Monterey Canyon,Fixed-Spacing,moderate_noise,66,99.37222222222222,1.5110996138095578,1,0.0,-0.42453755995392106,0.9842143070973697,73,1530.0
gebco_monterey_canyon_complex,GEBCO Monterey Canyon,Fixed-Spacing,moderate_noise,67,99.35555555555555,1.9925497314793974,1,0.0,-0.43266220199258915,1.0394319771989606,73,1530.0
gebco_monterey_canyon_complex,GEBCO Monterey Canyon,Fixed-Spacing,moderate_noise,68,99.28333333333333,1.4525526394885904,1,0.0,-0.22020544841457923,0.9990027068623855,73,1530.0
gebco_monterey_canyon_complex,GEBCO Monterey Canyon,Fixed-Spacing,moderate_noise,69,99.13888888888889,2.62570157104252,1,0.0,-0.8250939747585851,1.0632104541481897,73,1530.0
gebco_monterey_canyon_complex,GEBCO Monterey Canyon,Fixed-Spacing,moderate_noise,70,99.00555555555556,1.309478542294979,1,0.0,0.004522863965902425,0.9545965443725946,73,1530.0
gebco_monterey_canyon_complex,GEBCO Monterey Canyon,Fixed-Spacing,moderate_noise,71,98.99444444444444,1.9796006686012082,1,0.0,-0.07468464798528776,0.9972385731251584,73,1530.0
gebco_monterey_canyon_complex,GEBCO Monterey Canyon,Fixed-Spacing,moderate_noise,72,99.16111111111111,1.2525231580524665,1,0.0,0.31674726484095833,0.9738098394682391,73,1530.0
gebco_monterey_canyon_complex,GEBCO Monterey Canyon,Fixed-Spacing,moderate_noise,73,98.96111111111111,1.297133566167505,1,0.0,-1.103695062832573,0.9740278485032259,73,1530.0
gebco_monterey_canyon_complex,GEBCO Monterey Canyon,Fixed-Spacing,moderate_noise,74,98.6888888888889,0.7341495470507828,1,0.0,0.9167728050357156,0.9596940029361216,73,1530.0
gebco_monterey_canyon_complex,GEBCO Monterey Canyon,Fixed-Spacing,moderate_noise,75,99.45555555555555,1.1200312181473293,1,0.0,0.17339746158680708,0.9955399496940573,73,1530.0
gebco_monterey_canyon_complex,GEBCO Monterey Canyon,Fixed-Spacing,moderate_noise,76,99.06666666666666,1.3514012756088145,1,0.0,-0.6535105328798947,0.9783364628823361,73,1530.0
gebco_monterey_canyon_complex,GEBCO Monterey Canyon,Fixed-Spacing,moderate_noise,77,99.12222222222222,0.9863931178103711,1,0.0,0.7195491329689064,0.9719299677887407,73,1530.0
gebco_monterey_canyon_complex,GEBCO Monterey Canyon,Fixed-Spacing,moderate_noise,78,99.25555555555555,2.441564301505422,1,0.0,-0.282265857888119,1.0402244934118667,73,1530.0
gebco_monterey_canyon_complex,GEBCO Monterey Canyon,Fixed-Spacing,moderate_noise,79,98.99444444444444,1.0292325085104455,1,0.0,-0.9747894984030302,0.9862879655181801,73,1530.0
gebco_monterey_canyon_complex,GEBCO Monterey Canyon,Fixed-Spacing,moderate_noise,80,99.55000000000001,0.6589643075488653,1,0.0,0.05038376964190682,0.9700413483259883,73,1530.0
gebco_monterey_canyon_complex,GEBCO Monterey Canyon,Fixed-Spacing,moderate_noise,81,99.33333333333333,1.207226587967391,1,0.0,0.03959004954525327,0.9852985909847264,73,1530.0
gebco_monterey_canyon_complex,GEBCO Monterey Canyon,Fixed-Spacing,moderate_noise,82,98.69444444444444,1.7007434697562582,1,0.0,-1.0541481906336796,0.9892407951155117,73,1530.0
gebco_monterey_canyon_complex,GEBCO Monterey Canyon,Fixed-Spacing,moderate_noise,83,98.92222222222222,1.6090838087597723,1,0.0,-0.1345009530238108,1.0021166920519142,73,1530.0
gebco_monterey_canyon_complex,GEBCO Monterey Canyon,Fixed-Spacing,moderate_noise,84,98.68333333333334,0.6918993564152336,1,0.0,-0.0246116992228259,0.9428310525046522,73,1530.0
gebco_monterey_canyon_complex,GEBCO Monterey Canyon,Fixed-Spacing,moderate_noise,85,99.33333333333333,2.5822321723324637,1,0.0,0.09116037405729263,1.0374535868749817,73,1530.0
gebco_monterey_canyon_complex,GEBCO Monterey Canyon,Fixed-Spacing,moderate_noise,86,99.04444444444445,2.472077979863356,1,0.0,-0.9824999033438276,1.0309498972470013,73,1530.0
gebco_monterey_canyon_complex,GEBCO Monterey Canyon,Fixed-Spacing,moderate_noise,87,99.02777777777779,0.7537950779080644,1,0.0,0.3726586240428316,0.9349029120570446,73,1530.0
gebco_monterey_canyon_complex,GEBCO Monterey Canyon,Fixed-Spacing,moderate_noise,88,99.2,2.556019850452344,1,0.0,-0.3027966259518453,1.0247383657408515,73,1530.0
gebco_monterey_canyon_complex,GEBCO Monterey Canyon,Fixed-Spacing,moderate_noise,89,99.49444444444444,1.9827684811106556,1,0.0,0.3094740298868071,1.0143464640979867,73,1530.0
gebco_monterey_canyon_complex,GEBCO Monterey Canyon,Fixed-Spacing,moderate_noise,90,99.33333333333333,2.354816076012066,1,0.0,0.3656794149746697,1.0386498156902995,73,1530.0
gebco_monterey_canyon_complex,GEBCO Monterey Canyon,Fixed-Spacing,moderate_noise,91,99.22222222222223,1.0586724036299469,1,0.0,-0.31274305362132965,0.9933612055200096,73,1530.0
gebco_monterey_canyon_complex,GEBCO Monterey Canyon,Fixed-Spacing,moderate_noise,92,99.37222222222222,1.5052310348071956,1,0.0,0.2016720988753983,1.0147968786965025,73,1530.0
gebco_monterey_canyon_complex,GEBCO Monterey Canyon,Fixed-Spacing,moderate_noise,93,99.23333333333333,1.5506367064352173,1,0.0,0.6496108751611253,1.0215972438085812,73,1530.0
gebco_monterey_canyon_complex,GEBCO Monterey Canyon,Fixed-Spacing,moderate_noise,94,99.0,1.8528342108816356,1,0.0,-0.729988373127803,0.9938673942988818,73,1530.0
gebco_monterey_canyon_complex,GEBCO Monterey Canyon,Fixed-Spacing,moderate_noise,95,99.21666666666667,1.5583888629415896,1,0.0,0.18488088166183717,0.9898804016609597,73,1530.0
gebco_monterey_canyon_complex,GEBCO Monterey Canyon,Fixed-Spacing,moderate_noise,96,99.17777777777778,0.8433371610191102,1,0.0,0.17771908357098432,0.9802962015857164,73,1530.0
gebco_monterey_canyon_complex,GEBCO Monterey Canyon,Fixed-Spacing,moderate_noise,97,98.90555555555555,0.9610975379969298,1,0.0,-0.43855837308964146,0.9404209651377361,73,1530.0
gebco_monterey_canyon_complex,GEBCO Monterey Canyon,Fixed-Spacing,moderate_noise,98,99.33333333333333,1.3932937756722483,1,0.0,0.008391362615286991,0.9873879167884538,73,1530.0
gebco_monterey_canyon_complex,GEBCO Monterey Canyon,Fixed-Spacing,moderate_noise,99,99.35000000000001,2.075365781275579,1,0.0,-0.6704933917478119,1.0333657064922126,73,1530.0
gebco_monterey_canyon_complex,GEBCO Monterey Canyon,Fixed-Spacing,moderate_noise,100,98.77777777777777,1.6195840733717979,1,0.0,-0.11399351826489666,0.9842112961070021,73,1530.0
gebco_monterey_canyon_complex,GEBCO Monterey Canyon,Fixed-Spacing,moderate_noise,101,99.34444444444445,1.3227946386847087,1,0.0,0.033144309751124104,1.0133979125729524,73,1530.0
gebco_monterey_canyon_complex,GEBCO Monterey Canyon,Fixed-Spacing,moderate_noise,102,99.2388888888889,1.0148447720425264,1,0.0,-0.598293586317846,0.9939913030243244,73,1530.0
gebco_monterey_canyon_complex,GEBCO Monterey Canyon,Fixed-Spacing,moderate_noise,103,99.57777777777778,0.9651475073380692,1,0.0,0.14205371381328338,0.9799384445662114,73,1530.0
gebco_monterey_canyon_complex,GEBCO Monterey Canyon,Fixed-Spacing,moderate_noise,104,99.33333333333333,1.0676769964580473,1,0.0,0.3351265221257375,0.9901478694026206,73,1530.0
gebco_monterey_canyon_complex,GEBCO Monterey Canyon,Fixed-Spacing,moderate_noise,105,99.95,1.2281124905573855,1,0.0,-0.1388342252061496,1.002842915217179,73,1530.0
gebco_monterey_canyon_complex,GEBCO Monterey Canyon,Fixed-Spacing,moderate_noise,106,98.85555555555555,1.680690950369057,1,0.0,-0.9296718576265397,0.9768154340378904,73,1530.0
gebco_monterey_canyon_complex,GEBCO Monterey Canyon,Fixed-Spacing,moderate_noise,107,98.98333333333333,1.593386187561686,1,0.0,-0.8815954254811477,1.0052079786149022,73,1530.0
gebco_monterey_canyon_complex,GEBCO Monterey Canyon,Fixed-Spacing,moderate_noise,108,98.91666666666666,0.835210769654435,1,0.0,0.6972427597506068,0.9499615391465848,73,1530.0
gebco_monterey_canyon_complex,GEBCO Monterey Canyon,Fixed-Spacing,moderate_noise,109,99.37777777777778,2.287854996335677,1,0.0,-0.3541700209965304,1.0399548011195052,73,1530.0
gebco_monterey_canyon_complex,GEBCO Monterey Canyon,Fixed-Spacing,moderate_noise,110,98.73333333333333,2.119396727671382,1,0.0,1.3780370260834365,1.0437934594741778,73,1530.0
gebco_monterey_canyon_complex,GEBCO Monterey Canyon,Fixed-Spacing,moderate_noise,111,99.03888888888889,1.1708288609675328,1,0.0,0.5063181196107585,0.9977479024250824,73,1530.0
gebco_monterey_canyon_complex,GEBCO Monterey Canyon,Fixed-Spacing,moderate_noise,112,99.08888888888889,1.0470259741718526,1,0.0,-0.20862717906164263,0.9701048858719519,73,1530.0
gebco_monterey_canyon_complex,GEBCO Monterey Canyon,Fixed-Spacing,moderate_noise,113,98.94444444444444,2.921845680025537,1,0.0,0.964708410059165,1.0723405258898575,73,1530.0
gebco_monterey_canyon_complex,GEBCO Monterey Canyon,Fixed-Spacing,moderate_noise,114,99.33333333333333,2.984299908060699,1,0.0,0.2837771757832976,1.0724879704571222,73,1530.0
gebco_monterey_canyon_complex,GEBCO Monterey Canyon,Fixed-Spacing,moderate_noise,115,99.37777777777778,1.1416504442659814,1,0.0,0.12253765218703097,1.0000003055222015,73,1530.0
gebco_monterey_canyon_complex,GEBCO Monterey Canyon,Fixed-Spacing,moderate_noise,116,99.05555555555556,1.1765084964009538,1,0.0,-0.6181536230168094,0.9854039691888167,73,1530.0
gebco_monterey_canyon_complex,GEBCO Monterey Canyon,Fixed-Spacing,moderate_noise,117,98.95555555555555,2.4239413790989928,1,0.0,-0.898512710031642,1.0262741919485103,73,1530.0
gebco_monterey_canyon_complex,GEBCO Monterey Canyon,Fixed-Spacing,moderate_noise,118,99.19444444444444,1.4902443521655007,1,0.0,-0.5193074651603861,1.0147268062180173,73,1530.0
gebco_monterey_canyon_complex,GEBCO Monterey Canyon,Fixed-Spacing,moderate_noise,119,99.07777777777778,0.5855699861491558,1,0.0,-0.12088707454332275,0.9459898657723941,73,1530.0
gebco_monterey_canyon_complex,GEBCO Monterey Canyon,Fixed-Spacing,moderate_noise,120,99.31666666666666,1.4337115922072083,1,0.0,-0.5717004817440646,1.0012227508672042,73,1530.0
gebco_monterey_canyon_complex,GEBCO Monterey Canyon,Fixed-Spacing,moderate_noise,121,99.33333333333333,1.879904139655238,1,0.0,-0.30992223220793513,1.0114684724400251,73,1530.0
gebco_monterey_canyon_complex,GEBCO Monterey Canyon,Fixed-Spacing,moderate_noise,122,99.61666666666666,0.9738338151437727,1,0.0,0.1293682373151719,0.9932553373205635,73,1530.0
gebco_monterey_canyon_complex,GEBCO Monterey Canyon,Fixed-Spacing,moderate_noise,123,99.34444444444445,1.8731997376272533,1,0.0,0.26066486501475156,1.00806334883962,73,1530.0
gebco_monterey_canyon_complex,GEBCO Monterey Canyon,Fixed-Spacing,moderate_noise,124,99.33333333333333,2.3494869522045394,1,0.0,0.3395391491167371,1.041828257166362,73,1530.0
gebco_monterey_canyon_complex,GEBCO Monterey Canyon,Fixed-Spacing,moderate_noise,125,99.12777777777778,0.9418551758767739,1,0.0,-0.4017044441738567,0.941785480939141,73,1530.0
gebco_monterey_canyon_complex,GEBCO Monterey Canyon,Fixed-Spacing,moderate_noise,126,99.33333333333333,2.035934153760623,1,0.0,-0.09353645827570924,1.0270789755535021,73,1530.0
gebco_monterey_canyon_complex,GEBCO Monterey Canyon,Fixed-Spacing,moderate_noise,127,99.00555555555556,1.2330078211294409,1,0.0,0.6917325324707987,0.9941350888896764,73,1530.0
gebco_monterey_canyon_complex,GEBCO Monterey Canyon,Fixed-Spacing,moderate_noise,128,99.22222222222223,1.2589821671923367,1,0.0,-0.2307385941290602,0.9887069595045557,73,1530.0
gebco_monterey_canyon_complex,GEBCO Monterey Canyon,Fixed-Spacing,moderate_noise,129,98.85555555555555,0.8215992082876021,1,0.0,-0.10608017028755139,0.9723830098065348,73,1530.0
gebco_monterey_canyon_complex,GEBCO Monterey Canyon,Fixed-Spacing,moderate_noise,130,99.43333333333332,1.4034251285908563,1,0.0,-0.4725377238342162,1.0188265549412454,73,1530.0
gebco_monterey_canyon_complex,GEBCO Monterey Canyon,Fixed-Spacing,moderate_noise,131,99.07777777777778,1.2899790254421437,1,0.0,0.47998430538453823,0.9852550461819161,73,1530.0
gebco_monterey_canyon_complex,GEBCO Monterey Canyon,Fixed-Spacing,moderate_noise,132,99.19444444444444,2.18924417303959,1,0.0,-0.5778405291865826,1.0116161273282045,73,1530.0
gebco_monterey_canyon_complex,GEBCO Monterey Canyon,Fixed-Spacing,moderate_noise,133,99.13888888888889,1.2828239410258688,1,0.0,0.4296894617275516,0.9913862819802871,73,1530.0
gebco_monterey_canyon_complex,GEBCO Monterey Canyon,Fixed-Spacing,moderate_noise,134,99.05000000000001,1.4124553462515035,1,0.0,-0.6990100496625615,1.0020533409261208,73,1530.0
gebco_monterey_canyon_complex,GEBCO Monterey Canyon,Fixed-Spacing,moderate_noise,135,99.24444444444444,1.8402370976033207,1,0.0,0.1424917230602806,0.9790940361170175,73,1530.0
gebco_monterey_canyon_complex,GEBCO Monterey Canyon,Fixed-Spacing,moderate_noise,136,99.33333333333333,2.7356963377705066,1,0.0,0.1895663635149291,1.0515055625853051,73,1530.0
gebco_monterey_canyon_complex,GEBCO Monterey Canyon,Fixed-Spacing,moderate_noise,137,99.0,1.1749581143935364,1,0.0,-0.3972287298018783,0.9794394045268923,73,1530.0
gebco_monterey_canyon_complex,GEBCO Monterey Canyon,Fixed-Spacing,moderate_noise,138,98.48333333333333,2.5537662358444537,1,0.0,-1.5096330044273891,1.0419256042104235,73,1530.0
gebco_monterey_canyon_complex,GEBCO Monterey Canyon,Fixed-Spacing,moderate_noise,139,99.15,0.8743360200002447,1,0.0,0.6707848075100479,0.9821690993050934,73,1530.0
gebco_monterey_canyon_complex,GEBCO Monterey Canyon,Fixed-Spacing,moderate_noise,140,98.66666666666667,2.4459746910255644,1,0.0,0.05945916057026529,1.0356032954235284,73,1530.0
gebco_monterey_canyon_complex,GEBCO Monterey Canyon,Fixed-Spacing,moderate_noise,141,99.17777777777778,1.7324637941235728,1,0.0,0.3856714257647466,1.0118000994791507,73,1530.0
gebco_monterey_canyon_complex,GEBCO Monterey Canyon,Fixed-Spacing,moderate_noise,142,99.0,2.2373109518750476,1,0.0,-0.8314483309565589,1.03965697759704,73,1530.0
gebco_monterey_canyon_complex,GEBCO Monterey Canyon,Fixed-Spacing,moderate_noise,143,98.97777777777777,1.0073465124061727,1,0.0,-0.6225158703373418,0.9611460807380916,73,1530.0
gebco_monterey_canyon_complex,GEBCO Monterey Canyon,Fixed-Spacing,moderate_noise,144,99.07777777777778,2.3519829946871047,1,0.0,0.6787772044435837,1.0288214460278735,73,1530.0
gebco_monterey_canyon_complex,GEBCO Monterey Canyon,Fixed-Spacing,moderate_noise,145,99.33888888888889,1.3843262073685179,1,0.0,0.538600509525255,1.0100979035585314,73,1530.0
gebco_monterey_canyon_complex,GEBCO Monterey Canyon,Fixed-Spacing,moderate_noise,146,99.07777777777778,1.6345318091883092,1,0.0,-0.07366096122480377,0.9918068830607961,73,1530.0
gebco_monterey_canyon_complex,GEBCO Monterey Canyon,Fixed-Spacing,moderate_noise,147,99.01111111111112,0.8881323598828625,1,0.0,-0.21209992571082995,0.9582294515123331,73,1530.0
gebco_monterey_canyon_complex,GEBCO Monterey Canyon,Fixed-Spacing,moderate_noise,148,99.11666666666666,2.227300167064766,1,0.0,0.6544928638447869,1.0540687390949715,73,1530.0
gebco_monterey_canyon_complex,GEBCO Monterey Canyon,Fixed-Spacing,moderate_noise,149,98.71666666666667,0.8519458227091921,1,0.0,0.8854066826441469,0.9580862234104687,73,1530.0
gebco_monterey_canyon_complex,GEBCO Monterey Canyon,Fixed-Spacing,moderate_noise,150,99.07222222222222,1.2005238364484336,1,0.0,0.5825078815740823,0.9830720767855161,73,1530.0
gebco_monterey_canyon_complex,GEBCO Monterey Canyon,Fixed-Spacing,moderate_noise,151,99.0,2.686500009764018,1,0.0,-0.6639026808581843,1.0435744940532417,73,1530.0
gebco_monterey_canyon_complex,GEBCO Monterey Canyon,Fixed-Spacing,moderate_noise,152,99.32777777777778,0.9577338359136873,1,0.0,0.3371706963644054,0.9823676495433239,73,1530.0
gebco_monterey_canyon_complex,GEBCO Monterey Canyon,Fixed-Spacing,moderate_noise,153,98.51111111111112,1.1064243669048086,1,0.0,1.5035993299736286,0.996446506477638,73,1530.0
gebco_monterey_canyon_complex,GEBCO Monterey Canyon,Fixed-Spacing,moderate_noise,154,99.0,1.7313927708507981,1,0.0,-1.035433900766345,1.0093060753238066,73,1530.0
gebco_monterey_canyon_complex,GEBCO Monterey Canyon,Fixed-Spacing,moderate_noise,155,99.45,2.2625523692479557,1,0.0,0.34698149097488723,1.0429648136414695,73,1530.0
gebco_monterey_canyon_complex,GEBCO Monterey Canyon,Fixed-Spacing,moderate_noise,156,99.01666666666667,1.613687424974416,1,0.0,-0.1960800323166224,1.0050423365303973,73,1530.0
gebco_monterey_canyon_complex,GEBCO Monterey Canyon,Fixed-Spacing,moderate_noise,157,99.59444444444443,1.1482539928832518,1,0.0,-0.10639023965602415,0.9967404772429371,73,1530.0
gebco_monterey_canyon_complex,GEBCO Monterey Canyon,Fixed-Spacing,moderate_noise,158,100.0,2.7262576071347424,1,0.0,0.021313152333274594,1.0716652107706774,73,1530.0
gebco_monterey_canyon_complex,GEBCO Monterey Canyon,Fixed-Spacing,moderate_noise,159,99.03888888888889,1.2775873814515293,1,0.0,0.07378619161951716,0.9805487001464591,73,1530.0
gebco_monterey_canyon_complex,GEBCO Monterey Canyon,Fixed-Spacing,moderate_noise,160,99.13333333333333,1.5241260665069467,1,0.0,-0.22527299743652368,0.9924070297620701,73,1530.0
gebco_monterey_canyon_complex,GEBCO Monterey Canyon,Fixed-Spacing,moderate_noise,161,99.33333333333333,1.2287466203007453,1,0.0,0.21726946156189872,0.9993314579201005,73,1530.0
gebco_monterey_canyon_complex,GEBCO Monterey Canyon,Fixed-Spacing,moderate_noise,162,99.46111111111111,1.274221185442762,1,0.0,0.04786030441496932,0.9905321147136309,73,1530.0
gebco_monterey_canyon_complex,GEBCO Monterey Canyon,Fixed-Spacing,moderate_noise,163,98.87222222222222,0.7716591062797447,1,0.0,1.193926336383624,0.9881118702257005,73,1530.0
gebco_monterey_canyon_complex,GEBCO Monterey Canyon,Fixed-Spacing,moderate_noise,164,99.22222222222223,0.9279025476953213,1,0.0,0.338215734130676,0.9794273470913895,73,1530.0
gebco_monterey_canyon_complex,GEBCO Monterey Canyon,Fixed-Spacing,moderate_noise,165,99.21666666666667,1.2440887057371697,1,0.0,0.5585486501211074,0.9939559251653327,73,1530.0
gebco_monterey_canyon_complex,GEBCO Monterey Canyon,Fixed-Spacing,moderate_noise,166,99.42222222222222,1.0794313022771478,1,0.0,-0.47725100203922294,0.9976947552148331,73,1530.0
gebco_monterey_canyon_complex,GEBCO Monterey Canyon,Fixed-Spacing,moderate_noise,167,98.26666666666667,1.128668231327281,1,0.0,-0.10812220220797272,0.9631913505243976,73,1530.0
gebco_monterey_canyon_complex,GEBCO Monterey Canyon,Fixed-Spacing,moderate_noise,168,99.50555555555556,1.0888067146061096,1,0.0,0.05928210843221036,0.9951493843581815,73,1530.0
gebco_monterey_canyon_complex,GEBCO Monterey Canyon,Fixed-Spacing,moderate_noise,169,98.63888888888889,0.9559997560685165,1,0.0,-0.21370553265095787,0.9365319501433098,73,1530.0
gebco_monterey_canyon_complex,GEBCO Monterey Canyon,Fixed-Spacing,moderate_noise,170,99.21666666666667,1.2036101743691625,1,0.0,-0.34892508747972417,0.9960499835998233,73,1530.0
gebco_monterey_canyon_complex,GEBCO Monterey Canyon,Fixed-Spacing,moderate_noise,171,98.92777777777778,0.7088479780961882,1,0.0,0.9765007056594619,0.939274845920439,73,1530.0
gebco_monterey_canyon_complex,GEBCO Monterey Canyon,Fixed-Spacing,moderate_noise,172,98.38888888888889,1.1458570590624144,1,0.0,-0.13214375019246452,0.9849572756176205,73,1530.0
gebco_monterey_canyon_complex,GEBCO Monterey Canyon,Fixed-Spacing,moderate_noise,173,98.58888888888889,1.0501868914793893,1,0.0,0.022854633863029866,0.9735728605321675,73,1530.0
gebco_monterey_canyon_complex,GEBCO Monterey Canyon,Fixed-Spacing,moderate_noise,174,98.67777777777778,1.5467944538422593,1,0.0,-0.03737230165228914,0.9881208002689157,73,1530.0
gebco_monterey_canyon_complex,GEBCO Monterey Canyon,Fixed-Spacing,moderate_noise,175,99.1888888888889,2.035376737274688,1,0.0,0.6353616672519201,1.0340824560807154,73,1530.0
gebco_monterey_canyon_complex,GEBCO Monterey Canyon,Fixed-Spacing,moderate_noise,176,99.02777777777779,0.9322236140264228,1,0.0,-0.580554852780953,0.9627649053762738,73,1530.0
gebco_monterey_canyon_complex,GEBCO Monterey Canyon,Fixed-Spacing,moderate_noise,177,99.47222222222221,2.1828327903594995,1,0.0,0.17313836781915223,1.0240567349520588,73,1530.0
gebco_monterey_canyon_complex,GEBCO Monterey Canyon,Fixed-Spacing,moderate_noise,178,98.73888888888888,0.9394758727766297,1,0.0,-0.06921990138078121,0.943285597631803,73,1530.0
gebco_monterey_canyon_complex,GEBCO Monterey Canyon,Fixed-Spacing,moderate_noise,179,99.32777777777778,1.5600391964405131,1,0.0,0.10221388100393893,0.985530516331905,73,1530.0
gebco_monterey_canyon_complex,GEBCO Monterey Canyon,Fixed-Spacing,moderate_noise,180,98.95,1.2372595370919193,1,0.0,-0.265914237533199,0.9744566586733,73,1530.0
gebco_monterey_canyon_complex,GEBCO Monterey Canyon,Fixed-Spacing,moderate_noise,181,99.27222222222221,1.2989071841290678,1,0.0,0.26548262444335374,1.0010457480096866,73,1530.0
gebco_monterey_canyon_complex,GEBCO Monterey Canyon,Fixed-Spacing,moderate_noise,182,99.00555555555556,1.3289139918557793,1,0.0,-0.7707189132317379,1.0042864868447983,73,1530.0
gebco_monterey_canyon_complex,GEBCO Monterey Canyon,Fixed-Spacing,moderate_noise,183,99.33333333333333,2.227084279977014,1,0.0,-0.2235761122294129,1.0399649844848038,73,1530.0
gebco_monterey_canyon_complex,GEBCO Monterey Canyon,Fixed-Spacing,moderate_noise,184,99.33333333333333,1.4681905319865731,1,0.0,0.22626198783739385,1.0054446155514738,73,1530.0
gebco_monterey_canyon_complex,GEBCO Monterey Canyon,Fixed-Spacing,moderate_noise,185,98.58333333333333,0.6160478143900955,1,0.0,0.48761440767714925,0.9254880148501567,73,1530.0
gebco_monterey_canyon_complex,GEBCO Monterey Canyon,Fixed-Spacing,moderate_noise,186,99.33333333333333,1.2962768798369777,1,0.0,0.4903630827709259,1.0145023490095564,73,1530.0
gebco_monterey_canyon_complex,GEBCO Monterey Canyon,Fixed-Spacing,moderate_noise,187,99.50555555555556,1.9939407258929802,1,0.0,-0.38536270540258655,1.041482508095749,73,1530.0
gebco_monterey_canyon_complex,GEBCO Monterey Canyon,Fixed-Spacing,moderate_noise,188,98.65555555555555,1.941152147082396,1,0.0,-0.9565138465206509,0.9856075656125107,73,1530.0
gebco_monterey_canyon_complex,GEBCO Monterey Canyon,Fixed-Spacing,moderate_noise,189,98.85555555555555,0.8974181751073681,1,0.0,-0.7447377586868412,0.9652800267705872,73,1530.0
gebco_monterey_canyon_complex,GEBCO Monterey Canyon,Fixed-Spacing,moderate_noise,190,99.25,1.7313456462212868,1,0.0,-0.4190862020949739,1.0359287362340635,73,1530.0
gebco_monterey_canyon_complex,GEBCO Monterey Canyon,Fixed-Spacing,moderate_noise,191,99.00555555555556,1.5503646881446878,1,0.0,-0.42906168695750335,1.013233981950315,73,1530.0
gebco_monterey_canyon_complex,GEBCO Monterey Canyon,Fixed-Spacing,moderate_noise,192,99.3888888888889,1.2892868817961276,1,0.0,0.2550551005963831,1.020371366205664,73,1530.0
gebco_monterey_canyon_complex,GEBCO Monterey Canyon,Fixed-Spacing,moderate_noise,193,99.09444444444443,1.1140199173397576,1,0.0,-0.2965918366895188,0.9773231848118485,73,1530.0
gebco_monterey_canyon_complex,GEBCO Monterey Canyon,Fixed-Spacing,moderate_noise,194,99.05000000000001,1.4022122190637467,1,0.0,0.9410233381577137,1.0090637952743708,73,1530.0
gebco_monterey_canyon_complex,GEBCO Monterey Canyon,Fixed-Spacing,moderate_noise,195,99.05000000000001,1.3376227309015525,1,0.0,-0.16669084665581455,0.9875656871738442,73,1530.0
gebco_monterey_canyon_complex,GEBCO Monterey Canyon,Fixed-Spacing,moderate_noise,196,99.87777777777778,1.448234646260368,1,0.0,-0.11965012086300365,1.0232502903994285,73,1530.0
gebco_monterey_canyon_complex,GEBCO Monterey Canyon,Fixed-Spacing,moderate_noise,197,98.94444444444444,1.2294495124186828,1,0.0,-0.9873518204925777,0.9879776911912678,73,1530.0
gebco_monterey_canyon_complex,GEBCO Monterey Canyon,Fixed-Spacing,moderate_noise,198,99.34444444444445,1.6856487703669893,1,0.0,0.3706237763594151,1.019983102813106,73,1530.0
gebco_monterey_canyon_complex,GEBCO Monterey Canyon,Fixed-Spacing,moderate_noise,199,99.52777777777779,1.0517571022175725,1,0.0,0.3714206144046896,0.9946765734661975,73,1530.0
gebco_monterey_canyon_complex,GEBCO Monterey Canyon,Fixed-Spacing,moderate_noise,200,99.48333333333333,1.2776310969170692,1,0.0,0.2894311792439062,1.000220920989651,73,1530.0
gebco_monterey_canyon_complex,GEBCO Monterey Canyon,Fixed-Spacing,moderate_noise,201,99.36666666666667,1.1946596564235776,1,0.0,0.41596503654374506,1.0118830340895468,73,1530.0
gebco_monterey_canyon_complex,GEBCO Monterey Canyon,Fixed-Spacing,moderate_noise,202,99.2,1.8480410280436619,1,0.0,0.5589572720719405,0.9965287052237698,73,1530.0
gebco_monterey_canyon_complex,GEBCO Monterey Canyon,Fixed-Spacing,moderate_noise,203,98.50555555555556,1.8778145602615737,1,0.0,1.4631495495561906,1.0386250114160906,73,1530.0
gebco_monterey_canyon_complex,GEBCO Monterey Canyon,Fixed-Spacing,moderate_noise,204,99.39444444444445,2.0019793906980077,1,0.0,-0.40603014831820256,1.0214911044287875,73,1530.0
gebco_monterey_canyon_complex,GEBCO Monterey Canyon,Fixed-Spacing,moderate_noise,205,99.44444444444444,1.6813579454299703,1,0.0,0.6273301234523123,1.0140400904407791,73,1530.0
gebco_monterey_canyon_complex,GEBCO Monterey Canyon,Fixed-Spacing,moderate_noise,206,98.73333333333333,1.0960930516345595,1,0.0,-0.6255064318892433,0.9443755391177748,73,1530.0
gebco_monterey_canyon_complex,GEBCO Monterey Canyon,Fixed-Spacing,moderate_noise,207,98.8,0.6641908055467753,1,0.0,0.8140081448595249,0.9410264907745429,73,1530.0
gebco_monterey_canyon_complex,GEBCO Monterey Canyon,Fixed-Spacing,moderate_noise,208,99.2,1.2145390288237274,1,0.0,0.1907540618202125,1.0016281620250986,73,1530.0
gebco_monterey_canyon_complex,GEBCO Monterey Canyon,Fixed-Spacing,moderate_noise,209,99.33333333333333,1.2155544657482742,1,0.0,-0.20745378041532464,0.9967606206510284,73,1530.0
gebco_monterey_canyon_complex,GEBCO Monterey Canyon,Fixed-Spacing,moderate_noise,210,99.08333333333333,1.090936531678762,1,0.0,0.2823775438269198,0.9873832239696445,73,1530.0
gebco_monterey_canyon_complex,GEBCO Monterey Canyon,Fixed-Spacing,moderate_noise,211,98.8,0.8350632895566131,1,0.0,1.0922418564058154,1.0037150912844859,73,1530.0
gebco_monterey_canyon_complex,GEBCO Monterey Canyon,Fixed-Spacing,moderate_noise,212,99.22222222222223,1.3034821541488746,1,0.0,0.5080653763689761,1.0103505964331487,73,1530.0
gebco_monterey_canyon_complex,GEBCO Monterey Canyon,Fixed-Spacing,moderate_noise,213,99.28333333333333,1.1414034467618552,1,0.0,0.6310543033493778,1.0094058836791644,73,1530.0
gebco_monterey_canyon_complex,GEBCO Monterey Canyon,Fixed-Spacing,moderate_noise,214,99.16111111111111,1.5311044169126278,1,0.0,0.7114162367679003,1.0240751644078419,73,1530.0
gebco_monterey_canyon_complex,GEBCO Monterey Canyon,Fixed-Spacing,moderate_noise,215,99.13888888888889,1.675514289365656,1,0.0,-0.27669600345491996,0.9957221359562125,73,1530.0
gebco_monterey_canyon_complex,GEBCO Monterey Canyon,Fixed-Spacing,moderate_noise,216,99.25,1.9740708261833857,1,0.0,0.7738707806529401,1.038944259493385,73,1530.0
gebco_monterey_canyon_complex,GEBCO Monterey Canyon,Fixed-Spacing,moderate_noise,217,99.16666666666667,1.6474545786801127,1,0.0,-0.22184355069627384,0.9913699419514076,73,1530.0
gebco_monterey_canyon_complex,GEBCO Monterey Canyon,Fixed-Spacing,moderate_noise,218,99.18333333333334,1.9793866666522655,1,0.0,0.353060868637123,1.0302304404665847,73,1530.0
gebco_monterey_canyon_complex,GEBCO Monterey Canyon,Fixed-Spacing,moderate_noise,219,99.36111111111111,1.4745365184830188,1,0.0,-0.2799155362209853,1.0133764628564903,73,1530.0
gebco_monterey_canyon_complex,GEBCO Monterey Canyon,Fixed-Spacing,moderate_noise,220,98.97777777777777,0.7376136519876896,1,0.0,0.710921693123112,0.9586798617523364,73,1530.0
gebco_monterey_canyon_complex,GEBCO Monterey Canyon,Fixed-Spacing,moderate_noise,221,99.21111111111112,1.6969202912809511,1,0.0,-0.06406191091798495,1.0215700284579012,73,1530.0
gebco_monterey_canyon_complex,GEBCO Monterey Canyon,Fixed-Spacing,moderate_noise,222,99.27777777777777,1.4152058072596645,1,0.0,0.3394328257181359,1.003960886724178,73,1530.0
gebco_monterey_canyon_complex,GEBCO Monterey Canyon,Fixed-Spacing,moderate_noise,223,99.33333333333333,1.4200036326626797,1,0.0,-0.042969075188600166,1.0195092302984663,73,1530.0
gebco_monterey_canyon_complex,GEBCO Monterey Canyon,Fixed-Spacing,moderate_noise,224,99.70555555555556,0.9985028939980588,1,0.0,0.07993464082461764,0.9724948294599088,73,1530.0
gebco_monterey_canyon_complex,GEBCO Monterey Canyon,Fixed-Spacing,moderate_noise,225,99.52777777777779,1.040549370041205,1,0.0,-0.040559508432342996,1.0113826989012107,73,1530.0
gebco_monterey_canyon_complex,GEBCO Monterey Canyon,Fixed-Spacing,moderate_noise,226,100.0,1.6475782149934162,1,0.0,-0.008016537226134605,0.9972097499386792,73,1530.0
gebco_monterey_canyon_complex,GEBCO Monterey Canyon,Fixed-Spacing,moderate_noise,227,98.97777777777777,1.8842084379436626,1,0.0,0.7832144420608166,1.0241658683037274,73,1530.0
gebco_monterey_canyon_complex,GEBCO Monterey Canyon,Fixed-Spacing,moderate_noise,228,99.95,1.6495644493320978,1,0.0,0.04349665118459724,1.0158561794505847,73,1530.0
gebco_monterey_canyon_complex,GEBCO Monterey Canyon,Fixed-Spacing,moderate_noise,229,99.07222222222222,2.568294673810195,1,0.0,-0.8749887986822446,1.0416266144301656,73,1530.0
gebco_monterey_canyon_complex,GEBCO Monterey Canyon,Fixed-Spacing,moderate_noise,230,99.00555555555556,1.8107795747657867,1,0.0,-0.8395002721814727,1.0099602423361953,73,1530.0
gebco_monterey_canyon_complex,GEBCO Monterey Canyon,Fixed-Spacing,moderate_noise,231,99.24444444444444,1.4374655192597001,1,0.0,-0.6119310390562551,0.9862614581122616,73,1530.0
gebco_monterey_canyon_complex,GEBCO Monterey Canyon,Fixed-Spacing,moderate_noise,232,99.2611111111111,1.883601773682693,1,0.0,0.4001063077068624,1.033137515006691,73,1530.0
gebco_monterey_canyon_complex,GEBCO Monterey Canyon,Fixed-Spacing,moderate_noise,233,99.22222222222223,1.7748871598944913,1,0.0,-0.7495433834302616,1.030590991945138,73,1530.0
gebco_monterey_canyon_complex,GEBCO Monterey Canyon,Fixed-Spacing,moderate_noise,234,99.42777777777778,0.9854636372619866,1,0.0,0.15639711542674886,0.9920684329409608,73,1530.0
gebco_monterey_canyon_complex,GEBCO Monterey Canyon,Fixed-Spacing,moderate_noise,235,98.57222222222222,1.148654858799689,1,0.0,-0.009076810779364711,0.9237533221363265,73,1530.0
gebco_monterey_canyon_complex,GEBCO Monterey Canyon,Fixed-Spacing,moderate_noise,236,99.3888888888889,1.5118358324213235,1,0.0,-0.16735093062245565,1.0127283467653674,73,1530.0
gebco_monterey_canyon_complex,GEBCO Monterey Canyon,Fixed-Spacing,moderate_noise,237,99.18333333333334,0.8908443356559793,1,0.0,-0.7639136263910319,0.9784380355442815,73,1530.0
gebco_monterey_canyon_complex,GEBCO Monterey Canyon,Fixed-Spacing,moderate_noise,238,99.07777777777778,1.2734811880005876,1,0.0,-0.356993184677883,0.9641525931227342,73,1530.0
gebco_monterey_canyon_complex,GEBCO Monterey Canyon,Fixed-Spacing,moderate_noise,239,99.37222222222222,1.4100760839767867,1,0.0,0.22804763509541384,1.0121781741477136,73,1530.0
gebco_monterey_canyon_complex,GEBCO Monterey Canyon,Fixed-Spacing,moderate_noise,240,99.55000000000001,1.2055184706708921,1,0.0,-0.25971970076962575,1.0019595379467816,73,1530.0
gebco_monterey_canyon_complex,GEBCO Monterey Canyon,Fixed-Spacing,moderate_noise,241,99.26666666666667,1.7346318458350503,1,0.0,0.3183278881354561,1.0043261118780675,73,1530.0
gebco_monterey_canyon_complex,GEBCO Monterey Canyon,Fixed-Spacing,moderate_noise,242,99.4888888888889,0.9239726150638853,1,0.0,0.33813297037638407,0.9901499979811883,73,1530.0
gebco_monterey_canyon_complex,GEBCO Monterey Canyon,Fixed-Spacing,moderate_noise,243,99.37777777777778,2.196649919523744,1,0.0,0.35950393797272134,1.0553087498969473,73,1530.0
gebco_monterey_canyon_complex,GEBCO Monterey Canyon,Fixed-Spacing,moderate_noise,244,99.01111111111112,0.768465898152426,1,0.0,0.7835758443563563,0.9836389242226631,73,1530.0
gebco_monterey_canyon_complex,GEBCO Monterey Canyon,Fixed-Spacing,moderate_noise,245,99.02777777777779,1.128883497396139,1,0.0,-1.0316827578227519,0.9889582589624824,73,1530.0
gebco_monterey_canyon_complex,GEBCO Monterey Canyon,Fixed-Spacing,moderate_noise,246,99.41666666666666,0.8844808466596449,1,0.0,-0.32271411261707966,0.9726495057035046,73,1530.0
gebco_monterey_canyon_complex,GEBCO Monterey Canyon,Fixed-Spacing,moderate_noise,247,98.96111111111111,1.1176329661045632,1,0.0,0.08801412212619032,0.9660489116289389,73,1530.0
gebco_monterey_canyon_complex,GEBCO Monterey Canyon,Fixed-Spacing,moderate_noise,248,100.0,0.754576067054995,1,0.0,-0.02021632449231749,0.9786376908228411,73,1530.0
gebco_monterey_canyon_complex,GEBCO Monterey Canyon,Fixed-Spacing,moderate_noise,249,99.2388888888889,1.2651777449980848,1,0.0,0.5697732953784262,1.0212811072772985,73,1530.0
gebco_monterey_canyon_complex,GEBCO Monterey Canyon,Fixed-Spacing,moderate_noise,250,99.02777777777779,1.3207827241182672,1,0.0,0.635086230225425,0.9901343334902325,73,1530.0
gebco_monterey_canyon_complex,GEBCO Monterey Canyon,Fixed-Spacing,moderate_noise,251,99.21111111111112,0.9971964337813551,1,0.0,0.8667241716831011,0.9914461476738998,73,1530.0
gebco_monterey_canyon_complex,GEBCO Monterey Canyon,Fixed-Spacing,moderate_noise,252,99.35000000000001,1.2656641142025584,1,0.0,-0.2652793029591338,0.995222008891834,73,1530.0
gebco_monterey_canyon_complex,GEBCO Monterey Canyon,Fixed-Spacing,moderate_noise,253,99.27777777777777,1.3188354716105641,1,0.0,-0.05822423668221216,0.9847696205286864,73,1530.0
gebco_monterey_canyon_complex,GEBCO Monterey Canyon,Fixed-Spacing,moderate_noise,254,99.39444444444445,1.3184986533412266,1,0.0,-0.28270353656127106,1.020906588906255,73,1530.0
gebco_monterey_canyon_complex,GEBCO Monterey Canyon,Fixed-Spacing,moderate_noise,255,98.66666666666667,1.406936184203119,1,0.0,0.019436264516810867,0.9848179937943023,73,1530.0
gebco_monterey_canyon_complex,GEBCO Monterey Canyon,Fixed-Spacing,moderate_noise,256,99.43888888888888,1.2536142878000198,1,0.0,0.4590938459513339,1.0103633402956176,73,1530.0
gebco_monterey_canyon_complex,GEBCO Monterey Canyon,Fixed-Spacing,moderate_noise,257,98.88333333333334,0.8912952024872585,1,0.0,0.3887612031767275,0.9402673009486194,73,1530.0
gebco_monterey_canyon_complex,GEBCO Monterey Canyon,Fixed-Spacing,moderate_noise,258,98.35555555555555,1.286367288622495,1,0.0,-1.1323579712684009,0.9586289611748608,73,1530.0
gebco_monterey_canyon_complex,GEBCO Monterey Canyon,Fixed-Spacing,moderate_noise,259,99.33333333333333,2.4888696622428412,1,0.0,-0.032380329644584434,1.0443792599822292,73,1530.0
gebco_monterey_canyon_complex,GEBCO Monterey Canyon,Fixed-Spacing,moderate_noise,260,99.38333333333334,2.5818598565229935,1,0.0,-0.27876958207013147,1.0569635700570925,73,1530.0
gebco_monterey_canyon_complex,GEBCO Monterey Canyon,Fixed-Spacing,moderate_noise,261,98.66666666666667,1.1565333814049394,1,0.0,0.021009872644444674,0.9813841316011036,73,1530.0
gebco_monterey_canyon_complex,GEBCO Monterey Canyon,Fixed-Spacing,moderate_noise,262,99.30555555555556,1.1854210705698778,1,0.0,-0.25632831314911697,0.9847435235356548,73,1530.0
gebco_monterey_canyon_complex,GEBCO Monterey Canyon,Fixed-Spacing,moderate_noise,263,99.17777777777778,1.1223217661715945,1,0.0,0.4807294823455835,0.9875860604631586,73,1530.0
gebco_monterey_canyon_complex,GEBCO Monterey Canyon,Fixed-Spacing,moderate_noise,264,99.08333333333333,1.4848385111079319,1,0.0,-0.15433183909606876,0.9863361172564553,73,1530.0
gebco_monterey_canyon_complex,GEBCO Monterey Canyon,Fixed-Spacing,moderate_noise,265,99.02777777777779,0.9399627922097936,1,0.0,-0.05158409763397538,0.9506564165640967,73,1530.0
gebco_monterey_canyon_complex,GEBCO Monterey Canyon,Fixed-Spacing,moderate_noise,266,99.4,1.2118456209586272,1,0.0,0.11417311031100917,0.9894134697995294,73,1530.0
gebco_monterey_canyon_complex,GEBCO Monterey Canyon,Fixed-Spacing,moderate_noise,267,99.28888888888889,2.3592266898639354,1,0.0,0.6649778012724582,1.0419508781327602,73,1530.0
gebco_monterey_canyon_complex,GEBCO Monterey Canyon,Fixed-Spacing,moderate_noise,268,100.0,1.5196676653701904,1,0.0,-0.043643573171229265,1.0058747698033916,73,1530.0
gebco_monterey_canyon_complex,GEBCO Monterey Canyon,Fixed-Spacing,moderate_noise,269,99.19444444444444,1.6531734342094193,1,0.0,0.5598433760344709,1.0253143635151556,73,1530.0
gebco_monterey_canyon_complex,GEBCO Monterey Canyon,Fixed-Spacing,moderate_noise,270,99.00555555555556,0.978871052719385,1,0.0,-0.5070977020309535,0.9468710985119143,73,1530.0
gebco_monterey_canyon_complex,GEBCO Monterey Canyon,Fixed-Spacing,moderate_noise,271,99.37222222222222,1.5448149178675457,1,0.0,0.17819954010714367,1.0252907419338895,73,1530.0
gebco_monterey_canyon_complex,GEBCO Monterey Canyon,Fixed-Spacing,moderate_noise,272,99.11666666666666,2.4106427078472485,1,0.0,0.6089558481141042,1.0483192796346674,73,1530.0
gebco_monterey_canyon_complex,GEBCO Monterey Canyon,Fixed-Spacing,moderate_noise,273,99.2388888888889,0.8421423901545169,1,0.0,0.17186939116008226,0.9779647626248215,73,1530.0
gebco_monterey_canyon_complex,GEBCO Monterey Canyon,Fixed-Spacing,moderate_noise,274,98.99444444444444,1.5725101124619771,1,0.0,-0.988013782623269,0.9847379283609521,73,1530.0
gebco_monterey_canyon_complex,GEBCO Monterey Canyon,Fixed-Spacing,moderate_noise,275,99.37222222222222,1.6315662109997802,1,0.0,-0.41572057046286165,1.0135520030202558,73,1530.0
gebco_monterey_canyon_complex,GEBCO Monterey Canyon,Fixed-Spacing,moderate_noise,276,99.2388888888889,1.8712971893914077,1,0.0,0.21402369599803422,1.0259553375475488,73,1530.0
gebco_monterey_canyon_complex,GEBCO Monterey Canyon,Fixed-Spacing,moderate_noise,277,99.09444444444443,1.7521422664199058,1,0.0,0.6432648372950619,1.031228831504829,73,1530.0
gebco_monterey_canyon_complex,GEBCO Monterey Canyon,Fixed-Spacing,moderate_noise,278,99.14444444444445,1.9382142105021,1,0.0,0.09876554521955891,1.0160835351612256,73,1530.0
gebco_monterey_canyon_complex,GEBCO Monterey Canyon,Fixed-Spacing,moderate_noise,279,99.36111111111111,0.8850246649396893,1,0.0,-0.22303503715530076,0.9927581138869994,73,1530.0
gebco_monterey_canyon_complex,GEBCO Monterey Canyon,Fixed-Spacing,moderate_noise,280,98.97222222222221,2.329611191991138,1,0.0,0.08598614675798004,1.036706530582917,73,1530.0
gebco_monterey_canyon_complex,GEBCO Monterey Canyon,Fixed-Spacing,moderate_noise,281,99.23333333333333,2.137495697098539,1,0.0,0.5375862013291866,1.0385753465603917,73,1530.0
gebco_monterey_canyon_complex,GEBCO Monterey Canyon,Fixed-Spacing,moderate_noise,282,98.63333333333333,1.0906375076858337,1,0.0,1.0558678834222788,0.9814869421127956,73,1530.0
gebco_monterey_canyon_complex,GEBCO Monterey Canyon,Fixed-Spacing,moderate_noise,283,99.43888888888888,1.2296732175768108,1,0.0,-0.019496342979347422,0.9933002468333688,73,1530.0
gebco_monterey_canyon_complex,GEBCO Monterey Canyon,Fixed-Spacing,moderate_noise,284,99.1,1.7379522758645791,1,0.0,-0.7845895834325349,1.0039226230711937,73,1530.0
gebco_monterey_canyon_complex,GEBCO Monterey Canyon,Fixed-Spacing,moderate_noise,285,99.2611111111111,2.443659552468668,1,0.0,-0.4945972364499447,1.0397489680487522,73,1530.0
gebco_monterey_canyon_complex,GEBCO Monterey Canyon,Fixed-Spacing,moderate_noise,286,98.5,1.2224474848996578,1,0.0,-1.1015965984084495,0.9583755882816444,73,1530.0
gebco_monterey_canyon_complex,GEBCO Monterey Canyon,Fixed-Spacing,moderate_noise,287,99.35555555555555,1.5220741819262622,1,0.0,-0.3877904285096881,0.9936564386405307,73,1530.0
gebco_monterey_canyon_complex,GEBCO Monterey Canyon,Fixed-Spacing,moderate_noise,288,99.31666666666666,0.7318444224986649,1,0.0,0.3285709930889978,0.9775710699684711,73,1530.0
gebco_monterey_canyon_complex,GEBCO Monterey Canyon,Fixed-Spacing,moderate_noise,289,99.33888888888889,3.4477160157880307,0,0.0,-0.6336344973325975,1.0653880052755826,73,1530.0
gebco_monterey_canyon_complex,GEBCO Monterey Canyon,Fixed-Spacing,moderate_noise,290,99.17777777777778,2.5446581076576216,1,0.0,0.5718556357415998,1.0536558048425888,73,1530.0
gebco_monterey_canyon_complex,GEBCO Monterey Canyon,Fixed-Spacing,moderate_noise,291,99.52222222222223,2.1137407090534146,1,0.0,-0.4226982620023005,1.034485172588793,73,1530.0
gebco_monterey_canyon_complex,GEBCO Monterey Canyon,Fixed-Spacing,moderate_noise,292,98.82222222222222,1.929329038532794,1,0.0,-0.9748112445451439,0.9918978567470174,73,1530.0
gebco_monterey_canyon_complex,GEBCO Monterey Canyon,Fixed-Spacing,moderate_noise,293,99.27222222222221,1.6671152702630112,1,0.0,0.5831097628814386,1.0098573596277198,73,1530.0
gebco_monterey_canyon_complex,GEBCO Monterey Canyon,Fixed-Spacing,moderate_noise,294,99.29444444444444,1.385303099053272,1,0.0,-0.4253060189764459,0.9948176544655385,73,1530.0
gebco_monterey_canyon_complex,GEBCO Monterey Canyon,Fixed-Spacing,moderate_noise,295,99.26666666666667,1.3530227500338525,1,0.0,0.28357119311735196,0.9989032013855162,73,1530.0
gebco_monterey_canyon_complex,GEBCO Monterey Canyon,Fixed-Spacing,moderate_noise,296,99.2611111111111,1.8832433929790318,1,0.0,-0.24460589240411917,1.014125285633421,73,1530.0
gebco_monterey_canyon_complex,GEBCO Monterey Canyon,Fixed-Spacing,moderate_noise,297,99.41111111111111,1.7748897533784782,1,0.0,0.5079194005589095,1.0307302866910975,73,1530.0
gebco_monterey_canyon_complex,GEBCO Monterey Canyon,Fixed-Spacing,moderate_noise,298,99.38333333333334,2.919132798287449,1,0.0,-0.4995067450275358,1.0436839076241253,73,1530.0
gebco_monterey_canyon_complex,GEBCO Monterey Canyon,Fixed-Spacing,moderate_noise,299,99.33333333333333,1.2529474561712994,1,0.0,-0.21034777171974295,1.019784051049214,73,1530.0
gebco_monterey_canyon_complex,GEBCO Monterey Canyon,Fixed-Spacing,strong_noise,0,99.22777777777779,3.600108620613397,0,0.0,0.5210865618946167,1.0529976880565401,73,1530.0
gebco_monterey_canyon_complex,GEBCO Monterey Canyon,Fixed-Spacing,strong_noise,1,95.82222222222222,2.3697203964303712,0,0.0,0.46071770661856215,0.9377615306611949,73,1530.0
gebco_monterey_canyon_complex,GEBCO Monterey Canyon,Fixed-Spacing,strong_noise,2,97.2,2.03895838564792,1,0.0,-0.1854770814719058,0.9506668420910283,73,1530.0
gebco_monterey_canyon_complex,GEBCO Monterey Canyon,Fixed-Spacing,strong_noise,3,97.9888888888889,2.525106878020511,1,0.0,-0.8353108510955086,0.985023984620122,73,1530.0
gebco_monterey_canyon_complex,GEBCO Monterey Canyon,Fixed-Spacing,strong_noise,4,97.83888888888889,4.459511676005583,0,0.0,-1.6956109942548891,1.0227810111826383,73,1530.0
gebco_monterey_canyon_complex,GEBCO Monterey Canyon,Fixed-Spacing,strong_noise,5,91.31666666666666,0.6096408538427102,0,0.0,0.576418030385587,0.8317685751292283,73,1530.0
gebco_monterey_canyon_complex,GEBCO Monterey Canyon,Fixed-Spacing,strong_noise,6,97.73888888888888,1.8629141175543134,1,0.0,-1.3949755141931885,0.9515701453220623,73,1530.0
gebco_monterey_canyon_complex,GEBCO Monterey Canyon,Fixed-Spacing,strong_noise,7,99.31666666666666,4.536727008246315,0,0.0,-0.21750098250259542,1.0608832557176593,73,1530.0
gebco_monterey_canyon_complex,GEBCO Monterey Canyon,Fixed-Spacing,strong_noise,8,95.24444444444444,1.558842008560709,0,0.0,1.2490419385012677,0.9317690751264373,73,1530.0
gebco_monterey_canyon_complex,GEBCO Monterey Canyon,Fixed-Spacing,strong_noise,9,98.15,3.1963511523017463,0,0.0,-0.3916378322217979,0.9806779257211696,73,1530.0
gebco_monterey_canyon_complex,GEBCO Monterey Canyon,Fixed-Spacing,strong_noise,10,94.36666666666666,1.2989971285694175,0,0.0,-1.0063286523542994,0.8840543822681189,73,1530.0
gebco_monterey_canyon_complex,GEBCO Monterey Canyon,Fixed-Spacing,strong_noise,11,98.01111111111112,2.945420760586181,1,0.0,-0.12355282593695163,0.971160252473929,73,1530.0
gebco_monterey_canyon_complex,GEBCO Monterey Canyon,Fixed-Spacing,strong_noise,12,98.46111111111111,4.255792399548052,0,0.0,1.0872494370681527,1.0201246466383078,73,1530.0
gebco_monterey_canyon_complex,GEBCO Monterey Canyon,Fixed-Spacing,strong_noise,13,98.21666666666667,4.4215787398997755,0,0.0,-1.3662172828306638,1.0390208337918458,73,1530.0
gebco_monterey_canyon_complex,GEBCO Monterey Canyon,Fixed-Spacing,strong_noise,14,98.7611111111111,4.665242931447092,0,0.0,-0.9483489173348016,1.0438085922337916,73,1530.0
gebco_monterey_canyon_complex,GEBCO Monterey Canyon,Fixed-Spacing,strong_noise,15,98.57222222222222,3.789229258399477,0,0.0,-0.3473336946497598,1.021306312609854,73,1530.0
gebco_monterey_canyon_complex,GEBCO Monterey Canyon,Fixed-Spacing,strong_noise,16,98.25555555555555,4.0048350469662,0,0.0,-0.952515561618935,1.023643507374595,73,1530.0
gebco_monterey_canyon_complex,GEBCO Monterey Canyon,Fixed-Spacing,strong_noise,17,98.70555555555556,4.882852426935862,0,0.0,-0.5974630047049619,1.0604749079870546,73,1530.0
gebco_monterey_canyon_complex,GEBCO Monterey Canyon,Fixed-Spacing,strong_noise,18,97.37777777777778,1.9554307193708798,1,0.0,0.8019765318100984,0.946145608050424,73,1530.0
gebco_monterey_canyon_complex,GEBCO Monterey Canyon,Fixed-Spacing,strong_noise,19,99.00555555555556,2.1553944660183486,1,0.0,0.043464438349833975,1.0105230067604605,73,1530.0
gebco_monterey_canyon_complex,GEBCO Monterey Canyon,Fixed-Spacing,strong_noise,20,97.45555555555555,3.775716520095345,0,0.0,1.5614386741144712,1.0261147010877238,73,1530.0
gebco_monterey_canyon_complex,GEBCO Monterey Canyon,Fixed-Spacing,strong_noise,21,96.91666666666666,1.9599473121941067,0,0.0,1.7120606459848005,0.9543287510554417,73,1530.0
gebco_monterey_canyon_complex,GEBCO Monterey Canyon,Fixed-Spacing,strong_noise,22,96.48333333333333,1.7952807597632527,0,0.0,-0.6615988984921979,0.9422092724754512,73,1530.0
gebco_monterey_canyon_complex,GEBCO Monterey Canyon,Fixed-Spacing,strong_noise,23,98.37777777777778,3.344149427977427,0,0.0,-0.8233548414490258,1.0009652361691377,73,1530.0
gebco_monterey_canyon_complex,GEBCO Monterey Canyon,Fixed-Spacing,strong_noise,24,97.32222222222222,4.481858086833465,0,0.0,1.4346141918752193,1.0337659820232707,73,1530.0
gebco_monterey_canyon_complex,GEBCO Monterey Canyon,Fixed-Spacing,strong_noise,25,98.78888888888889,5.09043299921435,0,0.0,-0.32406731318149834,1.0414445239710288,73,1530.0
gebco_monterey_canyon_complex,GEBCO Monterey Canyon,Fixed-Spacing,strong_noise,26,97.5,1.3103127695566896,1,0.0,0.13129213968715664,0.9288234790875187,73,1530.0
gebco_monterey_canyon_complex,GEBCO Monterey Canyon,Fixed-Spacing,strong_noise,27,98.01111111111112,3.614782882878012,0,0.0,-0.09309340298205204,1.0029142887774858,73,1530.0
gebco_monterey_canyon_complex,GEBCO Monterey Canyon,Fixed-Spacing,strong_noise,28,98.82222222222222,2.764757360770506,1,0.0,0.16015113387589594,0.9790458580311757,73,1530.0
gebco_monterey_canyon_complex,GEBCO Monterey Canyon,Fixed-Spacing,strong_noise,29,98.37777777777778,1.201378160512604,1,0.0,0.7012022331454704,0.9748212722355369,73,1530.0
gebco_monterey_canyon_complex,GEBCO Monterey Canyon,Fixed-Spacing,strong_noise,30,96.9888888888889,2.9526871203666314,0,0.0,0.3148342268086461,0.9618053437771293,73,1530.0
gebco_monterey_canyon_complex,GEBCO Monterey Canyon,Fixed-Spacing,strong_noise,31,98.5,3.6216308432177096,0,0.0,0.37119768718871327,0.9936953996633235,73,1530.0
gebco_monterey_canyon_complex,GEBCO Monterey Canyon,Fixed-Spacing,strong_noise,32,97.12777777777778,2.0436117458876213,1,0.0,1.197747124731252,0.9598414469090069,73,1530.0
gebco_monterey_canyon_complex,GEBCO Monterey Canyon,Fixed-Spacing,strong_noise,33,98.69444444444444,4.348615738066301,0,0.0,-0.5575660674210969,1.0865207150813172,73,1530.0
gebco_monterey_canyon_complex,GEBCO Monterey Canyon,Fixed-Spacing,strong_noise,34,97.53888888888889,1.4335146098655034,1,0.0,-0.5273118342716435,0.9523346630693669,73,1530.0
gebco_monterey_canyon_complex,GEBCO Monterey Canyon,Fixed-Spacing,strong_noise,35,97.39444444444445,2.7447838679416754,1,0.0,1.207820559348837,0.9916112961688451,73,1530.0
gebco_monterey_canyon_complex,GEBCO Monterey Canyon,Fixed-Spacing,strong_noise,36,97.99444444444444,1.7479629472247047,1,0.0,-0.22729632008285622,0.9510226132519302,73,1530.0
gebco_monterey_canyon_complex,GEBCO Monterey Canyon,Fixed-Spacing,strong_noise,37,95.58333333333333,1.8291864993334088,0,0.0,-0.3301758249400968,0.9203405862547677,73,1530.0
gebco_monterey_canyon_complex,GEBCO Monterey Canyon,Fixed-Spacing,strong_noise,38,97.41666666666666,2.675680259599022,1,0.0,-0.9531306746642594,0.9552009860266004,73,1530.0
gebco_monterey_canyon_complex,GEBCO Monterey Canyon,Fixed-Spacing,strong_noise,39,98.16111111111111,4.334011876814378,0,0.0,-0.3651290321195977,1.0107822886742095,73,1530.0
gebco_monterey_canyon_complex,GEBCO Monterey Canyon,Fixed-Spacing,strong_noise,40,97.25555555555555,2.197156434566942,1,0.0,0.5251952337849349,0.9527908974698553,73,1530.0
gebco_monterey_canyon_complex,GEBCO Monterey Canyon,Fixed-Spacing,strong_noise,41,98.86666666666667,6.6907565903116275,0,0.0,-1.0523702928081755,1.1239574683127345,73,1530.0
gebco_monterey_canyon_complex,GEBCO Monterey Canyon,Fixed-Spacing,strong_noise,42,95.79444444444445,2.9754338073995297,0,0.0,-0.7983218782714564,0.9213420510853533,73,1530.0
gebco_monterey_canyon_complex,GEBCO Monterey Canyon,Fixed-Spacing,strong_noise,43,98.84444444444445,4.1601279706762195,0,0.0,1.3343003499389834,1.0519087015913438,73,1530.0
gebco_monterey_canyon_complex,GEBCO Monterey Canyon,Fixed-Spacing,strong_noise,44,95.08888888888889,0.9450180611198425,0,0.0,1.2464862942427977,0.9106662461753889,73,1530.0
gebco_monterey_canyon_complex,GEBCO Monterey Canyon,Fixed-Spacing,strong_noise,45,98.66111111111111,3.7520041782166107,0,0.0,-0.4395405990650926,1.0357348106997624,73,1530.0
gebco_monterey_canyon_complex,GEBCO Monterey Canyon,Fixed-Spacing,strong_noise,46,99.27222222222221,6.162850353516584,0,0.0,0.20887713064412738,1.1058235980788227,73,1530.0
gebco_monterey_canyon_complex,GEBCO Monterey Canyon,Fixed-Spacing,strong_noise,47,99.11666666666666,5.706530553860694,0,0.0,0.5198352191488288,1.1032543147078326,73,1530.0
gebco_monterey_canyon_complex,GEBCO Monterey Canyon,Fixed-Spacing,strong_noise,48,96.86111111111111,2.690919208587232,0,0.0,0.3858688792040095,0.9783766289384056,73,1530.0
gebco_monterey_canyon_complex,GEBCO Monterey Canyon,Fixed-Spacing,strong_noise,49,96.0611111111111,2.489094942649565,0,0.0,-2.414728516838666,0.9283250064334468,73,1530.0
gebco_monterey_canyon_complex,GEBCO Monterey Canyon,Fixed-Spacing,strong_noise,50,96.9888888888889,3.3154191859280657,0,0.0,0.6282416512206657,0.9598036562754332,73,1530.0
gebco_monterey_canyon_complex,GEBCO Monterey Canyon,Fixed-Spacing,strong_noise,51,99.06666666666666,5.882912281462942,0,0.0,-0.054838203351798794,1.0813368158431607,73,1530.0
gebco_monterey_canyon_complex,GEBCO Monterey Canyon,Fixed-Spacing,strong_noise,52,98.54444444444445,2.2806228669933417,1,0.0,0.15159648412313453,0.9963772457694183,73,1530.0
gebco_monterey_canyon_complex,GEBCO Monterey Canyon,Fixed-Spacing,strong_noise,53,98.31111111111112,2.189662066028877,1,0.0,0.8432737744140466,1.0098607168671785,73,1530.0
gebco_monterey_canyon_complex,GEBCO Monterey Canyon,Fixed-Spacing,strong_noise,54,98.33333333333333,3.753559552877105,0,0.0,0.3050665559875976,1.0096423283459919,73,1530.0
gebco_monterey_canyon_complex,GEBCO Monterey Canyon,Fixed-Spacing,strong_noise,55,97.51111111111112,2.713399062774193,1,0.0,1.0664293983262476,1.0019107135055474,73,1530.0
gebco_monterey_canyon_complex,GEBCO Monterey Canyon,Fixed-Spacing,strong_noise,56,98.52222222222223,3.4686102562507597,0,0.0,-0.8486216676093219,1.0118938185955353,73,1530.0
gebco_monterey_canyon_complex,GEBCO Monterey Canyon,Fixed-Spacing,strong_noise,57,98.34444444444445,4.7367475546869064,0,0.0,-0.8316443433982514,1.0231004351566662,73,1530.0
gebco_monterey_canyon_complex,GEBCO Monterey Canyon,Fixed-Spacing,strong_noise,58,97.21666666666667,3.991028610879704,0,0.0,2.69364031412866,1.0716326266093181,73,1530.0
gebco_monterey_canyon_complex,GEBCO Monterey Canyon,Fixed-Spacing,strong_noise,59,92.94444444444444,1.4573163980639336,0,0.0,0.3889363012674451,0.8844277724443304,73,1530.0
gebco_monterey_canyon_complex,GEBCO Monterey Canyon,Fixed-Spacing,strong_noise,60,97.85555555555555,3.1900083852264354,0,0.0,-0.3283221179673657,0.9910787446018621,73,1530.0
gebco_monterey_canyon_complex,GEBCO Monterey Canyon,Fixed-Spacing,strong_noise,61,99.15,8.288693678665261,0,0.0,1.5197822581189007,1.1666777929895615,73,1530.0
gebco_monterey_canyon_complex,GEBCO Monterey Canyon,Fixed-Spacing,strong_noise,62,97.17222222222223,2.527267489182827,1,0.0,-0.5953055927299854,0.976037611661242,73,1530.0
gebco_monterey_canyon_complex,GEBCO Monterey Canyon,Fixed-Spacing,strong_noise,63,97.23888888888888,2.5238527997699944,1,0.0,-0.9492542178665266,0.9550248487033283,73,1530.0
gebco_monterey_canyon_complex,GEBCO Monterey Canyon,Fixed-Spacing,strong_noise,64,97.86666666666667,1.4340495156646935,1,0.0,0.525500457669852,0.9713404958974539,73,1530.0
gebco_monterey_canyon_complex,GEBCO Monterey Canyon,Fixed-Spacing,strong_noise,65,96.15,2.145304432679293,0,0.0,0.6933725716624167,0.9315568630621074,73,1530.0
gebco_monterey_canyon_complex,GEBCO Monterey Canyon,Fixed-Spacing,strong_noise,66,96.81111111111112,1.2632237091318592,0,0.0,-0.897685202042873,0.9197087114565552,73,1530.0
gebco_monterey_canyon_complex,GEBCO Monterey Canyon,Fixed-Spacing,strong_noise,67,94.45555555555556,1.8961234182745899,0,0.0,-0.18234904608131966,0.9250746681789788,73,1530.0
gebco_monterey_canyon_complex,GEBCO Monterey Canyon,Fixed-Spacing,strong_noise,68,97.67222222222223,4.182724138991854,0,0.0,2.1616634092671565,1.0600743850672516,73,1530.0
gebco_monterey_canyon_complex,GEBCO Monterey Canyon,Fixed-Spacing,strong_noise,69,99.55000000000001,3.2729911793943556,0,0.0,-0.09452406927628156,1.0343725096932213,73,1530.0
gebco_monterey_canyon_complex,GEBCO Monterey Canyon,Fixed-Spacing,strong_noise,70,95.93888888888888,1.497905311366565,0,0.0,-0.9888903472002388,0.9071130730635725,73,1530.0
gebco_monterey_canyon_complex,GEBCO Monterey Canyon,Fixed-Spacing,strong_noise,71,97.56666666666666,3.9187651704462945,0,0.0,-1.6935870264525326,1.0124690459745265,73,1530.0
gebco_monterey_canyon_complex,GEBCO Monterey Canyon,Fixed-Spacing,strong_noise,72,97.2,3.1059316457983575,0,0.0,-0.12955654835896702,0.9876875609639263,73,1530.0
gebco_monterey_canyon_complex,GEBCO Monterey Canyon,Fixed-Spacing,strong_noise,73,98.22222222222223,2.674257020450068,1,0.0,0.8552493599284087,1.0057703282498387,73,1530.0
gebco_monterey_canyon_complex,GEBCO Monterey Canyon,Fixed-Spacing,strong_noise,74,97.08888888888889,2.2695332615672568,1,0.0,-0.8785577191688075,0.9637152124996822,73,1530.0
gebco_monterey_canyon_complex,GEBCO Monterey Canyon,Fixed-Spacing,strong_noise,75,97.93333333333332,2.4852083586011737,1,0.0,-1.2297126316255411,1.0018213944958863,73,1530.0
gebco_monterey_canyon_complex,GEBCO Monterey Canyon,Fixed-Spacing,strong_noise,76,97.89444444444445,3.0041002943553896,0,0.0,-0.5360305069615636,1.013210637604691,73,1530.0
gebco_monterey_canyon_complex,GEBCO Monterey Canyon,Fixed-Spacing,strong_noise,77,99.22777777777779,6.249976224828567,0,0.0,0.3419302601819023,1.1189577367861787,73,1530.0
gebco_monterey_canyon_complex,GEBCO Monterey Canyon,Fixed-Spacing,strong_noise,78,98.99444444444444,3.264862961212272,0,0.0,0.8997010230027576,1.0291882054177932,73,1530.0
gebco_monterey_canyon_complex,GEBCO Monterey Canyon,Fixed-Spacing,strong_noise,79,97.32777777777778,5.5153822116560764,0,0.0,-2.2543193914636404,1.0404002050347265,73,1530.0
gebco_monterey_canyon_complex,GEBCO Monterey Canyon,Fixed-Spacing,strong_noise,80,98.92222222222222,8.846407405846747,0,0.0,-0.3993843874544177,1.158330403702649,73,1530.0
gebco_monterey_canyon_complex,GEBCO Monterey Canyon,Fixed-Spacing,strong_noise,81,94.81666666666668,2.2705010698424273,0,0.0,-0.43785054093315046,0.9117055562790517,73,1530.0
gebco_monterey_canyon_complex,GEBCO Monterey Canyon,Fixed-Spacing,strong_noise,82,97.92777777777778,3.4458124181400405,0,0.0,1.3553148088397335,1.0096339886716008,73,1530.0
gebco_monterey_canyon_complex,GEBCO Monterey Canyon,Fixed-Spacing,strong_noise,83,98.03333333333333,3.459599137975301,0,0.0,0.9535165099710272,0.9951642605069301,73,1530.0
gebco_monterey_canyon_complex,GEBCO Monterey Canyon,Fixed-Spacing,strong_noise,84,96.93888888888888,1.9290373093712636,0,0.0,-1.2257503428410432,0.9475435533033093,73,1530.0
gebco_monterey_canyon_complex,GEBCO Monterey Canyon,Fixed-Spacing,strong_noise,85,98.66666666666667,4.878807082438463,0,0.0,0.06098397491433544,1.0692240595609828,73,1530.0
gebco_monterey_canyon_complex,GEBCO Monterey Canyon,Fixed-Spacing,strong_noise,86,97.5,3.388846092451418,0,0.0,1.3723296405356562,1.014239951059638,73,1530.0
gebco_monterey_canyon_complex,GEBCO Monterey Canyon,Fixed-Spacing,strong_noise,87,97.47777777777777,4.708554193106822,0,0.0,-0.7901454303415123,0.9915762586765837,73,1530.0
gebco_monterey_canyon_complex,GEBCO Monterey Canyon,Fixed-Spacing,strong_noise,88,98.91111111111111,3.8338702938283546,0,0.0,0.18348720955247375,0.9951551465759888,73,1530.0
gebco_monterey_canyon_complex,GEBCO Monterey Canyon,Fixed-Spacing,strong_noise,89,96.28888888888889,1.4843560658101447,0,0.0,-0.6159167668138157,0.942897331024839,73,1530.0
gebco_monterey_canyon_complex,GEBCO Monterey Canyon,Fixed-Spacing,strong_noise,90,94.92222222222222,2.9522724858039986,0,0.0,-2.0610179047717114,0.9236313057975929,73,1530.0
gebco_monterey_canyon_complex,GEBCO Monterey Canyon,Fixed-Spacing,strong_noise,91,98.37222222222223,2.9501102862145006,1,0.0,-0.6126922146772213,1.0081916992532909,73,1530.0
gebco_monterey_canyon_complex,GEBCO Monterey Canyon,Fixed-Spacing,strong_noise,92,97.09444444444445,1.560332363824858,1,0.0,-1.009875800120859,0.9726194782383759,73,1530.0
gebco_monterey_canyon_complex,GEBCO Monterey Canyon,Fixed-Spacing,strong_noise,93,99.92777777777778,3.3021948952993063,0,0.0,-0.0075442330634184485,1.033827072586424,73,1530.0
gebco_monterey_canyon_complex,GEBCO Monterey Canyon,Fixed-Spacing,strong_noise,94,98.79444444444444,3.7754094100790745,0,0.0,-0.1868196121088145,1.0034421381033443,73,1530.0
gebco_monterey_canyon_complex,GEBCO Monterey Canyon,Fixed-Spacing,strong_noise,95,97.2611111111111,3.5323362992875746,0,0.0,0.054229007374809374,0.962523207024234,73,1530.0
gebco_monterey_canyon_complex,GEBCO Monterey Canyon,Fixed-Spacing,strong_noise,96,98.62777777777778,2.9859146323172836,1,0.0,-0.5136057138732314,1.007061997928634,73,1530.0
gebco_monterey_canyon_complex,GEBCO Monterey Canyon,Fixed-Spacing,strong_noise,97,99.2388888888889,3.747651069642997,0,0.0,0.2013510066359032,1.064222644466245,73,1530.0
gebco_monterey_canyon_complex,GEBCO Monterey Canyon,Fixed-Spacing,strong_noise,98,98.1888888888889,4.02758393708319,0,0.0,0.40134688182389355,1.0510587824582562,73,1530.0
gebco_monterey_canyon_complex,GEBCO Monterey Canyon,Fixed-Spacing,strong_noise,99,97.1,1.9364422954229967,1,0.0,0.46486428589752343,0.9564037015717637,73,1530.0
gebco_monterey_canyon_complex,GEBCO Monterey Canyon,Fixed-Spacing,strong_noise,100,97.27222222222223,3.2164538106797647,0,0.0,2.5603637531070853,1.0346400508621043,73,1530.0
gebco_monterey_canyon_complex,GEBCO Monterey Canyon,Fixed-Spacing,strong_noise,101,99.27222222222221,4.344264675300453,0,0.0,0.236198948069361,1.054899761118114,73,1530.0
gebco_monterey_canyon_complex,GEBCO Monterey Canyon,Fixed-Spacing,strong_noise,102,98.47222222222223,1.7803382352109394,1,0.0,0.6938250755336398,0.9844761791616218,73,1530.0
gebco_monterey_canyon_complex,GEBCO Monterey Canyon,Fixed-Spacing,strong_noise,103,98.5,3.9153260221487862,0,0.0,0.706845167465326,1.0324145234891342,73,1530.0
gebco_monterey_canyon_complex,GEBCO Monterey Canyon,Fixed-Spacing,strong_noise,104,98.17222222222223,4.8145412657510285,0,0.0,-0.8278921094238242,1.0485492586856384,73,1530.0
gebco_monterey_canyon_complex,GEBCO Monterey Canyon,Fixed-Spacing,strong_noise,105,97.03333333333333,3.1272489406487964,0,0.0,-0.378470094559493,0.9560422357505283,73,1530.0
gebco_monterey_canyon_complex,GEBCO Monterey Canyon,Fixed-Spacing,strong_noise,106,98.52222222222223,1.9067951945215038,1,0.0,-0.9500880899813613,0.9861494538554126,73,1530.0
gebco_monterey_canyon_complex,GEBCO Monterey Canyon,Fixed-Spacing,strong_noise,107,98.82222222222222,4.29288849397399,0,0.0,0.4159656003548005,1.04423920882823,73,1530.0
gebco_monterey_canyon_complex,GEBCO Monterey Canyon,Fixed-Spacing,strong_noise,108,93.45,1.3817570700067292,0,0.0,-0.8998360608475506,0.8827767250060011,73,1530.0
gebco_monterey_canyon_complex,GEBCO Monterey Canyon,Fixed-Spacing,strong_noise,109,98.71666666666667,4.110482763739841,0,0.0,0.47418855634261886,1.0415487911512469,73,1530.0
gebco_monterey_canyon_complex,GEBCO Monterey Canyon,Fixed-Spacing,strong_noise,110,96.89444444444445,3.1274211273554084,0,0.0,-0.8401232125603169,0.9937765530137591,73,1530.0
gebco_monterey_canyon_complex,GEBCO Monterey Canyon,Fixed-Spacing,strong_noise,111,98.31111111111112,4.923829200139328,0,0.0,0.806907741633347,1.0563384992129377,73,1530.0
gebco_monterey_canyon_complex,GEBCO Monterey Canyon,Fixed-Spacing,strong_noise,112,97.76666666666667,3.3070657781804345,0,0.0,-1.919186405171692,1.0053674602831375,73,1530.0
gebco_monterey_canyon_complex,GEBCO Monterey Canyon,Fixed-Spacing,strong_noise,113,96.92222222222222,3.644932919150131,0,0.0,1.1969480777511277,0.9806432387316567,73,1530.0
gebco_monterey_canyon_complex,GEBCO Monterey Canyon,Fixed-Spacing,strong_noise,114,95.40555555555555,2.88218261497722,0,0.0,-0.4739080801925704,0.9745503609696499,73,1530.0
gebco_monterey_canyon_complex,GEBCO Monterey Canyon,Fixed-Spacing,strong_noise,115,94.89444444444445,2.0957449068033176,0,0.0,-0.6469962503310439,0.9255261348388132,73,1530.0
gebco_monterey_canyon_complex,GEBCO Monterey Canyon,Fixed-Spacing,strong_noise,116,97.13888888888889,3.0972768319767856,0,0.0,-0.7001670043608544,0.9563816347362409,73,1530.0
gebco_monterey_canyon_complex,GEBCO Monterey Canyon,Fixed-Spacing,strong_noise,117,97.77222222222223,2.596856992012743,1,0.0,-1.246478863546799,1.0033544715583027,73,1530.0
gebco_monterey_canyon_complex,GEBCO Monterey Canyon,Fixed-Spacing,strong_noise,118,97.26666666666667,1.4505974146256917,1,0.0,0.6957623715127147,0.9485270933516999,73,1530.0
gebco_monterey_canyon_complex,GEBCO Monterey Canyon,Fixed-Spacing,strong_noise,119,94.52777777777777,2.590418896244067,0,0.0,1.0455402030641479,0.9161379567720016,73,1530.0
gebco_monterey_canyon_complex,GEBCO Monterey Canyon,Fixed-Spacing,strong_noise,120,99.18333333333334,2.775483073452783,1,0.0,-0.11075752855933187,1.0543919938225408,73,1530.0
gebco_monterey_canyon_complex,GEBCO Monterey Canyon,Fixed-Spacing,strong_noise,121,98.33888888888889,4.293528763620951,0,0.0,-0.6905876036683494,1.0261938944562403,73,1530.0
gebco_monterey_canyon_complex,GEBCO Monterey Canyon,Fixed-Spacing,strong_noise,122,99.02777777777779,5.04731954861595,0,0.0,0.5771638699984939,1.0712185505328355,73,1530.0
gebco_monterey_canyon_complex,GEBCO Monterey Canyon,Fixed-Spacing,strong_noise,123,98.02222222222223,2.8411952886164182,1,0.0,1.4449868783795459,1.0361034244715874,73,1530.0
gebco_monterey_canyon_complex,GEBCO Monterey Canyon,Fixed-Spacing,strong_noise,124,97.16666666666667,2.302498435690915,1,0.0,-0.6421621863531527,0.9456189572935102,73,1530.0
gebco_monterey_canyon_complex,GEBCO Monterey Canyon,Fixed-Spacing,strong_noise,125,97.6,2.2592862556066,1,0.0,-0.5581051189057782,1.000607855659253,73,1530.0
gebco_monterey_canyon_complex,GEBCO Monterey Canyon,Fixed-Spacing,strong_noise,126,98.56111111111112,4.8148539837653175,0,0.0,-1.1881202657723424,1.0754018695477834,73,1530.0
gebco_monterey_canyon_complex,GEBCO Monterey Canyon,Fixed-Spacing,strong_noise,127,96.40555555555555,0.9657448853536591,0,0.0,1.7684984647674176,0.9592611837896277,73,1530.0
gebco_monterey_canyon_complex,GEBCO Monterey Canyon,Fixed-Spacing,strong_noise,128,97.77777777777777,1.998930054454756,1,0.0,-0.09201583075392852,0.9548661358665045,73,1530.0
gebco_monterey_canyon_complex,GEBCO Monterey Canyon,Fixed-Spacing,strong_noise,129,96.55,2.0966192507672643,0,0.0,0.5328878074989815,0.9261401133364769,73,1530.0
gebco_monterey_canyon_complex,GEBCO Monterey Canyon,Fixed-Spacing,strong_noise,130,98.65,3.982552159772973,0,0.0,-0.8386496894538137,1.0316502531477134,73,1530.0
gebco_monterey_canyon_complex,GEBCO Monterey Canyon,Fixed-Spacing,strong_noise,131,97.0,3.5949955381278422,0,0.0,-2.344916399425851,1.006195075018104,73,1530.0
gebco_monterey_canyon_complex,GEBCO Monterey Canyon,Fixed-Spacing,strong_noise,132,98.97222222222221,2.7360062301085533,1,0.0,-0.23339078556507245,1.0083439468671362,73,1530.0
gebco_monterey_canyon_complex,GEBCO Monterey Canyon,Fixed-Spacing,strong_noise,133,96.69444444444444,1.4204498450621514,0,0.0,1.1020234298115859,0.9441593680826874,73,1530.0
gebco_monterey_canyon_complex,GEBCO Monterey Canyon,Fixed-Spacing,strong_noise,134,99.09444444444443,2.9512765601488926,1,0.0,0.4952489343434027,1.0337208088900993,73,1530.0
gebco_monterey_canyon_complex,GEBCO Monterey Canyon,Fixed-Spacing,strong_noise,135,97.97222222222223,5.33449521738134,0,0.0,0.7090874378983256,1.0753450517159557,73,1530.0
gebco_monterey_canyon_complex,GEBCO Monterey Canyon,Fixed-Spacing,strong_noise,136,99.01666666666667,5.083244178813968,0,0.0,-0.9777157763402868,1.0749039959711297,73,1530.0
gebco_monterey_canyon_complex,GEBCO Monterey Canyon,Fixed-Spacing,strong_noise,137,97.71111111111111,3.585069709717116,0,0.0,-1.026263933157922,0.9890412338573958,73,1530.0
gebco_monterey_canyon_complex,GEBCO Monterey Canyon,Fixed-Spacing,strong_noise,138,98.62777777777778,2.763335318261008,1,0.0,0.08526707295000638,0.9960233552973982,73,1530.0
gebco_monterey_canyon_complex,GEBCO Monterey Canyon,Fixed-Spacing,strong_noise,139,95.40555555555555,2.7100280655611293,0,0.0,-0.8248231115274747,0.9364727391780332,73,1530.0
gebco_monterey_canyon_complex,GEBCO Monterey Canyon,Fixed-Spacing,strong_noise,140,97.71666666666667,2.573215188266214,1,0.0,0.30860304160029745,0.9675314268057457,73,1530.0
gebco_monterey_canyon_complex,GEBCO Monterey Canyon,Fixed-Spacing,strong_noise,141,96.63888888888889,1.9888670678913056,0,0.0,0.46611093514081287,0.947236367891754,73,1530.0
gebco_monterey_canyon_complex,GEBCO Monterey Canyon,Fixed-Spacing,strong_noise,142,97.6,3.1962183762804197,0,0.0,1.704233962158776,1.0185675507914262,73,1530.0
gebco_monterey_canyon_complex,GEBCO Monterey Canyon,Fixed-Spacing,strong_noise,143,98.83333333333333,2.624224906302457,1,0.0,0.2359272579892326,1.0068604965373038,73,1530.0
gebco_monterey_canyon_complex,GEBCO Monterey Canyon,Fixed-Spacing,strong_noise,144,98.44444444444444,3.0726139529752556,0,0.0,1.0015829921098451,1.0099015675424796,73,1530.0
gebco_monterey_canyon_complex,GEBCO Monterey Canyon,Fixed-Spacing,strong_noise,145,97.23333333333333,1.6447146564908952,1,0.0,1.3272554192913066,0.9573906091493715,73,1530.0
gebco_monterey_canyon_complex,GEBCO Monterey Canyon,Fixed-Spacing,strong_noise,146,97.32222222222222,2.282866296035784,1,0.0,0.4696245912162934,0.9583589091076335,73,1530.0
gebco_monterey_canyon_complex,GEBCO Monterey Canyon,Fixed-Spacing,strong_noise,147,97.27222222222223,2.654097272538363,1,0.0,-0.9776199656946473,0.9690881745960414,73,1530.0
gebco_monterey_canyon_complex,GEBCO Monterey Canyon,Fixed-Spacing,strong_noise,148,97.49444444444444,3.1374521107546185,0,0.0,-1.3623335213377314,0.9976891999135088,73,1530.0
gebco_monterey_canyon_complex,GEBCO Monterey Canyon,Fixed-Spacing,strong_noise,149,99.32777777777778,3.465612680768258,0,0.0,-0.584564567537155,1.0569494020621257,73,1530.0
gebco_monterey_canyon_complex,GEBCO Monterey Canyon,Fixed-Spacing,strong_noise,150,99.1,3.137628641530243,0,0.0,0.4753564482998558,1.0377679667927386,73,1530.0
gebco_monterey_canyon_complex,GEBCO Monterey Canyon,Fixed-Spacing,strong_noise,151,98.45,6.607862539449669,0,0.0,-0.3806729166768832,1.0779023987411531,73,1530.0
gebco_monterey_canyon_complex,GEBCO Monterey Canyon,Fixed-Spacing,strong_noise,152,98.94444444444444,3.0518074407059785,0,0.0,-0.22171395925050458,1.0185232803448243,73,1530.0
gebco_monterey_canyon_complex,GEBCO Monterey Canyon,Fixed-Spacing,strong_noise,153,98.35555555555555,4.609183319293067,0,0.0,-0.9053961263068188,1.032272513238642,73,1530.0
gebco_monterey_canyon_complex,GEBCO Monterey Canyon,Fixed-Spacing,strong_noise,154,97.30555555555556,1.7471030399363603,1,0.0,0.509241324672741,0.9495014205980867,73,1530.0
gebco_monterey_canyon_complex,GEBCO Monterey Canyon,Fixed-Spacing,strong_noise,155,97.02222222222223,3.9791487947129887,0,0.0,-1.0352743921890764,0.990781546027058,73,1530.0
gebco_monterey_canyon_complex,GEBCO Monterey Canyon,Fixed-Spacing,strong_noise,156,98.89444444444445,3.756454535611977,0,0.0,0.8384784478373313,1.0505714787441316,73,1530.0
gebco_monterey_canyon_complex,GEBCO Monterey Canyon,Fixed-Spacing,strong_noise,157,98.91111111111111,3.0919010592041136,0,0.0,1.175598922892325,1.0178625934437748,73,1530.0
gebco_monterey_canyon_complex,GEBCO Monterey Canyon,Fixed-Spacing,strong_noise,158,98.95,5.51719245291896,0,0.0,0.24296009764880733,1.08353442988841,73,1530.0
gebco_monterey_canyon_complex,GEBCO Monterey Canyon,Fixed-Spacing,strong_noise,159,95.60555555555555,2.0418461689794882,0,0.0,-0.6922961866283386,0.9294839359568678,73,1530.0
gebco_monterey_canyon_complex,GEBCO Monterey Canyon,Fixed-Spacing,strong_noise,160,98.95555555555555,5.093180520338178,0,0.0,-0.5483160363929214,1.046360095488286,73,1530.0
gebco_monterey_canyon_complex,GEBCO Monterey Canyon,Fixed-Spacing,strong_noise,161,98.58888888888889,5.059073058813502,0,0.0,1.4999652383021118,1.11285998393526,73,1530.0
gebco_monterey_canyon_complex,GEBCO Monterey Canyon,Fixed-Spacing,strong_noise,162,99.22222222222223,3.4505956366805806,0,0.0,-0.28089474292800065,1.0476241477050674,73,1530.0
gebco_monterey_canyon_complex,GEBCO Monterey Canyon,Fixed-Spacing,strong_noise,163,97.92222222222222,2.0014229426935977,1,0.0,0.5716329854655787,0.9763049636791405,73,1530.0
gebco_monterey_canyon_complex,GEBCO Monterey Canyon,Fixed-Spacing,strong_noise,164,93.31111111111112,0.9722479851386056,0,0.0,-1.3596126194812648,0.8576381422366016,73,1530.0
gebco_monterey_canyon_complex,GEBCO Monterey Canyon,Fixed-Spacing,strong_noise,165,96.32777777777778,0.9930829420293477,0,0.0,1.0698045471434658,0.9216374559345775,73,1530.0
gebco_monterey_canyon_complex,GEBCO Monterey Canyon,Fixed-Spacing,strong_noise,166,97.8,2.4320642829036423,1,0.0,0.8195249210739673,0.9844702019700262,73,1530.0
gebco_monterey_canyon_complex,GEBCO Monterey Canyon,Fixed-Spacing,strong_noise,167,98.0,4.285492142585112,0,0.0,1.3119086329356893,1.037129403202372,73,1530.0
gebco_monterey_canyon_complex,GEBCO Monterey Canyon,Fixed-Spacing,strong_noise,168,96.66111111111111,1.4368488898918637,0,0.0,-0.5492867229530549,0.9220807210452169,73,1530.0
gebco_monterey_canyon_complex,GEBCO Monterey Canyon,Fixed-Spacing,strong_noise,169,98.31111111111112,5.468788642697563,0,0.0,-0.633816565344155,1.0685919436786233,73,1530.0
gebco_monterey_canyon_complex,GEBCO Monterey Canyon,Fixed-Spacing,strong_noise,170,98.57777777777777,3.6274249246466908,0,0.0,-0.8457309291882221,1.0196759034987837,73,1530.0
gebco_monterey_canyon_complex,GEBCO Monterey Canyon,Fixed-Spacing,strong_noise,171,96.44444444444444,1.3096535352696899,0,0.0,0.7135220336182746,0.9475275441157404,73,1530.0
gebco_monterey_canyon_complex,GEBCO Monterey Canyon,Fixed-Spacing,strong_noise,172,97.81111111111112,5.0807821693446105,0,0.0,-0.5813645142510878,1.0198265838007026,73,1530.0
gebco_monterey_canyon_complex,GEBCO Monterey Canyon,Fixed-Spacing,strong_noise,173,96.47222222222223,1.5577496017108132,0,0.0,-0.20454139727072274,0.9056379450260686,73,1530.0
gebco_monterey_canyon_complex,GEBCO Monterey Canyon,Fixed-Spacing,strong_noise,174,97.8,3.6103273067334625,0,0.0,-0.5841389274387415,0.9905877958182675,73,1530.0
gebco_monterey_canyon_complex,GEBCO Monterey Canyon,Fixed-Spacing,strong_noise,175,98.17222222222223,3.0244830005558616,0,0.0,0.06922775142837201,1.0199365135703233,73,1530.0
gebco_monterey_canyon_complex,GEBCO Monterey Canyon,Fixed-Spacing,strong_noise,176,98.75,7.192487591796097,0,0.0,0.9914013819342751,1.1101796238795283,73,1530.0
gebco_monterey_canyon_complex,GEBCO Monterey Canyon,Fixed-Spacing,strong_noise,177,97.89444444444445,2.2480757425854865,1,0.0,-1.8334777971702425,0.9989979272110276,73,1530.0
gebco_monterey_canyon_complex,GEBCO Monterey Canyon,Fixed-Spacing,strong_noise,178,97.61111111111111,4.772294499976756,0,0.0,2.1434211868582356,1.0726066962885186,73,1530.0
gebco_monterey_canyon_complex,GEBCO Monterey Canyon,Fixed-Spacing,strong_noise,179,97.33888888888889,3.1727679527610526,0,0.0,1.9407211593229616,1.0292163505892427,73,1530.0
gebco_monterey_canyon_complex,GEBCO Monterey Canyon,Fixed-Spacing,strong_noise,180,98.9888888888889,2.5619892107344073,1,0.0,-0.6371144672591114,0.9847164315322374,73,1530.0
gebco_monterey_canyon_complex,GEBCO Monterey Canyon,Fixed-Spacing,strong_noise,181,97.22777777777777,2.0542905504819187,1,0.0,0.5287364435447595,0.9430515917279392,73,1530.0
gebco_monterey_canyon_complex,GEBCO Monterey Canyon,Fixed-Spacing,strong_noise,182,96.75,2.9664455590600856,0,0.0,-0.7498829700913796,0.9756454390915071,73,1530.0
gebco_monterey_canyon_complex,GEBCO Monterey Canyon,Fixed-Spacing,strong_noise,183,97.37777777777778,2.487580867934932,1,0.0,0.5594879764200738,0.966028816692161,73,1530.0
gebco_monterey_canyon_complex,GEBCO Monterey Canyon,Fixed-Spacing,strong_noise,184,97.18333333333334,2.6647856414237467,1,0.0,1.0475973203498627,1.0091729802309752,73,1530.0
gebco_monterey_canyon_complex,GEBCO Monterey Canyon,Fixed-Spacing,strong_noise,185,99.25,3.861244581368028,0,0.0,0.2211206390071051,1.0670323674766704,73,1530.0
gebco_monterey_canyon_complex,GEBCO Monterey Canyon,Fixed-Spacing,strong_noise,186,98.31111111111112,3.6605296941577445,0,0.0,-0.650473872336826,1.024048102732693,73,1530.0
gebco_monterey_canyon_complex,GEBCO Monterey Canyon,Fixed-Spacing,strong_noise,187,94.72777777777777,1.1086741598809131,0,0.0,0.6599133399890408,0.8745118183515765,73,1530.0
gebco_monterey_canyon_complex,GEBCO Monterey Canyon,Fixed-Spacing,strong_noise,188,97.21111111111111,1.6056422134356845,1,0.0,0.9587381925245466,0.9485595084514158,73,1530.0
gebco_monterey_canyon_complex,GEBCO Monterey Canyon,Fixed-Spacing,strong_noise,189,99.2388888888889,1.9806108151385649,1,0.0,-0.1366837078313374,0.9631536037524617,73,1530.0
gebco_monterey_canyon_complex,GEBCO Monterey Canyon,Fixed-Spacing,strong_noise,190,98.73888888888888,2.0419955174660918,1,0.0,-0.4744442227665202,0.9750403697754145,73,1530.0
gebco_monterey_canyon_complex,GEBCO Monterey Canyon,Fixed-Spacing,strong_noise,191,92.73333333333333,0.9726350936518334,0,0.0,0.13723399725016278,0.8373772987022945,73,1530.0
gebco_monterey_canyon_complex,GEBCO Monterey Canyon,Fixed-Spacing,strong_noise,192,97.92222222222222,4.167829041844216,0,0.0,-1.9376635090118008,1.0335992399257785,73,1530.0
gebco_monterey_canyon_complex,GEBCO Monterey Canyon,Fixed-Spacing,strong_noise,193,98.00555555555556,2.5465037704106903,1,0.0,-0.5922530097894678,0.969839693487549,73,1530.0
gebco_monterey_canyon_complex,GEBCO Monterey Canyon,Fixed-Spacing,strong_noise,194,99.33333333333333,5.71918162918437,0,0.0,0.037323836551135296,1.0690173152888112,73,1530.0
gebco_monterey_canyon_complex,GEBCO Monterey Canyon,Fixed-Spacing,strong_noise,195,97.88333333333334,2.4944019399330806,1,0.0,-1.2397368125359487,0.990915234085928,73,1530.0
gebco_monterey_canyon_complex,GEBCO Monterey Canyon,Fixed-Spacing,strong_noise,196,98.35000000000001,3.696869141017687,0,0.0,0.16730206653157056,1.0311018704326813,73,1530.0
gebco_monterey_canyon_complex,GEBCO Monterey Canyon,Fixed-Spacing,strong_noise,197,97.13333333333334,5.835256276534615,0,0.0,-1.376401522794807,1.0116975124640495,73,1530.0
gebco_monterey_canyon_complex,GEBCO Monterey Canyon,Fixed-Spacing,strong_noise,198,97.49444444444444,3.5776145208832735,0,0.0,-2.245219064531802,1.0218885678650682,73,1530.0
gebco_monterey_canyon_complex,GEBCO Monterey Canyon,Fixed-Spacing,strong_noise,199,97.6,2.033948382586243,1,0.0,0.979149985019645,0.9708450040761286,73,1530.0
gebco_monterey_canyon_complex,GEBCO Monterey Canyon,Fixed-Spacing,strong_noise,200,96.28888888888889,2.900299013814627,0,0.0,1.3549573502567203,0.9747062414466003,73,1530.0
gebco_monterey_canyon_complex,GEBCO Monterey Canyon,Fixed-Spacing,strong_noise,201,97.2611111111111,1.9410622328802807,1,0.0,0.4240084465243522,0.9460962718568835,73,1530.0
gebco_monterey_canyon_complex,GEBCO Monterey Canyon,Fixed-Spacing,strong_noise,202,97.18333333333334,3.906140947963614,0,0.0,-1.2859038962105913,0.9942987646883362,73,1530.0
gebco_monterey_canyon_complex,GEBCO Monterey Canyon,Fixed-Spacing,strong_noise,203,96.98333333333333,1.3314620688859942,0,0.0,0.9478475626167764,0.9440401417923981,73,1530.0
gebco_monterey_canyon_complex,GEBCO Monterey Canyon,Fixed-Spacing,strong_noise,204,99.11111111111111,4.966372638197515,0,0.0,0.6908498360437376,1.0663646666065056,73,1530.0
gebco_monterey_canyon_complex,GEBCO Monterey Canyon,Fixed-Spacing,strong_noise,205,96.43333333333334,3.660414548391355,0,0.0,-2.067978746007323,1.0003839637397827,73,1530.0
gebco_monterey_canyon_complex,GEBCO Monterey Canyon,Fixed-Spacing,strong_noise,206,98.56666666666666,3.6892080270923664,0,0.0,-0.2292563793975692,1.0194451474961925,73,1530.0
gebco_monterey_canyon_complex,GEBCO Monterey Canyon,Fixed-Spacing,strong_noise,207,97.64444444444445,2.7904341721468544,1,0.0,0.8124321517226021,0.981582414646972,73,1530.0
gebco_monterey_canyon_complex,GEBCO Monterey Canyon,Fixed-Spacing,strong_noise,208,98.52777777777779,3.0044005791472057,0,0.0,-0.06496703776619074,0.9985809579471714,73,1530.0
gebco_monterey_canyon_complex,GEBCO Monterey Canyon,Fixed-Spacing,strong_noise,209,95.97777777777777,1.4922247248618563,0,0.0,1.7265001557060469,0.944104149931963,73,1530.0
gebco_monterey_canyon_complex,GEBCO Monterey Canyon,Fixed-Spacing,strong_noise,210,99.07222222222222,4.671513561936297,0,0.0,-0.7817726976324004,1.0561771099808153,73,1530.0
gebco_monterey_canyon_complex,GEBCO Monterey Canyon,Fixed-Spacing,strong_noise,211,98.07777777777777,4.136206338285709,0,0.0,1.3099696599261998,1.0282322035271458,73,1530.0
gebco_monterey_canyon_complex,GEBCO Monterey Canyon,Fixed-Spacing,strong_noise,212,96.77222222222223,2.128568148020111,0,0.0,-0.735739879569058,0.9436235526867515,73,1530.0
gebco_monterey_canyon_complex,GEBCO Monterey Canyon,Fixed-Spacing,strong_noise,213,98.54444444444445,2.085383909096133,1,0.0,-0.3888645800540632,0.9714227400093741,73,1530.0
gebco_monterey_canyon_complex,GEBCO Monterey Canyon,Fixed-Spacing,strong_noise,214,98.15,6.27301247467655,0,0.0,-1.5481480759685735,1.0830423561576101,73,1530.0
gebco_monterey_canyon_complex,GEBCO Monterey Canyon,Fixed-Spacing,strong_noise,215,98.52222222222223,5.2842807341400455,0,0.0,-1.208358481788186,1.049282302253031,73,1530.0
gebco_monterey_canyon_complex,GEBCO Monterey Canyon,Fixed-Spacing,strong_noise,216,98.28333333333333,3.4599845613234406,0,0.0,0.7463168376400005,1.0129274279762157,73,1530.0
gebco_monterey_canyon_complex,GEBCO Monterey Canyon,Fixed-Spacing,strong_noise,217,99.6111111111111,3.720274199339498,0,0.0,0.010366216852506,1.0242177813891016,73,1530.0
gebco_monterey_canyon_complex,GEBCO Monterey Canyon,Fixed-Spacing,strong_noise,218,95.23333333333333,1.63223860131282,0,0.0,-1.015115981064905,0.9109464021124414,73,1530.0
gebco_monterey_canyon_complex,GEBCO Monterey Canyon,Fixed-Spacing,strong_noise,219,96.62222222222222,2.307308943224186,0,0.0,-1.330157010748335,0.9439658057437952,73,1530.0
gebco_monterey_canyon_complex,GEBCO Monterey Canyon,Fixed-Spacing,strong_noise,220,96.39999999999999,1.7635754101577423,0,0.0,-0.7757347655971769,0.9272081069538398,73,1530.0
gebco_monterey_canyon_complex,GEBCO Monterey Canyon,Fixed-Spacing,strong_noise,221,97.80555555555556,5.160349083502337,0,0.0,-0.8819863158719332,1.0325860681629981,73,1530.0
gebco_monterey_canyon_complex,GEBCO Monterey Canyon,Fixed-Spacing,strong_noise,222,94.17777777777778,2.212903263646599,0,0.0,0.2657400953273604,0.9202143072780701,73,1530.0
gebco_monterey_canyon_complex,GEBCO Monterey Canyon,Fixed-Spacing,strong_noise,223,97.67777777777778,1.5972707395472883,1,0.0,-0.3739825046267443,0.9519356386833361,73,1530.0
gebco_monterey_canyon_complex,GEBCO Monterey Canyon,Fixed-Spacing,strong_noise,224,97.89999999999999,2.177081237695126,1,0.0,0.3284320210901584,0.9552503180456287,73,1530.0
gebco_monterey_canyon_complex,GEBCO Monterey Canyon,Fixed-Spacing,strong_noise,225,96.32222222222222,1.5762047026368398,0,0.0,-1.1616809445221183,0.9539844046265592,73,1530.0
gebco_monterey_canyon_complex,GEBCO Monterey Canyon,Fixed-Spacing,strong_noise,226,98.48333333333333,2.941727730365551,1,0.0,0.5309138572394086,1.002189966405386,73,1530.0
gebco_monterey_canyon_complex,GEBCO Monterey Canyon,Fixed-Spacing,strong_noise,227,99.17777777777778,5.910490409888674,0,0.0,0.5018791619296954,1.086841239720046,73,1530.0
gebco_monterey_canyon_complex,GEBCO Monterey Canyon,Fixed-Spacing,strong_noise,228,96.64444444444445,1.4430698621123985,0,0.0,1.6718068600162237,0.9552711494507939,73,1530.0
gebco_monterey_canyon_complex,GEBCO Monterey Canyon,Fixed-Spacing,strong_noise,229,99.35555555555555,3.555184282478773,0,0.0,-0.24528800750742782,1.039526618076218,73,1530.0
gebco_monterey_canyon_complex,GEBCO Monterey Canyon,Fixed-Spacing,strong_noise,230,97.86111111111111,3.1883672053229892,0,0.0,0.900025699399986,1.024031897888864,73,1530.0
gebco_monterey_canyon_complex,GEBCO Monterey Canyon,Fixed-Spacing,strong_noise,231,93.90555555555555,2.1061271227867504,0,0.0,-1.690880077766282,0.9029279382542093,73,1530.0
gebco_monterey_canyon_complex,GEBCO Monterey Canyon,Fixed-Spacing,strong_noise,232,97.15555555555555,2.043129627868523,1,0.0,1.1605662181212542,0.9635281145047617,73,1530.0
gebco_monterey_canyon_complex,GEBCO Monterey Canyon,Fixed-Spacing,strong_noise,233,98.35000000000001,2.8113610416004127,1,0.0,-0.8653252147837711,1.0142644605842204,73,1530.0
gebco_monterey_canyon_complex,GEBCO Monterey Canyon,Fixed-Spacing,strong_noise,234,99.3888888888889,5.824710334436814,0,0.0,-0.6755886666663727,1.1132528616293784,73,1530.0
gebco_monterey_canyon_complex,GEBCO Monterey Canyon,Fixed-Spacing,strong_noise,235,97.54444444444445,2.4381044981457225,1,0.0,1.742075397722498,0.999876907897338,73,1530.0
gebco_monterey_canyon_complex,GEBCO Monterey Canyon,Fixed-Spacing,strong_noise,236,97.52777777777779,3.9794422154683295,0,0.0,-1.146350011307476,0.9964726727488579,73,1530.0
gebco_monterey_canyon_complex,GEBCO Monterey Canyon,Fixed-Spacing,strong_noise,237,98.71111111111112,5.862723369299316,0,0.0,0.12098326174095878,1.0326807266523597,73,1530.0
gebco_monterey_canyon_complex,GEBCO Monterey Canyon,Fixed-Spacing,strong_noise,238,94.49444444444445,1.5652121008626931,0,0.0,1.8362143537244664,0.9109907318805733,73,1530.0
gebco_monterey_canyon_complex,GEBCO Monterey Canyon,Fixed-Spacing,strong_noise,239,97.92222222222222,1.4234895744116283,1,0.0,1.1921582864024318,0.9626083589287369,73,1530.0
gebco_monterey_canyon_complex,GEBCO Monterey Canyon,Fixed-Spacing,strong_noise,240,98.52777777777779,2.828507801295279,1,0.0,-0.10705868045467579,1.008742593198581,73,1530.0
gebco_monterey_canyon_complex,GEBCO Monterey Canyon,Fixed-Spacing,strong_noise,241,98.33333333333333,3.1420301223442553,0,0.0,-0.7132238629163012,0.9919178799100388,73,1530.0
gebco_monterey_canyon_complex,GEBCO Monterey Canyon,Fixed-Spacing,strong_noise,242,98.97777777777777,3.7841602308002993,0,0.0,-0.6750607306552475,1.0249547006818036,73,1530.0
gebco_monterey_canyon_complex,GEBCO Monterey Canyon,Fixed-Spacing,strong_noise,243,99.33333333333333,5.226561927997311,0,0.0,0.24645562917600256,1.0759619259978812,73,1530.0
gebco_monterey_canyon_complex,GEBCO Monterey Canyon,Fixed-Spacing,strong_noise,244,97.59444444444443,2.731674700788413,1,0.0,0.03292913020296275,0.9637101827229279,73,1530.0
gebco_monterey_canyon_complex,GEBCO Monterey Canyon,Fixed-Spacing,strong_noise,245,97.88333333333334,2.0490894266117743,1,0.0,0.5088128354251764,0.97550804354093,73,1530.0
gebco_monterey_canyon_complex,GEBCO Monterey Canyon,Fixed-Spacing,strong_noise,246,96.96111111111111,1.8041637230537875,0,0.0,-1.9316935727248752,0.9624762223949485,73,1530.0
gebco_monterey_canyon_complex,GEBCO Monterey Canyon,Fixed-Spacing,strong_noise,247,98.72222222222223,3.415293083590808,0,0.0,0.5008645826728799,1.0315559173547333,73,1530.0
gebco_monterey_canyon_complex,GEBCO Monterey Canyon,Fixed-Spacing,strong_noise,248,98.7,4.334044881489372,0,0.0,-0.24237100894436975,1.0432216503983582,73,1530.0
gebco_monterey_canyon_complex,GEBCO Monterey Canyon,Fixed-Spacing,strong_noise,249,95.48333333333333,2.0110563210256904,0,0.0,1.7563589593233704,0.9409157194808386,73,1530.0
gebco_monterey_canyon_complex,GEBCO Monterey Canyon,Fixed-Spacing,strong_noise,250,98.48333333333333,3.609707518420939,0,0.0,-0.17549753273214563,1.0236556575190505,73,1530.0
gebco_monterey_canyon_complex,GEBCO Monterey Canyon,Fixed-Spacing,strong_noise,251,97.42777777777778,3.733990760080598,0,0.0,0.5490045409621026,1.00507206131395,73,1530.0
gebco_monterey_canyon_complex,GEBCO Monterey Canyon,Fixed-Spacing,strong_noise,252,98.4,3.8874148253521867,0,0.0,-0.3885992738427797,1.0132063315637305,73,1530.0
gebco_monterey_canyon_complex,GEBCO Monterey Canyon,Fixed-Spacing,strong_noise,253,97.68333333333334,1.8039837010194646,1,0.0,-0.6376256463792694,0.9794605394606467,73,1530.0
gebco_monterey_canyon_complex,GEBCO Monterey Canyon,Fixed-Spacing,strong_noise,254,97.85555555555555,2.0511965981413893,1,0.0,-1.321527479990411,0.96363049113831,73,1530.0
gebco_monterey_canyon_complex,GEBCO Monterey Canyon,Fixed-Spacing,strong_noise,255,98.6,5.188867186917783,0,0.0,0.26705338409996743,1.0571847495572024,73,1530.0
gebco_monterey_canyon_complex,GEBCO Monterey Canyon,Fixed-Spacing,strong_noise,256,98.01666666666667,3.6673900181081844,0,0.0,-1.1786616103201246,1.0035900386167653,73,1530.0
gebco_monterey_canyon_complex,GEBCO Monterey Canyon,Fixed-Spacing,strong_noise,257,95.23888888888888,2.1222354995659134,0,0.0,-2.3145071556119556,0.9330708697602131,73,1530.0
gebco_monterey_canyon_complex,GEBCO Monterey Canyon,Fixed-Spacing,strong_noise,258,99.04444444444445,5.796432252069347,0,0.0,0.8137338310770295,1.1086986945582096,73,1530.0
gebco_monterey_canyon_complex,GEBCO Monterey Canyon,Fixed-Spacing,strong_noise,259,99.33888888888889,3.786804664953519,0,0.0,-0.17450799629978614,1.0465039580841116,73,1530.0
gebco_monterey_canyon_complex,GEBCO Monterey Canyon,Fixed-Spacing,strong_noise,260,98.40555555555555,4.827482781162907,0,0.0,0.2642166633101806,1.035544357419639,73,1530.0
gebco_monterey_canyon_complex,GEBCO Monterey Canyon,Fixed-Spacing,strong_noise,261,97.71666666666667,3.161278207121985,0,0.0,-1.2296741071176849,0.990252529251655,73,1530.0
gebco_monterey_canyon_complex,GEBCO Monterey Canyon,Fixed-Spacing,strong_noise,262,97.36666666666667,4.309712552413625,0,0.0,-0.09299129260460981,1.0028342232556862,73,1530.0
gebco_monterey_canyon_complex,GEBCO Monterey Canyon,Fixed-Spacing,strong_noise,263,98.1888888888889,2.580648677818943,1,0.0,0.9635660867717317,0.9744829343910499,73,1530.0
gebco_monterey_canyon_complex,GEBCO Monterey Canyon,Fixed-Spacing,strong_noise,264,99.08888888888889,3.6307415762225697,0,0.0,0.9287622469548504,1.0583523527367016,73,1530.0
gebco_monterey_canyon_complex,GEBCO Monterey Canyon,Fixed-Spacing,strong_noise,265,96.6,2.43945900735413,0,0.0,-1.0251401963569275,0.9480298755708338,73,1530.0
gebco_monterey_canyon_complex,GEBCO Monterey Canyon,Fixed-Spacing,strong_noise,266,96.96111111111111,3.195388003250921,0,0.0,-0.05950604112447029,1.0108401778984488,73,1530.0
gebco_monterey_canyon_complex,GEBCO Monterey Canyon,Fixed-Spacing,strong_noise,267,98.30555555555556,4.569696690909406,0,0.0,-0.4066539651916186,1.0218645612528259,73,1530.0
gebco_monterey_canyon_complex,GEBCO Monterey Canyon,Fixed-Spacing,strong_noise,268,97.38333333333333,2.670185805070852,1,0.0,-0.5612818974642367,0.9584557083878642,73,1530.0
gebco_monterey_canyon_complex,GEBCO Monterey Canyon,Fixed-Spacing,strong_noise,269,99.66666666666667,4.321248715753436,0,0.0,0.3452032385143235,1.0686667918599344,73,1530.0
gebco_monterey_canyon_complex,GEBCO Monterey Canyon,Fixed-Spacing,strong_noise,270,97.36111111111111,2.910534241903257,1,0.0,0.6089146420086786,0.966357876169804,73,1530.0
gebco_monterey_canyon_complex,GEBCO Monterey Canyon,Fixed-Spacing,strong_noise,271,97.60555555555555,2.473714466073955,1,0.0,0.6400231313013992,0.9862129898444215,73,1530.0
gebco_monterey_canyon_complex,GEBCO Monterey Canyon,Fixed-Spacing,strong_noise,272,96.93333333333334,2.698206001757064,0,0.0,0.8351646840391819,0.9736862906952878,73,1530.0
gebco_monterey_canyon_complex,GEBCO Monterey Canyon,Fixed-Spacing,strong_noise,273,98.32777777777778,3.9445137204514467,0,0.0,0.6254278754480337,1.0370497896576376,73,1530.0
gebco_monterey_canyon_complex,GEBCO Monterey Canyon,Fixed-Spacing,strong_noise,274,95.98333333333333,1.3359928974473227,0,0.0,0.017614576154944887,0.9255740482697348,73,1530.0
gebco_monterey_canyon_complex,GEBCO Monterey Canyon,Fixed-Spacing,strong_noise,275,93.99444444444444,0.4558403210853766,0,0.0,0.35678647955555354,0.8454039616243609,73,1530.0
gebco_monterey_canyon_complex,GEBCO Monterey Canyon,Fixed-Spacing,strong_noise,276,98.41666666666666,3.8937615600984055,0,0.0,-0.9520255029755874,1.0130829709285498,73,1530.0
gebco_monterey_canyon_complex,GEBCO Monterey Canyon,Fixed-Spacing,strong_noise,277,98.35000000000001,3.5414158644178135,0,0.0,1.515338345873966,1.0212395159829533,73,1530.0
gebco_monterey_canyon_complex,GEBCO Monterey Canyon,Fixed-Spacing,strong_noise,278,92.5,1.050148207105794,0,0.0,1.4828300310572191,0.8488746578704426,73,1530.0
gebco_monterey_canyon_complex,GEBCO Monterey Canyon,Fixed-Spacing,strong_noise,279,97.11666666666666,1.0277619795585853,1,0.0,-0.4084115421166125,0.9369741300707941,73,1530.0
gebco_monterey_canyon_complex,GEBCO Monterey Canyon,Fixed-Spacing,strong_noise,280,98.62222222222222,6.279933417107919,0,0.0,-0.12757913292814435,1.1041049140097245,73,1530.0
gebco_monterey_canyon_complex,GEBCO Monterey Canyon,Fixed-Spacing,strong_noise,281,97.93333333333332,5.167490259842289,0,0.0,-1.6143932229312348,1.0413915290768148,73,1530.0
gebco_monterey_canyon_complex,GEBCO Monterey Canyon,Fixed-Spacing,strong_noise,282,95.36666666666666,2.202532880661913,0,0.0,0.19263352209903004,0.9192620548415811,73,1530.0
gebco_monterey_canyon_complex,GEBCO Monterey Canyon,Fixed-Spacing,strong_noise,283,96.87222222222222,1.5524867366407546,0,0.0,-0.5608606838343205,0.9397368948031569,73,1530.0
gebco_monterey_canyon_complex,GEBCO Monterey Canyon,Fixed-Spacing,strong_noise,284,96.61666666666666,3.2267031179329426,0,0.0,0.1985088521582759,0.9211138658965288,73,1530.0
gebco_monterey_canyon_complex,GEBCO Monterey Canyon,Fixed-Spacing,strong_noise,285,97.98333333333333,4.120393326806127,0,0.0,-1.0523521755958345,1.0078473204328584,73,1530.0
gebco_monterey_canyon_complex,GEBCO Monterey Canyon,Fixed-Spacing,strong_noise,286,98.85555555555555,4.333084605653614,0,0.0,-0.8413791753878669,1.0358127199622655,73,1530.0
gebco_monterey_canyon_complex,GEBCO Monterey Canyon,Fixed-Spacing,strong_noise,287,96.1,1.2559092787161104,0,0.0,1.2036067264646095,0.9100309226302955,73,1530.0
gebco_monterey_canyon_complex,GEBCO Monterey Canyon,Fixed-Spacing,strong_noise,288,99.88333333333334,4.982151905933995,0,0.0,0.6350645562353476,1.1015166445366253,73,1530.0
gebco_monterey_canyon_complex,GEBCO Monterey Canyon,Fixed-Spacing,strong_noise,289,97.83888888888889,2.6385815768617094,1,0.0,-0.5020568200560801,1.0060543628994152,73,1530.0
gebco_monterey_canyon_complex,GEBCO Monterey Canyon,Fixed-Spacing,strong_noise,290,96.4888888888889,1.683020026527058,0,0.0,0.4626373210138887,0.9597205562658944,73,1530.0
gebco_monterey_canyon_complex,GEBCO Monterey Canyon,Fixed-Spacing,strong_noise,291,98.17222222222223,2.2944579445515623,1,0.0,0.46942690226782047,0.9902675546558013,73,1530.0
gebco_monterey_canyon_complex,GEBCO Monterey Canyon,Fixed-Spacing,strong_noise,292,98.5,6.509285239703118,0,0.0,-1.56036231110927,1.0866760923445873,73,1530.0
gebco_monterey_canyon_complex,GEBCO Monterey Canyon,Fixed-Spacing,strong_noise,293,99.13333333333333,4.825576996240594,0,0.0,-0.15470899440449762,1.062144620659951,73,1530.0
gebco_monterey_canyon_complex,GEBCO Monterey Canyon,Fixed-Spacing,strong_noise,294,97.87777777777778,4.1083513197162596,0,0.0,-2.1979491332093,1.0254859042293438,73,1530.0
gebco_monterey_canyon_complex,GEBCO Monterey Canyon,Fixed-Spacing,strong_noise,295,98.3,4.747009614736442,0,0.0,0.030912393016376816,1.0210063380782317,73,1530.0
gebco_monterey_canyon_complex,GEBCO Monterey Canyon,Fixed-Spacing,strong_noise,296,98.64444444444445,4.9030261744211545,0,0.0,1.4855716093440712,1.0694379400745673,73,1530.0
gebco_monterey_canyon_complex,GEBCO Monterey Canyon,Fixed-Spacing,strong_noise,297,97.76666666666667,3.4056678688475914,0,0.0,-1.340148215879602,1.0025595461214662,73,1530.0
gebco_monterey_canyon_complex,GEBCO Monterey Canyon,Fixed-Spacing,strong_noise,298,96.21666666666667,2.12569057161648,0,0.0,-1.1907749610323382,0.9474521816219306,73,1530.0
gebco_monterey_canyon_complex,GEBCO Monterey Canyon,Fixed-Spacing,strong_noise,299,97.63333333333334,5.858887381803959,0,0.0,-2.953537914475089,1.0622545155085317,73,1530.0
gebco_monterey_canyon_complex,GEBCO Monterey Canyon,Adaptive Spacing w/o GA,nominal,0,100.0,0.0,1,90.0,0.0,1.0,59,1530.0
gebco_monterey_canyon_complex,GEBCO Monterey Canyon,Adaptive Spacing w/o GA,moderate_noise,0,98.9,0.34121104347677994,1,90.0,-0.5832776026913248,0.9680066860969971,59,1530.0
gebco_monterey_canyon_complex,GEBCO Monterey Canyon,Adaptive Spacing w/o GA,moderate_noise,1,98.28888888888889,0.7668569653628439,1,90.0,0.991875817292228,0.9839133664119146,59,1530.0
gebco_monterey_canyon_complex,GEBCO Monterey Canyon,Adaptive Spacing w/o GA,moderate_noise,2,100.0,1.0539557329365614,1,90.0,0.006530814476801477,1.0350707070076788,59,1530.0
gebco_monterey_canyon_complex,GEBCO Monterey Canyon,Adaptive Spacing w/o GA,moderate_noise,3,99.29444444444444,0.7648941320819351,1,90.0,-0.29271733272688794,0.9929436634753066,59,1530.0
gebco_monterey_canyon_complex,GEBCO Monterey Canyon,Adaptive Spacing w/o GA,moderate_noise,4,99.16666666666667,0.9867341744756555,1,90.0,0.11214173572905695,1.0337702009840628,59,1530.0
gebco_monterey_canyon_complex,GEBCO Monterey Canyon,Adaptive Spacing w/o GA,moderate_noise,5,99.82777777777778,1.473466725039854,1,90.0,0.10466111961382782,1.0464531188445994,59,1530.0
gebco_monterey_canyon_complex,GEBCO Monterey Canyon,Adaptive Spacing w/o GA,moderate_noise,6,99.93333333333332,0.8931042044662627,1,90.0,-0.21085610520606327,1.0098200602338456,59,1530.0
gebco_monterey_canyon_complex,GEBCO Monterey Canyon,Adaptive Spacing w/o GA,moderate_noise,7,99.15555555555555,1.270346225642661,1,90.0,-0.0002751306907848171,1.0284725307602813,59,1530.0
gebco_monterey_canyon_complex,GEBCO Monterey Canyon,Adaptive Spacing w/o GA,moderate_noise,8,99.64444444444445,0.3477237471299419,1,90.0,-0.1774732493819031,0.9818425524480122,59,1530.0
gebco_monterey_canyon_complex,GEBCO Monterey Canyon,Adaptive Spacing w/o GA,moderate_noise,9,99.33333333333333,1.0006988222114284,1,90.0,0.3351107677313743,1.0166002548639665,59,1530.0
gebco_monterey_canyon_complex,GEBCO Monterey Canyon,Adaptive Spacing w/o GA,moderate_noise,10,99.26666666666667,0.254436727867404,1,90.0,-0.30481350937512147,0.9741523068802506,59,1530.0
gebco_monterey_canyon_complex,GEBCO Monterey Canyon,Adaptive Spacing w/o GA,moderate_noise,11,98.86666666666667,1.3619887071176806,1,90.0,0.7722548662279357,1.0221111590320877,59,1530.0
gebco_monterey_canyon_complex,GEBCO Monterey Canyon,Adaptive Spacing w/o GA,moderate_noise,12,99.16666666666667,1.6489081237144685,1,90.0,0.20236031355998543,1.0266760103253538,59,1530.0
gebco_monterey_canyon_complex,GEBCO Monterey Canyon,Adaptive Spacing w/o GA,moderate_noise,13,99.35555555555555,0.14085258667443704,1,90.0,-0.36133033793107555,0.9754074774301893,59,1530.0
gebco_monterey_canyon_complex,GEBCO Monterey Canyon,Adaptive Spacing w/o GA,moderate_noise,14,99.69444444444444,1.4162164170920237,1,90.0,0.0954623583437296,1.0635379669240144,59,1530.0
gebco_monterey_canyon_complex,GEBCO Monterey Canyon,Adaptive Spacing w/o GA,moderate_noise,15,99.86666666666667,0.435904680351056,1,90.0,-0.07331928586065839,0.97764228217657,59,1530.0
gebco_monterey_canyon_complex,GEBCO Monterey Canyon,Adaptive Spacing w/o GA,moderate_noise,16,100.0,0.7764361285705548,1,90.0,-0.03715521929483296,0.9987935753260992,59,1530.0
gebco_monterey_canyon_complex,GEBCO Monterey Canyon,Adaptive Spacing w/o GA,moderate_noise,17,99.25555555555555,0.5519187460394345,1,90.0,0.2790558896290913,0.9947861459807854,59,1530.0
gebco_monterey_canyon_complex,GEBCO Monterey Canyon,Adaptive Spacing w/o GA,moderate_noise,18,99.03888888888889,0.3260316526338462,1,90.0,0.4646571253603405,1.001647785845222,59,1530.0
gebco_monterey_canyon_complex,GEBCO Monterey Canyon,Adaptive Spacing w/o GA,moderate_noise,19,99.35555555555555,0.30549775567450416,1,90.0,-0.46925980895800806,0.9781232213897707,59,1530.0
gebco_monterey_canyon_complex,GEBCO Monterey Canyon,Adaptive Spacing w/o GA,moderate_noise,20,98.83333333333333,0.0987143344136271,1,90.0,-0.37951596308611457,0.9334785317803982,59,1530.0
gebco_monterey_canyon_complex,GEBCO Monterey Canyon,Adaptive Spacing w/o GA,moderate_noise,21,99.16666666666667,1.215653973926759,1,90.0,0.29507839064398,1.0235142724317068,59,1530.0
gebco_monterey_canyon_complex,GEBCO Monterey Canyon,Adaptive Spacing w/o GA,moderate_noise,22,99.41666666666666,1.439218930931178,1,90.0,0.18842510562877723,1.0390908464624138,59,1530.0
gebco_monterey_canyon_complex,GEBCO Monterey Canyon,Adaptive Spacing w/o GA,moderate_noise,23,98.95,0.7979775779100069,1,90.0,0.45796020280149524,0.9753066108994505,59,1530.0
gebco_monterey_canyon_complex,GEBCO Monterey Canyon,Adaptive Spacing w/o GA,moderate_noise,24,99.97222222222221,0.47134606498808596,1,90.0,-0.2104731557248017,0.9942066100484896,59,1530.0
gebco_monterey_canyon_complex,GEBCO Monterey Canyon,Adaptive Spacing w/o GA,moderate_noise,25,99.21111111111112,0.6758554380807889,1,90.0,-0.3295918475270093,0.991719256945255,59,1530.0
gebco_monterey_canyon_complex,GEBCO Monterey Canyon,Adaptive Spacing w/o GA,moderate_noise,26,99.0,0.36756655228944385,1,90.0,-0.7208114303953495,0.9669173858460253,59,1530.0
gebco_monterey_canyon_complex,GEBCO Monterey Canyon,Adaptive Spacing w/o GA,moderate_noise,27,99.16666666666667,0.3414155201962099,1,90.0,0.18167186568119206,0.9898899865490847,59,1530.0
gebco_monterey_canyon_complex,GEBCO Monterey Canyon,Adaptive Spacing w/o GA,moderate_noise,28,99.16666666666667,0.8831984754741887,1,90.0,0.07226055149824155,1.0009137722704624,59,1530.0
gebco_monterey_canyon_complex,GEBCO Monterey Canyon,Adaptive Spacing w/o GA,moderate_noise,29,99.88333333333334,0.2450925060587718,1,90.0,-0.1055946532745463,0.9959765199806236,59,1530.0
gebco_monterey_canyon_complex,GEBCO Monterey Canyon,Adaptive Spacing w/o GA,moderate_noise,30,98.93333333333332,0.7813884713573516,1,90.0,0.6105901229319423,0.9967047684033293,59,1530.0
gebco_monterey_canyon_complex,GEBCO Monterey Canyon,Adaptive Spacing w/o GA,moderate_noise,31,99.72222222222223,0.19983737672623686,1,90.0,-0.17353196487939462,0.9881671434962751,59,1530.0
gebco_monterey_canyon_complex,GEBCO Monterey Canyon,Adaptive Spacing w/o GA,moderate_noise,32,99.52777777777779,0.19231420060928164,1,90.0,-0.16477827202577386,0.9795496218263751,59,1530.0
gebco_monterey_canyon_complex,GEBCO Monterey Canyon,Adaptive Spacing w/o GA,moderate_noise,33,99.24444444444444,0.16296806320026738,1,90.0,0.010513856472506567,0.9802467762326633,59,1530.0
gebco_monterey_canyon_complex,GEBCO Monterey Canyon,Adaptive Spacing w/o GA,moderate_noise,34,99.06666666666666,2.238878713931018,1,90.0,0.394631672190353,1.0721290975503208,59,1530.0
gebco_monterey_canyon_complex,GEBCO Monterey Canyon,Adaptive Spacing w/o GA,moderate_noise,35,100.0,1.0195126582501868,1,90.0,-0.11752067778866614,1.0051813128036615,59,1530.0
gebco_monterey_canyon_complex,GEBCO Monterey Canyon,Adaptive Spacing w/o GA,moderate_noise,36,98.72777777777777,0.6652070183850974,1,90.0,-0.7713811564566925,0.9773303232906253,59,1530.0
gebco_monterey_canyon_complex,GEBCO Monterey Canyon,Adaptive Spacing w/o GA,moderate_noise,37,98.33333333333333,0.7334317282562097,1,90.0,0.988431935343235,1.0037300383785945,59,1530.0
gebco_monterey_canyon_complex,GEBCO Monterey Canyon,Adaptive Spacing w/o GA,moderate_noise,38,98.74444444444444,0.41327013485738584,1,90.0,0.8100322418690501,0.97710009632554,59,1530.0
gebco_monterey_canyon_complex,GEBCO Monterey Canyon,Adaptive Spacing w/o GA,moderate_noise,39,99.4888888888889,0.3289724173669715,1,90.0,-0.3370927363000052,1.0051422790780886,59,1530.0
gebco_monterey_canyon_complex,GEBCO Monterey Canyon,Adaptive Spacing w/o GA,moderate_noise,40,98.7611111111111,0.232168258625238,1,90.0,0.05246002570637689,0.957272312199946,59,1530.0
gebco_monterey_canyon_complex,GEBCO Monterey Canyon,Adaptive Spacing w/o GA,moderate_noise,41,99.42777777777778,1.199542014507745,1,90.0,-0.468646948553856,1.0230892206524311,59,1530.0
gebco_monterey_canyon_complex,GEBCO Monterey Canyon,Adaptive Spacing w/o GA,moderate_noise,42,99.05000000000001,0.43284783290857337,1,90.0,0.24524447724103102,0.9725064758819686,59,1530.0
gebco_monterey_canyon_complex,GEBCO Monterey Canyon,Adaptive Spacing w/o GA,moderate_noise,43,99.28333333333333,0.6585248709682227,1,90.0,-0.33623691040088616,1.0050241334938739,59,1530.0
gebco_monterey_canyon_complex,GEBCO Monterey Canyon,Adaptive Spacing w/o GA,moderate_noise,44,98.23888888888888,0.6754269920667981,1,90.0,1.019275556743083,0.9964367845867886,59,1530.0
gebco_monterey_canyon_complex,GEBCO Monterey Canyon,Adaptive Spacing w/o GA,moderate_noise,45,99.2,0.6019410798764657,1,90.0,0.26969851062211103,1.008692400476839,59,1530.0
gebco_monterey_canyon_complex,GEBCO Monterey Canyon,Adaptive Spacing w/o GA,moderate_noise,46,99.40555555555555,1.6861975028152678,1,90.0,0.13811819321640165,1.0323852742076765,59,1530.0
gebco_monterey_canyon_complex,GEBCO Monterey Canyon,Adaptive Spacing w/o GA,moderate_noise,47,99.2611111111111,0.259251044321499,1,90.0,0.10674427085554554,0.9481366468812372,59,1530.0
gebco_monterey_canyon_complex,GEBCO Monterey Canyon,Adaptive Spacing w/o GA,moderate_noise,48,99.41666666666666,0.33150856809698453,1,90.0,-0.1720836842873469,0.9767098322778,59,1530.0
gebco_monterey_canyon_complex,GEBCO Monterey Canyon,Adaptive Spacing w/o GA,moderate_noise,49,99.07222222222222,0.5118011490722552,1,90.0,0.29427448160840197,0.991161202393325,59,1530.0
gebco_monterey_canyon_complex,GEBCO Monterey Canyon,Adaptive Spacing w/o GA,moderate_noise,50,99.25555555555555,0.540745949680843,1,90.0,-0.48648505855690866,0.9867338925303364,59,1530.0
gebco_monterey_canyon_complex,GEBCO Monterey Canyon,Adaptive Spacing w/o GA,moderate_noise,51,100.0,1.0535504353673435,1,90.0,0.10205335339415669,1.0092901484792607,59,1530.0
gebco_monterey_canyon_complex,GEBCO Monterey Canyon,Adaptive Spacing w/o GA,moderate_noise,52,98.55000000000001,0.8929863403492171,1,90.0,-1.1884217744285235,1.0238875778831622,59,1530.0
gebco_monterey_canyon_complex,GEBCO Monterey Canyon,Adaptive Spacing w/o GA,moderate_noise,53,99.35555555555555,2.049580468591915,1,90.0,-0.6349111855437697,1.0573012665254993,59,1530.0
gebco_monterey_canyon_complex,GEBCO Monterey Canyon,Adaptive Spacing w/o GA,moderate_noise,54,100.0,0.9997953943188247,1,90.0,-0.15243988427919522,1.032435187525458,59,1530.0
gebco_monterey_canyon_complex,GEBCO Monterey Canyon,Adaptive Spacing w/o GA,moderate_noise,55,99.42777777777778,0.37340817002626575,1,90.0,-0.003670951179957694,0.988189091136084,59,1530.0
gebco_monterey_canyon_complex,GEBCO Monterey Canyon,Adaptive Spacing w/o GA,moderate_noise,56,99.06666666666666,1.1206804608237084,1,90.0,0.4285866159997925,1.0151811340780739,59,1530.0
gebco_monterey_canyon_complex,GEBCO Monterey Canyon,Adaptive Spacing w/o GA,moderate_noise,57,99.12777777777778,1.2500158402242139,1,90.0,0.196281018207507,1.0134127553863024,59,1530.0
gebco_monterey_canyon_complex,GEBCO Monterey Canyon,Adaptive Spacing w/o GA,moderate_noise,58,100.0,1.0987692264930917,1,90.0,0.05187432794782713,1.0359030900626207,59,1530.0
gebco_monterey_canyon_complex,GEBCO Monterey Canyon,Adaptive Spacing w/o GA,moderate_noise,59,99.04444444444445,0.37565556683094986,1,90.0,-0.7301120405856868,0.9988557001462041,59,1530.0
gebco_monterey_canyon_complex,GEBCO Monterey Canyon,Adaptive Spacing w/o GA,moderate_noise,60,99.15555555555555,0.1606993192689631,1,90.0,0.37222959523563,0.965752071067348,59,1530.0
gebco_monterey_canyon_complex,GEBCO Monterey Canyon,Adaptive Spacing w/o GA,moderate_noise,61,99.20555555555556,1.5164892935307501,1,90.0,0.3319391628220984,1.0525174027552893,59,1530.0
gebco_monterey_canyon_complex,GEBCO Monterey Canyon,Adaptive Spacing w/o GA,moderate_noise,62,98.63333333333333,0.10353669231266034,1,90.0,0.47183626505707393,0.9314390552494898,59,1530.0
gebco_monterey_canyon_complex,GEBCO Monterey Canyon,Adaptive Spacing w/o GA,moderate_noise,63,100.0,2.3311956979389468,1,90.0,0.01734691897556668,1.0544161331463513,59,1530.0
gebco_monterey_canyon_complex,GEBCO Monterey Canyon,Adaptive Spacing w/o GA,moderate_noise,64,99.29444444444444,0.7328680457365995,1,90.0,-0.5144909570704134,1.011555369427742,59,1530.0
gebco_monterey_canyon_complex,GEBCO Monterey Canyon,Adaptive Spacing w/o GA,moderate_noise,65,100.0,0.8940444416040577,1,90.0,-0.0967872843482627,1.0248291654549562,59,1530.0
gebco_monterey_canyon_complex,GEBCO Monterey Canyon,Adaptive Spacing w/o GA,moderate_noise,66,99.16666666666667,0.6288077596295997,1,90.0,-0.03488226973348711,1.014190333530295,59,1530.0
gebco_monterey_canyon_complex,GEBCO Monterey Canyon,Adaptive Spacing w/o GA,moderate_noise,67,99.16666666666667,0.8130116953900841,1,90.0,0.04787986170929115,0.986116130762075,59,1530.0
gebco_monterey_canyon_complex,GEBCO Monterey Canyon,Adaptive Spacing w/o GA,moderate_noise,68,99.53888888888889,0.801953791194962,1,90.0,-0.5565856949339595,1.0259893028195917,59,1530.0
gebco_monterey_canyon_complex,GEBCO Monterey Canyon,Adaptive Spacing w/o GA,moderate_noise,69,99.16666666666667,1.8814895694929115,1,90.0,-0.052810841265329714,1.0214621522629963,59,1530.0
gebco_monterey_canyon_complex,GEBCO Monterey Canyon,Adaptive Spacing w/o GA,moderate_noise,70,99.79444444444444,0.2288599215423502,1,90.0,-0.1491774185572674,0.9566788005474541,59,1530.0
gebco_monterey_canyon_complex,GEBCO Monterey Canyon,Adaptive Spacing w/o GA,moderate_noise,71,99.20555555555556,0.6740841151638296,1,90.0,0.17844853637200297,0.9915525800270153,59,1530.0
gebco_monterey_canyon_complex,GEBCO Monterey Canyon,Adaptive Spacing w/o GA,moderate_noise,72,99.50555555555556,0.7307026800468527,1,90.0,-0.28901100101856664,1.0063869483046803,59,1530.0
gebco_monterey_canyon_complex,GEBCO Monterey Canyon,Adaptive Spacing w/o GA,moderate_noise,73,99.33888888888889,0.024477626109693208,1,90.0,-0.2668028252764167,0.9489533627058853,59,1530.0
gebco_monterey_canyon_complex,GEBCO Monterey Canyon,Adaptive Spacing w/o GA,moderate_noise,74,100.0,0.8508015224387498,1,90.0,-0.09402668684521942,1.005536957171844,59,1530.0
gebco_monterey_canyon_complex,GEBCO Monterey Canyon,Adaptive Spacing w/o GA,moderate_noise,75,98.68333333333334,1.68866816157056,1,90.0,0.8319994040632019,1.0191560641956068,59,1530.0
gebco_monterey_canyon_complex,GEBCO Monterey Canyon,Adaptive Spacing w/o GA,moderate_noise,76,99.41111111111111,0.4973373983995187,1,90.0,0.15122717936167376,0.9904792476516198,59,1530.0
gebco_monterey_canyon_complex,GEBCO Monterey Canyon,Adaptive Spacing w/o GA,moderate_noise,77,99.31666666666666,0.18112592814719927,1,90.0,-0.11870673643230935,0.9530581304439131,59,1530.0
gebco_monterey_canyon_complex,GEBCO Monterey Canyon,Adaptive Spacing w/o GA,moderate_noise,78,99.88333333333334,0.44791736593907644,1,90.0,-0.03254856734615865,0.9852683359619717,59,1530.0
gebco_monterey_canyon_complex,GEBCO Monterey Canyon,Adaptive Spacing w/o GA,moderate_noise,79,99.07777777777778,0.17203068147531173,1,90.0,0.33292936989497507,0.9586035534479067,59,1530.0
gebco_monterey_canyon_complex,GEBCO Monterey Canyon,Adaptive Spacing w/o GA,moderate_noise,80,99.24444444444444,0.002794409836745446,1,90.0,0.3424634449999336,0.9516312886429656,59,1530.0
gebco_monterey_canyon_complex,GEBCO Monterey Canyon,Adaptive Spacing w/o GA,moderate_noise,81,98.83333333333333,0.3252289975536104,1,90.0,-0.7772718809848616,0.9888036049628639,59,1530.0
gebco_monterey_canyon_complex,GEBCO Monterey Canyon,Adaptive Spacing w/o GA,moderate_noise,82,98.79444444444444,0.6406285264905941,1,90.0,0.5481863680726321,1.0027005947360774,59,1530.0
gebco_monterey_canyon_complex,GEBCO Monterey Canyon,Adaptive Spacing w/o GA,moderate_noise,83,98.99444444444444,0.49678163616066096,1,90.0,0.6957944665758364,0.9985691068693566,59,1530.0
gebco_monterey_canyon_complex,GEBCO Monterey Canyon,Adaptive Spacing w/o GA,moderate_noise,84,99.28333333333333,0.930791542218126,1,90.0,-0.39539463215304427,0.9904283911344054,59,1530.0
gebco_monterey_canyon_complex,GEBCO Monterey Canyon,Adaptive Spacing w/o GA,moderate_noise,85,98.72222222222223,0.2743208600671495,1,90.0,0.11357418014544411,0.9752946548005619,59,1530.0
gebco_monterey_canyon_complex,GEBCO Monterey Canyon,Adaptive Spacing w/o GA,moderate_noise,86,98.84444444444445,1.3469040827180025,1,90.0,0.5612448193988027,1.038828625296863,59,1530.0
gebco_monterey_canyon_complex,GEBCO Monterey Canyon,Adaptive Spacing w/o GA,moderate_noise,87,99.46111111111111,0.8304940712256575,1,90.0,-0.40507590518120007,1.006989410229489,59,1530.0
gebco_monterey_canyon_complex,GEBCO Monterey Canyon,Adaptive Spacing w/o GA,moderate_noise,88,99.35000000000001,1.0857898283900598,1,90.0,-0.41553674013481506,1.0306966034338076,59,1530.0
gebco_monterey_canyon_complex,GEBCO Monterey Canyon,Adaptive Spacing w/o GA,moderate_noise,89,98.73888888888888,0.9844867186194434,1,90.0,0.7323370150547848,1.0135187871085147,59,1530.0
gebco_monterey_canyon_complex,GEBCO Monterey Canyon,Adaptive Spacing w/o GA,moderate_noise,90,99.82777777777778,0.3663313337172198,1,90.0,-0.08024842556959157,0.9654077705477981,59,1530.0
gebco_monterey_canyon_complex,GEBCO Monterey Canyon,Adaptive Spacing w/o GA,moderate_noise,91,99.97777777777777,0.9836314406129657,1,90.0,0.09559628375031881,1.0220883528730207,59,1530.0
gebco_monterey_canyon_complex,GEBCO Monterey Canyon,Adaptive Spacing w/o GA,moderate_noise,92,99.11111111111111,0.3548982585639731,1,90.0,0.5008575694285788,0.9902845192739548,59,1530.0
gebco_monterey_canyon_complex,GEBCO Monterey Canyon,Adaptive Spacing w/o GA,moderate_noise,93,99.95555555555555,2.992390524576308,1,90.0,-0.13008082724254344,1.075183297758893,59,1530.0
gebco_monterey_canyon_complex,GEBCO Monterey Canyon,Adaptive Spacing w/o GA,moderate_noise,94,99.2,0.3660725384018393,1,90.0,-0.5493673659274465,0.9736534800150995,59,1530.0
gebco_monterey_canyon_complex,GEBCO Monterey Canyon,Adaptive Spacing w/o GA,moderate_noise,95,99.75,0.5546648586360892,1,90.0,-0.14593612577300863,0.9831287036586848,59,1530.0
gebco_monterey_canyon_complex,GEBCO Monterey Canyon,Adaptive Spacing w/o GA,moderate_noise,96,99.12777777777778,0.12211565419522005,1,90.0,0.0063154700549372545,0.959713251622319,59,1530.0
gebco_monterey_canyon_complex,GEBCO Monterey Canyon,Adaptive Spacing w/o GA,moderate_noise,97,98.22222222222223,0.07552436096498255,1,90.0,0.9869876002119783,0.9425314735150616,59,1530.0
gebco_monterey_canyon_complex,GEBCO Monterey Canyon,Adaptive Spacing w/o GA,moderate_noise,98,99.2611111111111,0.3352771804910888,1,90.0,-0.49704125653735304,0.9788576541600961,59,1530.0
gebco_monterey_canyon_complex,GEBCO Monterey Canyon,Adaptive Spacing w/o GA,moderate_noise,99,99.73333333333333,0.16449524366582668,1,90.0,-0.19860109051837221,0.9952748704103032,59,1530.0
gebco_monterey_canyon_complex,GEBCO Monterey Canyon,Adaptive Spacing w/o GA,moderate_noise,100,99.31666666666666,1.9726251072318208,1,90.0,0.18203887321114454,1.0480929325281299,59,1530.0
gebco_monterey_canyon_complex,GEBCO Monterey Canyon,Adaptive Spacing w/o GA,moderate_noise,101,99.70555555555556,0.5678009768204192,1,90.0,-0.22677564294965552,0.9873165383964821,59,1530.0
gebco_monterey_canyon_complex,GEBCO Monterey Canyon,Adaptive Spacing w/o GA,moderate_noise,102,98.57222222222222,0.4301046223975282,1,90.0,0.6367380260388554,0.9674537727400793,59,1530.0
gebco_monterey_canyon_complex,GEBCO Monterey Canyon,Adaptive Spacing w/o GA,moderate_noise,103,99.55555555555556,1.0393336798449677,1,90.0,-0.495461010594487,1.029272490492875,59,1530.0
gebco_monterey_canyon_complex,GEBCO Monterey Canyon,Adaptive Spacing w/o GA,moderate_noise,104,99.1888888888889,0.9142988542492316,1,90.0,0.3370109173125476,1.0224678409979568,59,1530.0
gebco_monterey_canyon_complex,GEBCO Monterey Canyon,Adaptive Spacing w/o GA,moderate_noise,105,99.07222222222222,0.4855230207897062,1,90.0,0.39683205303052443,0.9855774998461054,59,1530.0
gebco_monterey_canyon_complex,GEBCO Monterey Canyon,Adaptive Spacing w/o GA,moderate_noise,106,99.16666666666667,0.20983361263742825,1,90.0,0.03084956736326977,0.9752235515459574,59,1530.0
gebco_monterey_canyon_complex,GEBCO Monterey Canyon,Adaptive Spacing w/o GA,moderate_noise,107,99.41111111111111,2.728717568617939,1,90.0,-0.4949131729397504,1.0615376309357554,59,1530.0
gebco_monterey_canyon_complex,GEBCO Monterey Canyon,Adaptive Spacing w/o GA,moderate_noise,108,98.67222222222222,0.24788368518760126,1,90.0,0.4838815308134664,0.9531497531894645,59,1530.0
gebco_monterey_canyon_complex,GEBCO Monterey Canyon,Adaptive Spacing w/o GA,moderate_noise,109,99.16666666666667,0.9489162200180581,1,90.0,0.33317872864595405,1.024876855162233,59,1530.0
gebco_monterey_canyon_complex,GEBCO Monterey Canyon,Adaptive Spacing w/o GA,moderate_noise,110,99.21111111111112,1.7485909609853478,1,90.0,0.2479497774752298,1.046165937509872,59,1530.0
gebco_monterey_canyon_complex,GEBCO Monterey Canyon,Adaptive Spacing w/o GA,moderate_noise,111,98.91111111111111,0.4408930129874653,1,90.0,0.5833489068737945,0.9805619218076419,59,1530.0
gebco_monterey_canyon_complex,GEBCO Monterey Canyon,Adaptive Spacing w/o GA,moderate_noise,112,99.25555555555555,0.5322598493117009,1,90.0,-0.5992070496692757,1.0114899623337972,59,1530.0
gebco_monterey_canyon_complex,GEBCO Monterey Canyon,Adaptive Spacing w/o GA,moderate_noise,113,99.19444444444444,0.4415960473541264,1,90.0,-0.6388582204795389,1.0262528551203682,59,1530.0
gebco_monterey_canyon_complex,GEBCO Monterey Canyon,Adaptive Spacing w/o GA,moderate_noise,114,99.21666666666667,0.3917740673640664,1,90.0,0.3089130042147706,0.9736934326372325,59,1530.0
gebco_monterey_canyon_complex,GEBCO Monterey Canyon,Adaptive Spacing w/o GA,moderate_noise,115,100.0,1.256768444327034,1,90.0,-0.06599078953034944,1.0247138668884082,59,1530.0
gebco_monterey_canyon_complex,GEBCO Monterey Canyon,Adaptive Spacing w/o GA,moderate_noise,116,100.0,0.40227847321258886,1,90.0,-0.05275705713095153,0.9757919932615755,59,1530.0
gebco_monterey_canyon_complex,GEBCO Monterey Canyon,Adaptive Spacing w/o GA,moderate_noise,117,98.93888888888888,0.2079948851762337,1,90.0,0.0036389933031576904,0.9433827698979819,59,1530.0
gebco_monterey_canyon_complex,GEBCO Monterey Canyon,Adaptive Spacing w/o GA,moderate_noise,118,99.13888888888889,0.284924129276088,1,90.0,0.36250048441450666,0.987080883905688,59,1530.0
gebco_monterey_canyon_complex,GEBCO Monterey Canyon,Adaptive Spacing w/o GA,moderate_noise,119,99.35555555555555,0.7988035324652482,1,90.0,-0.6017075731182572,1.0297663734902014,59,1530.0
gebco_monterey_canyon_complex,GEBCO Monterey Canyon,Adaptive Spacing w/o GA,moderate_noise,120,98.60555555555555,1.1064167150913222,1,90.0,0.7606914393809837,1.0094774818159067,59,1530.0
gebco_monterey_canyon_complex,GEBCO Monterey Canyon,Adaptive Spacing w/o GA,moderate_noise,121,99.82777777777778,0.14330374381139926,1,90.0,0.03757304848981079,0.956521597343646,59,1530.0
gebco_monterey_canyon_complex,GEBCO Monterey Canyon,Adaptive Spacing w/o GA,moderate_noise,122,97.91666666666666,0.08639229643026317,1,90.0,0.6514291104178527,0.9162723188577117,59,1530.0
gebco_monterey_canyon_complex,GEBCO Monterey Canyon,Adaptive Spacing w/o GA,moderate_noise,123,99.91111111111111,0.03991457877712752,1,90.0,0.048468736793112574,0.9535865032041249,59,1530.0
gebco_monterey_canyon_complex,GEBCO Monterey Canyon,Adaptive Spacing w/o GA,moderate_noise,124,99.36111111111111,1.3467887319853875,1,90.0,-0.6012409731765782,1.0282508795537475,59,1530.0
gebco_monterey_canyon_complex,GEBCO Monterey Canyon,Adaptive Spacing w/o GA,moderate_noise,125,98.62777777777778,0.19240721422997126,1,90.0,0.6073854000968477,0.9974729039719418,59,1530.0
gebco_monterey_canyon_complex,GEBCO Monterey Canyon,Adaptive Spacing w/o GA,moderate_noise,126,98.4,0.9750627563290254,1,90.0,-1.3587988731290759,1.0179230879120076,59,1530.0
gebco_monterey_canyon_complex,GEBCO Monterey Canyon,Adaptive Spacing w/o GA,moderate_noise,127,99.30555555555556,0.2568286610992468,1,90.0,-0.44485721223594515,0.9649891871491761,59,1530.0
gebco_monterey_canyon_complex,GEBCO Monterey Canyon,Adaptive Spacing w/o GA,moderate_noise,128,99.07222222222222,0.7854798741202834,1,90.0,0.40007067167014826,1.0124641719504097,59,1530.0
gebco_monterey_canyon_complex,GEBCO Monterey Canyon,Adaptive Spacing w/o GA,moderate_noise,129,99.57777777777778,1.6653155999007219,1,90.0,-0.3857672692135365,1.0415146785698712,59,1530.0
gebco_monterey_canyon_complex,GEBCO Monterey Canyon,Adaptive Spacing w/o GA,moderate_noise,130,98.82222222222222,0.14518817123862507,1,90.0,0.5543029657484212,0.9786528480619536,59,1530.0
gebco_monterey_canyon_complex,GEBCO Monterey Canyon,Adaptive Spacing w/o GA,moderate_noise,131,99.16666666666667,0.8819609560418177,1,90.0,0.1687017989462165,1.0153061079490584,59,1530.0
gebco_monterey_canyon_complex,GEBCO Monterey Canyon,Adaptive Spacing w/o GA,moderate_noise,132,98.19444444444444,0.08098402161627527,1,90.0,0.8827417172473471,0.9490198197148337,59,1530.0
gebco_monterey_canyon_complex,GEBCO Monterey Canyon,Adaptive Spacing w/o GA,moderate_noise,133,100.0,1.059492779711369,1,90.0,-0.03647605380397409,1.0223502776257716,59,1530.0
gebco_monterey_canyon_complex,GEBCO Monterey Canyon,Adaptive Spacing w/o GA,moderate_noise,134,99.04444444444445,1.3477358875426717,1,90.0,-0.8306018932444242,1.0351641767504491,59,1530.0
gebco_monterey_canyon_complex,GEBCO Monterey Canyon,Adaptive Spacing w/o GA,moderate_noise,135,99.17222222222222,0.42249344525956495,1,90.0,-0.34185681098759,0.9860183644424932,59,1530.0
gebco_monterey_canyon_complex,GEBCO Monterey Canyon,Adaptive Spacing w/o GA,moderate_noise,136,100.0,0.6945998416574652,1,90.0,-0.011803949166796824,1.0063258692820027,59,1530.0
gebco_monterey_canyon_complex,GEBCO Monterey Canyon,Adaptive Spacing w/o GA,moderate_noise,137,99.21666666666667,0.5758837407494718,1,90.0,-0.4757951339851966,0.9879548257552448,59,1530.0
gebco_monterey_canyon_complex,GEBCO Monterey Canyon,Adaptive Spacing w/o GA,moderate_noise,138,99.06111111111112,0.37958556462369364,1,90.0,-0.6273606351404261,0.9864841994573774,59,1530.0
gebco_monterey_canyon_complex,GEBCO Monterey Canyon,Adaptive Spacing w/o GA,moderate_noise,139,99.32222222222222,0.6379229114924365,1,90.0,0.2437972235248285,1.0147345834080672,59,1530.0
gebco_monterey_canyon_complex,GEBCO Monterey Canyon,Adaptive Spacing w/o GA,moderate_noise,140,99.60555555555555,0.8599944551242099,1,90.0,-0.23516691934093728,1.0157535249928205,59,1530.0
gebco_monterey_canyon_complex,GEBCO Monterey Canyon,Adaptive Spacing w/o GA,moderate_noise,141,99.02777777777779,1.4809787006913617,1,90.0,0.43443161752363935,1.0398655544843376,59,1530.0
gebco_monterey_canyon_complex,GEBCO Monterey Canyon,Adaptive Spacing w/o GA,moderate_noise,142,99.03333333333333,0.9285911564565875,1,90.0,0.6916354140566854,1.0209440419408782,59,1530.0
gebco_monterey_canyon_complex,GEBCO Monterey Canyon,Adaptive Spacing w/o GA,moderate_noise,143,99.27777777777777,0.18301091223725205,1,90.0,-0.625602560291273,0.9911347136883231,59,1530.0
gebco_monterey_canyon_complex,GEBCO Monterey Canyon,Adaptive Spacing w/o GA,moderate_noise,144,99.6111111111111,0.3603600788147022,1,90.0,-0.09934293343910484,0.9959080075217467,59,1530.0
gebco_monterey_canyon_complex,GEBCO Monterey Canyon,Adaptive Spacing w/o GA,moderate_noise,145,99.16666666666667,0.5408517139286199,1,90.0,0.1179906556717418,1.0050809971236174,59,1530.0
gebco_monterey_canyon_complex,GEBCO Monterey Canyon,Adaptive Spacing w/o GA,moderate_noise,146,99.16666666666667,0.7500739755037978,1,90.0,0.07811238506418096,1.018087047354287,59,1530.0
gebco_monterey_canyon_complex,GEBCO Monterey Canyon,Adaptive Spacing w/o GA,moderate_noise,147,98.55555555555556,0.3792035773705312,1,90.0,1.0123386872182265,0.9858590310949998,59,1530.0
gebco_monterey_canyon_complex,GEBCO Monterey Canyon,Adaptive Spacing w/o GA,moderate_noise,148,99.32777777777778,1.328009258063256,1,90.0,-0.273763737912475,1.022587782536012,59,1530.0
gebco_monterey_canyon_complex,GEBCO Monterey Canyon,Adaptive Spacing w/o GA,moderate_noise,149,100.0,1.5915095777588153,1,90.0,0.04545578832380724,1.0392400960435695,59,1530.0
gebco_monterey_canyon_complex,GEBCO Monterey Canyon,Adaptive Spacing w/o GA,moderate_noise,150,99.28888888888889,1.6468999478907256,1,90.0,0.17834738902398292,1.0421328314684273,59,1530.0
gebco_monterey_canyon_complex,GEBCO Monterey Canyon,Adaptive Spacing w/o GA,moderate_noise,151,99.12777777777778,0.5324577813417072,1,90.0,0.3536871860322575,1.007553569844659,59,1530.0
gebco_monterey_canyon_complex,GEBCO Monterey Canyon,Adaptive Spacing w/o GA,moderate_noise,152,99.16666666666667,0.8159666587138268,1,90.0,0.2903074515661917,0.9834277876709827,59,1530.0
gebco_monterey_canyon_complex,GEBCO Monterey Canyon,Adaptive Spacing w/o GA,moderate_noise,153,99.80555555555556,0.5635172264104251,1,90.0,-0.09372995173285538,1.0130356446538047,59,1530.0
gebco_monterey_canyon_complex,GEBCO Monterey Canyon,Adaptive Spacing w/o GA,moderate_noise,154,99.0,1.7314674890934303,1,90.0,0.7064726385961214,1.0498489046048594,59,1530.0
gebco_monterey_canyon_complex,GEBCO Monterey Canyon,Adaptive Spacing w/o GA,moderate_noise,155,98.9888888888889,0.5914673523731938,1,90.0,0.141358957802857,0.9935069206459127,59,1530.0
gebco_monterey_canyon_complex,GEBCO Monterey Canyon,Adaptive Spacing w/o GA,moderate_noise,156,98.96111111111111,0.15262957009186562,1,90.0,-0.5323697020233714,0.9777592054753237,59,1530.0
gebco_monterey_canyon_complex,GEBCO Monterey Canyon,Adaptive Spacing w/o GA,moderate_noise,157,99.32777777777778,0.9153181513542099,1,90.0,-0.4028495839392681,1.0059929928139877,59,1530.0
gebco_monterey_canyon_complex,GEBCO Monterey Canyon,Adaptive Spacing w/o GA,moderate_noise,158,98.4,0.803292945213122,1,90.0,1.056009253620188,1.0035644976424,59,1530.0
gebco_monterey_canyon_complex,GEBCO Monterey Canyon,Adaptive Spacing w/o GA,moderate_noise,159,99.40555555555555,1.605385530926313,1,90.0,0.20166840129087432,1.0564216962870399,59,1530.0
gebco_monterey_canyon_complex,GEBCO Monterey Canyon,Adaptive Spacing w/o GA,moderate_noise,160,99.50555555555556,1.1745263785818496,1,90.0,0.010364673786450668,1.0126069648285796,59,1530.0
gebco_monterey_canyon_complex,GEBCO Monterey Canyon,Adaptive Spacing w/o GA,moderate_noise,161,98.83888888888889,0.0799972345183093,1,90.0,0.1408913910877911,0.940274838953225,59,1530.0
gebco_monterey_canyon_complex,GEBCO Monterey Canyon,Adaptive Spacing w/o GA,moderate_noise,162,99.02777777777779,0.14504539496443358,1,90.0,-0.34303444045419823,0.95144306166851,59,1530.0
gebco_monterey_canyon_complex,GEBCO Monterey Canyon,Adaptive Spacing w/o GA,moderate_noise,163,99.05000000000001,0.35280040417770964,1,90.0,0.09941101909935023,0.9837686789200956,59,1530.0
gebco_monterey_canyon_complex,GEBCO Monterey Canyon,Adaptive Spacing w/o GA,moderate_noise,164,99.74444444444444,0.24042733138893668,1,90.0,-0.12638300169250655,0.9786892639227139,59,1530.0
gebco_monterey_canyon_complex,GEBCO Monterey Canyon,Adaptive Spacing w/o GA,moderate_noise,165,99.0,0.2276786540432997,1,90.0,-0.09050777411147626,0.9478558850444265,59,1530.0
gebco_monterey_canyon_complex,GEBCO Monterey Canyon,Adaptive Spacing w/o GA,moderate_noise,166,99.3,1.1216490576004439,1,90.0,0.30377827331505175,1.0069832775539778,59,1530.0
gebco_monterey_canyon_complex,GEBCO Monterey Canyon,Adaptive Spacing w/o GA,moderate_noise,167,99.79444444444444,1.2242249634262563,1,90.0,-0.05626883814240578,1.0198231232761017,59,1530.0
gebco_monterey_canyon_complex,GEBCO Monterey Canyon,Adaptive Spacing w/o GA,moderate_noise,168,98.52222222222223,0.42927584479772357,1,90.0,0.9164403166549012,0.9951645142916822,59,1530.0
gebco_monterey_canyon_complex,GEBCO Monterey Canyon,Adaptive Spacing w/o GA,moderate_noise,169,99.48333333333333,0.30975716418693044,1,90.0,-0.22735616931513442,0.9816361591135307,59,1530.0
gebco_monterey_canyon_complex,GEBCO Monterey Canyon,Adaptive Spacing w/o GA,moderate_noise,170,99.40555555555555,0.26877814932091504,1,90.0,-0.2773691918426179,0.965244242140434,59,1530.0
gebco_monterey_canyon_complex,GEBCO Monterey Canyon,Adaptive Spacing w/o GA,moderate_noise,171,98.69444444444444,0.17620377668658632,1,90.0,0.23636808628818973,0.931833507539578,59,1530.0
gebco_monterey_canyon_complex,GEBCO Monterey Canyon,Adaptive Spacing w/o GA,moderate_noise,172,98.61111111111111,0.499132269924872,1,90.0,-0.0914383819372774,0.9952083013638133,59,1530.0
gebco_monterey_canyon_complex,GEBCO Monterey Canyon,Adaptive Spacing w/o GA,moderate_noise,173,99.2388888888889,0.5971680828706742,1,90.0,0.1912956105372028,0.9890561167163694,59,1530.0
gebco_monterey_canyon_complex,GEBCO Monterey Canyon,Adaptive Spacing w/o GA,moderate_noise,174,99.16666666666667,0.47245707893473676,1,90.0,0.015439535334756314,0.9855007307403915,59,1530.0
gebco_monterey_canyon_complex,GEBCO Monterey Canyon,Adaptive Spacing w/o GA,moderate_noise,175,99.77777777777777,2.7194998411827327,1,90.0,0.07385158427261498,1.0889750904646596,59,1530.0
gebco_monterey_canyon_complex,GEBCO Monterey Canyon,Adaptive Spacing w/o GA,moderate_noise,176,98.54444444444445,0.09940563711918346,1,90.0,0.5898387410401357,0.9353108988222913,59,1530.0
gebco_monterey_canyon_complex,GEBCO Monterey Canyon,Adaptive Spacing w/o GA,moderate_noise,177,99.70555555555556,0.7631570780647091,1,90.0,0.07560504737748647,1.0061410951921048,59,1530.0
gebco_monterey_canyon_complex,GEBCO Monterey Canyon,Adaptive Spacing w/o GA,moderate_noise,178,99.47777777777777,0.36140358957902863,1,90.0,0.20776126124899152,0.994544450698782,59,1530.0
gebco_monterey_canyon_complex,GEBCO Monterey Canyon,Adaptive Spacing w/o GA,moderate_noise,179,99.12222222222222,0.5986052938095886,1,90.0,0.29697981520732614,0.9719205196367149,59,1530.0
gebco_monterey_canyon_complex,GEBCO Monterey Canyon,Adaptive Spacing w/o GA,moderate_noise,180,98.67777777777778,0.09211976434764013,1,90.0,0.3893455251525807,0.9413361372773634,59,1530.0
gebco_monterey_canyon_complex,GEBCO Monterey Canyon,Adaptive Spacing w/o GA,moderate_noise,181,98.46111111111111,0.4724085875992625,1,90.0,0.8776070909615896,0.974079028398049,59,1530.0
gebco_monterey_canyon_complex,GEBCO Monterey Canyon,Adaptive Spacing w/o GA,moderate_noise,182,99.14444444444445,1.1607311916651362,1,90.0,0.5166319611798111,1.020492957573789,59,1530.0
gebco_monterey_canyon_complex,GEBCO Monterey Canyon,Adaptive Spacing w/o GA,moderate_noise,183,99.24444444444444,0.8506041664291717,1,90.0,-0.5125661858896916,1.0187100716018445,59,1530.0
gebco_monterey_canyon_complex,GEBCO Monterey Canyon,Adaptive Spacing w/o GA,moderate_noise,184,98.45555555555555,0.09949583599034198,1,90.0,0.8551378690344499,0.9522021669031598,59,1530.0
gebco_monterey_canyon_complex,GEBCO Monterey Canyon,Adaptive Spacing w/o GA,moderate_noise,185,99.32222222222222,0.3382681779012923,1,90.0,0.3203823484305226,1.001465389831779,59,1530.0
gebco_monterey_canyon_complex,GEBCO Monterey Canyon,Adaptive Spacing w/o GA,moderate_noise,186,99.55555555555556,1.095358589204961,1,90.0,0.02588270726100706,1.0131037652788193,59,1530.0
gebco_monterey_canyon_complex,GEBCO Monterey Canyon,Adaptive Spacing w/o GA,moderate_noise,187,99.34444444444445,0.4932369220456671,1,90.0,0.03354586999634818,0.9901900498469116,59,1530.0
gebco_monterey_canyon_complex,GEBCO Monterey Canyon,Adaptive Spacing w/o GA,moderate_noise,188,99.2,0.12864896809346504,1,90.0,-0.11731059748735503,0.9355743597051338,59,1530.0
gebco_monterey_canyon_complex,GEBCO Monterey Canyon,Adaptive Spacing w/o GA,moderate_noise,189,99.56111111111112,2.9434866508479574,1,90.0,0.125470730519513,1.0752341538363306,59,1530.0
gebco_monterey_canyon_complex,GEBCO Monterey Canyon,Adaptive Spacing w/o GA,moderate_noise,190,99.28333333333333,1.18151922660017,1,90.0,-0.25547090131988603,1.0145933769791422,59,1530.0
gebco_monterey_canyon_complex,GEBCO Monterey Canyon,Adaptive Spacing w/o GA,moderate_noise,191,99.75555555555556,0.4724024814393608,1,90.0,-0.22941225902317797,1.0109706375154064,59,1530.0
gebco_monterey_canyon_complex,GEBCO Monterey Canyon,Adaptive Spacing w/o GA,moderate_noise,192,99.01666666666667,0.7125983081448275,1,90.0,-0.5882811306927844,1.0010818490505367,59,1530.0
gebco_monterey_canyon_complex,GEBCO Monterey Canyon,Adaptive Spacing w/o GA,moderate_noise,193,98.7611111111111,0.6411969067066559,1,90.0,0.7621402812788027,1.009710817085068,59,1530.0
gebco_monterey_canyon_complex,GEBCO Monterey Canyon,Adaptive Spacing w/o GA,moderate_noise,194,99.15,0.6185104443364011,1,90.0,-0.7002625678814957,0.9831316558891052,59,1530.0
gebco_monterey_canyon_complex,GEBCO Monterey Canyon,Adaptive Spacing w/o GA,moderate_noise,195,99.16666666666667,1.063152163201081,1,90.0,0.2761241945483572,1.0251938172058344,59,1530.0
gebco_monterey_canyon_complex,GEBCO Monterey Canyon,Adaptive Spacing w/o GA,moderate_noise,196,99.08333333333333,0.3570714571613679,1,90.0,-0.7823838443053567,0.993364005961431,59,1530.0
gebco_monterey_canyon_complex,GEBCO Monterey Canyon,Adaptive Spacing w/o GA,moderate_noise,197,99.32222222222222,0.27542465996509197,1,90.0,0.3967408223205981,0.9877284097294725,59,1530.0
gebco_monterey_canyon_complex,GEBCO Monterey Canyon,Adaptive Spacing w/o GA,moderate_noise,198,99.16666666666667,0.23008212769199032,1,90.0,-0.015103236834691468,0.9555054451950431,59,1530.0
gebco_monterey_canyon_complex,GEBCO Monterey Canyon,Adaptive Spacing w/o GA,moderate_noise,199,99.22777777777779,0.7240130128588204,1,90.0,0.20576026702511557,1.0086550471561542,59,1530.0
gebco_monterey_canyon_complex,GEBCO Monterey Canyon,Adaptive Spacing w/o GA,moderate_noise,200,99.59444444444443,0.8627598232343551,1,90.0,-0.3182729066232935,1.004421633980524,59,1530.0
gebco_monterey_canyon_complex,GEBCO Monterey Canyon,Adaptive Spacing w/o GA,moderate_noise,201,98.82777777777778,0.6270643524021552,1,90.0,0.191313741934387,0.9711183762891811,59,1530.0
gebco_monterey_canyon_complex,GEBCO Monterey Canyon,Adaptive Spacing w/o GA,moderate_noise,202,99.24444444444444,0.44362501343239513,1,90.0,-0.536380667349824,0.9870113052014666,59,1530.0
gebco_monterey_canyon_complex,GEBCO Monterey Canyon,Adaptive Spacing w/o GA,moderate_noise,203,99.30555555555556,0.33386021038056135,1,90.0,-0.6484775542082502,0.9893623848775189,59,1530.0
gebco_monterey_canyon_complex,GEBCO Monterey Canyon,Adaptive Spacing w/o GA,moderate_noise,204,99.33888888888889,0.5044868082738589,1,90.0,0.3873107512716729,0.9890833344805602,59,1530.0
gebco_monterey_canyon_complex,GEBCO Monterey Canyon,Adaptive Spacing w/o GA,moderate_noise,205,98.90555555555555,0.2970760227055203,1,90.0,0.5145689877824552,0.9764553562942201,59,1530.0
gebco_monterey_canyon_complex,GEBCO Monterey Canyon,Adaptive Spacing w/o GA,moderate_noise,206,99.16111111111111,0.172843440922349,1,90.0,0.3236885602214752,0.9891894243653038,59,1530.0
gebco_monterey_canyon_complex,GEBCO Monterey Canyon,Adaptive Spacing w/o GA,moderate_noise,207,99.5111111111111,0.7436821441733872,1,90.0,-0.1291132692734583,1.0192977643654868,59,1530.0
gebco_monterey_canyon_complex,GEBCO Monterey Canyon,Adaptive Spacing w/o GA,moderate_noise,208,100.0,1.85353115771925,1,90.0,-0.05130560287549232,1.0517303851249833,59,1530.0
gebco_monterey_canyon_complex,GEBCO Monterey Canyon,Adaptive Spacing w/o GA,moderate_noise,209,98.92222222222222,0.27991975452674767,1,90.0,-0.6543833107589482,0.9451374008815691,59,1530.0
gebco_monterey_canyon_complex,GEBCO Monterey Canyon,Adaptive Spacing w/o GA,moderate_noise,210,99.88333333333334,0.942169686178603,1,90.0,-0.08808269842670828,1.034014128291156,59,1530.0
gebco_monterey_canyon_complex,GEBCO Monterey Canyon,Adaptive Spacing w/o GA,moderate_noise,211,99.3111111111111,0.38144492678180175,1,90.0,0.44133880167648426,0.9900708182667035,59,1530.0
gebco_monterey_canyon_complex,GEBCO Monterey Canyon,Adaptive Spacing w/o GA,moderate_noise,212,99.12777777777778,0.7439094507823648,1,90.0,-0.26752306658152053,1.0071869055603022,59,1530.0
gebco_monterey_canyon_complex,GEBCO Monterey Canyon,Adaptive Spacing w/o GA,moderate_noise,213,99.3,0.5946237089169693,1,90.0,-0.20191427526680106,0.9774446533365962,59,1530.0
gebco_monterey_canyon_complex,GEBCO Monterey Canyon,Adaptive Spacing w/o GA,moderate_noise,214,98.65555555555555,0.7808415547653516,1,90.0,0.8068521148504114,0.992565460876373,59,1530.0
gebco_monterey_canyon_complex,GEBCO Monterey Canyon,Adaptive Spacing w/o GA,moderate_noise,215,99.07222222222222,0.39715455256964166,1,90.0,0.29112225244654916,0.9956998186392179,59,1530.0
gebco_monterey_canyon_complex,GEBCO Monterey Canyon,Adaptive Spacing w/o GA,moderate_noise,216,99.68333333333334,0.7487444820190683,1,90.0,-0.08791882601036378,1.0044920106836421,59,1530.0
gebco_monterey_canyon_complex,GEBCO Monterey Canyon,Adaptive Spacing w/o GA,moderate_noise,217,98.60555555555555,1.0506804421820324,1,90.0,0.6266463702845285,1.0238698769407368,59,1530.0
gebco_monterey_canyon_complex,GEBCO Monterey Canyon,Adaptive Spacing w/o GA,moderate_noise,218,99.45,0.2917510601998914,1,90.0,-0.5851479195426297,0.9818164193617517,59,1530.0
gebco_monterey_canyon_complex,GEBCO Monterey Canyon,Adaptive Spacing w/o GA,moderate_noise,219,99.16666666666667,0.9671458753065985,1,90.0,-0.040236345743545704,1.012643028412225,59,1530.0
gebco_monterey_canyon_complex,GEBCO Monterey Canyon,Adaptive Spacing w/o GA,moderate_noise,220,98.9,0.5209094178432174,1,90.0,0.5047857208713586,0.9859435149169449,59,1530.0
gebco_monterey_canyon_complex,GEBCO Monterey Canyon,Adaptive Spacing w/o GA,moderate_noise,221,99.16666666666667,0.787438333133129,1,90.0,0.09220568823957612,0.9908073857103209,59,1530.0
gebco_monterey_canyon_complex,GEBCO Monterey Canyon,Adaptive Spacing w/o GA,moderate_noise,222,99.14444444444445,0.8030309616652818,1,90.0,0.5748833979668891,1.010796383537965,59,1530.0
gebco_monterey_canyon_complex,GEBCO Monterey Canyon,Adaptive Spacing w/o GA,moderate_noise,223,99.55555555555556,1.3781852738152633,1,90.0,-0.3677568674017223,1.0306703193675861,59,1530.0
gebco_monterey_canyon_complex,GEBCO Monterey Canyon,Adaptive Spacing w/o GA,moderate_noise,224,99.1888888888889,0.23614270906234403,1,90.0,-0.2823941629271403,0.9730059265592045,59,1530.0
gebco_monterey_canyon_complex,GEBCO Monterey Canyon,Adaptive Spacing w/o GA,moderate_noise,225,98.79444444444444,0.43343948107925045,1,90.0,0.5730681780450905,0.9767119417121556,59,1530.0
gebco_monterey_canyon_complex,GEBCO Monterey Canyon,Adaptive Spacing w/o GA,moderate_noise,226,99.17222222222222,0.14894343448398795,1,90.0,-0.5395034766858632,0.9844616649637291,59,1530.0
gebco_monterey_canyon_complex,GEBCO Monterey Canyon,Adaptive Spacing w/o GA,moderate_noise,227,99.23333333333333,2.005774351469008,1,90.0,-0.6425262147740387,1.0629298180437126,59,1530.0
gebco_monterey_canyon_complex,GEBCO Monterey Canyon,Adaptive Spacing w/o GA,moderate_noise,228,100.0,1.4758870502568284,1,90.0,-0.09112440344816951,1.035889294705022,59,1530.0
gebco_monterey_canyon_complex,GEBCO Monterey Canyon,Adaptive Spacing w/o GA,moderate_noise,229,98.12222222222222,0.7630455343564319,1,90.0,-1.5957202563617816,1.0004965876269871,59,1530.0
gebco_monterey_canyon_complex,GEBCO Monterey Canyon,Adaptive Spacing w/o GA,moderate_noise,230,99.16111111111111,0.8064174853884917,1,90.0,-0.7588967204457296,1.0157988909823914,59,1530.0
gebco_monterey_canyon_complex,GEBCO Monterey Canyon,Adaptive Spacing w/o GA,moderate_noise,231,98.95555555555555,0.8559987183362371,1,90.0,0.48027604218867204,1.0124350028157483,59,1530.0
gebco_monterey_canyon_complex,GEBCO Monterey Canyon,Adaptive Spacing w/o GA,moderate_noise,232,99.16666666666667,0.7009669646388814,1,90.0,0.34970832620793924,1.01588600376125,59,1530.0
gebco_monterey_canyon_complex,GEBCO Monterey Canyon,Adaptive Spacing w/o GA,moderate_noise,233,99.11666666666666,0.610469603014599,1,90.0,-0.40615001673020795,0.9882162238035765,59,1530.0
gebco_monterey_canyon_complex,GEBCO Monterey Canyon,Adaptive Spacing w/o GA,moderate_noise,234,99.37777777777778,1.247541123520058,1,90.0,-0.48731543040894293,1.019470429906291,59,1530.0
gebco_monterey_canyon_complex,GEBCO Monterey Canyon,Adaptive Spacing w/o GA,moderate_noise,235,99.1888888888889,0.09043897637239784,1,90.0,0.133581815118668,0.9728068160635701,59,1530.0
gebco_monterey_canyon_complex,GEBCO Monterey Canyon,Adaptive Spacing w/o GA,moderate_noise,236,99.3,1.100358030302621,1,90.0,-0.3478377181262677,1.0107797595334487,59,1530.0
gebco_monterey_canyon_complex,GEBCO Monterey Canyon,Adaptive Spacing w/o GA,moderate_noise,237,98.87222222222222,0.05952184787047913,1,90.0,0.7739614338123653,0.9688465677409491,59,1530.0
gebco_monterey_canyon_complex,GEBCO Monterey Canyon,Adaptive Spacing w/o GA,moderate_noise,238,99.32222222222222,0.7181894926600172,1,90.0,0.21771193355939678,1.004922061897289,59,1530.0
gebco_monterey_canyon_complex,GEBCO Monterey Canyon,Adaptive Spacing w/o GA,moderate_noise,239,99.0,0.07963809074274436,1,90.0,0.23048699518758767,0.9602444909196328,59,1530.0
gebco_monterey_canyon_complex,GEBCO Monterey Canyon,Adaptive Spacing w/o GA,moderate_noise,240,99.22222222222223,0.30000218677915413,1,90.0,-0.48355842994394294,0.9790878586694967,59,1530.0
gebco_monterey_canyon_complex,GEBCO Monterey Canyon,Adaptive Spacing w/o GA,moderate_noise,241,99.23333333333333,0.405436212280366,1,90.0,0.13588723726146965,1.01353795868412,59,1530.0
gebco_monterey_canyon_complex,GEBCO Monterey Canyon,Adaptive Spacing w/o GA,moderate_noise,242,99.40555555555555,2.302966900924836,1,90.0,-0.40574182730998326,1.072320022708581,59,1530.0
gebco_monterey_canyon_complex,GEBCO Monterey Canyon,Adaptive Spacing w/o GA,moderate_noise,243,99.36666666666667,0.5301897732484249,1,90.0,-0.508172942740509,1.0114403111678951,59,1530.0
gebco_monterey_canyon_complex,GEBCO Monterey Canyon,Adaptive Spacing w/o GA,moderate_noise,244,98.63888888888889,0.9527136185456697,1,90.0,0.8072639694481236,1.0233779126302498,59,1530.0
gebco_monterey_canyon_complex,GEBCO Monterey Canyon,Adaptive Spacing w/o GA,moderate_noise,245,98.11666666666666,0.17606554924142864,1,90.0,0.9220388329253401,0.9340253155608573,59,1530.0
gebco_monterey_canyon_complex,GEBCO Monterey Canyon,Adaptive Spacing w/o GA,moderate_noise,246,98.99444444444444,0.7293362862982895,1,90.0,-0.8410657144671033,1.0244027470799406,59,1530.0
gebco_monterey_canyon_complex,GEBCO Monterey Canyon,Adaptive Spacing w/o GA,moderate_noise,247,99.16666666666667,1.451765434509814,1,90.0,0.2223242470672759,1.0343073607879232,59,1530.0
gebco_monterey_canyon_complex,GEBCO Monterey Canyon,Adaptive Spacing w/o GA,moderate_noise,248,99.6111111111111,0.3197094708325041,1,90.0,-0.1480953086556821,0.971582556997513,59,1530.0
gebco_monterey_canyon_complex,GEBCO Monterey Canyon,Adaptive Spacing w/o GA,moderate_noise,249,98.82222222222222,0.8481707064838518,1,90.0,0.6778783639237668,1.00392830377378,59,1530.0
gebco_monterey_canyon_complex,GEBCO Monterey Canyon,Adaptive Spacing w/o GA,moderate_noise,250,98.69444444444444,0.2393432637122959,1,90.0,-1.113494566383386,0.9986092614745741,59,1530.0
gebco_monterey_canyon_complex,GEBCO Monterey Canyon,Adaptive Spacing w/o GA,moderate_noise,251,99.70555555555556,2.228103645776162,1,90.0,-0.018831992259144188,1.0630159340255139,59,1530.0
gebco_monterey_canyon_complex,GEBCO Monterey Canyon,Adaptive Spacing w/o GA,moderate_noise,252,99.13333333333333,0.05268548472636362,1,90.0,-0.293531274367711,0.9603850872423113,59,1530.0
gebco_monterey_canyon_complex,GEBCO Monterey Canyon,Adaptive Spacing w/o GA,moderate_noise,253,99.16666666666667,0.6358456456479291,1,90.0,0.07377786130782642,0.9844168179538224,59,1530.0
gebco_monterey_canyon_complex,GEBCO Monterey Canyon,Adaptive Spacing w/o GA,moderate_noise,254,98.44444444444444,0.43878217179377266,1,90.0,-1.0561899181887813,0.995010356997327,59,1530.0
gebco_monterey_canyon_complex,GEBCO Monterey Canyon,Adaptive Spacing w/o GA,moderate_noise,255,99.05000000000001,0.3371107742847193,1,90.0,0.3333438992028323,0.9712480804416074,59,1530.0
gebco_monterey_canyon_complex,GEBCO Monterey Canyon,Adaptive Spacing w/o GA,moderate_noise,256,99.16666666666667,0.5938037584290514,1,90.0,0.1817683800958449,1.0071330261954787,59,1530.0
gebco_monterey_canyon_complex,GEBCO Monterey Canyon,Adaptive Spacing w/o GA,moderate_noise,257,98.58888888888889,0.45728411821657,1,90.0,0.6881544486438461,0.9938761904802113,59,1530.0
gebco_monterey_canyon_complex,GEBCO Monterey Canyon,Adaptive Spacing w/o GA,moderate_noise,258,98.7611111111111,0.2834719457216189,1,90.0,0.6877032026400433,0.9724634798265654,59,1530.0
gebco_monterey_canyon_complex,GEBCO Monterey Canyon,Adaptive Spacing w/o GA,moderate_noise,259,99.35555555555555,0.7984463165715879,1,90.0,0.004953855187613594,1.013047363763461,59,1530.0
gebco_monterey_canyon_complex,GEBCO Monterey Canyon,Adaptive Spacing w/o GA,moderate_noise,260,99.15,0.9041065472959638,1,90.0,0.5343684813058254,1.0228059978946837,59,1530.0
gebco_monterey_canyon_complex,GEBCO Monterey Canyon,Adaptive Spacing w/o GA,moderate_noise,261,100.0,0.39250678728882316,1,90.0,-0.05315173365430605,0.981978969590409,59,1530.0
gebco_monterey_canyon_complex,GEBCO Monterey Canyon,Adaptive Spacing w/o GA,moderate_noise,262,99.15555555555555,1.5538128484402147,1,90.0,0.35446886333610494,1.0313963403175532,59,1530.0
gebco_monterey_canyon_complex,GEBCO Monterey Canyon,Adaptive Spacing w/o GA,moderate_noise,263,99.13333333333333,0.9881663240743833,1,90.0,0.3857396624633866,1.021192577447474,59,1530.0
gebco_monterey_canyon_complex,GEBCO Monterey Canyon,Adaptive Spacing w/o GA,moderate_noise,264,99.07777777777778,0.36851384504923945,1,90.0,-0.16694697858251606,0.9636426913348126,59,1530.0
gebco_monterey_canyon_complex,GEBCO Monterey Canyon,Adaptive Spacing w/o GA,moderate_noise,265,99.11111111111111,1.2584074079453142,1,90.0,0.34576197127379976,1.0197212262361222,59,1530.0
gebco_monterey_canyon_complex,GEBCO Monterey Canyon,Adaptive Spacing w/o GA,moderate_noise,266,99.82777777777778,0.31435194962004886,1,90.0,-0.1696259469630793,0.995222008891834,59,1530.0
gebco_monterey_canyon_complex,GEBCO Monterey Canyon,Adaptive Spacing w/o GA,moderate_noise,267,99.96111111111111,0.9717589581159429,1,90.0,-0.05822423668221216,1.017814134536563,59,1530.0
gebco_monterey_canyon_complex,GEBCO Monterey Canyon,Adaptive Spacing w/o GA,moderate_noise,268,99.16666666666667,1.3455954154404612,1,90.0,0.28310443104801786,1.045555021931207,59,1530.0
gebco_monterey_canyon_complex,GEBCO Monterey Canyon,Adaptive Spacing w/o GA,moderate_noise,269,99.22222222222223,0.9782948310101955,1,90.0,-0.36090068682902293,1.009896602921815,59,1530.0
gebco_monterey_canyon_complex,GEBCO Monterey Canyon,Adaptive Spacing w/o GA,moderate_noise,270,98.58333333333333,1.0492278822033885,1,90.0,-1.0728985383517768,1.0127467772972019,59,1530.0
gebco_monterey_canyon_complex,GEBCO Monterey Canyon,Adaptive Spacing w/o GA,moderate_noise,271,99.22777777777779,0.7231677090144236,1,90.0,0.13868034848400673,0.9803374103145968,59,1530.0
gebco_monterey_canyon_complex,GEBCO Monterey Canyon,Adaptive Spacing w/o GA,moderate_noise,272,99.86666666666667,1.190084662797928,1,90.0,-0.053280022768798375,1.0226787998769737,59,1530.0
gebco_monterey_canyon_complex,GEBCO Monterey Canyon,Adaptive Spacing w/o GA,moderate_noise,273,99.09444444444443,0.2015111132475477,1,90.0,-0.6050959840190026,0.9758416471640147,59,1530.0
gebco_monterey_canyon_complex,GEBCO Monterey Canyon,Adaptive Spacing w/o GA,moderate_noise,274,99.02777777777779,0.42992135734720177,1,90.0,-0.5092913772379807,0.9738346544061558,59,1530.0
gebco_monterey_canyon_complex,GEBCO Monterey Canyon,Adaptive Spacing w/o GA,moderate_noise,275,98.72777777777777,0.7136496168835511,1,90.0,0.7353515635988633,0.9906127620706896,59,1530.0
gebco_monterey_canyon_complex,GEBCO Monterey Canyon,Adaptive Spacing w/o GA,moderate_noise,276,99.34444444444445,0.564700277312231,1,90.0,-0.25780090760334995,1.002324430814922,59,1530.0
gebco_monterey_canyon_complex,GEBCO Monterey Canyon,Adaptive Spacing w/o GA,moderate_noise,277,99.18333333333334,1.1782837001507858,1,90.0,0.4811174204698933,1.0436390450810442,59,1530.0
gebco_monterey_canyon_complex,GEBCO Monterey Canyon,Adaptive Spacing w/o GA,moderate_noise,278,99.13333333333333,0.5341068986125993,1,90.0,0.5190861847230198,1.0159502489650933,59,1530.0
gebco_monterey_canyon_complex,GEBCO Monterey Canyon,Adaptive Spacing w/o GA,moderate_noise,279,99.64444444444445,0.42048828492010504,1,90.0,-0.26319278383804984,0.9827219555721515,59,1530.0
gebco_monterey_canyon_complex,GEBCO Monterey Canyon,Adaptive Spacing w/o GA,moderate_noise,280,98.93888888888888,0.5388848559929725,1,90.0,-0.8223930572650554,0.9855651359491243,59,1530.0
gebco_monterey_canyon_complex,GEBCO Monterey Canyon,Adaptive Spacing w/o GA,moderate_noise,281,98.76666666666667,0.1641172986148197,1,90.0,0.35250057789567596,0.9484396839915034,59,1530.0
gebco_monterey_canyon_complex,GEBCO Monterey Canyon,Adaptive Spacing w/o GA,moderate_noise,282,99.2611111111111,0.34495012851206786,1,90.0,-0.3597204362273152,0.9685570440621099,59,1530.0
gebco_monterey_canyon_complex,GEBCO Monterey Canyon,Adaptive Spacing w/o GA,moderate_noise,283,98.85000000000001,1.1576268464721164,1,90.0,0.6755200673783053,1.0098620288360294,59,1530.0
gebco_monterey_canyon_complex,GEBCO Monterey Canyon,Adaptive Spacing w/o GA,moderate_noise,284,99.01111111111112,1.140647014228715,1,90.0,0.12604651673837378,1.0252068361415256,59,1530.0
gebco_monterey_canyon_complex,GEBCO Monterey Canyon,Adaptive Spacing w/o GA,moderate_noise,285,99.3,0.4052219714816581,1,90.0,-0.07460343268440696,0.9762850608330866,59,1530.0
gebco_monterey_canyon_complex,GEBCO Monterey Canyon,Adaptive Spacing w/o GA,moderate_noise,286,99.13888888888889,3.090828970656748,0,90.0,-0.5917353765631628,1.0848784606790531,59,1530.0
gebco_monterey_canyon_complex,GEBCO Monterey Canyon,Adaptive Spacing w/o GA,moderate_noise,287,99.21111111111112,0.562735264397895,1,90.0,0.6246278988634711,1.0018870647428004,59,1530.0
gebco_monterey_canyon_complex,GEBCO Monterey Canyon,Adaptive Spacing w/o GA,moderate_noise,288,98.73333333333333,2.310555130586107,1,90.0,0.845152882605389,1.068015231402272,59,1530.0
gebco_monterey_canyon_complex,GEBCO Monterey Canyon,Adaptive Spacing w/o GA,moderate_noise,289,99.08333333333333,0.605894426245737,1,90.0,0.22252757113472513,0.9829348579309488,59,1530.0
gebco_monterey_canyon_complex,GEBCO Monterey Canyon,Adaptive Spacing w/o GA,moderate_noise,290,98.73333333333333,0.017610525747271847,1,90.0,-0.4855067551335961,0.9371288575819686,59,1530.0
gebco_monterey_canyon_complex,GEBCO Monterey Canyon,Adaptive Spacing w/o GA,moderate_noise,291,99.21111111111112,0.25978193952363066,1,90.0,0.4301174644059969,0.9777264002431033,59,1530.0
gebco_monterey_canyon_complex,GEBCO Monterey Canyon,Adaptive Spacing w/o GA,moderate_noise,292,99.16666666666667,0.4005426141688642,1,90.0,0.2989108844556328,0.9734753023447635,59,1530.0
gebco_monterey_canyon_complex,GEBCO Monterey Canyon,Adaptive Spacing w/o GA,moderate_noise,293,99.17222222222222,0.37581239232133795,1,90.0,-0.4267175208785049,0.9660302312006495,59,1530.0
gebco_monterey_canyon_complex,GEBCO Monterey Canyon,Adaptive Spacing w/o GA,moderate_noise,294,99.38333333333334,1.7066545508561801,1,90.0,0.30252285909830096,1.0340141143731625,59,1530.0
gebco_monterey_canyon_complex,GEBCO Monterey Canyon,Adaptive Spacing w/o GA,moderate_noise,295,98.70555555555556,0.29839115984751285,1,90.0,-0.7426902555947057,0.9621815493743922,59,1530.0
gebco_monterey_canyon_complex,GEBCO Monterey Canyon,Adaptive Spacing w/o GA,moderate_noise,296,99.36666666666667,0.5808145221707076,1,90.0,-0.2350148435935442,0.9994671702884763,59,1530.0
gebco_monterey_canyon_complex,GEBCO Monterey Canyon,Adaptive Spacing w/o GA,moderate_noise,297,98.9,0.03853718164377473,1,90.0,-0.44343813688232825,0.9197288626322231,59,1530.0
gebco_monterey_canyon_complex,GEBCO Monterey Canyon,Adaptive Spacing w/o GA,moderate_noise,298,100.0,2.8381055603493315,1,90.0,-0.04176445261693421,1.042959174697139,59,1530.0
gebco_monterey_canyon_complex,GEBCO Monterey Canyon,Adaptive Spacing w/o GA,moderate_noise,299,98.28333333333333,0.6003792958024523,1,90.0,1.066568949841421,0.9954638096795736,59,1530.0
gebco_monterey_canyon_complex,GEBCO Monterey Canyon,Adaptive Spacing w/o GA,strong_noise,0,99.06111111111112,3.3473818323855675,0,90.0,0.5210865618946167,1.0489758643641893,59,1530.0
gebco_monterey_canyon_complex,GEBCO Monterey Canyon,Adaptive Spacing w/o GA,strong_noise,1,98.7611111111111,3.515558060611477,0,90.0,-0.4778648630573639,1.020847091475856,59,1530.0
gebco_monterey_canyon_complex,GEBCO Monterey Canyon,Adaptive Spacing w/o GA,strong_noise,2,97.00555555555556,0.6211332061311525,1,90.0,0.5033216862518957,0.9170360830961335,59,1530.0
gebco_monterey_canyon_complex,GEBCO Monterey Canyon,Adaptive Spacing w/o GA,strong_noise,3,99.95555555555555,4.759337809782972,0,90.0,-0.0470356091811299,1.1038875272821207,59,1530.0
gebco_monterey_canyon_complex,GEBCO Monterey Canyon,Adaptive Spacing w/o GA,strong_noise,4,96.64444444444445,1.3515217204490926,0,90.0,0.5805031365645291,0.9413437636329858,59,1530.0
gebco_monterey_canyon_complex,GEBCO Monterey Canyon,Adaptive Spacing w/o GA,strong_noise,5,97.15555555555555,1.9384082521257329,1,90.0,-1.260985224054683,0.9733775941036531,59,1530.0
gebco_monterey_canyon_complex,GEBCO Monterey Canyon,Adaptive Spacing w/o GA,strong_noise,6,94.84444444444445,1.4881497446122638,0,90.0,-1.9687400815154974,0.9477398673938073,59,1530.0
gebco_monterey_canyon_complex,GEBCO Monterey Canyon,Adaptive Spacing w/o GA,strong_noise,7,99.37777777777778,4.940890243406417,0,90.0,-0.369370205657714,1.0774095553367227,59,1530.0
gebco_monterey_canyon_complex,GEBCO Monterey Canyon,Adaptive Spacing w/o GA,strong_noise,8,97.46111111111111,4.313015750642805,0,90.0,1.6766040687531105,1.0746077589377747,59,1530.0
gebco_monterey_canyon_complex,GEBCO Monterey Canyon,Adaptive Spacing w/o GA,strong_noise,9,98.56111111111112,2.4899567744025637,1,90.0,0.6635285111004374,1.03492786056212,59,1530.0
gebco_monterey_canyon_complex,GEBCO Monterey Canyon,Adaptive Spacing w/o GA,strong_noise,10,98.72777777777777,6.034488397510146,0,90.0,-0.9406854846859366,1.1265893065816153,59,1530.0
gebco_monterey_canyon_complex,GEBCO Monterey Canyon,Adaptive Spacing w/o GA,strong_noise,11,98.07222222222222,3.0774861265367095,0,90.0,-0.8308644722990094,1.0089239159254106,59,1530.0
gebco_monterey_canyon_complex,GEBCO Monterey Canyon,Adaptive Spacing w/o GA,strong_noise,12,97.63888888888889,1.568878226223386,1,90.0,-0.46135341714537625,0.9790474969768976,59,1530.0
gebco_monterey_canyon_complex,GEBCO Monterey Canyon,Adaptive Spacing w/o GA,strong_noise,13,99.32777777777778,5.599817225461262,0,90.0,0.3354107773051287,1.1137293245047495,59,1530.0
gebco_monterey_canyon_complex,GEBCO Monterey Canyon,Adaptive Spacing w/o GA,strong_noise,14,98.89444444444445,4.712777531482047,0,90.0,-0.4439322284207265,1.0699829512396366,59,1530.0
gebco_monterey_canyon_complex,GEBCO Monterey Canyon,Adaptive Spacing w/o GA,strong_noise,15,96.73333333333333,1.239820450349148,0,90.0,1.7376441121466515,0.9639494898927324,59,1530.0
gebco_monterey_canyon_complex,GEBCO Monterey Canyon,Adaptive Spacing w/o GA,strong_noise,16,95.12777777777778,1.1470629503273175,0,90.0,0.12492684403669814,0.941401940483861,59,1530.0
gebco_monterey_canyon_complex,GEBCO Monterey Canyon,Adaptive Spacing w/o GA,strong_noise,17,95.67777777777778,1.0265227709030396,0,90.0,-0.9827727875352333,0.9150559911488799,59,1530.0
gebco_monterey_canyon_complex,GEBCO Monterey Canyon,Adaptive Spacing w/o GA,strong_noise,18,98.53888888888889,4.71960182930886,0,90.0,0.8275145291717574,1.0909314011171338,59,1530.0
gebco_monterey_canyon_complex,GEBCO Monterey Canyon,Adaptive Spacing w/o GA,strong_noise,19,99.46666666666667,6.558715655179941,0,90.0,0.4279568615393787,1.132876690823018,59,1530.0
gebco_monterey_canyon_complex,GEBCO Monterey Canyon,Adaptive Spacing w/o GA,strong_noise,20,98.87222222222222,3.1868775172798385,0,90.0,0.20825857817289722,1.0456643041739875,59,1530.0
gebco_monterey_canyon_complex,GEBCO Monterey Canyon,Adaptive Spacing w/o GA,strong_noise,21,98.31666666666666,3.3365218153208827,0,90.0,0.4261547290969573,1.0406078089989512,59,1530.0
gebco_monterey_canyon_complex,GEBCO Monterey Canyon,Adaptive Spacing w/o GA,strong_noise,22,98.97222222222221,5.114475550021577,0,90.0,-0.594897454860031,1.0967010443386385,59,1530.0
gebco_monterey_canyon_complex,GEBCO Monterey Canyon,Adaptive Spacing w/o GA,strong_noise,23,97.82777777777778,1.7613185564234564,1,90.0,0.7119528952168543,0.9979315465439462,59,1530.0
gebco_monterey_canyon_complex,GEBCO Monterey Canyon,Adaptive Spacing w/o GA,strong_noise,24,97.76666666666667,4.859549875541814,0,90.0,1.4271593391476098,1.0948871018404451,59,1530.0
gebco_monterey_canyon_complex,GEBCO Monterey Canyon,Adaptive Spacing w/o GA,strong_noise,25,97.18333333333334,1.8739228521683307,1,90.0,-0.6175758777490032,0.9767863405154663,59,1530.0
gebco_monterey_canyon_complex,GEBCO Monterey Canyon,Adaptive Spacing w/o GA,strong_noise,26,96.4888888888889,1.8558813878079972,0,90.0,-1.2873456984927776,0.9572784795104505,59,1530.0
gebco_monterey_canyon_complex,GEBCO Monterey Canyon,Adaptive Spacing w/o GA,strong_noise,27,98.7611111111111,2.209827232008817,1,90.0,-1.204640537702287,1.0164008202187091,59,1530.0
gebco_monterey_canyon_complex,GEBCO Monterey Canyon,Adaptive Spacing w/o GA,strong_noise,28,96.50555555555556,1.6540673971469142,0,90.0,0.5331264614743554,0.9305629533457993,59,1530.0
gebco_monterey_canyon_complex,GEBCO Monterey Canyon,Adaptive Spacing w/o GA,strong_noise,29,97.6,1.513531619459607,1,90.0,0.20274932137367746,0.9703954097267423,59,1530.0
gebco_monterey_canyon_complex,GEBCO Monterey Canyon,Adaptive Spacing w/o GA,strong_noise,30,98.9888888888889,5.516015038967224,0,90.0,0.17932336246530256,1.0823608324212446,59,1530.0
gebco_monterey_canyon_complex,GEBCO Monterey Canyon,Adaptive Spacing w/o GA,strong_noise,31,99.07777777777778,3.2927466024307916,0,90.0,0.13224495310481485,1.032751161834355,59,1530.0
gebco_monterey_canyon_complex,GEBCO Monterey Canyon,Adaptive Spacing w/o GA,strong_noise,32,98.42777777777778,4.744234309176969,0,90.0,0.21815425671531188,1.0431787366725591,59,1530.0
gebco_monterey_canyon_complex,GEBCO Monterey Canyon,Adaptive Spacing w/o GA,strong_noise,33,95.61666666666667,0.5852823637111509,0,90.0,-0.883052810756399,0.8925481411885278,59,1530.0
gebco_monterey_canyon_complex,GEBCO Monterey Canyon,Adaptive Spacing w/o GA,strong_noise,34,96.71111111111111,1.9203373902809917,0,90.0,0.30146681499457467,0.9571964032273704,59,1530.0
gebco_monterey_canyon_complex,GEBCO Monterey Canyon,Adaptive Spacing w/o GA,strong_noise,35,95.53888888888889,0.9529874404399634,0,90.0,-1.086621976272693,0.9204049852127086,59,1530.0
gebco_monterey_canyon_complex,GEBCO Monterey Canyon,Adaptive Spacing w/o GA,strong_noise,36,99.33333333333333,2.063535168386529,1,90.0,0.1428428820111921,1.0320876319614165,59,1530.0
gebco_monterey_canyon_complex,GEBCO Monterey Canyon,Adaptive Spacing w/o GA,strong_noise,37,93.74444444444444,0.8036129030234469,0,90.0,-2.333542004980031,0.9004371480265851,59,1530.0
gebco_monterey_canyon_complex,GEBCO Monterey Canyon,Adaptive Spacing w/o GA,strong_noise,38,97.67777777777778,2.046431941236558,1,90.0,-0.5710215521133505,1.0176276365764878,59,1530.0
gebco_monterey_canyon_complex,GEBCO Monterey Canyon,Adaptive Spacing w/o GA,strong_noise,39,92.96666666666667,0.3290729257108498,0,90.0,-0.8277820297440628,0.8665597379788708,59,1530.0
gebco_monterey_canyon_complex,GEBCO Monterey Canyon,Adaptive Spacing w/o GA,strong_noise,40,97.02222222222223,1.2312828918291563,1,90.0,0.7829720112288433,0.9580294700363735,59,1530.0
gebco_monterey_canyon_complex,GEBCO Monterey Canyon,Adaptive Spacing w/o GA,strong_noise,41,98.65555555555555,2.33131676212906,1,90.0,-0.15920776160589498,0.9841587620656056,59,1530.0
gebco_monterey_canyon_complex,GEBCO Monterey Canyon,Adaptive Spacing w/o GA,strong_noise,42,97.10555555555555,5.062085992479586,0,90.0,1.2339701303883825,1.0508116250101927,59,1530.0
gebco_monterey_canyon_complex,GEBCO Monterey Canyon,Adaptive Spacing w/o GA,strong_noise,43,97.61666666666666,2.2210467434994237,1,90.0,1.812136954827107,1.038023864341911,59,1530.0
gebco_monterey_canyon_complex,GEBCO Monterey Canyon,Adaptive Spacing w/o GA,strong_noise,44,95.91666666666666,1.7548187248239637,0,90.0,-0.1920634669271319,0.9206285570715323,59,1530.0
gebco_monterey_canyon_complex,GEBCO Monterey Canyon,Adaptive Spacing w/o GA,strong_noise,45,95.71666666666667,2.4486103076141204,0,90.0,1.92697347402436,0.9839985010090982,59,1530.0
gebco_monterey_canyon_complex,GEBCO Monterey Canyon,Adaptive Spacing w/o GA,strong_noise,46,98.46666666666667,3.418206696152116,0,90.0,-0.41727863777936086,1.01479395223947,59,1530.0
gebco_monterey_canyon_complex,GEBCO Monterey Canyon,Adaptive Spacing w/o GA,strong_noise,47,98.37777777777778,5.108968497771414,0,90.0,0.5982812956557295,1.0636818348752712,59,1530.0
gebco_monterey_canyon_complex,GEBCO Monterey Canyon,Adaptive Spacing w/o GA,strong_noise,48,98.81111111111112,4.064339751735504,0,90.0,0.5026487411959828,1.0602141829968228,59,1530.0
gebco_monterey_canyon_complex,GEBCO Monterey Canyon,Adaptive Spacing w/o GA,strong_noise,49,98.90555555555555,1.734191245020351,1,90.0,0.0738940976910633,1.0029004041824072,59,1530.0
gebco_monterey_canyon_complex,GEBCO Monterey Canyon,Adaptive Spacing w/o GA,strong_noise,50,97.45,2.8806495113321744,1,90.0,0.9600994763940809,1.0213010250404726,59,1530.0
gebco_monterey_canyon_complex,GEBCO Monterey Canyon,Adaptive Spacing w/o GA,strong_noise,51,96.3,3.0736122653746816,0,90.0,1.4644065844514103,0.9818504794956203,59,1530.0
gebco_monterey_canyon_complex,GEBCO Monterey Canyon,Adaptive Spacing w/o GA,strong_noise,52,97.5,0.9466864041741875,1,90.0,0.38760505887812496,0.9461506331043908,59,1530.0
gebco_monterey_canyon_complex,GEBCO Monterey Canyon,Adaptive Spacing w/o GA,strong_noise,53,97.59444444444443,1.0912515646907797,1,90.0,-0.5432764370089617,0.943914714417186,59,1530.0
gebco_monterey_canyon_complex,GEBCO Monterey Canyon,Adaptive Spacing w/o GA,strong_noise,54,98.45555555555555,2.9674926532055785,1,90.0,0.8491893187474195,1.0631124610819755,59,1530.0
gebco_monterey_canyon_complex,GEBCO Monterey Canyon,Adaptive Spacing w/o GA,strong_noise,55,93.5111111111111,0.5109730531983036,0,90.0,-1.7095026810929317,0.8779899538760246,59,1530.0
gebco_monterey_canyon_complex,GEBCO Monterey Canyon,Adaptive Spacing w/o GA,strong_noise,56,95.03333333333333,0.8031155226347308,0,90.0,0.6026301805628645,0.9093136118660278,59,1530.0
gebco_monterey_canyon_complex,GEBCO Monterey Canyon,Adaptive Spacing w/o GA,strong_noise,57,95.15555555555557,1.3007576705150423,0,90.0,0.6495126556222762,0.9073277056929963,59,1530.0
gebco_monterey_canyon_complex,GEBCO Monterey Canyon,Adaptive Spacing w/o GA,strong_noise,58,98.91666666666666,4.5832098904048175,0,90.0,0.1729950748702825,1.0326711032708942,59,1530.0
gebco_monterey_canyon_complex,GEBCO Monterey Canyon,Adaptive Spacing w/o GA,strong_noise,59,95.55555555555556,0.6797728781446912,0,90.0,-0.8042977583456014,0.9054790217890638,59,1530.0
gebco_monterey_canyon_complex,GEBCO Monterey Canyon,Adaptive Spacing w/o GA,strong_noise,60,99.4888888888889,5.44131964245924,0,90.0,-0.29646743119266633,1.112569607671669,59,1530.0
gebco_monterey_canyon_complex,GEBCO Monterey Canyon,Adaptive Spacing w/o GA,strong_noise,61,97.34444444444445,2.918382813338416,1,90.0,-1.2391033002205212,1.0240843775109192,59,1530.0
gebco_monterey_canyon_complex,GEBCO Monterey Canyon,Adaptive Spacing w/o GA,strong_noise,62,97.89999999999999,1.641384753951499,1,90.0,0.13132318638107815,0.9596098831232008,59,1530.0
gebco_monterey_canyon_complex,GEBCO Monterey Canyon,Adaptive Spacing w/o GA,strong_noise,63,97.46666666666667,2.593961338104396,1,90.0,-1.8844583772343688,1.0578393417345422,59,1530.0
gebco_monterey_canyon_complex,GEBCO Monterey Canyon,Adaptive Spacing w/o GA,strong_noise,64,98.11111111111111,2.950676833713814,1,90.0,0.9520371015098752,1.0543837608468623,59,1530.0
gebco_monterey_canyon_complex,GEBCO Monterey Canyon,Adaptive Spacing w/o GA,strong_noise,65,98.53888888888889,4.704217322335972,0,90.0,0.5358690749171078,1.0793088379771152,59,1530.0
gebco_monterey_canyon_complex,GEBCO Monterey Canyon,Adaptive Spacing w/o GA,strong_noise,66,97.07222222222222,3.858389379036043,0,90.0,1.2576940272731967,1.0028749774891406,59,1530.0
gebco_monterey_canyon_complex,GEBCO Monterey Canyon,Adaptive Spacing w/o GA,strong_noise,67,99.52222222222223,2.982426393885688,1,90.0,-0.22175369812444037,1.057965502829771,59,1530.0
gebco_monterey_canyon_complex,GEBCO Monterey Canyon,Adaptive Spacing w/o GA,strong_noise,68,98.71111111111112,1.637935247050973,1,90.0,-0.9948142239720917,1.015974421719946,59,1530.0
gebco_monterey_canyon_complex,GEBCO Monterey Canyon,Adaptive Spacing w/o GA,strong_noise,69,95.93888888888888,1.1051578608114678,0,90.0,0.9471537894374851,0.9364886325742414,59,1530.0
gebco_monterey_canyon_complex,GEBCO Monterey Canyon,Adaptive Spacing w/o GA,strong_noise,70,98.37222222222223,2.7799284685641528,1,90.0,-0.6633350597500076,1.0044429672766635,59,1530.0
gebco_monterey_canyon_complex,GEBCO Monterey Canyon,Adaptive Spacing w/o GA,strong_noise,71,97.2611111111111,3.2497362081744083,0,90.0,-1.9248111630844014,1.0341893737968946,59,1530.0
gebco_monterey_canyon_complex,GEBCO Monterey Canyon,Adaptive Spacing w/o GA,strong_noise,72,98.27222222222223,4.134131716319999,0,90.0,0.6908292776030127,1.0524497008809997,59,1530.0
gebco_monterey_canyon_complex,GEBCO Monterey Canyon,Adaptive Spacing w/o GA,strong_noise,73,96.85000000000001,2.2826684225761102,0,90.0,1.052207229657635,0.9906689506903178,59,1530.0
gebco_monterey_canyon_complex,GEBCO Monterey Canyon,Adaptive Spacing w/o GA,strong_noise,74,96.14444444444445,1.0373578706129878,0,90.0,-0.9841097908138646,0.9388353528750122,59,1530.0
gebco_monterey_canyon_complex,GEBCO Monterey Canyon,Adaptive Spacing w/o GA,strong_noise,75,96.83333333333334,1.5196366875114147,0,90.0,1.6456931573203817,0.9820807864325086,59,1530.0
gebco_monterey_canyon_complex,GEBCO Monterey Canyon,Adaptive Spacing w/o GA,strong_noise,76,97.37777777777778,2.432038318771895,1,90.0,-1.2216325645512478,1.0019378220905757,59,1530.0
gebco_monterey_canyon_complex,GEBCO Monterey Canyon,Adaptive Spacing w/o GA,strong_noise,77,97.94444444444444,3.386012890951807,0,90.0,1.1113998381823047,1.029012464281636,59,1530.0
gebco_monterey_canyon_complex,GEBCO Monterey Canyon,Adaptive Spacing w/o GA,strong_noise,78,97.25,2.63047335019638,1,90.0,0.5109949229895381,0.9908253636254019,59,1530.0
gebco_monterey_canyon_complex,GEBCO Monterey Canyon,Adaptive Spacing w/o GA,strong_noise,79,97.68333333333334,2.7590067696091767,1,90.0,0.2958178293327936,0.9912766368971256,59,1530.0
gebco_monterey_canyon_complex,GEBCO Monterey Canyon,Adaptive Spacing w/o GA,strong_noise,80,99.7611111111111,3.7941552947958845,0,90.0,-0.3302515181194268,1.0620344049639794,59,1530.0
gebco_monterey_canyon_complex,GEBCO Monterey Canyon,Adaptive Spacing w/o GA,strong_noise,81,97.71111111111111,2.171199628088876,1,90.0,0.4793909794260422,0.9741331116967791,59,1530.0
gebco_monterey_canyon_complex,GEBCO Monterey Canyon,Adaptive Spacing w/o GA,strong_noise,82,97.67777777777778,2.09192932289962,1,90.0,-0.6430721859334226,0.9839229709327105,59,1530.0
gebco_monterey_canyon_complex,GEBCO Monterey Canyon,Adaptive Spacing w/o GA,strong_noise,83,100.0,4.767965289187206,0,90.0,-0.07374711420557445,1.0959581160979521,59,1530.0
gebco_monterey_canyon_complex,GEBCO Monterey Canyon,Adaptive Spacing w/o GA,strong_noise,84,91.95,0.10540992780224506,0,90.0,1.0329733957578544,0.8513734798995674,59,1530.0
gebco_monterey_canyon_complex,GEBCO Monterey Canyon,Adaptive Spacing w/o GA,strong_noise,85,95.43333333333334,1.278711021779569,0,90.0,0.061310754991279116,0.9517243342020517,59,1530.0
gebco_monterey_canyon_complex,GEBCO Monterey Canyon,Adaptive Spacing w/o GA,strong_noise,86,95.07777777777778,0.6124288876942611,0,90.0,-0.7436687700347838,0.9062045830855434,59,1530.0
gebco_monterey_canyon_complex,GEBCO Monterey Canyon,Adaptive Spacing w/o GA,strong_noise,87,97.69444444444444,1.594778246343906,1,90.0,0.3011030203599318,0.9676871335857908,59,1530.0
gebco_monterey_canyon_complex,GEBCO Monterey Canyon,Adaptive Spacing w/o GA,strong_noise,88,95.95555555555556,1.8626342580565514,0,90.0,-0.048822492931359644,0.9589333491604409,59,1530.0
gebco_monterey_canyon_complex,GEBCO Monterey Canyon,Adaptive Spacing w/o GA,strong_noise,89,97.28888888888889,2.0456500856210016,1,90.0,0.35844029139301703,0.9764312657518983,59,1530.0
gebco_monterey_canyon_complex,GEBCO Monterey Canyon,Adaptive Spacing w/o GA,strong_noise,90,97.18333333333334,3.7282310886817704,0,90.0,-1.5291952513180762,1.059642552003899,59,1530.0
gebco_monterey_canyon_complex,GEBCO Monterey Canyon,Adaptive Spacing w/o GA,strong_noise,91,99.35555555555555,3.166876507231127,0,90.0,-0.5095117207672136,1.0369809427034993,59,1530.0
gebco_monterey_canyon_complex,GEBCO Monterey Canyon,Adaptive Spacing w/o GA,strong_noise,92,98.73333333333333,4.514028323901749,0,90.0,0.15665869949663,1.0567834116573689,59,1530.0
gebco_monterey_canyon_complex,GEBCO Monterey Canyon,Adaptive Spacing w/o GA,strong_noise,93,97.44444444444444,3.2123407263994435,0,90.0,-1.0036513401458829,1.0200364620454145,59,1530.0
gebco_monterey_canyon_complex,GEBCO Monterey Canyon,Adaptive Spacing w/o GA,strong_noise,94,98.88888888888889,4.940354877162568,0,90.0,-1.008372325519321,1.0971603565547416,59,1530.0
gebco_monterey_canyon_complex,GEBCO Monterey Canyon,Adaptive Spacing w/o GA,strong_noise,95,93.5111111111111,0.8691205060530603,0,90.0,-0.4425176994068011,0.8675373942591267,59,1530.0
gebco_monterey_canyon_complex,GEBCO Monterey Canyon,Adaptive Spacing w/o GA,strong_noise,96,97.38888888888889,3.0887558703612483,0,90.0,1.4967116462446581,1.0362504361936666,59,1530.0
gebco_monterey_canyon_complex,GEBCO Monterey Canyon,Adaptive Spacing w/o GA,strong_noise,97,97.22222222222221,2.072277192543148,1,90.0,-1.1295583829548712,0.9803291113419736,59,1530.0
gebco_monterey_canyon_complex,GEBCO Monterey Canyon,Adaptive Spacing w/o GA,strong_noise,98,98.75555555555555,1.1823003651370307,1,90.0,-0.05784933732491314,0.9293430305384189,59,1530.0
gebco_monterey_canyon_complex,GEBCO Monterey Canyon,Adaptive Spacing w/o GA,strong_noise,99,99.68333333333334,2.4936299070264742,1,90.0,-0.2238269968559871,1.0429982856677926,59,1530.0
gebco_monterey_canyon_complex,GEBCO Monterey Canyon,Adaptive Spacing w/o GA,strong_noise,100,97.05,5.330650074997425,0,90.0,2.3969022869017382,1.1101629299554523,59,1530.0
gebco_monterey_canyon_complex,GEBCO Monterey Canyon,Adaptive Spacing w/o GA,strong_noise,101,97.30555555555556,1.4993819801325157,1,90.0,-0.11201268553802363,0.9628463875715516,59,1530.0
gebco_monterey_canyon_complex,GEBCO Monterey Canyon,Adaptive Spacing w/o GA,strong_noise,102,98.14444444444445,5.443122860577035,0,90.0,-0.7806061560420336,1.0876864448553394,59,1530.0
gebco_monterey_canyon_complex,GEBCO Monterey Canyon,Adaptive Spacing w/o GA,strong_noise,103,98.89444444444445,6.956996342900766,0,90.0,-1.1488906444133595,1.1460317463327319,59,1530.0
gebco_monterey_canyon_complex,GEBCO Monterey Canyon,Adaptive Spacing w/o GA,strong_noise,104,97.24444444444444,2.8639609810068,1,90.0,1.4698207103437504,1.020477355772826,59,1530.0
gebco_monterey_canyon_complex,GEBCO Monterey Canyon,Adaptive Spacing w/o GA,strong_noise,105,97.65,2.8615393569910803,1,90.0,1.230108974273011,1.0222478865582707,59,1530.0
gebco_monterey_canyon_complex,GEBCO Monterey Canyon,Adaptive Spacing w/o GA,strong_noise,106,97.75555555555555,3.144147568107948,0,90.0,1.1962479664894294,1.029618138896775,59,1530.0
gebco_monterey_canyon_complex,GEBCO Monterey Canyon,Adaptive Spacing w/o GA,strong_noise,107,95.60555555555555,0.8270810572091852,0,90.0,-0.32017502792733715,0.9254610934788232,59,1530.0
gebco_monterey_canyon_complex,GEBCO Monterey Canyon,Adaptive Spacing w/o GA,strong_noise,108,96.11666666666666,2.656509407658126,0,90.0,1.6539082362253272,0.966837817136515,59,1530.0
gebco_monterey_canyon_complex,GEBCO Monterey Canyon,Adaptive Spacing w/o GA,strong_noise,109,99.55000000000001,3.789164394099922,0,90.0,-0.19349345839744603,1.0543483615177283,59,1530.0
gebco_monterey_canyon_complex,GEBCO Monterey Canyon,Adaptive Spacing w/o GA,strong_noise,110,97.24444444444444,3.5850823882281224,0,90.0,-1.705059195856318,1.0124689489299064,59,1530.0
gebco_monterey_canyon_complex,GEBCO Monterey Canyon,Adaptive Spacing w/o GA,strong_noise,111,96.01111111111112,1.2378123733748598,0,90.0,-1.3491401337548572,0.9439803425407765,59,1530.0
gebco_monterey_canyon_complex,GEBCO Monterey Canyon,Adaptive Spacing w/o GA,strong_noise,112,99.77222222222221,4.3061570829938125,0,90.0,-0.12435378493333939,1.0567782635472032,59,1530.0
gebco_monterey_canyon_complex,GEBCO Monterey Canyon,Adaptive Spacing w/o GA,strong_noise,113,98.89444444444445,4.726687524289698,0,90.0,0.18042593570332904,1.0644448284025618,59,1530.0
gebco_monterey_canyon_complex,GEBCO Monterey Canyon,Adaptive Spacing w/o GA,strong_noise,114,99.08333333333333,5.293566722354196,0,90.0,-0.6270334869411245,1.0845182210233946,59,1530.0
gebco_monterey_canyon_complex,GEBCO Monterey Canyon,Adaptive Spacing w/o GA,strong_noise,115,96.09444444444445,1.579410791070951,0,90.0,-0.9903339254542806,0.971815157825777,59,1530.0
gebco_monterey_canyon_complex,GEBCO Monterey Canyon,Adaptive Spacing w/o GA,strong_noise,116,96.72777777777777,3.1376451940541052,0,90.0,1.342449130626605,1.0070815283480679,59,1530.0
gebco_monterey_canyon_complex,GEBCO Monterey Canyon,Adaptive Spacing w/o GA,strong_noise,117,97.96111111111111,2.5449931100939196,1,90.0,-0.382011171450016,1.0100471586342499,59,1530.0
gebco_monterey_canyon_complex,GEBCO Monterey Canyon,Adaptive Spacing w/o GA,strong_noise,118,97.00555555555556,2.3067789799531173,1,90.0,0.876598790116643,0.9962409355652068,59,1530.0
gebco_monterey_canyon_complex,GEBCO Monterey Canyon,Adaptive Spacing w/o GA,strong_noise,119,94.04444444444444,0.9398759553356332,0,90.0,-0.18791406741334196,0.8866871408385261,59,1530.0
gebco_monterey_canyon_complex,GEBCO Monterey Canyon,Adaptive Spacing w/o GA,strong_noise,120,94.93888888888888,1.3213240633599195,0,90.0,-1.5698050494632472,0.9251712059032772,59,1530.0
gebco_monterey_canyon_complex,GEBCO Monterey Canyon,Adaptive Spacing w/o GA,strong_noise,121,99.11111111111111,2.824358468078896,1,90.0,-0.14904348622228247,1.0196949690670445,59,1530.0
gebco_monterey_canyon_complex,GEBCO Monterey Canyon,Adaptive Spacing w/o GA,strong_noise,122,97.80555555555556,1.8784090806330382,1,90.0,-0.47530378972235143,0.9569151756492265,59,1530.0
gebco_monterey_canyon_complex,GEBCO Monterey Canyon,Adaptive Spacing w/o GA,strong_noise,123,96.83333333333334,1.386196769667203,0,90.0,0.3385704065679211,0.9356606530844574,59,1530.0
gebco_monterey_canyon_complex,GEBCO Monterey Canyon,Adaptive Spacing w/o GA,strong_noise,124,97.67777777777778,2.905041390446234,1,90.0,0.7071297234144038,1.0001210939082754,59,1530.0
gebco_monterey_canyon_complex,GEBCO Monterey Canyon,Adaptive Spacing w/o GA,strong_noise,125,99.19444444444444,2.4340095566266524,1,90.0,-0.40563337170205643,1.0430565209976514,59,1530.0
gebco_monterey_canyon_complex,GEBCO Monterey Canyon,Adaptive Spacing w/o GA,strong_noise,126,97.16111111111111,2.6151628969869094,1,90.0,2.3799304334435707,1.0426963594368879,59,1530.0
gebco_monterey_canyon_complex,GEBCO Monterey Canyon,Adaptive Spacing w/o GA,strong_noise,127,97.75555555555555,1.6207722660779809,1,90.0,0.02982084321475955,0.9579916688481389,59,1530.0
gebco_monterey_canyon_complex,GEBCO Monterey Canyon,Adaptive Spacing w/o GA,strong_noise,128,97.12777777777778,1.60068400524213,1,90.0,1.5119002908579149,0.9711312091319735,59,1530.0
gebco_monterey_canyon_complex,GEBCO Monterey Canyon,Adaptive Spacing w/o GA,strong_noise,129,99.04444444444445,2.9836523795530816,1,90.0,0.050833548659808235,1.0411807755292604,59,1530.0
gebco_monterey_canyon_complex,GEBCO Monterey Canyon,Adaptive Spacing w/o GA,strong_noise,130,97.63333333333334,1.894570560058074,1,90.0,0.33426701603694764,0.9937908176618876,59,1530.0
gebco_monterey_canyon_complex,GEBCO Monterey Canyon,Adaptive Spacing w/o GA,strong_noise,131,99.15,5.705794785918085,0,90.0,-0.6770634088884798,1.1085060818903474,59,1530.0
gebco_monterey_canyon_complex,GEBCO Monterey Canyon,Adaptive Spacing w/o GA,strong_noise,132,93.67777777777778,0.4729404935413107,0,90.0,-1.181285225115479,0.8794915331748003,59,1530.0
gebco_monterey_canyon_complex,GEBCO Monterey Canyon,Adaptive Spacing w/o GA,strong_noise,133,90.71666666666667,0.8485773357420046,0,90.0,-0.1592914520309408,0.8646265222584429,59,1530.0
gebco_monterey_canyon_complex,GEBCO Monterey Canyon,Adaptive Spacing w/o GA,strong_noise,134,97.66666666666667,3.973943833836255,0,90.0,-1.6189168665252263,1.1112004931555726,59,1530.0
gebco_monterey_canyon_complex,GEBCO Monterey Canyon,Adaptive Spacing w/o GA,strong_noise,135,98.36111111111111,2.5087845279254872,1,90.0,0.3562321120063126,1.0047383977626616,59,1530.0
gebco_monterey_canyon_complex,GEBCO Monterey Canyon,Adaptive Spacing w/o GA,strong_noise,136,96.75555555555555,3.355859827553277,0,90.0,-1.0059264329356956,0.9900059692195239,59,1530.0
gebco_monterey_canyon_complex,GEBCO Monterey Canyon,Adaptive Spacing w/o GA,strong_noise,137,99.26666666666667,2.914580381309971,1,90.0,-0.09862632192658001,1.0362177598292348,59,1530.0
gebco_monterey_canyon_complex,GEBCO Monterey Canyon,Adaptive Spacing w/o GA,strong_noise,138,98.14444444444445,4.221424062594208,0,90.0,0.8050070278831647,1.0351741869905406,59,1530.0
gebco_monterey_canyon_complex,GEBCO Monterey Canyon,Adaptive Spacing w/o GA,strong_noise,139,97.46111111111111,1.2747981195368192,1,90.0,-0.5907065833020926,0.9624991256414375,59,1530.0
gebco_monterey_canyon_complex,GEBCO Monterey Canyon,Adaptive Spacing w/o GA,strong_noise,140,95.26666666666667,2.1316318377811463,0,90.0,-1.9566688370876677,0.9584779574061375,59,1530.0
gebco_monterey_canyon_complex,GEBCO Monterey Canyon,Adaptive Spacing w/o GA,strong_noise,141,98.47777777777777,2.302562991366808,1,90.0,-0.4295075908287923,0.996608385249794,59,1530.0
gebco_monterey_canyon_complex,GEBCO Monterey Canyon,Adaptive Spacing w/o GA,strong_noise,142,95.7,2.6312736995455004,0,90.0,2.2680821804081712,0.9949561494346042,59,1530.0
gebco_monterey_canyon_complex,GEBCO Monterey Canyon,Adaptive Spacing w/o GA,strong_noise,143,97.02777777777779,1.1095544342157702,1,90.0,-0.4416825931877394,0.9225785686203515,59,1530.0
gebco_monterey_canyon_complex,GEBCO Monterey Canyon,Adaptive Spacing w/o GA,strong_noise,144,96.16666666666667,1.5248520415977493,0,90.0,1.0117461924647888,0.9551196338032858,59,1530.0
gebco_monterey_canyon_complex,GEBCO Monterey Canyon,Adaptive Spacing w/o GA,strong_noise,145,95.93888888888888,2.2853363369490802,0,90.0,0.4731704501301513,0.9436507292195483,59,1530.0
gebco_monterey_canyon_complex,GEBCO Monterey Canyon,Adaptive Spacing w/o GA,strong_noise,146,94.67777777777778,0.4269006513660422,0,90.0,-0.29540796734832314,0.8826874707574641,59,1530.0
gebco_monterey_canyon_complex,GEBCO Monterey Canyon,Adaptive Spacing w/o GA,strong_noise,147,98.05,2.8461787878740354,1,90.0,0.4444509638267273,1.0091097833395775,59,1530.0
gebco_monterey_canyon_complex,GEBCO Monterey Canyon,Adaptive Spacing w/o GA,strong_noise,148,95.63333333333334,2.1060327160436665,0,90.0,1.3044619447803762,0.9704431090798221,59,1530.0
gebco_monterey_canyon_complex,GEBCO Monterey Canyon,Adaptive Spacing w/o GA,strong_noise,149,95.70555555555555,0.3358963392154427,0,90.0,1.5330191193104352,0.9193431339471244,59,1530.0
gebco_monterey_canyon_complex,GEBCO Monterey Canyon,Adaptive Spacing w/o GA,strong_noise,150,97.12222222222222,2.649978107026232,1,90.0,-0.14094278074464237,1.0037133904035214,59,1530.0
gebco_monterey_canyon_complex,GEBCO Monterey Canyon,Adaptive Spacing w/o GA,strong_noise,151,96.41111111111111,2.727544965096181,0,90.0,-2.5166623320268378,1.0217948192662856,59,1530.0
gebco_monterey_canyon_complex,GEBCO Monterey Canyon,Adaptive Spacing w/o GA,strong_noise,152,96.71666666666667,2.594686147755211,0,90.0,-1.856979377691088,1.0034438410405817,59,1530.0
gebco_monterey_canyon_complex,GEBCO Monterey Canyon,Adaptive Spacing w/o GA,strong_noise,153,98.83333333333333,3.3678598469282384,0,90.0,0.749777617367168,1.0516569155266946,59,1530.0
gebco_monterey_canyon_complex,GEBCO Monterey Canyon,Adaptive Spacing w/o GA,strong_noise,154,99.36111111111111,1.6685025970560206,1,90.0,-0.05993717778810373,0.9772979573802044,59,1530.0
gebco_monterey_canyon_complex,GEBCO Monterey Canyon,Adaptive Spacing w/o GA,strong_noise,155,99.27777777777777,1.9101596981791482,1,90.0,-0.5074752585793963,0.9752813871613429,59,1530.0
gebco_monterey_canyon_complex,GEBCO Monterey Canyon,Adaptive Spacing w/o GA,strong_noise,156,93.00555555555555,0.955510457252823,0,90.0,0.23038037648541768,0.8848353314471904,59,1530.0
gebco_monterey_canyon_complex,GEBCO Monterey Canyon,Adaptive Spacing w/o GA,strong_noise,157,94.19444444444444,1.1738742156653896,0,90.0,1.0059695185735296,0.9135591325615331,59,1530.0
gebco_monterey_canyon_complex,GEBCO Monterey Canyon,Adaptive Spacing w/o GA,strong_noise,158,99.7,3.7207656854945372,0,90.0,0.062105279881190925,1.079148897328957,59,1530.0
gebco_monterey_canyon_complex,GEBCO Monterey Canyon,Adaptive Spacing w/o GA,strong_noise,159,97.49444444444444,1.7738166454953546,1,90.0,0.8143310100444158,0.9779054218219172,59,1530.0
gebco_monterey_canyon_complex,GEBCO Monterey Canyon,Adaptive Spacing w/o GA,strong_noise,160,98.47222222222223,3.965602618219193,0,90.0,-0.7165684240422527,1.0485629102170781,59,1530.0
gebco_monterey_canyon_complex,GEBCO Monterey Canyon,Adaptive Spacing w/o GA,strong_noise,161,99.13888888888889,5.6399155741535685,0,90.0,0.4997147934311568,1.0816295809428653,59,1530.0
gebco_monterey_canyon_complex,GEBCO Monterey Canyon,Adaptive Spacing w/o GA,strong_noise,162,97.86666666666667,2.8268924367367934,1,90.0,0.2906325275473583,1.0022973780938098,59,1530.0
gebco_monterey_canyon_complex,GEBCO Monterey Canyon,Adaptive Spacing w/o GA,strong_noise,163,98.76666666666667,1.0401608375177362,1,90.0,-0.052023729425256536,0.9916455567897922,59,1530.0
gebco_monterey_canyon_complex,GEBCO Monterey Canyon,Adaptive Spacing w/o GA,strong_noise,164,98.66111111111111,3.6273378621887615,0,90.0,0.463894456571059,1.0537776151886735,59,1530.0
gebco_monterey_canyon_complex,GEBCO Monterey Canyon,Adaptive Spacing w/o GA,strong_noise,165,95.0,0.6391509838425508,0,90.0,0.24191274901696977,0.8753629816462409,59,1530.0
gebco_monterey_canyon_complex,GEBCO Monterey Canyon,Adaptive Spacing w/o GA,strong_noise,166,96.89444444444445,5.191498079637695,0,90.0,1.878508293719824,1.0896942907788423,59,1530.0
gebco_monterey_canyon_complex,GEBCO Monterey Canyon,Adaptive Spacing w/o GA,strong_noise,167,98.34444444444445,3.845113238233545,0,90.0,0.5002409303610471,1.0448969264604253,59,1530.0
gebco_monterey_canyon_complex,GEBCO Monterey Canyon,Adaptive Spacing w/o GA,strong_noise,168,97.48333333333333,2.3035030299106114,1,90.0,1.1402603557067261,0.9901354815629427,59,1530.0
gebco_monterey_canyon_complex,GEBCO Monterey Canyon,Adaptive Spacing w/o GA,strong_noise,169,98.27222222222223,3.7794887188716846,0,90.0,-0.0959239682120759,1.0332150582170985,59,1530.0
gebco_monterey_canyon_complex,GEBCO Monterey Canyon,Adaptive Spacing w/o GA,strong_noise,170,99.41666666666666,5.61488486622654,0,90.0,-0.49294033783253566,1.107524875141479,59,1530.0
gebco_monterey_canyon_complex,GEBCO Monterey Canyon,Adaptive Spacing w/o GA,strong_noise,171,97.46666666666667,2.3464369144412007,1,90.0,1.5326537576169872,1.0514255885591617,59,1530.0
gebco_monterey_canyon_complex,GEBCO Monterey Canyon,Adaptive Spacing w/o GA,strong_noise,172,98.35000000000001,1.3930610193585653,1,90.0,-0.3286821526889871,0.9671650096106617,59,1530.0
gebco_monterey_canyon_complex,GEBCO Monterey Canyon,Adaptive Spacing w/o GA,strong_noise,173,97.32777777777778,1.2709974309270349,1,90.0,1.1693969495209053,0.9855178468195824,59,1530.0
gebco_monterey_canyon_complex,GEBCO Monterey Canyon,Adaptive Spacing w/o GA,strong_noise,174,92.58333333333333,0.36385344147613613,0,90.0,-1.35504487925698,0.8636516694816899,59,1530.0
gebco_monterey_canyon_complex,GEBCO Monterey Canyon,Adaptive Spacing w/o GA,strong_noise,175,96.71111111111111,2.483387035827924,0,90.0,-1.6355634500601548,0.9982323076587055,59,1530.0
gebco_monterey_canyon_complex,GEBCO Monterey Canyon,Adaptive Spacing w/o GA,strong_noise,176,97.32222222222222,1.8723332561257702,1,90.0,-1.146231883367562,0.9893105579035757,59,1530.0
gebco_monterey_canyon_complex,GEBCO Monterey Canyon,Adaptive Spacing w/o GA,strong_noise,177,98.12222222222222,3.631304593251446,0,90.0,0.7705589954892255,1.0319490835447007,59,1530.0
gebco_monterey_canyon_complex,GEBCO Monterey Canyon,Adaptive Spacing w/o GA,strong_noise,178,98.36111111111111,2.288786897612084,1,90.0,-0.8983530714420129,1.0095678835181066,59,1530.0
gebco_monterey_canyon_complex,GEBCO Monterey Canyon,Adaptive Spacing w/o GA,strong_noise,179,97.32777777777778,1.8731801503411147,1,90.0,2.074444485888672,1.0061762401948726,59,1530.0
gebco_monterey_canyon_complex,GEBCO Monterey Canyon,Adaptive Spacing w/o GA,strong_noise,180,95.5611111111111,2.6413541566817584,0,90.0,-0.8210871876665252,0.9655485004620874,59,1530.0
gebco_monterey_canyon_complex,GEBCO Monterey Canyon,Adaptive Spacing w/o GA,strong_noise,181,96.02777777777777,1.3945572750978397,0,90.0,0.36382127028169287,0.9447096061724487,59,1530.0
gebco_monterey_canyon_complex,GEBCO Monterey Canyon,Adaptive Spacing w/o GA,strong_noise,182,97.2,1.9838318198408618,1,90.0,1.0991775286933565,0.9915565187950309,59,1530.0
gebco_monterey_canyon_complex,GEBCO Monterey Canyon,Adaptive Spacing w/o GA,strong_noise,183,98.37777777777778,4.928654324244089,0,90.0,1.1392003515608584,1.0984828543895766,59,1530.0
gebco_monterey_canyon_complex,GEBCO Monterey Canyon,Adaptive Spacing w/o GA,strong_noise,184,98.1,1.485424668208766,1,90.0,-0.6095141110849607,0.971987849956529,59,1530.0
gebco_monterey_canyon_complex,GEBCO Monterey Canyon,Adaptive Spacing w/o GA,strong_noise,185,96.76666666666667,2.1500504504183273,0,90.0,0.9831089854015918,0.9827407239096632,59,1530.0
gebco_monterey_canyon_complex,GEBCO Monterey Canyon,Adaptive Spacing w/o GA,strong_noise,186,92.13333333333334,0.8740803914412777,0,90.0,2.208577490134885,0.9008477589805935,59,1530.0
gebco_monterey_canyon_complex,GEBCO Monterey Canyon,Adaptive Spacing w/o GA,strong_noise,187,97.02222222222223,0.8485081850700236,1,90.0,-0.25003770186262275,0.93698630174292,59,1530.0
gebco_monterey_canyon_complex,GEBCO Monterey Canyon,Adaptive Spacing w/o GA,strong_noise,188,94.27222222222223,0.8864131357074774,0,90.0,-0.6800435858335857,0.8964949294172978,59,1530.0
gebco_monterey_canyon_complex,GEBCO Monterey Canyon,Adaptive Spacing w/o GA,strong_noise,189,95.24444444444444,1.318160214373612,0,90.0,0.17916216719904648,0.910658565183352,59,1530.0
gebco_monterey_canyon_complex,GEBCO Monterey Canyon,Adaptive Spacing w/o GA,strong_noise,190,99.52222222222223,2.5961036156080346,1,90.0,-0.36181418015549893,1.0468094426381158,59,1530.0
gebco_monterey_canyon_complex,GEBCO Monterey Canyon,Adaptive Spacing w/o GA,strong_noise,191,95.88888888888889,1.0116801178714732,0,90.0,-0.6125250523681469,0.9079242211384849,59,1530.0
gebco_monterey_canyon_complex,GEBCO Monterey Canyon,Adaptive Spacing w/o GA,strong_noise,192,94.36666666666666,0.8958281846025105,0,90.0,0.45814453791249776,0.8879795671675367,59,1530.0
gebco_monterey_canyon_complex,GEBCO Monterey Canyon,Adaptive Spacing w/o GA,strong_noise,193,98.10555555555555,2.992608020623344,1,90.0,0.991647869811241,1.0417764727960708,59,1530.0
gebco_monterey_canyon_complex,GEBCO Monterey Canyon,Adaptive Spacing w/o GA,strong_noise,194,97.59444444444443,3.7518359578896447,0,90.0,-1.3338823251470862,1.0733080325803754,59,1530.0
gebco_monterey_canyon_complex,GEBCO Monterey Canyon,Adaptive Spacing w/o GA,strong_noise,195,96.7611111111111,2.505355614717407,0,90.0,1.0195945692745876,0.9884005581063239,59,1530.0
gebco_monterey_canyon_complex,GEBCO Monterey Canyon,Adaptive Spacing w/o GA,strong_noise,196,98.15555555555555,5.37582134580348,0,90.0,0.6076829764956752,1.0700595734672655,59,1530.0
gebco_monterey_canyon_complex,GEBCO Monterey Canyon,Adaptive Spacing w/o GA,strong_noise,197,96.95555555555555,2.866991106783009,0,90.0,-1.2277456723851168,0.9787350085811819,59,1530.0
gebco_monterey_canyon_complex,GEBCO Monterey Canyon,Adaptive Spacing w/o GA,strong_noise,198,99.20555555555556,3.2939229966276797,0,90.0,-0.04395425484604144,1.0251342171579136,59,1530.0
gebco_monterey_canyon_complex,GEBCO Monterey Canyon,Adaptive Spacing w/o GA,strong_noise,199,98.88888888888889,3.785956146149935,0,90.0,-0.019539674400603644,1.0522956784505668,59,1530.0
gebco_monterey_canyon_complex,GEBCO Monterey Canyon,Adaptive Spacing w/o GA,strong_noise,200,95.31666666666668,0.872152683881549,0,90.0,-0.7992185168470586,0.9101624129424023,59,1530.0
gebco_monterey_canyon_complex,GEBCO Monterey Canyon,Adaptive Spacing w/o GA,strong_noise,201,97.08333333333333,1.669605734976399,1,90.0,0.4799690660215477,0.9589606251493513,59,1530.0
gebco_monterey_canyon_complex,GEBCO Monterey Canyon,Adaptive Spacing w/o GA,strong_noise,202,98.39444444444445,2.0409807556542123,1,90.0,-0.7043460593074546,0.9954326016459449,59,1530.0
gebco_monterey_canyon_complex,GEBCO Monterey Canyon,Adaptive Spacing w/o GA,strong_noise,203,99.16666666666667,3.337486622323736,0,90.0,-0.1732274050773899,1.058503504682908,59,1530.0
gebco_monterey_canyon_complex,GEBCO Monterey Canyon,Adaptive Spacing w/o GA,strong_noise,204,96.62777777777778,1.774113366965851,0,90.0,-1.512493030679337,0.9886637245858849,59,1530.0
gebco_monterey_canyon_complex,GEBCO Monterey Canyon,Adaptive Spacing w/o GA,strong_noise,205,98.50555555555556,2.118387110457006,1,90.0,-0.39834189112377244,1.0012790043131754,59,1530.0
gebco_monterey_canyon_complex,GEBCO Monterey Canyon,Adaptive Spacing w/o GA,strong_noise,206,97.37222222222222,3.6803622213700584,0,90.0,0.34646061582408466,0.9935073948551874,59,1530.0
gebco_monterey_canyon_complex,GEBCO Monterey Canyon,Adaptive Spacing w/o GA,strong_noise,207,97.91111111111111,1.576667678887028,1,90.0,0.8279516716004085,0.9899533455001838,59,1530.0
gebco_monterey_canyon_complex,GEBCO Monterey Canyon,Adaptive Spacing w/o GA,strong_noise,208,96.71666666666667,5.128318840804944,0,90.0,-0.5650207139939423,0.9972354624102049,59,1530.0
gebco_monterey_canyon_complex,GEBCO Monterey Canyon,Adaptive Spacing w/o GA,strong_noise,209,96.08888888888889,1.5822449894938417,0,90.0,1.4544048928529962,0.947572476986408,59,1530.0
gebco_monterey_canyon_complex,GEBCO Monterey Canyon,Adaptive Spacing w/o GA,strong_noise,210,99.55000000000001,3.5140789839796347,0,90.0,0.1313018781895165,1.0340917964089809,59,1530.0
gebco_monterey_canyon_complex,GEBCO Monterey Canyon,Adaptive Spacing w/o GA,strong_noise,211,98.72222222222223,3.0038108590525794,0,90.0,0.0804274959310776,1.0297709552246328,59,1530.0
gebco_monterey_canyon_complex,GEBCO Monterey Canyon,Adaptive Spacing w/o GA,strong_noise,212,95.90555555555555,2.716217768089792,0,90.0,3.026652964912912,1.0079544632084778,59,1530.0
gebco_monterey_canyon_complex,GEBCO Monterey Canyon,Adaptive Spacing w/o GA,strong_noise,213,97.98333333333333,1.6424553718389014,1,90.0,-1.1481823181094108,0.9959710260815003,59,1530.0
gebco_monterey_canyon_complex,GEBCO Monterey Canyon,Adaptive Spacing w/o GA,strong_noise,214,97.31111111111112,2.0341437058659655,1,90.0,0.17334553491099805,0.9716637492985196,59,1530.0
gebco_monterey_canyon_complex,GEBCO Monterey Canyon,Adaptive Spacing w/o GA,strong_noise,215,98.92222222222222,3.197117265102516,0,90.0,-0.35643580841223726,1.0132702785732202,59,1530.0
gebco_monterey_canyon_complex,GEBCO Monterey Canyon,Adaptive Spacing w/o GA,strong_noise,216,95.35555555555555,2.4450563988308014,0,90.0,1.8899448404830992,0.958771420182075,59,1530.0
gebco_monterey_canyon_complex,GEBCO Monterey Canyon,Adaptive Spacing w/o GA,strong_noise,217,98.05555555555556,3.2764480369964946,0,90.0,-0.30157380977008086,1.005769487850782,59,1530.0
gebco_monterey_canyon_complex,GEBCO Monterey Canyon,Adaptive Spacing w/o GA,strong_noise,218,96.73333333333333,2.2968608444702943,0,90.0,1.5606015190146565,0.9841377516896161,59,1530.0
gebco_monterey_canyon_complex,GEBCO Monterey Canyon,Adaptive Spacing w/o GA,strong_noise,219,99.12777777777778,3.5924437201392676,0,90.0,-0.37668938576190264,1.068684022696406,59,1530.0
gebco_monterey_canyon_complex,GEBCO Monterey Canyon,Adaptive Spacing w/o GA,strong_noise,220,96.59444444444445,2.28312971316539,0,90.0,-0.16243321503794192,0.97392395445953,59,1530.0
gebco_monterey_canyon_complex,GEBCO Monterey Canyon,Adaptive Spacing w/o GA,strong_noise,221,98.62777777777778,3.6171270262334243,0,90.0,-0.349225085642918,1.0364013371002185,59,1530.0
gebco_monterey_canyon_complex,GEBCO Monterey Canyon,Adaptive Spacing w/o GA,strong_noise,222,94.65,0.5148110231842081,0,90.0,0.7855003650222209,0.9074041187933355,59,1530.0
gebco_monterey_canyon_complex,GEBCO Monterey Canyon,Adaptive Spacing w/o GA,strong_noise,223,98.09444444444443,3.6173546023377607,0,90.0,-0.9235447340200009,1.0298308131966392,59,1530.0
gebco_monterey_canyon_complex,GEBCO Monterey Canyon,Adaptive Spacing w/o GA,strong_noise,224,98.65,2.0758017787903795,1,90.0,0.19893007053511846,0.9972049652193158,59,1530.0
gebco_monterey_canyon_complex,GEBCO Monterey Canyon,Adaptive Spacing w/o GA,strong_noise,225,96.96666666666667,1.6286503188287436,0,90.0,1.374551289280486,0.9745895642646399,59,1530.0
gebco_monterey_canyon_complex,GEBCO Monterey Canyon,Adaptive Spacing w/o GA,strong_noise,226,97.42777777777778,1.609510142845577,1,90.0,-0.20978948658287164,0.9472254993187263,59,1530.0
gebco_monterey_canyon_complex,GEBCO Monterey Canyon,Adaptive Spacing w/o GA,strong_noise,227,99.82777777777778,4.499230577461921,0,90.0,-0.04114124806165969,1.0718908984654654,59,1530.0
gebco_monterey_canyon_complex,GEBCO Monterey Canyon,Adaptive Spacing w/o GA,strong_noise,228,96.76666666666667,1.1436018716935252,0,90.0,-0.14193062743680546,0.928847680612986,59,1530.0
gebco_monterey_canyon_complex,GEBCO Monterey Canyon,Adaptive Spacing w/o GA,strong_noise,229,97.88333333333334,1.9304332163720324,1,90.0,0.451628249755667,0.9745146614761536,59,1530.0
gebco_monterey_canyon_complex,GEBCO Monterey Canyon,Adaptive Spacing w/o GA,strong_noise,230,99.17222222222222,2.5855771642137504,1,90.0,0.07166960719204224,1.0240665642157094,59,1530.0
gebco_monterey_canyon_complex,GEBCO Monterey Canyon,Adaptive Spacing w/o GA,strong_noise,231,97.89444444444445,5.315603316441582,0,90.0,1.0299588997485087,1.0760207016519152,59,1530.0
gebco_monterey_canyon_complex,GEBCO Monterey Canyon,Adaptive Spacing w/o GA,strong_noise,232,97.96666666666667,4.138246314122873,0,90.0,-0.958856055289105,1.0544750676944747,59,1530.0
gebco_monterey_canyon_complex,GEBCO Monterey Canyon,Adaptive Spacing w/o GA,strong_noise,233,97.51666666666667,4.738354351652538,0,90.0,1.4325670503712502,1.0806309486890928,59,1530.0
gebco_monterey_canyon_complex,GEBCO Monterey Canyon,Adaptive Spacing w/o GA,strong_noise,234,97.88888888888889,3.4450760191860414,0,90.0,0.4806095859330864,1.0116628765322409,59,1530.0
gebco_monterey_canyon_complex,GEBCO Monterey Canyon,Adaptive Spacing w/o GA,strong_noise,235,96.86111111111111,0.9400130004466668,0,90.0,0.8975121011261428,0.9413338961751534,59,1530.0
gebco_monterey_canyon_complex,GEBCO Monterey Canyon,Adaptive Spacing w/o GA,strong_noise,236,98.51666666666667,2.346302670343302,1,90.0,0.36192978417375593,0.989087495861092,59,1530.0
gebco_monterey_canyon_complex,GEBCO Monterey Canyon,Adaptive Spacing w/o GA,strong_noise,237,99.43333333333332,3.5936132608947826,0,90.0,-0.16226287436194053,1.0363724108754526,59,1530.0
gebco_monterey_canyon_complex,GEBCO Monterey Canyon,Adaptive Spacing w/o GA,strong_noise,238,97.62777777777778,1.722015345207477,1,90.0,-0.9094039245234631,0.9911048322380372,59,1530.0
gebco_monterey_canyon_complex,GEBCO Monterey Canyon,Adaptive Spacing w/o GA,strong_noise,239,98.72222222222223,3.2274055232367824,0,90.0,-0.13827607380199902,1.01405997729965,59,1530.0
gebco_monterey_canyon_complex,GEBCO Monterey Canyon,Adaptive Spacing w/o GA,strong_noise,240,98.93888888888888,2.070981858447782,1,90.0,-0.6951909400110038,1.0014863396565536,59,1530.0
gebco_monterey_canyon_complex,GEBCO Monterey Canyon,Adaptive Spacing w/o GA,strong_noise,241,97.48333333333333,4.018177565080657,0,90.0,-1.0738341251417671,1.0172013304826868,59,1530.0
gebco_monterey_canyon_complex,GEBCO Monterey Canyon,Adaptive Spacing w/o GA,strong_noise,242,96.65555555555555,0.587651855207461,0,90.0,-0.41977999422666573,0.910598848145755,59,1530.0
gebco_monterey_canyon_complex,GEBCO Monterey Canyon,Adaptive Spacing w/o GA,strong_noise,243,98.35000000000001,2.737958189963461,1,90.0,0.8917064007307598,1.0211590200884701,59,1530.0
gebco_monterey_canyon_complex,GEBCO Monterey Canyon,Adaptive Spacing w/o GA,strong_noise,244,96.78333333333333,1.7361780533822957,0,90.0,-0.8520312817156553,0.9440430098531093,59,1530.0
gebco_monterey_canyon_complex,GEBCO Monterey Canyon,Adaptive Spacing w/o GA,strong_noise,245,96.9888888888889,2.2447060914928665,0,90.0,0.20219999879456385,0.9670079642164564,59,1530.0
gebco_monterey_canyon_complex,GEBCO Monterey Canyon,Adaptive Spacing w/o GA,strong_noise,246,98.71666666666667,3.5751276737062327,0,90.0,-0.8507655962097932,1.0591332793248245,59,1530.0
gebco_monterey_canyon_complex,GEBCO Monterey Canyon,Adaptive Spacing w/o GA,strong_noise,247,98.6888888888889,6.9761338123660925,0,90.0,-0.5844511198429708,1.1590196183421926,59,1530.0
gebco_monterey_canyon_complex,GEBCO Monterey Canyon,Adaptive Spacing w/o GA,strong_noise,248,96.7,0.9697877162832435,0,90.0,0.6509720608449734,0.9513764141036718,59,1530.0
gebco_monterey_canyon_complex,GEBCO Monterey Canyon,Adaptive Spacing w/o GA,strong_noise,249,98.1888888888889,2.683267518342902,1,90.0,-0.10665999994812463,0.9841998149966625,59,1530.0
gebco_monterey_canyon_complex,GEBCO Monterey Canyon,Adaptive Spacing w/o GA,strong_noise,250,96.2611111111111,1.9052634585038084,0,90.0,0.029672567100139102,0.9310826260092347,59,1530.0
gebco_monterey_canyon_complex,GEBCO Monterey Canyon,Adaptive Spacing w/o GA,strong_noise,251,96.57777777777777,0.5603003267854326,0,90.0,-0.8606929954651055,0.9581221064874118,59,1530.0
gebco_monterey_canyon_complex,GEBCO Monterey Canyon,Adaptive Spacing w/o GA,strong_noise,252,99.6111111111111,4.416919759297512,0,90.0,0.42043456854986233,1.105321884631062,59,1530.0
gebco_monterey_canyon_complex,GEBCO Monterey Canyon,Adaptive Spacing w/o GA,strong_noise,253,97.87222222222223,2.3980390042510695,1,90.0,0.8533047540389117,0.9935764791727194,59,1530.0
gebco_monterey_canyon_complex,GEBCO Monterey Canyon,Adaptive Spacing w/o GA,strong_noise,254,94.7611111111111,2.0922715205857694,0,90.0,-1.1584453935528416,0.9389603671285429,59,1530.0
gebco_monterey_canyon_complex,GEBCO Monterey Canyon,Adaptive Spacing w/o GA,strong_noise,255,98.58888888888889,3.5086233361790398,0,90.0,-1.1293598847327062,1.0595103892552449,59,1530.0
gebco_monterey_canyon_complex,GEBCO Monterey Canyon,Adaptive Spacing w/o GA,strong_noise,256,95.88888888888889,0.9306723932940414,0,90.0,0.6505201560736568,0.9159322959326712,59,1530.0
gebco_monterey_canyon_complex,GEBCO Monterey Canyon,Adaptive Spacing w/o GA,strong_noise,257,99.70555555555556,3.340302299961716,0,90.0,0.09909367545539549,1.0380096696972332,59,1530.0
gebco_monterey_canyon_complex,GEBCO Monterey Canyon,Adaptive Spacing w/o GA,strong_noise,258,98.38888888888889,5.515532488964373,0,90.0,0.713034777990772,1.1228579846273672,59,1530.0
gebco_monterey_canyon_complex,GEBCO Monterey Canyon,Adaptive Spacing w/o GA,strong_noise,259,99.27222222222221,2.900504426485876,1,90.0,0.11201018300560618,1.020572166664914,59,1530.0
gebco_monterey_canyon_complex,GEBCO Monterey Canyon,Adaptive Spacing w/o GA,strong_noise,260,98.97222222222221,3.4034714210723593,0,90.0,0.505656929253779,1.0974507379201421,59,1530.0
gebco_monterey_canyon_complex,GEBCO Monterey Canyon,Adaptive Spacing w/o GA,strong_noise,261,96.69444444444444,1.6716425244291935,0,90.0,1.1787424891896565,0.965974629622172,59,1530.0
gebco_monterey_canyon_complex,GEBCO Monterey Canyon,Adaptive Spacing w/o GA,strong_noise,262,95.62222222222222,0.6665215417330388,0,90.0,0.8661914963081702,0.9111868794475652,59,1530.0
gebco_monterey_canyon_complex,GEBCO Monterey Canyon,Adaptive Spacing w/o GA,strong_noise,263,97.1,2.9264834527089216,1,90.0,1.0058699375876863,0.9906695126113836,59,1530.0
gebco_monterey_canyon_complex,GEBCO Monterey Canyon,Adaptive Spacing w/o GA,strong_noise,264,99.40555555555555,4.147468510390655,0,90.0,-0.24985049850091584,1.0470197291106567,59,1530.0
gebco_monterey_canyon_complex,GEBCO Monterey Canyon,Adaptive Spacing w/o GA,strong_noise,265,98.26666666666667,6.236289647770453,0,90.0,-0.609806025901733,1.0652089170345682,59,1530.0
gebco_monterey_canyon_complex,GEBCO Monterey Canyon,Adaptive Spacing w/o GA,strong_noise,266,98.46666666666667,2.969114286615739,1,90.0,-0.20793361269026533,1.0132063315637305,59,1530.0
gebco_monterey_canyon_complex,GEBCO Monterey Canyon,Adaptive Spacing w/o GA,strong_noise,267,98.58888888888889,3.279206328619062,0,90.0,-0.6376256463792694,1.0480159460874852,59,1530.0
gebco_monterey_canyon_complex,GEBCO Monterey Canyon,Adaptive Spacing w/o GA,strong_noise,268,95.69444444444444,1.1579066667555333,0,90.0,-2.3798843700104775,0.9517691836005872,59,1530.0
gebco_monterey_canyon_complex,GEBCO Monterey Canyon,Adaptive Spacing w/o GA,strong_noise,269,94.38333333333333,0.27701680313787075,0,90.0,0.1180954490019893,0.8966904891842751,59,1530.0
gebco_monterey_canyon_complex,GEBCO Monterey Canyon,Adaptive Spacing w/o GA,strong_noise,270,93.7,1.0041450382483235,0,90.0,-2.9788685013995386,0.9023073299922881,59,1530.0
gebco_monterey_canyon_complex,GEBCO Monterey Canyon,Adaptive Spacing w/o GA,strong_noise,271,98.2,3.064953746876348,0,90.0,-0.985695246726738,1.069672387287156,59,1530.0
gebco_monterey_canyon_complex,GEBCO Monterey Canyon,Adaptive Spacing w/o GA,strong_noise,272,98.35555555555555,4.100029854274303,0,90.0,0.5476600693715676,1.0439193289865965,59,1530.0
gebco_monterey_canyon_complex,GEBCO Monterey Canyon,Adaptive Spacing w/o GA,strong_noise,273,95.89444444444445,2.5606420008101347,0,90.0,-2.12595714806746,0.9794947894302878,59,1530.0
gebco_monterey_canyon_complex,GEBCO Monterey Canyon,Adaptive Spacing w/o GA,strong_noise,274,96.13333333333334,1.1182156601256816,0,90.0,0.7602619650637764,0.9397221101484595,59,1530.0
gebco_monterey_canyon_complex,GEBCO Monterey Canyon,Adaptive Spacing w/o GA,strong_noise,275,97.63333333333334,1.4704027009576797,1,90.0,-0.9159746598801856,0.9610314100346109,59,1530.0
gebco_monterey_canyon_complex,GEBCO Monterey Canyon,Adaptive Spacing w/o GA,strong_noise,276,98.63333333333333,4.512195680820039,0,90.0,1.040918558130843,1.0760540393111886,59,1530.0
gebco_monterey_canyon_complex,GEBCO Monterey Canyon,Adaptive Spacing w/o GA,strong_noise,277,99.04444444444445,2.198354283931231,1,90.0,-0.0732121676504684,0.9890116244508493,59,1530.0
gebco_monterey_canyon_complex,GEBCO Monterey Canyon,Adaptive Spacing w/o GA,strong_noise,278,97.09444444444445,2.8162952259562335,1,90.0,-0.2755049262889158,0.9988498390978279,59,1530.0
gebco_monterey_canyon_complex,GEBCO Monterey Canyon,Adaptive Spacing w/o GA,strong_noise,279,97.90555555555555,3.2060237047864684,0,90.0,1.3097038121348965,1.031084366145847,59,1530.0
gebco_monterey_canyon_complex,GEBCO Monterey Canyon,Adaptive Spacing w/o GA,strong_noise,280,97.64444444444445,0.9582558951782552,1,90.0,-0.8661687404861017,0.9513508300926401,59,1530.0
gebco_monterey_canyon_complex,GEBCO Monterey Canyon,Adaptive Spacing w/o GA,strong_noise,281,95.11111111111111,1.2697226402398762,0,90.0,-2.120364749965001,0.9708279327902002,59,1530.0
gebco_monterey_canyon_complex,GEBCO Monterey Canyon,Adaptive Spacing w/o GA,strong_noise,282,98.61666666666666,2.3024173900566596,1,90.0,-0.5833396493880028,1.005907387163954,59,1530.0
gebco_monterey_canyon_complex,GEBCO Monterey Canyon,Adaptive Spacing w/o GA,strong_noise,283,97.57222222222222,1.6918850762959026,1,90.0,-1.1605658712115532,0.9723087851478835,59,1530.0
gebco_monterey_canyon_complex,GEBCO Monterey Canyon,Adaptive Spacing w/o GA,strong_noise,284,97.89444444444445,1.74171548713201,1,90.0,-0.044184215423305084,0.9990230489881904,59,1530.0
gebco_monterey_canyon_complex,GEBCO Monterey Canyon,Adaptive Spacing w/o GA,strong_noise,285,97.25,2.681975019889253,1,90.0,-1.0292987855629152,1.0043378257630702,59,1530.0
gebco_monterey_canyon_complex,GEBCO Monterey Canyon,Adaptive Spacing w/o GA,strong_noise,286,99.55555555555556,5.088501079480256,0,90.0,0.32662458798098487,1.0908367365655764,59,1530.0
gebco_monterey_canyon_complex,GEBCO Monterey Canyon,Adaptive Spacing w/o GA,strong_noise,287,97.27777777777777,2.96609153496601,1,90.0,-0.9069559134113984,1.0099014574641954,59,1530.0
gebco_monterey_canyon_complex,GEBCO Monterey Canyon,Adaptive Spacing w/o GA,strong_noise,288,97.02222222222223,3.133654179351057,0,90.0,0.39679535026642926,0.9955061520287726,59,1530.0
gebco_monterey_canyon_complex,GEBCO Monterey Canyon,Adaptive Spacing w/o GA,strong_noise,289,98.12222222222222,2.3322152990744582,1,90.0,0.7814752500699279,0.9986925392011362,59,1530.0
gebco_monterey_canyon_complex,GEBCO Monterey Canyon,Adaptive Spacing w/o GA,strong_noise,290,99.12777777777778,5.4530034468802935,0,90.0,0.48056728136858445,1.120151337456905,59,1530.0
gebco_monterey_canyon_complex,GEBCO Monterey Canyon,Adaptive Spacing w/o GA,strong_noise,291,98.83333333333333,4.157499491037515,0,90.0,0.29568015412094434,1.0532098647709727,59,1530.0
gebco_monterey_canyon_complex,GEBCO Monterey Canyon,Adaptive Spacing w/o GA,strong_noise,292,98.28333333333333,2.9639531371291987,1,90.0,-1.0272857481450428,1.0264928633220098,59,1530.0
gebco_monterey_canyon_complex,GEBCO Monterey Canyon,Adaptive Spacing w/o GA,strong_noise,293,96.87222222222222,2.017638208284443,0,90.0,1.3344335536693643,0.9957673054915,59,1530.0
gebco_monterey_canyon_complex,GEBCO Monterey Canyon,Adaptive Spacing w/o GA,strong_noise,294,98.93888888888888,5.01357255894592,0,90.0,-0.07945792432317439,1.0611905875067802,59,1530.0
gebco_monterey_canyon_complex,GEBCO Monterey Canyon,Adaptive Spacing w/o GA,strong_noise,295,97.88888888888889,1.563613470151174,1,90.0,0.3576487055692229,0.956770543694677,59,1530.0
gebco_monterey_canyon_complex,GEBCO Monterey Canyon,Adaptive Spacing w/o GA,strong_noise,296,98.24444444444444,2.23562754005456,1,90.0,-1.0874488414730092,1.0003215549740485,59,1530.0
gebco_monterey_canyon_complex,GEBCO Monterey Canyon,Adaptive Spacing w/o GA,strong_noise,297,95.4888888888889,0.7307803890535197,0,90.0,0.4551258885121604,0.8909201423267827,59,1530.0
gebco_monterey_canyon_complex,GEBCO Monterey Canyon,Adaptive Spacing w/o GA,strong_noise,298,95.79444444444445,1.5209143134157674,0,90.0,0.22727041519622557,0.928722248531657,59,1530.0
gebco_monterey_canyon_complex,GEBCO Monterey Canyon,Adaptive Spacing w/o GA,strong_noise,299,97.82777777777778,3.776577800823019,0,90.0,-1.0798114692533811,1.0329037000995158,59,1530.0
gebco_monterey_canyon_complex,GEBCO Monterey Canyon,Full Geometry-Aware Hybrid GA,nominal,0,100.0,0.0,1,90.0,0.0,1.0,59,1530.0
gebco_monterey_canyon_complex,GEBCO Monterey Canyon,Full Geometry-Aware Hybrid GA,moderate_noise,0,98.9,0.34121104347677994,1,90.0,-0.5832776026913248,0.9680066860969971,59,1530.0
gebco_monterey_canyon_complex,GEBCO Monterey Canyon,Full Geometry-Aware Hybrid GA,moderate_noise,1,98.28888888888889,0.7668569653628439,1,90.0,0.991875817292228,0.9839133664119146,59,1530.0
gebco_monterey_canyon_complex,GEBCO Monterey Canyon,Full Geometry-Aware Hybrid GA,moderate_noise,2,100.0,1.0539557329365614,1,90.0,0.006530814476801477,1.0350707070076788,59,1530.0
gebco_monterey_canyon_complex,GEBCO Monterey Canyon,Full Geometry-Aware Hybrid GA,moderate_noise,3,99.29444444444444,0.7648941320819351,1,90.0,-0.29271733272688794,0.9929436634753066,59,1530.0
gebco_monterey_canyon_complex,GEBCO Monterey Canyon,Full Geometry-Aware Hybrid GA,moderate_noise,4,99.16666666666667,0.9867341744756555,1,90.0,0.11214173572905695,1.0337702009840628,59,1530.0
gebco_monterey_canyon_complex,GEBCO Monterey Canyon,Full Geometry-Aware Hybrid GA,moderate_noise,5,99.82777777777778,1.473466725039854,1,90.0,0.10466111961382782,1.0464531188445994,59,1530.0
gebco_monterey_canyon_complex,GEBCO Monterey Canyon,Full Geometry-Aware Hybrid GA,moderate_noise,6,99.93333333333332,0.8931042044662627,1,90.0,-0.21085610520606327,1.0098200602338456,59,1530.0
gebco_monterey_canyon_complex,GEBCO Monterey Canyon,Full Geometry-Aware Hybrid GA,moderate_noise,7,99.15555555555555,1.270346225642661,1,90.0,-0.0002751306907848171,1.0284725307602813,59,1530.0
gebco_monterey_canyon_complex,GEBCO Monterey Canyon,Full Geometry-Aware Hybrid GA,moderate_noise,8,99.64444444444445,0.3477237471299419,1,90.0,-0.1774732493819031,0.9818425524480122,59,1530.0
gebco_monterey_canyon_complex,GEBCO Monterey Canyon,Full Geometry-Aware Hybrid GA,moderate_noise,9,99.33333333333333,1.0006988222114284,1,90.0,0.3351107677313743,1.0166002548639665,59,1530.0
gebco_monterey_canyon_complex,GEBCO Monterey Canyon,Full Geometry-Aware Hybrid GA,moderate_noise,10,99.26666666666667,0.254436727867404,1,90.0,-0.30481350937512147,0.9741523068802506,59,1530.0
gebco_monterey_canyon_complex,GEBCO Monterey Canyon,Full Geometry-Aware Hybrid GA,moderate_noise,11,98.86666666666667,1.3619887071176806,1,90.0,0.7722548662279357,1.0221111590320877,59,1530.0
gebco_monterey_canyon_complex,GEBCO Monterey Canyon,Full Geometry-Aware Hybrid GA,moderate_noise,12,99.16666666666667,1.6489081237144685,1,90.0,0.20236031355998543,1.0266760103253538,59,1530.0
gebco_monterey_canyon_complex,GEBCO Monterey Canyon,Full Geometry-Aware Hybrid GA,moderate_noise,13,99.35555555555555,0.14085258667443704,1,90.0,-0.36133033793107555,0.9754074774301893,59,1530.0
gebco_monterey_canyon_complex,GEBCO Monterey Canyon,Full Geometry-Aware Hybrid GA,moderate_noise,14,99.69444444444444,1.4162164170920237,1,90.0,0.0954623583437296,1.0635379669240144,59,1530.0
gebco_monterey_canyon_complex,GEBCO Monterey Canyon,Full Geometry-Aware Hybrid GA,moderate_noise,15,99.86666666666667,0.435904680351056,1,90.0,-0.07331928586065839,0.97764228217657,59,1530.0
gebco_monterey_canyon_complex,GEBCO Monterey Canyon,Full Geometry-Aware Hybrid GA,moderate_noise,16,100.0,0.7764361285705548,1,90.0,-0.03715521929483296,0.9987935753260992,59,1530.0
gebco_monterey_canyon_complex,GEBCO Monterey Canyon,Full Geometry-Aware Hybrid GA,moderate_noise,17,99.25555555555555,0.5519187460394345,1,90.0,0.2790558896290913,0.9947861459807854,59,1530.0
gebco_monterey_canyon_complex,GEBCO Monterey Canyon,Full Geometry-Aware Hybrid GA,moderate_noise,18,99.03888888888889,0.3260316526338462,1,90.0,0.4646571253603405,1.001647785845222,59,1530.0
gebco_monterey_canyon_complex,GEBCO Monterey Canyon,Full Geometry-Aware Hybrid GA,moderate_noise,19,99.35555555555555,0.30549775567450416,1,90.0,-0.46925980895800806,0.9781232213897707,59,1530.0
gebco_monterey_canyon_complex,GEBCO Monterey Canyon,Full Geometry-Aware Hybrid GA,moderate_noise,20,98.83333333333333,0.0987143344136271,1,90.0,-0.37951596308611457,0.9334785317803982,59,1530.0
gebco_monterey_canyon_complex,GEBCO Monterey Canyon,Full Geometry-Aware Hybrid GA,moderate_noise,21,99.16666666666667,1.215653973926759,1,90.0,0.29507839064398,1.0235142724317068,59,1530.0
gebco_monterey_canyon_complex,GEBCO Monterey Canyon,Full Geometry-Aware Hybrid GA,moderate_noise,22,99.41666666666666,1.439218930931178,1,90.0,0.18842510562877723,1.0390908464624138,59,1530.0
gebco_monterey_canyon_complex,GEBCO Monterey Canyon,Full Geometry-Aware Hybrid GA,moderate_noise,23,98.95,0.7979775779100069,1,90.0,0.45796020280149524,0.9753066108994505,59,1530.0
gebco_monterey_canyon_complex,GEBCO Monterey Canyon,Full Geometry-Aware Hybrid GA,moderate_noise,24,99.97222222222221,0.47134606498808596,1,90.0,-0.2104731557248017,0.9942066100484896,59,1530.0
gebco_monterey_canyon_complex,GEBCO Monterey Canyon,Full Geometry-Aware Hybrid GA,moderate_noise,25,99.21111111111112,0.6758554380807889,1,90.0,-0.3295918475270093,0.991719256945255,59,1530.0
gebco_monterey_canyon_complex,GEBCO Monterey Canyon,Full Geometry-Aware Hybrid GA,moderate_noise,26,99.0,0.36756655228944385,1,90.0,-0.7208114303953495,0.9669173858460253,59,1530.0
gebco_monterey_canyon_complex,GEBCO Monterey Canyon,Full Geometry-Aware Hybrid GA,moderate_noise,27,99.16666666666667,0.3414155201962099,1,90.0,0.18167186568119206,0.9898899865490847,59,1530.0
gebco_monterey_canyon_complex,GEBCO Monterey Canyon,Full Geometry-Aware Hybrid GA,moderate_noise,28,99.16666666666667,0.8831984754741887,1,90.0,0.07226055149824155,1.0009137722704624,59,1530.0
gebco_monterey_canyon_complex,GEBCO Monterey Canyon,Full Geometry-Aware Hybrid GA,moderate_noise,29,99.88333333333334,0.2450925060587718,1,90.0,-0.1055946532745463,0.9959765199806236,59,1530.0
gebco_monterey_canyon_complex,GEBCO Monterey Canyon,Full Geometry-Aware Hybrid GA,moderate_noise,30,98.93333333333332,0.7813884713573516,1,90.0,0.6105901229319423,0.9967047684033293,59,1530.0
gebco_monterey_canyon_complex,GEBCO Monterey Canyon,Full Geometry-Aware Hybrid GA,moderate_noise,31,99.72222222222223,0.19983737672623686,1,90.0,-0.17353196487939462,0.9881671434962751,59,1530.0
gebco_monterey_canyon_complex,GEBCO Monterey Canyon,Full Geometry-Aware Hybrid GA,moderate_noise,32,99.52777777777779,0.19231420060928164,1,90.0,-0.16477827202577386,0.9795496218263751,59,1530.0
gebco_monterey_canyon_complex,GEBCO Monterey Canyon,Full Geometry-Aware Hybrid GA,moderate_noise,33,99.24444444444444,0.16296806320026738,1,90.0,0.010513856472506567,0.9802467762326633,59,1530.0
gebco_monterey_canyon_complex,GEBCO Monterey Canyon,Full Geometry-Aware Hybrid GA,moderate_noise,34,99.06666666666666,2.238878713931018,1,90.0,0.394631672190353,1.0721290975503208,59,1530.0
gebco_monterey_canyon_complex,GEBCO Monterey Canyon,Full Geometry-Aware Hybrid GA,moderate_noise,35,100.0,1.0195126582501868,1,90.0,-0.11752067778866614,1.0051813128036615,59,1530.0
gebco_monterey_canyon_complex,GEBCO Monterey Canyon,Full Geometry-Aware Hybrid GA,moderate_noise,36,98.72777777777777,0.6652070183850974,1,90.0,-0.7713811564566925,0.9773303232906253,59,1530.0
gebco_monterey_canyon_complex,GEBCO Monterey Canyon,Full Geometry-Aware Hybrid GA,moderate_noise,37,98.33333333333333,0.7334317282562097,1,90.0,0.988431935343235,1.0037300383785945,59,1530.0
gebco_monterey_canyon_complex,GEBCO Monterey Canyon,Full Geometry-Aware Hybrid GA,moderate_noise,38,98.74444444444444,0.41327013485738584,1,90.0,0.8100322418690501,0.97710009632554,59,1530.0
gebco_monterey_canyon_complex,GEBCO Monterey Canyon,Full Geometry-Aware Hybrid GA,moderate_noise,39,99.4888888888889,0.3289724173669715,1,90.0,-0.3370927363000052,1.0051422790780886,59,1530.0
gebco_monterey_canyon_complex,GEBCO Monterey Canyon,Full Geometry-Aware Hybrid GA,moderate_noise,40,98.7611111111111,0.232168258625238,1,90.0,0.05246002570637689,0.957272312199946,59,1530.0
gebco_monterey_canyon_complex,GEBCO Monterey Canyon,Full Geometry-Aware Hybrid GA,moderate_noise,41,99.42777777777778,1.199542014507745,1,90.0,-0.468646948553856,1.0230892206524311,59,1530.0
gebco_monterey_canyon_complex,GEBCO Monterey Canyon,Full Geometry-Aware Hybrid GA,moderate_noise,42,99.05000000000001,0.43284783290857337,1,90.0,0.24524447724103102,0.9725064758819686,59,1530.0
gebco_monterey_canyon_complex,GEBCO Monterey Canyon,Full Geometry-Aware Hybrid GA,moderate_noise,43,99.28333333333333,0.6585248709682227,1,90.0,-0.33623691040088616,1.0050241334938739,59,1530.0
gebco_monterey_canyon_complex,GEBCO Monterey Canyon,Full Geometry-Aware Hybrid GA,moderate_noise,44,98.23888888888888,0.6754269920667981,1,90.0,1.019275556743083,0.9964367845867886,59,1530.0
gebco_monterey_canyon_complex,GEBCO Monterey Canyon,Full Geometry-Aware Hybrid GA,moderate_noise,45,99.2,0.6019410798764657,1,90.0,0.26969851062211103,1.008692400476839,59,1530.0
gebco_monterey_canyon_complex,GEBCO Monterey Canyon,Full Geometry-Aware Hybrid GA,moderate_noise,46,99.40555555555555,1.6861975028152678,1,90.0,0.13811819321640165,1.0323852742076765,59,1530.0
gebco_monterey_canyon_complex,GEBCO Monterey Canyon,Full Geometry-Aware Hybrid GA,moderate_noise,47,99.2611111111111,0.259251044321499,1,90.0,0.10674427085554554,0.9481366468812372,59,1530.0
gebco_monterey_canyon_complex,GEBCO Monterey Canyon,Full Geometry-Aware Hybrid GA,moderate_noise,48,99.41666666666666,0.33150856809698453,1,90.0,-0.1720836842873469,0.9767098322778,59,1530.0
gebco_monterey_canyon_complex,GEBCO Monterey Canyon,Full Geometry-Aware Hybrid GA,moderate_noise,49,99.07222222222222,0.5118011490722552,1,90.0,0.29427448160840197,0.991161202393325,59,1530.0
gebco_monterey_canyon_complex,GEBCO Monterey Canyon,Full Geometry-Aware Hybrid GA,moderate_noise,50,99.25555555555555,0.540745949680843,1,90.0,-0.48648505855690866,0.9867338925303364,59,1530.0
gebco_monterey_canyon_complex,GEBCO Monterey Canyon,Full Geometry-Aware Hybrid GA,moderate_noise,51,100.0,1.0535504353673435,1,90.0,0.10205335339415669,1.0092901484792607,59,1530.0
gebco_monterey_canyon_complex,GEBCO Monterey Canyon,Full Geometry-Aware Hybrid GA,moderate_noise,52,98.55000000000001,0.8929863403492171,1,90.0,-1.1884217744285235,1.0238875778831622,59,1530.0
gebco_monterey_canyon_complex,GEBCO Monterey Canyon,Full Geometry-Aware Hybrid GA,moderate_noise,53,99.35555555555555,2.049580468591915,1,90.0,-0.6349111855437697,1.0573012665254993,59,1530.0
gebco_monterey_canyon_complex,GEBCO Monterey Canyon,Full Geometry-Aware Hybrid GA,moderate_noise,54,100.0,0.9997953943188247,1,90.0,-0.15243988427919522,1.032435187525458,59,1530.0
gebco_monterey_canyon_complex,GEBCO Monterey Canyon,Full Geometry-Aware Hybrid GA,moderate_noise,55,99.42777777777778,0.37340817002626575,1,90.0,-0.003670951179957694,0.988189091136084,59,1530.0
gebco_monterey_canyon_complex,GEBCO Monterey Canyon,Full Geometry-Aware Hybrid GA,moderate_noise,56,99.06666666666666,1.1206804608237084,1,90.0,0.4285866159997925,1.0151811340780739,59,1530.0
gebco_monterey_canyon_complex,GEBCO Monterey Canyon,Full Geometry-Aware Hybrid GA,moderate_noise,57,99.12777777777778,1.2500158402242139,1,90.0,0.196281018207507,1.0134127553863024,59,1530.0
gebco_monterey_canyon_complex,GEBCO Monterey Canyon,Full Geometry-Aware Hybrid GA,moderate_noise,58,100.0,1.0987692264930917,1,90.0,0.05187432794782713,1.0359030900626207,59,1530.0
gebco_monterey_canyon_complex,GEBCO Monterey Canyon,Full Geometry-Aware Hybrid GA,moderate_noise,59,99.04444444444445,0.37565556683094986,1,90.0,-0.7301120405856868,0.9988557001462041,59,1530.0
gebco_monterey_canyon_complex,GEBCO Monterey Canyon,Full Geometry-Aware Hybrid GA,moderate_noise,60,99.15555555555555,0.1606993192689631,1,90.0,0.37222959523563,0.965752071067348,59,1530.0
gebco_monterey_canyon_complex,GEBCO Monterey Canyon,Full Geometry-Aware Hybrid GA,moderate_noise,61,99.20555555555556,1.5164892935307501,1,90.0,0.3319391628220984,1.0525174027552893,59,1530.0
gebco_monterey_canyon_complex,GEBCO Monterey Canyon,Full Geometry-Aware Hybrid GA,moderate_noise,62,98.63333333333333,0.10353669231266034,1,90.0,0.47183626505707393,0.9314390552494898,59,1530.0
gebco_monterey_canyon_complex,GEBCO Monterey Canyon,Full Geometry-Aware Hybrid GA,moderate_noise,63,100.0,2.3311956979389468,1,90.0,0.01734691897556668,1.0544161331463513,59,1530.0
gebco_monterey_canyon_complex,GEBCO Monterey Canyon,Full Geometry-Aware Hybrid GA,moderate_noise,64,99.29444444444444,0.7328680457365995,1,90.0,-0.5144909570704134,1.011555369427742,59,1530.0
gebco_monterey_canyon_complex,GEBCO Monterey Canyon,Full Geometry-Aware Hybrid GA,moderate_noise,65,100.0,0.8940444416040577,1,90.0,-0.0967872843482627,1.0248291654549562,59,1530.0
gebco_monterey_canyon_complex,GEBCO Monterey Canyon,Full Geometry-Aware Hybrid GA,moderate_noise,66,99.16666666666667,0.6288077596295997,1,90.0,-0.03488226973348711,1.014190333530295,59,1530.0
gebco_monterey_canyon_complex,GEBCO Monterey Canyon,Full Geometry-Aware Hybrid GA,moderate_noise,67,99.16666666666667,0.8130116953900841,1,90.0,0.04787986170929115,0.986116130762075,59,1530.0
gebco_monterey_canyon_complex,GEBCO Monterey Canyon,Full Geometry-Aware Hybrid GA,moderate_noise,68,99.53888888888889,0.801953791194962,1,90.0,-0.5565856949339595,1.0259893028195917,59,1530.0
gebco_monterey_canyon_complex,GEBCO Monterey Canyon,Full Geometry-Aware Hybrid GA,moderate_noise,69,99.16666666666667,1.8814895694929115,1,90.0,-0.052810841265329714,1.0214621522629963,59,1530.0
gebco_monterey_canyon_complex,GEBCO Monterey Canyon,Full Geometry-Aware Hybrid GA,moderate_noise,70,99.79444444444444,0.2288599215423502,1,90.0,-0.1491774185572674,0.9566788005474541,59,1530.0
gebco_monterey_canyon_complex,GEBCO Monterey Canyon,Full Geometry-Aware Hybrid GA,moderate_noise,71,99.20555555555556,0.6740841151638296,1,90.0,0.17844853637200297,0.9915525800270153,59,1530.0
gebco_monterey_canyon_complex,GEBCO Monterey Canyon,Full Geometry-Aware Hybrid GA,moderate_noise,72,99.50555555555556,0.7307026800468527,1,90.0,-0.28901100101856664,1.0063869483046803,59,1530.0
gebco_monterey_canyon_complex,GEBCO Monterey Canyon,Full Geometry-Aware Hybrid GA,moderate_noise,73,99.33888888888889,0.024477626109693208,1,90.0,-0.2668028252764167,0.9489533627058853,59,1530.0
gebco_monterey_canyon_complex,GEBCO Monterey Canyon,Full Geometry-Aware Hybrid GA,moderate_noise,74,100.0,0.8508015224387498,1,90.0,-0.09402668684521942,1.005536957171844,59,1530.0
gebco_monterey_canyon_complex,GEBCO Monterey Canyon,Full Geometry-Aware Hybrid GA,moderate_noise,75,98.68333333333334,1.68866816157056,1,90.0,0.8319994040632019,1.0191560641956068,59,1530.0
gebco_monterey_canyon_complex,GEBCO Monterey Canyon,Full Geometry-Aware Hybrid GA,moderate_noise,76,99.41111111111111,0.4973373983995187,1,90.0,0.15122717936167376,0.9904792476516198,59,1530.0
gebco_monterey_canyon_complex,GEBCO Monterey Canyon,Full Geometry-Aware Hybrid GA,moderate_noise,77,99.31666666666666,0.18112592814719927,1,90.0,-0.11870673643230935,0.9530581304439131,59,1530.0
gebco_monterey_canyon_complex,GEBCO Monterey Canyon,Full Geometry-Aware Hybrid GA,moderate_noise,78,99.88333333333334,0.44791736593907644,1,90.0,-0.03254856734615865,0.9852683359619717,59,1530.0
gebco_monterey_canyon_complex,GEBCO Monterey Canyon,Full Geometry-Aware Hybrid GA,moderate_noise,79,99.07777777777778,0.17203068147531173,1,90.0,0.33292936989497507,0.9586035534479067,59,1530.0
gebco_monterey_canyon_complex,GEBCO Monterey Canyon,Full Geometry-Aware Hybrid GA,moderate_noise,80,99.24444444444444,0.002794409836745446,1,90.0,0.3424634449999336,0.9516312886429656,59,1530.0
gebco_monterey_canyon_complex,GEBCO Monterey Canyon,Full Geometry-Aware Hybrid GA,moderate_noise,81,98.83333333333333,0.3252289975536104,1,90.0,-0.7772718809848616,0.9888036049628639,59,1530.0
gebco_monterey_canyon_complex,GEBCO Monterey Canyon,Full Geometry-Aware Hybrid GA,moderate_noise,82,98.79444444444444,0.6406285264905941,1,90.0,0.5481863680726321,1.0027005947360774,59,1530.0
gebco_monterey_canyon_complex,GEBCO Monterey Canyon,Full Geometry-Aware Hybrid GA,moderate_noise,83,98.99444444444444,0.49678163616066096,1,90.0,0.6957944665758364,0.9985691068693566,59,1530.0
gebco_monterey_canyon_complex,GEBCO Monterey Canyon,Full Geometry-Aware Hybrid GA,moderate_noise,84,99.28333333333333,0.930791542218126,1,90.0,-0.39539463215304427,0.9904283911344054,59,1530.0
gebco_monterey_canyon_complex,GEBCO Monterey Canyon,Full Geometry-Aware Hybrid GA,moderate_noise,85,98.72222222222223,0.2743208600671495,1,90.0,0.11357418014544411,0.9752946548005619,59,1530.0
gebco_monterey_canyon_complex,GEBCO Monterey Canyon,Full Geometry-Aware Hybrid GA,moderate_noise,86,98.84444444444445,1.3469040827180025,1,90.0,0.5612448193988027,1.038828625296863,59,1530.0
gebco_monterey_canyon_complex,GEBCO Monterey Canyon,Full Geometry-Aware Hybrid GA,moderate_noise,87,99.46111111111111,0.8304940712256575,1,90.0,-0.40507590518120007,1.006989410229489,59,1530.0
gebco_monterey_canyon_complex,GEBCO Monterey Canyon,Full Geometry-Aware Hybrid GA,moderate_noise,88,99.35000000000001,1.0857898283900598,1,90.0,-0.41553674013481506,1.0306966034338076,59,1530.0
gebco_monterey_canyon_complex,GEBCO Monterey Canyon,Full Geometry-Aware Hybrid GA,moderate_noise,89,98.73888888888888,0.9844867186194434,1,90.0,0.7323370150547848,1.0135187871085147,59,1530.0
gebco_monterey_canyon_complex,GEBCO Monterey Canyon,Full Geometry-Aware Hybrid GA,moderate_noise,90,99.82777777777778,0.3663313337172198,1,90.0,-0.08024842556959157,0.9654077705477981,59,1530.0
gebco_monterey_canyon_complex,GEBCO Monterey Canyon,Full Geometry-Aware Hybrid GA,moderate_noise,91,99.97777777777777,0.9836314406129657,1,90.0,0.09559628375031881,1.0220883528730207,59,1530.0
gebco_monterey_canyon_complex,GEBCO Monterey Canyon,Full Geometry-Aware Hybrid GA,moderate_noise,92,99.11111111111111,0.3548982585639731,1,90.0,0.5008575694285788,0.9902845192739548,59,1530.0
gebco_monterey_canyon_complex,GEBCO Monterey Canyon,Full Geometry-Aware Hybrid GA,moderate_noise,93,99.95555555555555,2.992390524576308,1,90.0,-0.13008082724254344,1.075183297758893,59,1530.0
gebco_monterey_canyon_complex,GEBCO Monterey Canyon,Full Geometry-Aware Hybrid GA,moderate_noise,94,99.2,0.3660725384018393,1,90.0,-0.5493673659274465,0.9736534800150995,59,1530.0
gebco_monterey_canyon_complex,GEBCO Monterey Canyon,Full Geometry-Aware Hybrid GA,moderate_noise,95,99.75,0.5546648586360892,1,90.0,-0.14593612577300863,0.9831287036586848,59,1530.0
gebco_monterey_canyon_complex,GEBCO Monterey Canyon,Full Geometry-Aware Hybrid GA,moderate_noise,96,99.12777777777778,0.12211565419522005,1,90.0,0.0063154700549372545,0.959713251622319,59,1530.0
gebco_monterey_canyon_complex,GEBCO Monterey Canyon,Full Geometry-Aware Hybrid GA,moderate_noise,97,98.22222222222223,0.07552436096498255,1,90.0,0.9869876002119783,0.9425314735150616,59,1530.0
gebco_monterey_canyon_complex,GEBCO Monterey Canyon,Full Geometry-Aware Hybrid GA,moderate_noise,98,99.2611111111111,0.3352771804910888,1,90.0,-0.49704125653735304,0.9788576541600961,59,1530.0
gebco_monterey_canyon_complex,GEBCO Monterey Canyon,Full Geometry-Aware Hybrid GA,moderate_noise,99,99.73333333333333,0.16449524366582668,1,90.0,-0.19860109051837221,0.9952748704103032,59,1530.0
gebco_monterey_canyon_complex,GEBCO Monterey Canyon,Full Geometry-Aware Hybrid GA,moderate_noise,100,99.31666666666666,1.9726251072318208,1,90.0,0.18203887321114454,1.0480929325281299,59,1530.0
gebco_monterey_canyon_complex,GEBCO Monterey Canyon,Full Geometry-Aware Hybrid GA,moderate_noise,101,99.70555555555556,0.5678009768204192,1,90.0,-0.22677564294965552,0.9873165383964821,59,1530.0
gebco_monterey_canyon_complex,GEBCO Monterey Canyon,Full Geometry-Aware Hybrid GA,moderate_noise,102,98.57222222222222,0.4301046223975282,1,90.0,0.6367380260388554,0.9674537727400793,59,1530.0
gebco_monterey_canyon_complex,GEBCO Monterey Canyon,Full Geometry-Aware Hybrid GA,moderate_noise,103,99.55555555555556,1.0393336798449677,1,90.0,-0.495461010594487,1.029272490492875,59,1530.0
gebco_monterey_canyon_complex,GEBCO Monterey Canyon,Full Geometry-Aware Hybrid GA,moderate_noise,104,99.1888888888889,0.9142988542492316,1,90.0,0.3370109173125476,1.0224678409979568,59,1530.0
gebco_monterey_canyon_complex,GEBCO Monterey Canyon,Full Geometry-Aware Hybrid GA,moderate_noise,105,99.07222222222222,0.4855230207897062,1,90.0,0.39683205303052443,0.9855774998461054,59,1530.0
gebco_monterey_canyon_complex,GEBCO Monterey Canyon,Full Geometry-Aware Hybrid GA,moderate_noise,106,99.16666666666667,0.20983361263742825,1,90.0,0.03084956736326977,0.9752235515459574,59,1530.0
gebco_monterey_canyon_complex,GEBCO Monterey Canyon,Full Geometry-Aware Hybrid GA,moderate_noise,107,99.41111111111111,2.728717568617939,1,90.0,-0.4949131729397504,1.0615376309357554,59,1530.0
gebco_monterey_canyon_complex,GEBCO Monterey Canyon,Full Geometry-Aware Hybrid GA,moderate_noise,108,98.67222222222222,0.24788368518760126,1,90.0,0.4838815308134664,0.9531497531894645,59,1530.0
gebco_monterey_canyon_complex,GEBCO Monterey Canyon,Full Geometry-Aware Hybrid GA,moderate_noise,109,99.16666666666667,0.9489162200180581,1,90.0,0.33317872864595405,1.024876855162233,59,1530.0
gebco_monterey_canyon_complex,GEBCO Monterey Canyon,Full Geometry-Aware Hybrid GA,moderate_noise,110,99.21111111111112,1.7485909609853478,1,90.0,0.2479497774752298,1.046165937509872,59,1530.0
gebco_monterey_canyon_complex,GEBCO Monterey Canyon,Full Geometry-Aware Hybrid GA,moderate_noise,111,98.91111111111111,0.4408930129874653,1,90.0,0.5833489068737945,0.9805619218076419,59,1530.0
gebco_monterey_canyon_complex,GEBCO Monterey Canyon,Full Geometry-Aware Hybrid GA,moderate_noise,112,99.25555555555555,0.5322598493117009,1,90.0,-0.5992070496692757,1.0114899623337972,59,1530.0
gebco_monterey_canyon_complex,GEBCO Monterey Canyon,Full Geometry-Aware Hybrid GA,moderate_noise,113,99.19444444444444,0.4415960473541264,1,90.0,-0.6388582204795389,1.0262528551203682,59,1530.0
gebco_monterey_canyon_complex,GEBCO Monterey Canyon,Full Geometry-Aware Hybrid GA,moderate_noise,114,99.21666666666667,0.3917740673640664,1,90.0,0.3089130042147706,0.9736934326372325,59,1530.0
gebco_monterey_canyon_complex,GEBCO Monterey Canyon,Full Geometry-Aware Hybrid GA,moderate_noise,115,100.0,1.256768444327034,1,90.0,-0.06599078953034944,1.0247138668884082,59,1530.0
gebco_monterey_canyon_complex,GEBCO Monterey Canyon,Full Geometry-Aware Hybrid GA,moderate_noise,116,100.0,0.40227847321258886,1,90.0,-0.05275705713095153,0.9757919932615755,59,1530.0
gebco_monterey_canyon_complex,GEBCO Monterey Canyon,Full Geometry-Aware Hybrid GA,moderate_noise,117,98.93888888888888,0.2079948851762337,1,90.0,0.0036389933031576904,0.9433827698979819,59,1530.0
gebco_monterey_canyon_complex,GEBCO Monterey Canyon,Full Geometry-Aware Hybrid GA,moderate_noise,118,99.13888888888889,0.284924129276088,1,90.0,0.36250048441450666,0.987080883905688,59,1530.0
gebco_monterey_canyon_complex,GEBCO Monterey Canyon,Full Geometry-Aware Hybrid GA,moderate_noise,119,99.35555555555555,0.7988035324652482,1,90.0,-0.6017075731182572,1.0297663734902014,59,1530.0
gebco_monterey_canyon_complex,GEBCO Monterey Canyon,Full Geometry-Aware Hybrid GA,moderate_noise,120,98.60555555555555,1.1064167150913222,1,90.0,0.7606914393809837,1.0094774818159067,59,1530.0
gebco_monterey_canyon_complex,GEBCO Monterey Canyon,Full Geometry-Aware Hybrid GA,moderate_noise,121,99.82777777777778,0.14330374381139926,1,90.0,0.03757304848981079,0.956521597343646,59,1530.0
gebco_monterey_canyon_complex,GEBCO Monterey Canyon,Full Geometry-Aware Hybrid GA,moderate_noise,122,97.91666666666666,0.08639229643026317,1,90.0,0.6514291104178527,0.9162723188577117,59,1530.0
gebco_monterey_canyon_complex,GEBCO Monterey Canyon,Full Geometry-Aware Hybrid GA,moderate_noise,123,99.91111111111111,0.03991457877712752,1,90.0,0.048468736793112574,0.9535865032041249,59,1530.0
gebco_monterey_canyon_complex,GEBCO Monterey Canyon,Full Geometry-Aware Hybrid GA,moderate_noise,124,99.36111111111111,1.3467887319853875,1,90.0,-0.6012409731765782,1.0282508795537475,59,1530.0
gebco_monterey_canyon_complex,GEBCO Monterey Canyon,Full Geometry-Aware Hybrid GA,moderate_noise,125,98.62777777777778,0.19240721422997126,1,90.0,0.6073854000968477,0.9974729039719418,59,1530.0
gebco_monterey_canyon_complex,GEBCO Monterey Canyon,Full Geometry-Aware Hybrid GA,moderate_noise,126,98.4,0.9750627563290254,1,90.0,-1.3587988731290759,1.0179230879120076,59,1530.0
gebco_monterey_canyon_complex,GEBCO Monterey Canyon,Full Geometry-Aware Hybrid GA,moderate_noise,127,99.30555555555556,0.2568286610992468,1,90.0,-0.44485721223594515,0.9649891871491761,59,1530.0
gebco_monterey_canyon_complex,GEBCO Monterey Canyon,Full Geometry-Aware Hybrid GA,moderate_noise,128,99.07222222222222,0.7854798741202834,1,90.0,0.40007067167014826,1.0124641719504097,59,1530.0
gebco_monterey_canyon_complex,GEBCO Monterey Canyon,Full Geometry-Aware Hybrid GA,moderate_noise,129,99.57777777777778,1.6653155999007219,1,90.0,-0.3857672692135365,1.0415146785698712,59,1530.0
gebco_monterey_canyon_complex,GEBCO Monterey Canyon,Full Geometry-Aware Hybrid GA,moderate_noise,130,98.82222222222222,0.14518817123862507,1,90.0,0.5543029657484212,0.9786528480619536,59,1530.0
gebco_monterey_canyon_complex,GEBCO Monterey Canyon,Full Geometry-Aware Hybrid GA,moderate_noise,131,99.16666666666667,0.8819609560418177,1,90.0,0.1687017989462165,1.0153061079490584,59,1530.0
gebco_monterey_canyon_complex,GEBCO Monterey Canyon,Full Geometry-Aware Hybrid GA,moderate_noise,132,98.19444444444444,0.08098402161627527,1,90.0,0.8827417172473471,0.9490198197148337,59,1530.0
gebco_monterey_canyon_complex,GEBCO Monterey Canyon,Full Geometry-Aware Hybrid GA,moderate_noise,133,100.0,1.059492779711369,1,90.0,-0.03647605380397409,1.0223502776257716,59,1530.0
gebco_monterey_canyon_complex,GEBCO Monterey Canyon,Full Geometry-Aware Hybrid GA,moderate_noise,134,99.04444444444445,1.3477358875426717,1,90.0,-0.8306018932444242,1.0351641767504491,59,1530.0
gebco_monterey_canyon_complex,GEBCO Monterey Canyon,Full Geometry-Aware Hybrid GA,moderate_noise,135,99.17222222222222,0.42249344525956495,1,90.0,-0.34185681098759,0.9860183644424932,59,1530.0
gebco_monterey_canyon_complex,GEBCO Monterey Canyon,Full Geometry-Aware Hybrid GA,moderate_noise,136,100.0,0.6945998416574652,1,90.0,-0.011803949166796824,1.0063258692820027,59,1530.0
gebco_monterey_canyon_complex,GEBCO Monterey Canyon,Full Geometry-Aware Hybrid GA,moderate_noise,137,99.21666666666667,0.5758837407494718,1,90.0,-0.4757951339851966,0.9879548257552448,59,1530.0
gebco_monterey_canyon_complex,GEBCO Monterey Canyon,Full Geometry-Aware Hybrid GA,moderate_noise,138,99.06111111111112,0.37958556462369364,1,90.0,-0.6273606351404261,0.9864841994573774,59,1530.0
gebco_monterey_canyon_complex,GEBCO Monterey Canyon,Full Geometry-Aware Hybrid GA,moderate_noise,139,99.32222222222222,0.6379229114924365,1,90.0,0.2437972235248285,1.0147345834080672,59,1530.0
gebco_monterey_canyon_complex,GEBCO Monterey Canyon,Full Geometry-Aware Hybrid GA,moderate_noise,140,99.60555555555555,0.8599944551242099,1,90.0,-0.23516691934093728,1.0157535249928205,59,1530.0
gebco_monterey_canyon_complex,GEBCO Monterey Canyon,Full Geometry-Aware Hybrid GA,moderate_noise,141,99.02777777777779,1.4809787006913617,1,90.0,0.43443161752363935,1.0398655544843376,59,1530.0
gebco_monterey_canyon_complex,GEBCO Monterey Canyon,Full Geometry-Aware Hybrid GA,moderate_noise,142,99.03333333333333,0.9285911564565875,1,90.0,0.6916354140566854,1.0209440419408782,59,1530.0
gebco_monterey_canyon_complex,GEBCO Monterey Canyon,Full Geometry-Aware Hybrid GA,moderate_noise,143,99.27777777777777,0.18301091223725205,1,90.0,-0.625602560291273,0.9911347136883231,59,1530.0
gebco_monterey_canyon_complex,GEBCO Monterey Canyon,Full Geometry-Aware Hybrid GA,moderate_noise,144,99.6111111111111,0.3603600788147022,1,90.0,-0.09934293343910484,0.9959080075217467,59,1530.0
gebco_monterey_canyon_complex,GEBCO Monterey Canyon,Full Geometry-Aware Hybrid GA,moderate_noise,145,99.16666666666667,0.5408517139286199,1,90.0,0.1179906556717418,1.0050809971236174,59,1530.0
gebco_monterey_canyon_complex,GEBCO Monterey Canyon,Full Geometry-Aware Hybrid GA,moderate_noise,146,99.16666666666667,0.7500739755037978,1,90.0,0.07811238506418096,1.018087047354287,59,1530.0
gebco_monterey_canyon_complex,GEBCO Monterey Canyon,Full Geometry-Aware Hybrid GA,moderate_noise,147,98.55555555555556,0.3792035773705312,1,90.0,1.0123386872182265,0.9858590310949998,59,1530.0
gebco_monterey_canyon_complex,GEBCO Monterey Canyon,Full Geometry-Aware Hybrid GA,moderate_noise,148,99.32777777777778,1.328009258063256,1,90.0,-0.273763737912475,1.022587782536012,59,1530.0
gebco_monterey_canyon_complex,GEBCO Monterey Canyon,Full Geometry-Aware Hybrid GA,moderate_noise,149,100.0,1.5915095777588153,1,90.0,0.04545578832380724,1.0392400960435695,59,1530.0
gebco_monterey_canyon_complex,GEBCO Monterey Canyon,Full Geometry-Aware Hybrid GA,moderate_noise,150,99.28888888888889,1.6468999478907256,1,90.0,0.17834738902398292,1.0421328314684273,59,1530.0
gebco_monterey_canyon_complex,GEBCO Monterey Canyon,Full Geometry-Aware Hybrid GA,moderate_noise,151,99.12777777777778,0.5324577813417072,1,90.0,0.3536871860322575,1.007553569844659,59,1530.0
gebco_monterey_canyon_complex,GEBCO Monterey Canyon,Full Geometry-Aware Hybrid GA,moderate_noise,152,99.16666666666667,0.8159666587138268,1,90.0,0.2903074515661917,0.9834277876709827,59,1530.0
gebco_monterey_canyon_complex,GEBCO Monterey Canyon,Full Geometry-Aware Hybrid GA,moderate_noise,153,99.80555555555556,0.5635172264104251,1,90.0,-0.09372995173285538,1.0130356446538047,59,1530.0
gebco_monterey_canyon_complex,GEBCO Monterey Canyon,Full Geometry-Aware Hybrid GA,moderate_noise,154,99.0,1.7314674890934303,1,90.0,0.7064726385961214,1.0498489046048594,59,1530.0
gebco_monterey_canyon_complex,GEBCO Monterey Canyon,Full Geometry-Aware Hybrid GA,moderate_noise,155,98.9888888888889,0.5914673523731938,1,90.0,0.141358957802857,0.9935069206459127,59,1530.0
gebco_monterey_canyon_complex,GEBCO Monterey Canyon,Full Geometry-Aware Hybrid GA,moderate_noise,156,98.96111111111111,0.15262957009186562,1,90.0,-0.5323697020233714,0.9777592054753237,59,1530.0
gebco_monterey_canyon_complex,GEBCO Monterey Canyon,Full Geometry-Aware Hybrid GA,moderate_noise,157,99.32777777777778,0.9153181513542099,1,90.0,-0.4028495839392681,1.0059929928139877,59,1530.0
gebco_monterey_canyon_complex,GEBCO Monterey Canyon,Full Geometry-Aware Hybrid GA,moderate_noise,158,98.4,0.803292945213122,1,90.0,1.056009253620188,1.0035644976424,59,1530.0
gebco_monterey_canyon_complex,GEBCO Monterey Canyon,Full Geometry-Aware Hybrid GA,moderate_noise,159,99.40555555555555,1.605385530926313,1,90.0,0.20166840129087432,1.0564216962870399,59,1530.0
gebco_monterey_canyon_complex,GEBCO Monterey Canyon,Full Geometry-Aware Hybrid GA,moderate_noise,160,99.50555555555556,1.1745263785818496,1,90.0,0.010364673786450668,1.0126069648285796,59,1530.0
gebco_monterey_canyon_complex,GEBCO Monterey Canyon,Full Geometry-Aware Hybrid GA,moderate_noise,161,98.83888888888889,0.0799972345183093,1,90.0,0.1408913910877911,0.940274838953225,59,1530.0
gebco_monterey_canyon_complex,GEBCO Monterey Canyon,Full Geometry-Aware Hybrid GA,moderate_noise,162,99.02777777777779,0.14504539496443358,1,90.0,-0.34303444045419823,0.95144306166851,59,1530.0
gebco_monterey_canyon_complex,GEBCO Monterey Canyon,Full Geometry-Aware Hybrid GA,moderate_noise,163,99.05000000000001,0.35280040417770964,1,90.0,0.09941101909935023,0.9837686789200956,59,1530.0
gebco_monterey_canyon_complex,GEBCO Monterey Canyon,Full Geometry-Aware Hybrid GA,moderate_noise,164,99.74444444444444,0.24042733138893668,1,90.0,-0.12638300169250655,0.9786892639227139,59,1530.0
gebco_monterey_canyon_complex,GEBCO Monterey Canyon,Full Geometry-Aware Hybrid GA,moderate_noise,165,99.0,0.2276786540432997,1,90.0,-0.09050777411147626,0.9478558850444265,59,1530.0
gebco_monterey_canyon_complex,GEBCO Monterey Canyon,Full Geometry-Aware Hybrid GA,moderate_noise,166,99.3,1.1216490576004439,1,90.0,0.30377827331505175,1.0069832775539778,59,1530.0
gebco_monterey_canyon_complex,GEBCO Monterey Canyon,Full Geometry-Aware Hybrid GA,moderate_noise,167,99.79444444444444,1.2242249634262563,1,90.0,-0.05626883814240578,1.0198231232761017,59,1530.0
gebco_monterey_canyon_complex,GEBCO Monterey Canyon,Full Geometry-Aware Hybrid GA,moderate_noise,168,98.52222222222223,0.42927584479772357,1,90.0,0.9164403166549012,0.9951645142916822,59,1530.0
gebco_monterey_canyon_complex,GEBCO Monterey Canyon,Full Geometry-Aware Hybrid GA,moderate_noise,169,99.48333333333333,0.30975716418693044,1,90.0,-0.22735616931513442,0.9816361591135307,59,1530.0
gebco_monterey_canyon_complex,GEBCO Monterey Canyon,Full Geometry-Aware Hybrid GA,moderate_noise,170,99.40555555555555,0.26877814932091504,1,90.0,-0.2773691918426179,0.965244242140434,59,1530.0
gebco_monterey_canyon_complex,GEBCO Monterey Canyon,Full Geometry-Aware Hybrid GA,moderate_noise,171,98.69444444444444,0.17620377668658632,1,90.0,0.23636808628818973,0.931833507539578,59,1530.0
gebco_monterey_canyon_complex,GEBCO Monterey Canyon,Full Geometry-Aware Hybrid GA,moderate_noise,172,98.61111111111111,0.499132269924872,1,90.0,-0.0914383819372774,0.9952083013638133,59,1530.0
gebco_monterey_canyon_complex,GEBCO Monterey Canyon,Full Geometry-Aware Hybrid GA,moderate_noise,173,99.2388888888889,0.5971680828706742,1,90.0,0.1912956105372028,0.9890561167163694,59,1530.0
gebco_monterey_canyon_complex,GEBCO Monterey Canyon,Full Geometry-Aware Hybrid GA,moderate_noise,174,99.16666666666667,0.47245707893473676,1,90.0,0.015439535334756314,0.9855007307403915,59,1530.0
gebco_monterey_canyon_complex,GEBCO Monterey Canyon,Full Geometry-Aware Hybrid GA,moderate_noise,175,99.77777777777777,2.7194998411827327,1,90.0,0.07385158427261498,1.0889750904646596,59,1530.0
gebco_monterey_canyon_complex,GEBCO Monterey Canyon,Full Geometry-Aware Hybrid GA,moderate_noise,176,98.54444444444445,0.09940563711918346,1,90.0,0.5898387410401357,0.9353108988222913,59,1530.0
gebco_monterey_canyon_complex,GEBCO Monterey Canyon,Full Geometry-Aware Hybrid GA,moderate_noise,177,99.70555555555556,0.7631570780647091,1,90.0,0.07560504737748647,1.0061410951921048,59,1530.0
gebco_monterey_canyon_complex,GEBCO Monterey Canyon,Full Geometry-Aware Hybrid GA,moderate_noise,178,99.47777777777777,0.36140358957902863,1,90.0,0.20776126124899152,0.994544450698782,59,1530.0
gebco_monterey_canyon_complex,GEBCO Monterey Canyon,Full Geometry-Aware Hybrid GA,moderate_noise,179,99.12222222222222,0.5986052938095886,1,90.0,0.29697981520732614,0.9719205196367149,59,1530.0
gebco_monterey_canyon_complex,GEBCO Monterey Canyon,Full Geometry-Aware Hybrid GA,moderate_noise,180,98.67777777777778,0.09211976434764013,1,90.0,0.3893455251525807,0.9413361372773634,59,1530.0
gebco_monterey_canyon_complex,GEBCO Monterey Canyon,Full Geometry-Aware Hybrid GA,moderate_noise,181,98.46111111111111,0.4724085875992625,1,90.0,0.8776070909615896,0.974079028398049,59,1530.0
gebco_monterey_canyon_complex,GEBCO Monterey Canyon,Full Geometry-Aware Hybrid GA,moderate_noise,182,99.14444444444445,1.1607311916651362,1,90.0,0.5166319611798111,1.020492957573789,59,1530.0
gebco_monterey_canyon_complex,GEBCO Monterey Canyon,Full Geometry-Aware Hybrid GA,moderate_noise,183,99.24444444444444,0.8506041664291717,1,90.0,-0.5125661858896916,1.0187100716018445,59,1530.0
gebco_monterey_canyon_complex,GEBCO Monterey Canyon,Full Geometry-Aware Hybrid GA,moderate_noise,184,98.45555555555555,0.09949583599034198,1,90.0,0.8551378690344499,0.9522021669031598,59,1530.0
gebco_monterey_canyon_complex,GEBCO Monterey Canyon,Full Geometry-Aware Hybrid GA,moderate_noise,185,99.32222222222222,0.3382681779012923,1,90.0,0.3203823484305226,1.001465389831779,59,1530.0
gebco_monterey_canyon_complex,GEBCO Monterey Canyon,Full Geometry-Aware Hybrid GA,moderate_noise,186,99.55555555555556,1.095358589204961,1,90.0,0.02588270726100706,1.0131037652788193,59,1530.0
gebco_monterey_canyon_complex,GEBCO Monterey Canyon,Full Geometry-Aware Hybrid GA,moderate_noise,187,99.34444444444445,0.4932369220456671,1,90.0,0.03354586999634818,0.9901900498469116,59,1530.0
gebco_monterey_canyon_complex,GEBCO Monterey Canyon,Full Geometry-Aware Hybrid GA,moderate_noise,188,99.2,0.12864896809346504,1,90.0,-0.11731059748735503,0.9355743597051338,59,1530.0
gebco_monterey_canyon_complex,GEBCO Monterey Canyon,Full Geometry-Aware Hybrid GA,moderate_noise,189,99.56111111111112,2.9434866508479574,1,90.0,0.125470730519513,1.0752341538363306,59,1530.0
gebco_monterey_canyon_complex,GEBCO Monterey Canyon,Full Geometry-Aware Hybrid GA,moderate_noise,190,99.28333333333333,1.18151922660017,1,90.0,-0.25547090131988603,1.0145933769791422,59,1530.0
gebco_monterey_canyon_complex,GEBCO Monterey Canyon,Full Geometry-Aware Hybrid GA,moderate_noise,191,99.75555555555556,0.4724024814393608,1,90.0,-0.22941225902317797,1.0109706375154064,59,1530.0
gebco_monterey_canyon_complex,GEBCO Monterey Canyon,Full Geometry-Aware Hybrid GA,moderate_noise,192,99.01666666666667,0.7125983081448275,1,90.0,-0.5882811306927844,1.0010818490505367,59,1530.0
gebco_monterey_canyon_complex,GEBCO Monterey Canyon,Full Geometry-Aware Hybrid GA,moderate_noise,193,98.7611111111111,0.6411969067066559,1,90.0,0.7621402812788027,1.009710817085068,59,1530.0
gebco_monterey_canyon_complex,GEBCO Monterey Canyon,Full Geometry-Aware Hybrid GA,moderate_noise,194,99.15,0.6185104443364011,1,90.0,-0.7002625678814957,0.9831316558891052,59,1530.0
gebco_monterey_canyon_complex,GEBCO Monterey Canyon,Full Geometry-Aware Hybrid GA,moderate_noise,195,99.16666666666667,1.063152163201081,1,90.0,0.2761241945483572,1.0251938172058344,59,1530.0
gebco_monterey_canyon_complex,GEBCO Monterey Canyon,Full Geometry-Aware Hybrid GA,moderate_noise,196,99.08333333333333,0.3570714571613679,1,90.0,-0.7823838443053567,0.993364005961431,59,1530.0
gebco_monterey_canyon_complex,GEBCO Monterey Canyon,Full Geometry-Aware Hybrid GA,moderate_noise,197,99.32222222222222,0.27542465996509197,1,90.0,0.3967408223205981,0.9877284097294725,59,1530.0
gebco_monterey_canyon_complex,GEBCO Monterey Canyon,Full Geometry-Aware Hybrid GA,moderate_noise,198,99.16666666666667,0.23008212769199032,1,90.0,-0.015103236834691468,0.9555054451950431,59,1530.0
gebco_monterey_canyon_complex,GEBCO Monterey Canyon,Full Geometry-Aware Hybrid GA,moderate_noise,199,99.22777777777779,0.7240130128588204,1,90.0,0.20576026702511557,1.0086550471561542,59,1530.0
gebco_monterey_canyon_complex,GEBCO Monterey Canyon,Full Geometry-Aware Hybrid GA,moderate_noise,200,99.59444444444443,0.8627598232343551,1,90.0,-0.3182729066232935,1.004421633980524,59,1530.0
gebco_monterey_canyon_complex,GEBCO Monterey Canyon,Full Geometry-Aware Hybrid GA,moderate_noise,201,98.82777777777778,0.6270643524021552,1,90.0,0.191313741934387,0.9711183762891811,59,1530.0
gebco_monterey_canyon_complex,GEBCO Monterey Canyon,Full Geometry-Aware Hybrid GA,moderate_noise,202,99.24444444444444,0.44362501343239513,1,90.0,-0.536380667349824,0.9870113052014666,59,1530.0
gebco_monterey_canyon_complex,GEBCO Monterey Canyon,Full Geometry-Aware Hybrid GA,moderate_noise,203,99.30555555555556,0.33386021038056135,1,90.0,-0.6484775542082502,0.9893623848775189,59,1530.0
gebco_monterey_canyon_complex,GEBCO Monterey Canyon,Full Geometry-Aware Hybrid GA,moderate_noise,204,99.33888888888889,0.5044868082738589,1,90.0,0.3873107512716729,0.9890833344805602,59,1530.0
gebco_monterey_canyon_complex,GEBCO Monterey Canyon,Full Geometry-Aware Hybrid GA,moderate_noise,205,98.90555555555555,0.2970760227055203,1,90.0,0.5145689877824552,0.9764553562942201,59,1530.0
gebco_monterey_canyon_complex,GEBCO Monterey Canyon,Full Geometry-Aware Hybrid GA,moderate_noise,206,99.16111111111111,0.172843440922349,1,90.0,0.3236885602214752,0.9891894243653038,59,1530.0
gebco_monterey_canyon_complex,GEBCO Monterey Canyon,Full Geometry-Aware Hybrid GA,moderate_noise,207,99.5111111111111,0.7436821441733872,1,90.0,-0.1291132692734583,1.0192977643654868,59,1530.0
gebco_monterey_canyon_complex,GEBCO Monterey Canyon,Full Geometry-Aware Hybrid GA,moderate_noise,208,100.0,1.85353115771925,1,90.0,-0.05130560287549232,1.0517303851249833,59,1530.0
gebco_monterey_canyon_complex,GEBCO Monterey Canyon,Full Geometry-Aware Hybrid GA,moderate_noise,209,98.92222222222222,0.27991975452674767,1,90.0,-0.6543833107589482,0.9451374008815691,59,1530.0
gebco_monterey_canyon_complex,GEBCO Monterey Canyon,Full Geometry-Aware Hybrid GA,moderate_noise,210,99.88333333333334,0.942169686178603,1,90.0,-0.08808269842670828,1.034014128291156,59,1530.0
gebco_monterey_canyon_complex,GEBCO Monterey Canyon,Full Geometry-Aware Hybrid GA,moderate_noise,211,99.3111111111111,0.38144492678180175,1,90.0,0.44133880167648426,0.9900708182667035,59,1530.0
gebco_monterey_canyon_complex,GEBCO Monterey Canyon,Full Geometry-Aware Hybrid GA,moderate_noise,212,99.12777777777778,0.7439094507823648,1,90.0,-0.26752306658152053,1.0071869055603022,59,1530.0
gebco_monterey_canyon_complex,GEBCO Monterey Canyon,Full Geometry-Aware Hybrid GA,moderate_noise,213,99.3,0.5946237089169693,1,90.0,-0.20191427526680106,0.9774446533365962,59,1530.0
gebco_monterey_canyon_complex,GEBCO Monterey Canyon,Full Geometry-Aware Hybrid GA,moderate_noise,214,98.65555555555555,0.7808415547653516,1,90.0,0.8068521148504114,0.992565460876373,59,1530.0
gebco_monterey_canyon_complex,GEBCO Monterey Canyon,Full Geometry-Aware Hybrid GA,moderate_noise,215,99.07222222222222,0.39715455256964166,1,90.0,0.29112225244654916,0.9956998186392179,59,1530.0
gebco_monterey_canyon_complex,GEBCO Monterey Canyon,Full Geometry-Aware Hybrid GA,moderate_noise,216,99.68333333333334,0.7487444820190683,1,90.0,-0.08791882601036378,1.0044920106836421,59,1530.0
gebco_monterey_canyon_complex,GEBCO Monterey Canyon,Full Geometry-Aware Hybrid GA,moderate_noise,217,98.60555555555555,1.0506804421820324,1,90.0,0.6266463702845285,1.0238698769407368,59,1530.0
gebco_monterey_canyon_complex,GEBCO Monterey Canyon,Full Geometry-Aware Hybrid GA,moderate_noise,218,99.45,0.2917510601998914,1,90.0,-0.5851479195426297,0.9818164193617517,59,1530.0
gebco_monterey_canyon_complex,GEBCO Monterey Canyon,Full Geometry-Aware Hybrid GA,moderate_noise,219,99.16666666666667,0.9671458753065985,1,90.0,-0.040236345743545704,1.012643028412225,59,1530.0
gebco_monterey_canyon_complex,GEBCO Monterey Canyon,Full Geometry-Aware Hybrid GA,moderate_noise,220,98.9,0.5209094178432174,1,90.0,0.5047857208713586,0.9859435149169449,59,1530.0
gebco_monterey_canyon_complex,GEBCO Monterey Canyon,Full Geometry-Aware Hybrid GA,moderate_noise,221,99.16666666666667,0.787438333133129,1,90.0,0.09220568823957612,0.9908073857103209,59,1530.0
gebco_monterey_canyon_complex,GEBCO Monterey Canyon,Full Geometry-Aware Hybrid GA,moderate_noise,222,99.14444444444445,0.8030309616652818,1,90.0,0.5748833979668891,1.010796383537965,59,1530.0
gebco_monterey_canyon_complex,GEBCO Monterey Canyon,Full Geometry-Aware Hybrid GA,moderate_noise,223,99.55555555555556,1.3781852738152633,1,90.0,-0.3677568674017223,1.0306703193675861,59,1530.0
gebco_monterey_canyon_complex,GEBCO Monterey Canyon,Full Geometry-Aware Hybrid GA,moderate_noise,224,99.1888888888889,0.23614270906234403,1,90.0,-0.2823941629271403,0.9730059265592045,59,1530.0
gebco_monterey_canyon_complex,GEBCO Monterey Canyon,Full Geometry-Aware Hybrid GA,moderate_noise,225,98.79444444444444,0.43343948107925045,1,90.0,0.5730681780450905,0.9767119417121556,59,1530.0
gebco_monterey_canyon_complex,GEBCO Monterey Canyon,Full Geometry-Aware Hybrid GA,moderate_noise,226,99.17222222222222,0.14894343448398795,1,90.0,-0.5395034766858632,0.9844616649637291,59,1530.0
gebco_monterey_canyon_complex,GEBCO Monterey Canyon,Full Geometry-Aware Hybrid GA,moderate_noise,227,99.23333333333333,2.005774351469008,1,90.0,-0.6425262147740387,1.0629298180437126,59,1530.0
gebco_monterey_canyon_complex,GEBCO Monterey Canyon,Full Geometry-Aware Hybrid GA,moderate_noise,228,100.0,1.4758870502568284,1,90.0,-0.09112440344816951,1.035889294705022,59,1530.0
gebco_monterey_canyon_complex,GEBCO Monterey Canyon,Full Geometry-Aware Hybrid GA,moderate_noise,229,98.12222222222222,0.7630455343564319,1,90.0,-1.5957202563617816,1.0004965876269871,59,1530.0
gebco_monterey_canyon_complex,GEBCO Monterey Canyon,Full Geometry-Aware Hybrid GA,moderate_noise,230,99.16111111111111,0.8064174853884917,1,90.0,-0.7588967204457296,1.0157988909823914,59,1530.0
gebco_monterey_canyon_complex,GEBCO Monterey Canyon,Full Geometry-Aware Hybrid GA,moderate_noise,231,98.95555555555555,0.8559987183362371,1,90.0,0.48027604218867204,1.0124350028157483,59,1530.0
gebco_monterey_canyon_complex,GEBCO Monterey Canyon,Full Geometry-Aware Hybrid GA,moderate_noise,232,99.16666666666667,0.7009669646388814,1,90.0,0.34970832620793924,1.01588600376125,59,1530.0
gebco_monterey_canyon_complex,GEBCO Monterey Canyon,Full Geometry-Aware Hybrid GA,moderate_noise,233,99.11666666666666,0.610469603014599,1,90.0,-0.40615001673020795,0.9882162238035765,59,1530.0
gebco_monterey_canyon_complex,GEBCO Monterey Canyon,Full Geometry-Aware Hybrid GA,moderate_noise,234,99.37777777777778,1.247541123520058,1,90.0,-0.48731543040894293,1.019470429906291,59,1530.0
gebco_monterey_canyon_complex,GEBCO Monterey Canyon,Full Geometry-Aware Hybrid GA,moderate_noise,235,99.1888888888889,0.09043897637239784,1,90.0,0.133581815118668,0.9728068160635701,59,1530.0
gebco_monterey_canyon_complex,GEBCO Monterey Canyon,Full Geometry-Aware Hybrid GA,moderate_noise,236,99.3,1.100358030302621,1,90.0,-0.3478377181262677,1.0107797595334487,59,1530.0
gebco_monterey_canyon_complex,GEBCO Monterey Canyon,Full Geometry-Aware Hybrid GA,moderate_noise,237,98.87222222222222,0.05952184787047913,1,90.0,0.7739614338123653,0.9688465677409491,59,1530.0
gebco_monterey_canyon_complex,GEBCO Monterey Canyon,Full Geometry-Aware Hybrid GA,moderate_noise,238,99.32222222222222,0.7181894926600172,1,90.0,0.21771193355939678,1.004922061897289,59,1530.0
gebco_monterey_canyon_complex,GEBCO Monterey Canyon,Full Geometry-Aware Hybrid GA,moderate_noise,239,99.0,0.07963809074274436,1,90.0,0.23048699518758767,0.9602444909196328,59,1530.0
gebco_monterey_canyon_complex,GEBCO Monterey Canyon,Full Geometry-Aware Hybrid GA,moderate_noise,240,99.22222222222223,0.30000218677915413,1,90.0,-0.48355842994394294,0.9790878586694967,59,1530.0
gebco_monterey_canyon_complex,GEBCO Monterey Canyon,Full Geometry-Aware Hybrid GA,moderate_noise,241,99.23333333333333,0.405436212280366,1,90.0,0.13588723726146965,1.01353795868412,59,1530.0
gebco_monterey_canyon_complex,GEBCO Monterey Canyon,Full Geometry-Aware Hybrid GA,moderate_noise,242,99.40555555555555,2.302966900924836,1,90.0,-0.40574182730998326,1.072320022708581,59,1530.0
gebco_monterey_canyon_complex,GEBCO Monterey Canyon,Full Geometry-Aware Hybrid GA,moderate_noise,243,99.36666666666667,0.5301897732484249,1,90.0,-0.508172942740509,1.0114403111678951,59,1530.0
gebco_monterey_canyon_complex,GEBCO Monterey Canyon,Full Geometry-Aware Hybrid GA,moderate_noise,244,98.63888888888889,0.9527136185456697,1,90.0,0.8072639694481236,1.0233779126302498,59,1530.0
gebco_monterey_canyon_complex,GEBCO Monterey Canyon,Full Geometry-Aware Hybrid GA,moderate_noise,245,98.11666666666666,0.17606554924142864,1,90.0,0.9220388329253401,0.9340253155608573,59,1530.0
gebco_monterey_canyon_complex,GEBCO Monterey Canyon,Full Geometry-Aware Hybrid GA,moderate_noise,246,98.99444444444444,0.7293362862982895,1,90.0,-0.8410657144671033,1.0244027470799406,59,1530.0
gebco_monterey_canyon_complex,GEBCO Monterey Canyon,Full Geometry-Aware Hybrid GA,moderate_noise,247,99.16666666666667,1.451765434509814,1,90.0,0.2223242470672759,1.0343073607879232,59,1530.0
gebco_monterey_canyon_complex,GEBCO Monterey Canyon,Full Geometry-Aware Hybrid GA,moderate_noise,248,99.6111111111111,0.3197094708325041,1,90.0,-0.1480953086556821,0.971582556997513,59,1530.0
gebco_monterey_canyon_complex,GEBCO Monterey Canyon,Full Geometry-Aware Hybrid GA,moderate_noise,249,98.82222222222222,0.8481707064838518,1,90.0,0.6778783639237668,1.00392830377378,59,1530.0
gebco_monterey_canyon_complex,GEBCO Monterey Canyon,Full Geometry-Aware Hybrid GA,moderate_noise,250,98.69444444444444,0.2393432637122959,1,90.0,-1.113494566383386,0.9986092614745741,59,1530.0
gebco_monterey_canyon_complex,GEBCO Monterey Canyon,Full Geometry-Aware Hybrid GA,moderate_noise,251,99.70555555555556,2.228103645776162,1,90.0,-0.018831992259144188,1.0630159340255139,59,1530.0
gebco_monterey_canyon_complex,GEBCO Monterey Canyon,Full Geometry-Aware Hybrid GA,moderate_noise,252,99.13333333333333,0.05268548472636362,1,90.0,-0.293531274367711,0.9603850872423113,59,1530.0
gebco_monterey_canyon_complex,GEBCO Monterey Canyon,Full Geometry-Aware Hybrid GA,moderate_noise,253,99.16666666666667,0.6358456456479291,1,90.0,0.07377786130782642,0.9844168179538224,59,1530.0
gebco_monterey_canyon_complex,GEBCO Monterey Canyon,Full Geometry-Aware Hybrid GA,moderate_noise,254,98.44444444444444,0.43878217179377266,1,90.0,-1.0561899181887813,0.995010356997327,59,1530.0
gebco_monterey_canyon_complex,GEBCO Monterey Canyon,Full Geometry-Aware Hybrid GA,moderate_noise,255,99.05000000000001,0.3371107742847193,1,90.0,0.3333438992028323,0.9712480804416074,59,1530.0
gebco_monterey_canyon_complex,GEBCO Monterey Canyon,Full Geometry-Aware Hybrid GA,moderate_noise,256,99.16666666666667,0.5938037584290514,1,90.0,0.1817683800958449,1.0071330261954787,59,1530.0
gebco_monterey_canyon_complex,GEBCO Monterey Canyon,Full Geometry-Aware Hybrid GA,moderate_noise,257,98.58888888888889,0.45728411821657,1,90.0,0.6881544486438461,0.9938761904802113,59,1530.0
gebco_monterey_canyon_complex,GEBCO Monterey Canyon,Full Geometry-Aware Hybrid GA,moderate_noise,258,98.7611111111111,0.2834719457216189,1,90.0,0.6877032026400433,0.9724634798265654,59,1530.0
gebco_monterey_canyon_complex,GEBCO Monterey Canyon,Full Geometry-Aware Hybrid GA,moderate_noise,259,99.35555555555555,0.7984463165715879,1,90.0,0.004953855187613594,1.013047363763461,59,1530.0
gebco_monterey_canyon_complex,GEBCO Monterey Canyon,Full Geometry-Aware Hybrid GA,moderate_noise,260,99.15,0.9041065472959638,1,90.0,0.5343684813058254,1.0228059978946837,59,1530.0
gebco_monterey_canyon_complex,GEBCO Monterey Canyon,Full Geometry-Aware Hybrid GA,moderate_noise,261,100.0,0.39250678728882316,1,90.0,-0.05315173365430605,0.981978969590409,59,1530.0
gebco_monterey_canyon_complex,GEBCO Monterey Canyon,Full Geometry-Aware Hybrid GA,moderate_noise,262,99.15555555555555,1.5538128484402147,1,90.0,0.35446886333610494,1.0313963403175532,59,1530.0
gebco_monterey_canyon_complex,GEBCO Monterey Canyon,Full Geometry-Aware Hybrid GA,moderate_noise,263,99.13333333333333,0.9881663240743833,1,90.0,0.3857396624633866,1.021192577447474,59,1530.0
gebco_monterey_canyon_complex,GEBCO Monterey Canyon,Full Geometry-Aware Hybrid GA,moderate_noise,264,99.07777777777778,0.36851384504923945,1,90.0,-0.16694697858251606,0.9636426913348126,59,1530.0
gebco_monterey_canyon_complex,GEBCO Monterey Canyon,Full Geometry-Aware Hybrid GA,moderate_noise,265,99.11111111111111,1.2584074079453142,1,90.0,0.34576197127379976,1.0197212262361222,59,1530.0
gebco_monterey_canyon_complex,GEBCO Monterey Canyon,Full Geometry-Aware Hybrid GA,moderate_noise,266,99.82777777777778,0.31435194962004886,1,90.0,-0.1696259469630793,0.995222008891834,59,1530.0
gebco_monterey_canyon_complex,GEBCO Monterey Canyon,Full Geometry-Aware Hybrid GA,moderate_noise,267,99.96111111111111,0.9717589581159429,1,90.0,-0.05822423668221216,1.017814134536563,59,1530.0
gebco_monterey_canyon_complex,GEBCO Monterey Canyon,Full Geometry-Aware Hybrid GA,moderate_noise,268,99.16666666666667,1.3455954154404612,1,90.0,0.28310443104801786,1.045555021931207,59,1530.0
gebco_monterey_canyon_complex,GEBCO Monterey Canyon,Full Geometry-Aware Hybrid GA,moderate_noise,269,99.22222222222223,0.9782948310101955,1,90.0,-0.36090068682902293,1.009896602921815,59,1530.0
gebco_monterey_canyon_complex,GEBCO Monterey Canyon,Full Geometry-Aware Hybrid GA,moderate_noise,270,98.58333333333333,1.0492278822033885,1,90.0,-1.0728985383517768,1.0127467772972019,59,1530.0
gebco_monterey_canyon_complex,GEBCO Monterey Canyon,Full Geometry-Aware Hybrid GA,moderate_noise,271,99.22777777777779,0.7231677090144236,1,90.0,0.13868034848400673,0.9803374103145968,59,1530.0
gebco_monterey_canyon_complex,GEBCO Monterey Canyon,Full Geometry-Aware Hybrid GA,moderate_noise,272,99.86666666666667,1.190084662797928,1,90.0,-0.053280022768798375,1.0226787998769737,59,1530.0
gebco_monterey_canyon_complex,GEBCO Monterey Canyon,Full Geometry-Aware Hybrid GA,moderate_noise,273,99.09444444444443,0.2015111132475477,1,90.0,-0.6050959840190026,0.9758416471640147,59,1530.0
gebco_monterey_canyon_complex,GEBCO Monterey Canyon,Full Geometry-Aware Hybrid GA,moderate_noise,274,99.02777777777779,0.42992135734720177,1,90.0,-0.5092913772379807,0.9738346544061558,59,1530.0
gebco_monterey_canyon_complex,GEBCO Monterey Canyon,Full Geometry-Aware Hybrid GA,moderate_noise,275,98.72777777777777,0.7136496168835511,1,90.0,0.7353515635988633,0.9906127620706896,59,1530.0
gebco_monterey_canyon_complex,GEBCO Monterey Canyon,Full Geometry-Aware Hybrid GA,moderate_noise,276,99.34444444444445,0.564700277312231,1,90.0,-0.25780090760334995,1.002324430814922,59,1530.0
gebco_monterey_canyon_complex,GEBCO Monterey Canyon,Full Geometry-Aware Hybrid GA,moderate_noise,277,99.18333333333334,1.1782837001507858,1,90.0,0.4811174204698933,1.0436390450810442,59,1530.0
gebco_monterey_canyon_complex,GEBCO Monterey Canyon,Full Geometry-Aware Hybrid GA,moderate_noise,278,99.13333333333333,0.5341068986125993,1,90.0,0.5190861847230198,1.0159502489650933,59,1530.0
gebco_monterey_canyon_complex,GEBCO Monterey Canyon,Full Geometry-Aware Hybrid GA,moderate_noise,279,99.64444444444445,0.42048828492010504,1,90.0,-0.26319278383804984,0.9827219555721515,59,1530.0
gebco_monterey_canyon_complex,GEBCO Monterey Canyon,Full Geometry-Aware Hybrid GA,moderate_noise,280,98.93888888888888,0.5388848559929725,1,90.0,-0.8223930572650554,0.9855651359491243,59,1530.0
gebco_monterey_canyon_complex,GEBCO Monterey Canyon,Full Geometry-Aware Hybrid GA,moderate_noise,281,98.76666666666667,0.1641172986148197,1,90.0,0.35250057789567596,0.9484396839915034,59,1530.0
gebco_monterey_canyon_complex,GEBCO Monterey Canyon,Full Geometry-Aware Hybrid GA,moderate_noise,282,99.2611111111111,0.34495012851206786,1,90.0,-0.3597204362273152,0.9685570440621099,59,1530.0
gebco_monterey_canyon_complex,GEBCO Monterey Canyon,Full Geometry-Aware Hybrid GA,moderate_noise,283,98.85000000000001,1.1576268464721164,1,90.0,0.6755200673783053,1.0098620288360294,59,1530.0
gebco_monterey_canyon_complex,GEBCO Monterey Canyon,Full Geometry-Aware Hybrid GA,moderate_noise,284,99.01111111111112,1.140647014228715,1,90.0,0.12604651673837378,1.0252068361415256,59,1530.0
gebco_monterey_canyon_complex,GEBCO Monterey Canyon,Full Geometry-Aware Hybrid GA,moderate_noise,285,99.3,0.4052219714816581,1,90.0,-0.07460343268440696,0.9762850608330866,59,1530.0
gebco_monterey_canyon_complex,GEBCO Monterey Canyon,Full Geometry-Aware Hybrid GA,moderate_noise,286,99.13888888888889,3.090828970656748,0,90.0,-0.5917353765631628,1.0848784606790531,59,1530.0
gebco_monterey_canyon_complex,GEBCO Monterey Canyon,Full Geometry-Aware Hybrid GA,moderate_noise,287,99.21111111111112,0.562735264397895,1,90.0,0.6246278988634711,1.0018870647428004,59,1530.0
gebco_monterey_canyon_complex,GEBCO Monterey Canyon,Full Geometry-Aware Hybrid GA,moderate_noise,288,98.73333333333333,2.310555130586107,1,90.0,0.845152882605389,1.068015231402272,59,1530.0
gebco_monterey_canyon_complex,GEBCO Monterey Canyon,Full Geometry-Aware Hybrid GA,moderate_noise,289,99.08333333333333,0.605894426245737,1,90.0,0.22252757113472513,0.9829348579309488,59,1530.0
gebco_monterey_canyon_complex,GEBCO Monterey Canyon,Full Geometry-Aware Hybrid GA,moderate_noise,290,98.73333333333333,0.017610525747271847,1,90.0,-0.4855067551335961,0.9371288575819686,59,1530.0
gebco_monterey_canyon_complex,GEBCO Monterey Canyon,Full Geometry-Aware Hybrid GA,moderate_noise,291,99.21111111111112,0.25978193952363066,1,90.0,0.4301174644059969,0.9777264002431033,59,1530.0
gebco_monterey_canyon_complex,GEBCO Monterey Canyon,Full Geometry-Aware Hybrid GA,moderate_noise,292,99.16666666666667,0.4005426141688642,1,90.0,0.2989108844556328,0.9734753023447635,59,1530.0
gebco_monterey_canyon_complex,GEBCO Monterey Canyon,Full Geometry-Aware Hybrid GA,moderate_noise,293,99.17222222222222,0.37581239232133795,1,90.0,-0.4267175208785049,0.9660302312006495,59,1530.0
gebco_monterey_canyon_complex,GEBCO Monterey Canyon,Full Geometry-Aware Hybrid GA,moderate_noise,294,99.38333333333334,1.7066545508561801,1,90.0,0.30252285909830096,1.0340141143731625,59,1530.0
gebco_monterey_canyon_complex,GEBCO Monterey Canyon,Full Geometry-Aware Hybrid GA,moderate_noise,295,98.70555555555556,0.29839115984751285,1,90.0,-0.7426902555947057,0.9621815493743922,59,1530.0
gebco_monterey_canyon_complex,GEBCO Monterey Canyon,Full Geometry-Aware Hybrid GA,moderate_noise,296,99.36666666666667,0.5808145221707076,1,90.0,-0.2350148435935442,0.9994671702884763,59,1530.0
gebco_monterey_canyon_complex,GEBCO Monterey Canyon,Full Geometry-Aware Hybrid GA,moderate_noise,297,98.9,0.03853718164377473,1,90.0,-0.44343813688232825,0.9197288626322231,59,1530.0
gebco_monterey_canyon_complex,GEBCO Monterey Canyon,Full Geometry-Aware Hybrid GA,moderate_noise,298,100.0,2.8381055603493315,1,90.0,-0.04176445261693421,1.042959174697139,59,1530.0
gebco_monterey_canyon_complex,GEBCO Monterey Canyon,Full Geometry-Aware Hybrid GA,moderate_noise,299,98.28333333333333,0.6003792958024523,1,90.0,1.066568949841421,0.9954638096795736,59,1530.0
gebco_monterey_canyon_complex,GEBCO Monterey Canyon,Full Geometry-Aware Hybrid GA,strong_noise,0,99.06111111111112,3.3473818323855675,0,90.0,0.5210865618946167,1.0489758643641893,59,1530.0
gebco_monterey_canyon_complex,GEBCO Monterey Canyon,Full Geometry-Aware Hybrid GA,strong_noise,1,98.7611111111111,3.515558060611477,0,90.0,-0.4778648630573639,1.020847091475856,59,1530.0
gebco_monterey_canyon_complex,GEBCO Monterey Canyon,Full Geometry-Aware Hybrid GA,strong_noise,2,97.00555555555556,0.6211332061311525,1,90.0,0.5033216862518957,0.9170360830961335,59,1530.0
gebco_monterey_canyon_complex,GEBCO Monterey Canyon,Full Geometry-Aware Hybrid GA,strong_noise,3,99.95555555555555,4.759337809782972,0,90.0,-0.0470356091811299,1.1038875272821207,59,1530.0
gebco_monterey_canyon_complex,GEBCO Monterey Canyon,Full Geometry-Aware Hybrid GA,strong_noise,4,96.64444444444445,1.3515217204490926,0,90.0,0.5805031365645291,0.9413437636329858,59,1530.0
gebco_monterey_canyon_complex,GEBCO Monterey Canyon,Full Geometry-Aware Hybrid GA,strong_noise,5,97.15555555555555,1.9384082521257329,1,90.0,-1.260985224054683,0.9733775941036531,59,1530.0
gebco_monterey_canyon_complex,GEBCO Monterey Canyon,Full Geometry-Aware Hybrid GA,strong_noise,6,94.84444444444445,1.4881497446122638,0,90.0,-1.9687400815154974,0.9477398673938073,59,1530.0
gebco_monterey_canyon_complex,GEBCO Monterey Canyon,Full Geometry-Aware Hybrid GA,strong_noise,7,99.37777777777778,4.940890243406417,0,90.0,-0.369370205657714,1.0774095553367227,59,1530.0
gebco_monterey_canyon_complex,GEBCO Monterey Canyon,Full Geometry-Aware Hybrid GA,strong_noise,8,97.46111111111111,4.313015750642805,0,90.0,1.6766040687531105,1.0746077589377747,59,1530.0
gebco_monterey_canyon_complex,GEBCO Monterey Canyon,Full Geometry-Aware Hybrid GA,strong_noise,9,98.56111111111112,2.4899567744025637,1,90.0,0.6635285111004374,1.03492786056212,59,1530.0
gebco_monterey_canyon_complex,GEBCO Monterey Canyon,Full Geometry-Aware Hybrid GA,strong_noise,10,98.72777777777777,6.034488397510146,0,90.0,-0.9406854846859366,1.1265893065816153,59,1530.0
gebco_monterey_canyon_complex,GEBCO Monterey Canyon,Full Geometry-Aware Hybrid GA,strong_noise,11,98.07222222222222,3.0774861265367095,0,90.0,-0.8308644722990094,1.0089239159254106,59,1530.0
gebco_monterey_canyon_complex,GEBCO Monterey Canyon,Full Geometry-Aware Hybrid GA,strong_noise,12,97.63888888888889,1.568878226223386,1,90.0,-0.46135341714537625,0.9790474969768976,59,1530.0
gebco_monterey_canyon_complex,GEBCO Monterey Canyon,Full Geometry-Aware Hybrid GA,strong_noise,13,99.32777777777778,5.599817225461262,0,90.0,0.3354107773051287,1.1137293245047495,59,1530.0
gebco_monterey_canyon_complex,GEBCO Monterey Canyon,Full Geometry-Aware Hybrid GA,strong_noise,14,98.89444444444445,4.712777531482047,0,90.0,-0.4439322284207265,1.0699829512396366,59,1530.0
gebco_monterey_canyon_complex,GEBCO Monterey Canyon,Full Geometry-Aware Hybrid GA,strong_noise,15,96.73333333333333,1.239820450349148,0,90.0,1.7376441121466515,0.9639494898927324,59,1530.0
gebco_monterey_canyon_complex,GEBCO Monterey Canyon,Full Geometry-Aware Hybrid GA,strong_noise,16,95.12777777777778,1.1470629503273175,0,90.0,0.12492684403669814,0.941401940483861,59,1530.0
gebco_monterey_canyon_complex,GEBCO Monterey Canyon,Full Geometry-Aware Hybrid GA,strong_noise,17,95.67777777777778,1.0265227709030396,0,90.0,-0.9827727875352333,0.9150559911488799,59,1530.0
gebco_monterey_canyon_complex,GEBCO Monterey Canyon,Full Geometry-Aware Hybrid GA,strong_noise,18,98.53888888888889,4.71960182930886,0,90.0,0.8275145291717574,1.0909314011171338,59,1530.0
gebco_monterey_canyon_complex,GEBCO Monterey Canyon,Full Geometry-Aware Hybrid GA,strong_noise,19,99.46666666666667,6.558715655179941,0,90.0,0.4279568615393787,1.132876690823018,59,1530.0
gebco_monterey_canyon_complex,GEBCO Monterey Canyon,Full Geometry-Aware Hybrid GA,strong_noise,20,98.87222222222222,3.1868775172798385,0,90.0,0.20825857817289722,1.0456643041739875,59,1530.0
gebco_monterey_canyon_complex,GEBCO Monterey Canyon,Full Geometry-Aware Hybrid GA,strong_noise,21,98.31666666666666,3.3365218153208827,0,90.0,0.4261547290969573,1.0406078089989512,59,1530.0
gebco_monterey_canyon_complex,GEBCO Monterey Canyon,Full Geometry-Aware Hybrid GA,strong_noise,22,98.97222222222221,5.114475550021577,0,90.0,-0.594897454860031,1.0967010443386385,59,1530.0
gebco_monterey_canyon_complex,GEBCO Monterey Canyon,Full Geometry-Aware Hybrid GA,strong_noise,23,97.82777777777778,1.7613185564234564,1,90.0,0.7119528952168543,0.9979315465439462,59,1530.0
gebco_monterey_canyon_complex,GEBCO Monterey Canyon,Full Geometry-Aware Hybrid GA,strong_noise,24,97.76666666666667,4.859549875541814,0,90.0,1.4271593391476098,1.0948871018404451,59,1530.0
gebco_monterey_canyon_complex,GEBCO Monterey Canyon,Full Geometry-Aware Hybrid GA,strong_noise,25,97.18333333333334,1.8739228521683307,1,90.0,-0.6175758777490032,0.9767863405154663,59,1530.0
gebco_monterey_canyon_complex,GEBCO Monterey Canyon,Full Geometry-Aware Hybrid GA,strong_noise,26,96.4888888888889,1.8558813878079972,0,90.0,-1.2873456984927776,0.9572784795104505,59,1530.0
gebco_monterey_canyon_complex,GEBCO Monterey Canyon,Full Geometry-Aware Hybrid GA,strong_noise,27,98.7611111111111,2.209827232008817,1,90.0,-1.204640537702287,1.0164008202187091,59,1530.0
gebco_monterey_canyon_complex,GEBCO Monterey Canyon,Full Geometry-Aware Hybrid GA,strong_noise,28,96.50555555555556,1.6540673971469142,0,90.0,0.5331264614743554,0.9305629533457993,59,1530.0
gebco_monterey_canyon_complex,GEBCO Monterey Canyon,Full Geometry-Aware Hybrid GA,strong_noise,29,97.6,1.513531619459607,1,90.0,0.20274932137367746,0.9703954097267423,59,1530.0
gebco_monterey_canyon_complex,GEBCO Monterey Canyon,Full Geometry-Aware Hybrid GA,strong_noise,30,98.9888888888889,5.516015038967224,0,90.0,0.17932336246530256,1.0823608324212446,59,1530.0
gebco_monterey_canyon_complex,GEBCO Monterey Canyon,Full Geometry-Aware Hybrid GA,strong_noise,31,99.07777777777778,3.2927466024307916,0,90.0,0.13224495310481485,1.032751161834355,59,1530.0
gebco_monterey_canyon_complex,GEBCO Monterey Canyon,Full Geometry-Aware Hybrid GA,strong_noise,32,98.42777777777778,4.744234309176969,0,90.0,0.21815425671531188,1.0431787366725591,59,1530.0
gebco_monterey_canyon_complex,GEBCO Monterey Canyon,Full Geometry-Aware Hybrid GA,strong_noise,33,95.61666666666667,0.5852823637111509,0,90.0,-0.883052810756399,0.8925481411885278,59,1530.0
gebco_monterey_canyon_complex,GEBCO Monterey Canyon,Full Geometry-Aware Hybrid GA,strong_noise,34,96.71111111111111,1.9203373902809917,0,90.0,0.30146681499457467,0.9571964032273704,59,1530.0
gebco_monterey_canyon_complex,GEBCO Monterey Canyon,Full Geometry-Aware Hybrid GA,strong_noise,35,95.53888888888889,0.9529874404399634,0,90.0,-1.086621976272693,0.9204049852127086,59,1530.0
gebco_monterey_canyon_complex,GEBCO Monterey Canyon,Full Geometry-Aware Hybrid GA,strong_noise,36,99.33333333333333,2.063535168386529,1,90.0,0.1428428820111921,1.0320876319614165,59,1530.0
gebco_monterey_canyon_complex,GEBCO Monterey Canyon,Full Geometry-Aware Hybrid GA,strong_noise,37,93.74444444444444,0.8036129030234469,0,90.0,-2.333542004980031,0.9004371480265851,59,1530.0
gebco_monterey_canyon_complex,GEBCO Monterey Canyon,Full Geometry-Aware Hybrid GA,strong_noise,38,97.67777777777778,2.046431941236558,1,90.0,-0.5710215521133505,1.0176276365764878,59,1530.0
gebco_monterey_canyon_complex,GEBCO Monterey Canyon,Full Geometry-Aware Hybrid GA,strong_noise,39,92.96666666666667,0.3290729257108498,0,90.0,-0.8277820297440628,0.8665597379788708,59,1530.0
gebco_monterey_canyon_complex,GEBCO Monterey Canyon,Full Geometry-Aware Hybrid GA,strong_noise,40,97.02222222222223,1.2312828918291563,1,90.0,0.7829720112288433,0.9580294700363735,59,1530.0
gebco_monterey_canyon_complex,GEBCO Monterey Canyon,Full Geometry-Aware Hybrid GA,strong_noise,41,98.65555555555555,2.33131676212906,1,90.0,-0.15920776160589498,0.9841587620656056,59,1530.0
gebco_monterey_canyon_complex,GEBCO Monterey Canyon,Full Geometry-Aware Hybrid GA,strong_noise,42,97.10555555555555,5.062085992479586,0,90.0,1.2339701303883825,1.0508116250101927,59,1530.0
gebco_monterey_canyon_complex,GEBCO Monterey Canyon,Full Geometry-Aware Hybrid GA,strong_noise,43,97.61666666666666,2.2210467434994237,1,90.0,1.812136954827107,1.038023864341911,59,1530.0
gebco_monterey_canyon_complex,GEBCO Monterey Canyon,Full Geometry-Aware Hybrid GA,strong_noise,44,95.91666666666666,1.7548187248239637,0,90.0,-0.1920634669271319,0.9206285570715323,59,1530.0
gebco_monterey_canyon_complex,GEBCO Monterey Canyon,Full Geometry-Aware Hybrid GA,strong_noise,45,95.71666666666667,2.4486103076141204,0,90.0,1.92697347402436,0.9839985010090982,59,1530.0
gebco_monterey_canyon_complex,GEBCO Monterey Canyon,Full Geometry-Aware Hybrid GA,strong_noise,46,98.46666666666667,3.418206696152116,0,90.0,-0.41727863777936086,1.01479395223947,59,1530.0
gebco_monterey_canyon_complex,GEBCO Monterey Canyon,Full Geometry-Aware Hybrid GA,strong_noise,47,98.37777777777778,5.108968497771414,0,90.0,0.5982812956557295,1.0636818348752712,59,1530.0
gebco_monterey_canyon_complex,GEBCO Monterey Canyon,Full Geometry-Aware Hybrid GA,strong_noise,48,98.81111111111112,4.064339751735504,0,90.0,0.5026487411959828,1.0602141829968228,59,1530.0
gebco_monterey_canyon_complex,GEBCO Monterey Canyon,Full Geometry-Aware Hybrid GA,strong_noise,49,98.90555555555555,1.734191245020351,1,90.0,0.0738940976910633,1.0029004041824072,59,1530.0
gebco_monterey_canyon_complex,GEBCO Monterey Canyon,Full Geometry-Aware Hybrid GA,strong_noise,50,97.45,2.8806495113321744,1,90.0,0.9600994763940809,1.0213010250404726,59,1530.0
gebco_monterey_canyon_complex,GEBCO Monterey Canyon,Full Geometry-Aware Hybrid GA,strong_noise,51,96.3,3.0736122653746816,0,90.0,1.4644065844514103,0.9818504794956203,59,1530.0
gebco_monterey_canyon_complex,GEBCO Monterey Canyon,Full Geometry-Aware Hybrid GA,strong_noise,52,97.5,0.9466864041741875,1,90.0,0.38760505887812496,0.9461506331043908,59,1530.0
gebco_monterey_canyon_complex,GEBCO Monterey Canyon,Full Geometry-Aware Hybrid GA,strong_noise,53,97.59444444444443,1.0912515646907797,1,90.0,-0.5432764370089617,0.943914714417186,59,1530.0
gebco_monterey_canyon_complex,GEBCO Monterey Canyon,Full Geometry-Aware Hybrid GA,strong_noise,54,98.45555555555555,2.9674926532055785,1,90.0,0.8491893187474195,1.0631124610819755,59,1530.0
gebco_monterey_canyon_complex,GEBCO Monterey Canyon,Full Geometry-Aware Hybrid GA,strong_noise,55,93.5111111111111,0.5109730531983036,0,90.0,-1.7095026810929317,0.8779899538760246,59,1530.0
gebco_monterey_canyon_complex,GEBCO Monterey Canyon,Full Geometry-Aware Hybrid GA,strong_noise,56,95.03333333333333,0.8031155226347308,0,90.0,0.6026301805628645,0.9093136118660278,59,1530.0
gebco_monterey_canyon_complex,GEBCO Monterey Canyon,Full Geometry-Aware Hybrid GA,strong_noise,57,95.15555555555557,1.3007576705150423,0,90.0,0.6495126556222762,0.9073277056929963,59,1530.0
gebco_monterey_canyon_complex,GEBCO Monterey Canyon,Full Geometry-Aware Hybrid GA,strong_noise,58,98.91666666666666,4.5832098904048175,0,90.0,0.1729950748702825,1.0326711032708942,59,1530.0
gebco_monterey_canyon_complex,GEBCO Monterey Canyon,Full Geometry-Aware Hybrid GA,strong_noise,59,95.55555555555556,0.6797728781446912,0,90.0,-0.8042977583456014,0.9054790217890638,59,1530.0
gebco_monterey_canyon_complex,GEBCO Monterey Canyon,Full Geometry-Aware Hybrid GA,strong_noise,60,99.4888888888889,5.44131964245924,0,90.0,-0.29646743119266633,1.112569607671669,59,1530.0
gebco_monterey_canyon_complex,GEBCO Monterey Canyon,Full Geometry-Aware Hybrid GA,strong_noise,61,97.34444444444445,2.918382813338416,1,90.0,-1.2391033002205212,1.0240843775109192,59,1530.0
gebco_monterey_canyon_complex,GEBCO Monterey Canyon,Full Geometry-Aware Hybrid GA,strong_noise,62,97.89999999999999,1.641384753951499,1,90.0,0.13132318638107815,0.9596098831232008,59,1530.0
gebco_monterey_canyon_complex,GEBCO Monterey Canyon,Full Geometry-Aware Hybrid GA,strong_noise,63,97.46666666666667,2.593961338104396,1,90.0,-1.8844583772343688,1.0578393417345422,59,1530.0
gebco_monterey_canyon_complex,GEBCO Monterey Canyon,Full Geometry-Aware Hybrid GA,strong_noise,64,98.11111111111111,2.950676833713814,1,90.0,0.9520371015098752,1.0543837608468623,59,1530.0
gebco_monterey_canyon_complex,GEBCO Monterey Canyon,Full Geometry-Aware Hybrid GA,strong_noise,65,98.53888888888889,4.704217322335972,0,90.0,0.5358690749171078,1.0793088379771152,59,1530.0
gebco_monterey_canyon_complex,GEBCO Monterey Canyon,Full Geometry-Aware Hybrid GA,strong_noise,66,97.07222222222222,3.858389379036043,0,90.0,1.2576940272731967,1.0028749774891406,59,1530.0
gebco_monterey_canyon_complex,GEBCO Monterey Canyon,Full Geometry-Aware Hybrid GA,strong_noise,67,99.52222222222223,2.982426393885688,1,90.0,-0.22175369812444037,1.057965502829771,59,1530.0
gebco_monterey_canyon_complex,GEBCO Monterey Canyon,Full Geometry-Aware Hybrid GA,strong_noise,68,98.71111111111112,1.637935247050973,1,90.0,-0.9948142239720917,1.015974421719946,59,1530.0
gebco_monterey_canyon_complex,GEBCO Monterey Canyon,Full Geometry-Aware Hybrid GA,strong_noise,69,95.93888888888888,1.1051578608114678,0,90.0,0.9471537894374851,0.9364886325742414,59,1530.0
gebco_monterey_canyon_complex,GEBCO Monterey Canyon,Full Geometry-Aware Hybrid GA,strong_noise,70,98.37222222222223,2.7799284685641528,1,90.0,-0.6633350597500076,1.0044429672766635,59,1530.0
gebco_monterey_canyon_complex,GEBCO Monterey Canyon,Full Geometry-Aware Hybrid GA,strong_noise,71,97.2611111111111,3.2497362081744083,0,90.0,-1.9248111630844014,1.0341893737968946,59,1530.0
gebco_monterey_canyon_complex,GEBCO Monterey Canyon,Full Geometry-Aware Hybrid GA,strong_noise,72,98.27222222222223,4.134131716319999,0,90.0,0.6908292776030127,1.0524497008809997,59,1530.0
gebco_monterey_canyon_complex,GEBCO Monterey Canyon,Full Geometry-Aware Hybrid GA,strong_noise,73,96.85000000000001,2.2826684225761102,0,90.0,1.052207229657635,0.9906689506903178,59,1530.0
gebco_monterey_canyon_complex,GEBCO Monterey Canyon,Full Geometry-Aware Hybrid GA,strong_noise,74,96.14444444444445,1.0373578706129878,0,90.0,-0.9841097908138646,0.9388353528750122,59,1530.0
gebco_monterey_canyon_complex,GEBCO Monterey Canyon,Full Geometry-Aware Hybrid GA,strong_noise,75,96.83333333333334,1.5196366875114147,0,90.0,1.6456931573203817,0.9820807864325086,59,1530.0
gebco_monterey_canyon_complex,GEBCO Monterey Canyon,Full Geometry-Aware Hybrid GA,strong_noise,76,97.37777777777778,2.432038318771895,1,90.0,-1.2216325645512478,1.0019378220905757,59,1530.0
gebco_monterey_canyon_complex,GEBCO Monterey Canyon,Full Geometry-Aware Hybrid GA,strong_noise,77,97.94444444444444,3.386012890951807,0,90.0,1.1113998381823047,1.029012464281636,59,1530.0
gebco_monterey_canyon_complex,GEBCO Monterey Canyon,Full Geometry-Aware Hybrid GA,strong_noise,78,97.25,2.63047335019638,1,90.0,0.5109949229895381,0.9908253636254019,59,1530.0
gebco_monterey_canyon_complex,GEBCO Monterey Canyon,Full Geometry-Aware Hybrid GA,strong_noise,79,97.68333333333334,2.7590067696091767,1,90.0,0.2958178293327936,0.9912766368971256,59,1530.0
gebco_monterey_canyon_complex,GEBCO Monterey Canyon,Full Geometry-Aware Hybrid GA,strong_noise,80,99.7611111111111,3.7941552947958845,0,90.0,-0.3302515181194268,1.0620344049639794,59,1530.0
gebco_monterey_canyon_complex,GEBCO Monterey Canyon,Full Geometry-Aware Hybrid GA,strong_noise,81,97.71111111111111,2.171199628088876,1,90.0,0.4793909794260422,0.9741331116967791,59,1530.0
gebco_monterey_canyon_complex,GEBCO Monterey Canyon,Full Geometry-Aware Hybrid GA,strong_noise,82,97.67777777777778,2.09192932289962,1,90.0,-0.6430721859334226,0.9839229709327105,59,1530.0
gebco_monterey_canyon_complex,GEBCO Monterey Canyon,Full Geometry-Aware Hybrid GA,strong_noise,83,100.0,4.767965289187206,0,90.0,-0.07374711420557445,1.0959581160979521,59,1530.0
gebco_monterey_canyon_complex,GEBCO Monterey Canyon,Full Geometry-Aware Hybrid GA,strong_noise,84,91.95,0.10540992780224506,0,90.0,1.0329733957578544,0.8513734798995674,59,1530.0
gebco_monterey_canyon_complex,GEBCO Monterey Canyon,Full Geometry-Aware Hybrid GA,strong_noise,85,95.43333333333334,1.278711021779569,0,90.0,0.061310754991279116,0.9517243342020517,59,1530.0
gebco_monterey_canyon_complex,GEBCO Monterey Canyon,Full Geometry-Aware Hybrid GA,strong_noise,86,95.07777777777778,0.6124288876942611,0,90.0,-0.7436687700347838,0.9062045830855434,59,1530.0
gebco_monterey_canyon_complex,GEBCO Monterey Canyon,Full Geometry-Aware Hybrid GA,strong_noise,87,97.69444444444444,1.594778246343906,1,90.0,0.3011030203599318,0.9676871335857908,59,1530.0
gebco_monterey_canyon_complex,GEBCO Monterey Canyon,Full Geometry-Aware Hybrid GA,strong_noise,88,95.95555555555556,1.8626342580565514,0,90.0,-0.048822492931359644,0.9589333491604409,59,1530.0
gebco_monterey_canyon_complex,GEBCO Monterey Canyon,Full Geometry-Aware Hybrid GA,strong_noise,89,97.28888888888889,2.0456500856210016,1,90.0,0.35844029139301703,0.9764312657518983,59,1530.0
gebco_monterey_canyon_complex,GEBCO Monterey Canyon,Full Geometry-Aware Hybrid GA,strong_noise,90,97.18333333333334,3.7282310886817704,0,90.0,-1.5291952513180762,1.059642552003899,59,1530.0
gebco_monterey_canyon_complex,GEBCO Monterey Canyon,Full Geometry-Aware Hybrid GA,strong_noise,91,99.35555555555555,3.166876507231127,0,90.0,-0.5095117207672136,1.0369809427034993,59,1530.0
gebco_monterey_canyon_complex,GEBCO Monterey Canyon,Full Geometry-Aware Hybrid GA,strong_noise,92,98.73333333333333,4.514028323901749,0,90.0,0.15665869949663,1.0567834116573689,59,1530.0
gebco_monterey_canyon_complex,GEBCO Monterey Canyon,Full Geometry-Aware Hybrid GA,strong_noise,93,97.44444444444444,3.2123407263994435,0,90.0,-1.0036513401458829,1.0200364620454145,59,1530.0
gebco_monterey_canyon_complex,GEBCO Monterey Canyon,Full Geometry-Aware Hybrid GA,strong_noise,94,98.88888888888889,4.940354877162568,0,90.0,-1.008372325519321,1.0971603565547416,59,1530.0
gebco_monterey_canyon_complex,GEBCO Monterey Canyon,Full Geometry-Aware Hybrid GA,strong_noise,95,93.5111111111111,0.8691205060530603,0,90.0,-0.4425176994068011,0.8675373942591267,59,1530.0
gebco_monterey_canyon_complex,GEBCO Monterey Canyon,Full Geometry-Aware Hybrid GA,strong_noise,96,97.38888888888889,3.0887558703612483,0,90.0,1.4967116462446581,1.0362504361936666,59,1530.0
gebco_monterey_canyon_complex,GEBCO Monterey Canyon,Full Geometry-Aware Hybrid GA,strong_noise,97,97.22222222222221,2.072277192543148,1,90.0,-1.1295583829548712,0.9803291113419736,59,1530.0
gebco_monterey_canyon_complex,GEBCO Monterey Canyon,Full Geometry-Aware Hybrid GA,strong_noise,98,98.75555555555555,1.1823003651370307,1,90.0,-0.05784933732491314,0.9293430305384189,59,1530.0
gebco_monterey_canyon_complex,GEBCO Monterey Canyon,Full Geometry-Aware Hybrid GA,strong_noise,99,99.68333333333334,2.4936299070264742,1,90.0,-0.2238269968559871,1.0429982856677926,59,1530.0
gebco_monterey_canyon_complex,GEBCO Monterey Canyon,Full Geometry-Aware Hybrid GA,strong_noise,100,97.05,5.330650074997425,0,90.0,2.3969022869017382,1.1101629299554523,59,1530.0
gebco_monterey_canyon_complex,GEBCO Monterey Canyon,Full Geometry-Aware Hybrid GA,strong_noise,101,97.30555555555556,1.4993819801325157,1,90.0,-0.11201268553802363,0.9628463875715516,59,1530.0
gebco_monterey_canyon_complex,GEBCO Monterey Canyon,Full Geometry-Aware Hybrid GA,strong_noise,102,98.14444444444445,5.443122860577035,0,90.0,-0.7806061560420336,1.0876864448553394,59,1530.0
gebco_monterey_canyon_complex,GEBCO Monterey Canyon,Full Geometry-Aware Hybrid GA,strong_noise,103,98.89444444444445,6.956996342900766,0,90.0,-1.1488906444133595,1.1460317463327319,59,1530.0
gebco_monterey_canyon_complex,GEBCO Monterey Canyon,Full Geometry-Aware Hybrid GA,strong_noise,104,97.24444444444444,2.8639609810068,1,90.0,1.4698207103437504,1.020477355772826,59,1530.0
gebco_monterey_canyon_complex,GEBCO Monterey Canyon,Full Geometry-Aware Hybrid GA,strong_noise,105,97.65,2.8615393569910803,1,90.0,1.230108974273011,1.0222478865582707,59,1530.0
gebco_monterey_canyon_complex,GEBCO Monterey Canyon,Full Geometry-Aware Hybrid GA,strong_noise,106,97.75555555555555,3.144147568107948,0,90.0,1.1962479664894294,1.029618138896775,59,1530.0
gebco_monterey_canyon_complex,GEBCO Monterey Canyon,Full Geometry-Aware Hybrid GA,strong_noise,107,95.60555555555555,0.8270810572091852,0,90.0,-0.32017502792733715,0.9254610934788232,59,1530.0
gebco_monterey_canyon_complex,GEBCO Monterey Canyon,Full Geometry-Aware Hybrid GA,strong_noise,108,96.11666666666666,2.656509407658126,0,90.0,1.6539082362253272,0.966837817136515,59,1530.0
gebco_monterey_canyon_complex,GEBCO Monterey Canyon,Full Geometry-Aware Hybrid GA,strong_noise,109,99.55000000000001,3.789164394099922,0,90.0,-0.19349345839744603,1.0543483615177283,59,1530.0
gebco_monterey_canyon_complex,GEBCO Monterey Canyon,Full Geometry-Aware Hybrid GA,strong_noise,110,97.24444444444444,3.5850823882281224,0,90.0,-1.705059195856318,1.0124689489299064,59,1530.0
gebco_monterey_canyon_complex,GEBCO Monterey Canyon,Full Geometry-Aware Hybrid GA,strong_noise,111,96.01111111111112,1.2378123733748598,0,90.0,-1.3491401337548572,0.9439803425407765,59,1530.0
gebco_monterey_canyon_complex,GEBCO Monterey Canyon,Full Geometry-Aware Hybrid GA,strong_noise,112,99.77222222222221,4.3061570829938125,0,90.0,-0.12435378493333939,1.0567782635472032,59,1530.0
gebco_monterey_canyon_complex,GEBCO Monterey Canyon,Full Geometry-Aware Hybrid GA,strong_noise,113,98.89444444444445,4.726687524289698,0,90.0,0.18042593570332904,1.0644448284025618,59,1530.0
gebco_monterey_canyon_complex,GEBCO Monterey Canyon,Full Geometry-Aware Hybrid GA,strong_noise,114,99.08333333333333,5.293566722354196,0,90.0,-0.6270334869411245,1.0845182210233946,59,1530.0
gebco_monterey_canyon_complex,GEBCO Monterey Canyon,Full Geometry-Aware Hybrid GA,strong_noise,115,96.09444444444445,1.579410791070951,0,90.0,-0.9903339254542806,0.971815157825777,59,1530.0
gebco_monterey_canyon_complex,GEBCO Monterey Canyon,Full Geometry-Aware Hybrid GA,strong_noise,116,96.72777777777777,3.1376451940541052,0,90.0,1.342449130626605,1.0070815283480679,59,1530.0
gebco_monterey_canyon_complex,GEBCO Monterey Canyon,Full Geometry-Aware Hybrid GA,strong_noise,117,97.96111111111111,2.5449931100939196,1,90.0,-0.382011171450016,1.0100471586342499,59,1530.0
gebco_monterey_canyon_complex,GEBCO Monterey Canyon,Full Geometry-Aware Hybrid GA,strong_noise,118,97.00555555555556,2.3067789799531173,1,90.0,0.876598790116643,0.9962409355652068,59,1530.0
gebco_monterey_canyon_complex,GEBCO Monterey Canyon,Full Geometry-Aware Hybrid GA,strong_noise,119,94.04444444444444,0.9398759553356332,0,90.0,-0.18791406741334196,0.8866871408385261,59,1530.0
gebco_monterey_canyon_complex,GEBCO Monterey Canyon,Full Geometry-Aware Hybrid GA,strong_noise,120,94.93888888888888,1.3213240633599195,0,90.0,-1.5698050494632472,0.9251712059032772,59,1530.0
gebco_monterey_canyon_complex,GEBCO Monterey Canyon,Full Geometry-Aware Hybrid GA,strong_noise,121,99.11111111111111,2.824358468078896,1,90.0,-0.14904348622228247,1.0196949690670445,59,1530.0
gebco_monterey_canyon_complex,GEBCO Monterey Canyon,Full Geometry-Aware Hybrid GA,strong_noise,122,97.80555555555556,1.8784090806330382,1,90.0,-0.47530378972235143,0.9569151756492265,59,1530.0
gebco_monterey_canyon_complex,GEBCO Monterey Canyon,Full Geometry-Aware Hybrid GA,strong_noise,123,96.83333333333334,1.386196769667203,0,90.0,0.3385704065679211,0.9356606530844574,59,1530.0
gebco_monterey_canyon_complex,GEBCO Monterey Canyon,Full Geometry-Aware Hybrid GA,strong_noise,124,97.67777777777778,2.905041390446234,1,90.0,0.7071297234144038,1.0001210939082754,59,1530.0
gebco_monterey_canyon_complex,GEBCO Monterey Canyon,Full Geometry-Aware Hybrid GA,strong_noise,125,99.19444444444444,2.4340095566266524,1,90.0,-0.40563337170205643,1.0430565209976514,59,1530.0
gebco_monterey_canyon_complex,GEBCO Monterey Canyon,Full Geometry-Aware Hybrid GA,strong_noise,126,97.16111111111111,2.6151628969869094,1,90.0,2.3799304334435707,1.0426963594368879,59,1530.0
gebco_monterey_canyon_complex,GEBCO Monterey Canyon,Full Geometry-Aware Hybrid GA,strong_noise,127,97.75555555555555,1.6207722660779809,1,90.0,0.02982084321475955,0.9579916688481389,59,1530.0
gebco_monterey_canyon_complex,GEBCO Monterey Canyon,Full Geometry-Aware Hybrid GA,strong_noise,128,97.12777777777778,1.60068400524213,1,90.0,1.5119002908579149,0.9711312091319735,59,1530.0
gebco_monterey_canyon_complex,GEBCO Monterey Canyon,Full Geometry-Aware Hybrid GA,strong_noise,129,99.04444444444445,2.9836523795530816,1,90.0,0.050833548659808235,1.0411807755292604,59,1530.0
gebco_monterey_canyon_complex,GEBCO Monterey Canyon,Full Geometry-Aware Hybrid GA,strong_noise,130,97.63333333333334,1.894570560058074,1,90.0,0.33426701603694764,0.9937908176618876,59,1530.0
gebco_monterey_canyon_complex,GEBCO Monterey Canyon,Full Geometry-Aware Hybrid GA,strong_noise,131,99.15,5.705794785918085,0,90.0,-0.6770634088884798,1.1085060818903474,59,1530.0
gebco_monterey_canyon_complex,GEBCO Monterey Canyon,Full Geometry-Aware Hybrid GA,strong_noise,132,93.67777777777778,0.4729404935413107,0,90.0,-1.181285225115479,0.8794915331748003,59,1530.0
gebco_monterey_canyon_complex,GEBCO Monterey Canyon,Full Geometry-Aware Hybrid GA,strong_noise,133,90.71666666666667,0.8485773357420046,0,90.0,-0.1592914520309408,0.8646265222584429,59,1530.0
gebco_monterey_canyon_complex,GEBCO Monterey Canyon,Full Geometry-Aware Hybrid GA,strong_noise,134,97.66666666666667,3.973943833836255,0,90.0,-1.6189168665252263,1.1112004931555726,59,1530.0
gebco_monterey_canyon_complex,GEBCO Monterey Canyon,Full Geometry-Aware Hybrid GA,strong_noise,135,98.36111111111111,2.5087845279254872,1,90.0,0.3562321120063126,1.0047383977626616,59,1530.0
gebco_monterey_canyon_complex,GEBCO Monterey Canyon,Full Geometry-Aware Hybrid GA,strong_noise,136,96.75555555555555,3.355859827553277,0,90.0,-1.0059264329356956,0.9900059692195239,59,1530.0
gebco_monterey_canyon_complex,GEBCO Monterey Canyon,Full Geometry-Aware Hybrid GA,strong_noise,137,99.26666666666667,2.914580381309971,1,90.0,-0.09862632192658001,1.0362177598292348,59,1530.0
gebco_monterey_canyon_complex,GEBCO Monterey Canyon,Full Geometry-Aware Hybrid GA,strong_noise,138,98.14444444444445,4.221424062594208,0,90.0,0.8050070278831647,1.0351741869905406,59,1530.0
gebco_monterey_canyon_complex,GEBCO Monterey Canyon,Full Geometry-Aware Hybrid GA,strong_noise,139,97.46111111111111,1.2747981195368192,1,90.0,-0.5907065833020926,0.9624991256414375,59,1530.0
gebco_monterey_canyon_complex,GEBCO Monterey Canyon,Full Geometry-Aware Hybrid GA,strong_noise,140,95.26666666666667,2.1316318377811463,0,90.0,-1.9566688370876677,0.9584779574061375,59,1530.0
gebco_monterey_canyon_complex,GEBCO Monterey Canyon,Full Geometry-Aware Hybrid GA,strong_noise,141,98.47777777777777,2.302562991366808,1,90.0,-0.4295075908287923,0.996608385249794,59,1530.0
gebco_monterey_canyon_complex,GEBCO Monterey Canyon,Full Geometry-Aware Hybrid GA,strong_noise,142,95.7,2.6312736995455004,0,90.0,2.2680821804081712,0.9949561494346042,59,1530.0
gebco_monterey_canyon_complex,GEBCO Monterey Canyon,Full Geometry-Aware Hybrid GA,strong_noise,143,97.02777777777779,1.1095544342157702,1,90.0,-0.4416825931877394,0.9225785686203515,59,1530.0
gebco_monterey_canyon_complex,GEBCO Monterey Canyon,Full Geometry-Aware Hybrid GA,strong_noise,144,96.16666666666667,1.5248520415977493,0,90.0,1.0117461924647888,0.9551196338032858,59,1530.0
gebco_monterey_canyon_complex,GEBCO Monterey Canyon,Full Geometry-Aware Hybrid GA,strong_noise,145,95.93888888888888,2.2853363369490802,0,90.0,0.4731704501301513,0.9436507292195483,59,1530.0
gebco_monterey_canyon_complex,GEBCO Monterey Canyon,Full Geometry-Aware Hybrid GA,strong_noise,146,94.67777777777778,0.4269006513660422,0,90.0,-0.29540796734832314,0.8826874707574641,59,1530.0
gebco_monterey_canyon_complex,GEBCO Monterey Canyon,Full Geometry-Aware Hybrid GA,strong_noise,147,98.05,2.8461787878740354,1,90.0,0.4444509638267273,1.0091097833395775,59,1530.0
gebco_monterey_canyon_complex,GEBCO Monterey Canyon,Full Geometry-Aware Hybrid GA,strong_noise,148,95.63333333333334,2.1060327160436665,0,90.0,1.3044619447803762,0.9704431090798221,59,1530.0
gebco_monterey_canyon_complex,GEBCO Monterey Canyon,Full Geometry-Aware Hybrid GA,strong_noise,149,95.70555555555555,0.3358963392154427,0,90.0,1.5330191193104352,0.9193431339471244,59,1530.0
gebco_monterey_canyon_complex,GEBCO Monterey Canyon,Full Geometry-Aware Hybrid GA,strong_noise,150,97.12222222222222,2.649978107026232,1,90.0,-0.14094278074464237,1.0037133904035214,59,1530.0
gebco_monterey_canyon_complex,GEBCO Monterey Canyon,Full Geometry-Aware Hybrid GA,strong_noise,151,96.41111111111111,2.727544965096181,0,90.0,-2.5166623320268378,1.0217948192662856,59,1530.0
gebco_monterey_canyon_complex,GEBCO Monterey Canyon,Full Geometry-Aware Hybrid GA,strong_noise,152,96.71666666666667,2.594686147755211,0,90.0,-1.856979377691088,1.0034438410405817,59,1530.0
gebco_monterey_canyon_complex,GEBCO Monterey Canyon,Full Geometry-Aware Hybrid GA,strong_noise,153,98.83333333333333,3.3678598469282384,0,90.0,0.749777617367168,1.0516569155266946,59,1530.0
gebco_monterey_canyon_complex,GEBCO Monterey Canyon,Full Geometry-Aware Hybrid GA,strong_noise,154,99.36111111111111,1.6685025970560206,1,90.0,-0.05993717778810373,0.9772979573802044,59,1530.0
gebco_monterey_canyon_complex,GEBCO Monterey Canyon,Full Geometry-Aware Hybrid GA,strong_noise,155,99.27777777777777,1.9101596981791482,1,90.0,-0.5074752585793963,0.9752813871613429,59,1530.0
gebco_monterey_canyon_complex,GEBCO Monterey Canyon,Full Geometry-Aware Hybrid GA,strong_noise,156,93.00555555555555,0.955510457252823,0,90.0,0.23038037648541768,0.8848353314471904,59,1530.0
gebco_monterey_canyon_complex,GEBCO Monterey Canyon,Full Geometry-Aware Hybrid GA,strong_noise,157,94.19444444444444,1.1738742156653896,0,90.0,1.0059695185735296,0.9135591325615331,59,1530.0
gebco_monterey_canyon_complex,GEBCO Monterey Canyon,Full Geometry-Aware Hybrid GA,strong_noise,158,99.7,3.7207656854945372,0,90.0,0.062105279881190925,1.079148897328957,59,1530.0
gebco_monterey_canyon_complex,GEBCO Monterey Canyon,Full Geometry-Aware Hybrid GA,strong_noise,159,97.49444444444444,1.7738166454953546,1,90.0,0.8143310100444158,0.9779054218219172,59,1530.0
gebco_monterey_canyon_complex,GEBCO Monterey Canyon,Full Geometry-Aware Hybrid GA,strong_noise,160,98.47222222222223,3.965602618219193,0,90.0,-0.7165684240422527,1.0485629102170781,59,1530.0
gebco_monterey_canyon_complex,GEBCO Monterey Canyon,Full Geometry-Aware Hybrid GA,strong_noise,161,99.13888888888889,5.6399155741535685,0,90.0,0.4997147934311568,1.0816295809428653,59,1530.0
gebco_monterey_canyon_complex,GEBCO Monterey Canyon,Full Geometry-Aware Hybrid GA,strong_noise,162,97.86666666666667,2.8268924367367934,1,90.0,0.2906325275473583,1.0022973780938098,59,1530.0
gebco_monterey_canyon_complex,GEBCO Monterey Canyon,Full Geometry-Aware Hybrid GA,strong_noise,163,98.76666666666667,1.0401608375177362,1,90.0,-0.052023729425256536,0.9916455567897922,59,1530.0
gebco_monterey_canyon_complex,GEBCO Monterey Canyon,Full Geometry-Aware Hybrid GA,strong_noise,164,98.66111111111111,3.6273378621887615,0,90.0,0.463894456571059,1.0537776151886735,59,1530.0
gebco_monterey_canyon_complex,GEBCO Monterey Canyon,Full Geometry-Aware Hybrid GA,strong_noise,165,95.0,0.6391509838425508,0,90.0,0.24191274901696977,0.8753629816462409,59,1530.0
gebco_monterey_canyon_complex,GEBCO Monterey Canyon,Full Geometry-Aware Hybrid GA,strong_noise,166,96.89444444444445,5.191498079637695,0,90.0,1.878508293719824,1.0896942907788423,59,1530.0
gebco_monterey_canyon_complex,GEBCO Monterey Canyon,Full Geometry-Aware Hybrid GA,strong_noise,167,98.34444444444445,3.845113238233545,0,90.0,0.5002409303610471,1.0448969264604253,59,1530.0
gebco_monterey_canyon_complex,GEBCO Monterey Canyon,Full Geometry-Aware Hybrid GA,strong_noise,168,97.48333333333333,2.3035030299106114,1,90.0,1.1402603557067261,0.9901354815629427,59,1530.0
gebco_monterey_canyon_complex,GEBCO Monterey Canyon,Full Geometry-Aware Hybrid GA,strong_noise,169,98.27222222222223,3.7794887188716846,0,90.0,-0.0959239682120759,1.0332150582170985,59,1530.0
gebco_monterey_canyon_complex,GEBCO Monterey Canyon,Full Geometry-Aware Hybrid GA,strong_noise,170,99.41666666666666,5.61488486622654,0,90.0,-0.49294033783253566,1.107524875141479,59,1530.0
gebco_monterey_canyon_complex,GEBCO Monterey Canyon,Full Geometry-Aware Hybrid GA,strong_noise,171,97.46666666666667,2.3464369144412007,1,90.0,1.5326537576169872,1.0514255885591617,59,1530.0
gebco_monterey_canyon_complex,GEBCO Monterey Canyon,Full Geometry-Aware Hybrid GA,strong_noise,172,98.35000000000001,1.3930610193585653,1,90.0,-0.3286821526889871,0.9671650096106617,59,1530.0
gebco_monterey_canyon_complex,GEBCO Monterey Canyon,Full Geometry-Aware Hybrid GA,strong_noise,173,97.32777777777778,1.2709974309270349,1,90.0,1.1693969495209053,0.9855178468195824,59,1530.0
gebco_monterey_canyon_complex,GEBCO Monterey Canyon,Full Geometry-Aware Hybrid GA,strong_noise,174,92.58333333333333,0.36385344147613613,0,90.0,-1.35504487925698,0.8636516694816899,59,1530.0
gebco_monterey_canyon_complex,GEBCO Monterey Canyon,Full Geometry-Aware Hybrid GA,strong_noise,175,96.71111111111111,2.483387035827924,0,90.0,-1.6355634500601548,0.9982323076587055,59,1530.0
gebco_monterey_canyon_complex,GEBCO Monterey Canyon,Full Geometry-Aware Hybrid GA,strong_noise,176,97.32222222222222,1.8723332561257702,1,90.0,-1.146231883367562,0.9893105579035757,59,1530.0
gebco_monterey_canyon_complex,GEBCO Monterey Canyon,Full Geometry-Aware Hybrid GA,strong_noise,177,98.12222222222222,3.631304593251446,0,90.0,0.7705589954892255,1.0319490835447007,59,1530.0
gebco_monterey_canyon_complex,GEBCO Monterey Canyon,Full Geometry-Aware Hybrid GA,strong_noise,178,98.36111111111111,2.288786897612084,1,90.0,-0.8983530714420129,1.0095678835181066,59,1530.0
gebco_monterey_canyon_complex,GEBCO Monterey Canyon,Full Geometry-Aware Hybrid GA,strong_noise,179,97.32777777777778,1.8731801503411147,1,90.0,2.074444485888672,1.0061762401948726,59,1530.0
gebco_monterey_canyon_complex,GEBCO Monterey Canyon,Full Geometry-Aware Hybrid GA,strong_noise,180,95.5611111111111,2.6413541566817584,0,90.0,-0.8210871876665252,0.9655485004620874,59,1530.0
gebco_monterey_canyon_complex,GEBCO Monterey Canyon,Full Geometry-Aware Hybrid GA,strong_noise,181,96.02777777777777,1.3945572750978397,0,90.0,0.36382127028169287,0.9447096061724487,59,1530.0
gebco_monterey_canyon_complex,GEBCO Monterey Canyon,Full Geometry-Aware Hybrid GA,strong_noise,182,97.2,1.9838318198408618,1,90.0,1.0991775286933565,0.9915565187950309,59,1530.0
gebco_monterey_canyon_complex,GEBCO Monterey Canyon,Full Geometry-Aware Hybrid GA,strong_noise,183,98.37777777777778,4.928654324244089,0,90.0,1.1392003515608584,1.0984828543895766,59,1530.0
gebco_monterey_canyon_complex,GEBCO Monterey Canyon,Full Geometry-Aware Hybrid GA,strong_noise,184,98.1,1.485424668208766,1,90.0,-0.6095141110849607,0.971987849956529,59,1530.0
gebco_monterey_canyon_complex,GEBCO Monterey Canyon,Full Geometry-Aware Hybrid GA,strong_noise,185,96.76666666666667,2.1500504504183273,0,90.0,0.9831089854015918,0.9827407239096632,59,1530.0
gebco_monterey_canyon_complex,GEBCO Monterey Canyon,Full Geometry-Aware Hybrid GA,strong_noise,186,92.13333333333334,0.8740803914412777,0,90.0,2.208577490134885,0.9008477589805935,59,1530.0
gebco_monterey_canyon_complex,GEBCO Monterey Canyon,Full Geometry-Aware Hybrid GA,strong_noise,187,97.02222222222223,0.8485081850700236,1,90.0,-0.25003770186262275,0.93698630174292,59,1530.0
gebco_monterey_canyon_complex,GEBCO Monterey Canyon,Full Geometry-Aware Hybrid GA,strong_noise,188,94.27222222222223,0.8864131357074774,0,90.0,-0.6800435858335857,0.8964949294172978,59,1530.0
gebco_monterey_canyon_complex,GEBCO Monterey Canyon,Full Geometry-Aware Hybrid GA,strong_noise,189,95.24444444444444,1.318160214373612,0,90.0,0.17916216719904648,0.910658565183352,59,1530.0
gebco_monterey_canyon_complex,GEBCO Monterey Canyon,Full Geometry-Aware Hybrid GA,strong_noise,190,99.52222222222223,2.5961036156080346,1,90.0,-0.36181418015549893,1.0468094426381158,59,1530.0
gebco_monterey_canyon_complex,GEBCO Monterey Canyon,Full Geometry-Aware Hybrid GA,strong_noise,191,95.88888888888889,1.0116801178714732,0,90.0,-0.6125250523681469,0.9079242211384849,59,1530.0
gebco_monterey_canyon_complex,GEBCO Monterey Canyon,Full Geometry-Aware Hybrid GA,strong_noise,192,94.36666666666666,0.8958281846025105,0,90.0,0.45814453791249776,0.8879795671675367,59,1530.0
gebco_monterey_canyon_complex,GEBCO Monterey Canyon,Full Geometry-Aware Hybrid GA,strong_noise,193,98.10555555555555,2.992608020623344,1,90.0,0.991647869811241,1.0417764727960708,59,1530.0
gebco_monterey_canyon_complex,GEBCO Monterey Canyon,Full Geometry-Aware Hybrid GA,strong_noise,194,97.59444444444443,3.7518359578896447,0,90.0,-1.3338823251470862,1.0733080325803754,59,1530.0
gebco_monterey_canyon_complex,GEBCO Monterey Canyon,Full Geometry-Aware Hybrid GA,strong_noise,195,96.7611111111111,2.505355614717407,0,90.0,1.0195945692745876,0.9884005581063239,59,1530.0
gebco_monterey_canyon_complex,GEBCO Monterey Canyon,Full Geometry-Aware Hybrid GA,strong_noise,196,98.15555555555555,5.37582134580348,0,90.0,0.6076829764956752,1.0700595734672655,59,1530.0
gebco_monterey_canyon_complex,GEBCO Monterey Canyon,Full Geometry-Aware Hybrid GA,strong_noise,197,96.95555555555555,2.866991106783009,0,90.0,-1.2277456723851168,0.9787350085811819,59,1530.0
gebco_monterey_canyon_complex,GEBCO Monterey Canyon,Full Geometry-Aware Hybrid GA,strong_noise,198,99.20555555555556,3.2939229966276797,0,90.0,-0.04395425484604144,1.0251342171579136,59,1530.0
gebco_monterey_canyon_complex,GEBCO Monterey Canyon,Full Geometry-Aware Hybrid GA,strong_noise,199,98.88888888888889,3.785956146149935,0,90.0,-0.019539674400603644,1.0522956784505668,59,1530.0
gebco_monterey_canyon_complex,GEBCO Monterey Canyon,Full Geometry-Aware Hybrid GA,strong_noise,200,95.31666666666668,0.872152683881549,0,90.0,-0.7992185168470586,0.9101624129424023,59,1530.0
gebco_monterey_canyon_complex,GEBCO Monterey Canyon,Full Geometry-Aware Hybrid GA,strong_noise,201,97.08333333333333,1.669605734976399,1,90.0,0.4799690660215477,0.9589606251493513,59,1530.0
gebco_monterey_canyon_complex,GEBCO Monterey Canyon,Full Geometry-Aware Hybrid GA,strong_noise,202,98.39444444444445,2.0409807556542123,1,90.0,-0.7043460593074546,0.9954326016459449,59,1530.0
gebco_monterey_canyon_complex,GEBCO Monterey Canyon,Full Geometry-Aware Hybrid GA,strong_noise,203,99.16666666666667,3.337486622323736,0,90.0,-0.1732274050773899,1.058503504682908,59,1530.0
gebco_monterey_canyon_complex,GEBCO Monterey Canyon,Full Geometry-Aware Hybrid GA,strong_noise,204,96.62777777777778,1.774113366965851,0,90.0,-1.512493030679337,0.9886637245858849,59,1530.0
gebco_monterey_canyon_complex,GEBCO Monterey Canyon,Full Geometry-Aware Hybrid GA,strong_noise,205,98.50555555555556,2.118387110457006,1,90.0,-0.39834189112377244,1.0012790043131754,59,1530.0
gebco_monterey_canyon_complex,GEBCO Monterey Canyon,Full Geometry-Aware Hybrid GA,strong_noise,206,97.37222222222222,3.6803622213700584,0,90.0,0.34646061582408466,0.9935073948551874,59,1530.0
gebco_monterey_canyon_complex,GEBCO Monterey Canyon,Full Geometry-Aware Hybrid GA,strong_noise,207,97.91111111111111,1.576667678887028,1,90.0,0.8279516716004085,0.9899533455001838,59,1530.0
gebco_monterey_canyon_complex,GEBCO Monterey Canyon,Full Geometry-Aware Hybrid GA,strong_noise,208,96.71666666666667,5.128318840804944,0,90.0,-0.5650207139939423,0.9972354624102049,59,1530.0
gebco_monterey_canyon_complex,GEBCO Monterey Canyon,Full Geometry-Aware Hybrid GA,strong_noise,209,96.08888888888889,1.5822449894938417,0,90.0,1.4544048928529962,0.947572476986408,59,1530.0
gebco_monterey_canyon_complex,GEBCO Monterey Canyon,Full Geometry-Aware Hybrid GA,strong_noise,210,99.55000000000001,3.5140789839796347,0,90.0,0.1313018781895165,1.0340917964089809,59,1530.0
gebco_monterey_canyon_complex,GEBCO Monterey Canyon,Full Geometry-Aware Hybrid GA,strong_noise,211,98.72222222222223,3.0038108590525794,0,90.0,0.0804274959310776,1.0297709552246328,59,1530.0
gebco_monterey_canyon_complex,GEBCO Monterey Canyon,Full Geometry-Aware Hybrid GA,strong_noise,212,95.90555555555555,2.716217768089792,0,90.0,3.026652964912912,1.0079544632084778,59,1530.0
gebco_monterey_canyon_complex,GEBCO Monterey Canyon,Full Geometry-Aware Hybrid GA,strong_noise,213,97.98333333333333,1.6424553718389014,1,90.0,-1.1481823181094108,0.9959710260815003,59,1530.0
gebco_monterey_canyon_complex,GEBCO Monterey Canyon,Full Geometry-Aware Hybrid GA,strong_noise,214,97.31111111111112,2.0341437058659655,1,90.0,0.17334553491099805,0.9716637492985196,59,1530.0
gebco_monterey_canyon_complex,GEBCO Monterey Canyon,Full Geometry-Aware Hybrid GA,strong_noise,215,98.92222222222222,3.197117265102516,0,90.0,-0.35643580841223726,1.0132702785732202,59,1530.0
gebco_monterey_canyon_complex,GEBCO Monterey Canyon,Full Geometry-Aware Hybrid GA,strong_noise,216,95.35555555555555,2.4450563988308014,0,90.0,1.8899448404830992,0.958771420182075,59,1530.0
gebco_monterey_canyon_complex,GEBCO Monterey Canyon,Full Geometry-Aware Hybrid GA,strong_noise,217,98.05555555555556,3.2764480369964946,0,90.0,-0.30157380977008086,1.005769487850782,59,1530.0
gebco_monterey_canyon_complex,GEBCO Monterey Canyon,Full Geometry-Aware Hybrid GA,strong_noise,218,96.73333333333333,2.2968608444702943,0,90.0,1.5606015190146565,0.9841377516896161,59,1530.0
gebco_monterey_canyon_complex,GEBCO Monterey Canyon,Full Geometry-Aware Hybrid GA,strong_noise,219,99.12777777777778,3.5924437201392676,0,90.0,-0.37668938576190264,1.068684022696406,59,1530.0
gebco_monterey_canyon_complex,GEBCO Monterey Canyon,Full Geometry-Aware Hybrid GA,strong_noise,220,96.59444444444445,2.28312971316539,0,90.0,-0.16243321503794192,0.97392395445953,59,1530.0
gebco_monterey_canyon_complex,GEBCO Monterey Canyon,Full Geometry-Aware Hybrid GA,strong_noise,221,98.62777777777778,3.6171270262334243,0,90.0,-0.349225085642918,1.0364013371002185,59,1530.0
gebco_monterey_canyon_complex,GEBCO Monterey Canyon,Full Geometry-Aware Hybrid GA,strong_noise,222,94.65,0.5148110231842081,0,90.0,0.7855003650222209,0.9074041187933355,59,1530.0
gebco_monterey_canyon_complex,GEBCO Monterey Canyon,Full Geometry-Aware Hybrid GA,strong_noise,223,98.09444444444443,3.6173546023377607,0,90.0,-0.9235447340200009,1.0298308131966392,59,1530.0
gebco_monterey_canyon_complex,GEBCO Monterey Canyon,Full Geometry-Aware Hybrid GA,strong_noise,224,98.65,2.0758017787903795,1,90.0,0.19893007053511846,0.9972049652193158,59,1530.0
gebco_monterey_canyon_complex,GEBCO Monterey Canyon,Full Geometry-Aware Hybrid GA,strong_noise,225,96.96666666666667,1.6286503188287436,0,90.0,1.374551289280486,0.9745895642646399,59,1530.0
gebco_monterey_canyon_complex,GEBCO Monterey Canyon,Full Geometry-Aware Hybrid GA,strong_noise,226,97.42777777777778,1.609510142845577,1,90.0,-0.20978948658287164,0.9472254993187263,59,1530.0
gebco_monterey_canyon_complex,GEBCO Monterey Canyon,Full Geometry-Aware Hybrid GA,strong_noise,227,99.82777777777778,4.499230577461921,0,90.0,-0.04114124806165969,1.0718908984654654,59,1530.0
gebco_monterey_canyon_complex,GEBCO Monterey Canyon,Full Geometry-Aware Hybrid GA,strong_noise,228,96.76666666666667,1.1436018716935252,0,90.0,-0.14193062743680546,0.928847680612986,59,1530.0
gebco_monterey_canyon_complex,GEBCO Monterey Canyon,Full Geometry-Aware Hybrid GA,strong_noise,229,97.88333333333334,1.9304332163720324,1,90.0,0.451628249755667,0.9745146614761536,59,1530.0
gebco_monterey_canyon_complex,GEBCO Monterey Canyon,Full Geometry-Aware Hybrid GA,strong_noise,230,99.17222222222222,2.5855771642137504,1,90.0,0.07166960719204224,1.0240665642157094,59,1530.0
gebco_monterey_canyon_complex,GEBCO Monterey Canyon,Full Geometry-Aware Hybrid GA,strong_noise,231,97.89444444444445,5.315603316441582,0,90.0,1.0299588997485087,1.0760207016519152,59,1530.0
gebco_monterey_canyon_complex,GEBCO Monterey Canyon,Full Geometry-Aware Hybrid GA,strong_noise,232,97.96666666666667,4.138246314122873,0,90.0,-0.958856055289105,1.0544750676944747,59,1530.0
gebco_monterey_canyon_complex,GEBCO Monterey Canyon,Full Geometry-Aware Hybrid GA,strong_noise,233,97.51666666666667,4.738354351652538,0,90.0,1.4325670503712502,1.0806309486890928,59,1530.0
gebco_monterey_canyon_complex,GEBCO Monterey Canyon,Full Geometry-Aware Hybrid GA,strong_noise,234,97.88888888888889,3.4450760191860414,0,90.0,0.4806095859330864,1.0116628765322409,59,1530.0
gebco_monterey_canyon_complex,GEBCO Monterey Canyon,Full Geometry-Aware Hybrid GA,strong_noise,235,96.86111111111111,0.9400130004466668,0,90.0,0.8975121011261428,0.9413338961751534,59,1530.0
gebco_monterey_canyon_complex,GEBCO Monterey Canyon,Full Geometry-Aware Hybrid GA,strong_noise,236,98.51666666666667,2.346302670343302,1,90.0,0.36192978417375593,0.989087495861092,59,1530.0
gebco_monterey_canyon_complex,GEBCO Monterey Canyon,Full Geometry-Aware Hybrid GA,strong_noise,237,99.43333333333332,3.5936132608947826,0,90.0,-0.16226287436194053,1.0363724108754526,59,1530.0
gebco_monterey_canyon_complex,GEBCO Monterey Canyon,Full Geometry-Aware Hybrid GA,strong_noise,238,97.62777777777778,1.722015345207477,1,90.0,-0.9094039245234631,0.9911048322380372,59,1530.0
gebco_monterey_canyon_complex,GEBCO Monterey Canyon,Full Geometry-Aware Hybrid GA,strong_noise,239,98.72222222222223,3.2274055232367824,0,90.0,-0.13827607380199902,1.01405997729965,59,1530.0
gebco_monterey_canyon_complex,GEBCO Monterey Canyon,Full Geometry-Aware Hybrid GA,strong_noise,240,98.93888888888888,2.070981858447782,1,90.0,-0.6951909400110038,1.0014863396565536,59,1530.0
gebco_monterey_canyon_complex,GEBCO Monterey Canyon,Full Geometry-Aware Hybrid GA,strong_noise,241,97.48333333333333,4.018177565080657,0,90.0,-1.0738341251417671,1.0172013304826868,59,1530.0
gebco_monterey_canyon_complex,GEBCO Monterey Canyon,Full Geometry-Aware Hybrid GA,strong_noise,242,96.65555555555555,0.587651855207461,0,90.0,-0.41977999422666573,0.910598848145755,59,1530.0
gebco_monterey_canyon_complex,GEBCO Monterey Canyon,Full Geometry-Aware Hybrid GA,strong_noise,243,98.35000000000001,2.737958189963461,1,90.0,0.8917064007307598,1.0211590200884701,59,1530.0
gebco_monterey_canyon_complex,GEBCO Monterey Canyon,Full Geometry-Aware Hybrid GA,strong_noise,244,96.78333333333333,1.7361780533822957,0,90.0,-0.8520312817156553,0.9440430098531093,59,1530.0
gebco_monterey_canyon_complex,GEBCO Monterey Canyon,Full Geometry-Aware Hybrid GA,strong_noise,245,96.9888888888889,2.2447060914928665,0,90.0,0.20219999879456385,0.9670079642164564,59,1530.0
gebco_monterey_canyon_complex,GEBCO Monterey Canyon,Full Geometry-Aware Hybrid GA,strong_noise,246,98.71666666666667,3.5751276737062327,0,90.0,-0.8507655962097932,1.0591332793248245,59,1530.0
gebco_monterey_canyon_complex,GEBCO Monterey Canyon,Full Geometry-Aware Hybrid GA,strong_noise,247,98.6888888888889,6.9761338123660925,0,90.0,-0.5844511198429708,1.1590196183421926,59,1530.0
gebco_monterey_canyon_complex,GEBCO Monterey Canyon,Full Geometry-Aware Hybrid GA,strong_noise,248,96.7,0.9697877162832435,0,90.0,0.6509720608449734,0.9513764141036718,59,1530.0
gebco_monterey_canyon_complex,GEBCO Monterey Canyon,Full Geometry-Aware Hybrid GA,strong_noise,249,98.1888888888889,2.683267518342902,1,90.0,-0.10665999994812463,0.9841998149966625,59,1530.0
gebco_monterey_canyon_complex,GEBCO Monterey Canyon,Full Geometry-Aware Hybrid GA,strong_noise,250,96.2611111111111,1.9052634585038084,0,90.0,0.029672567100139102,0.9310826260092347,59,1530.0
gebco_monterey_canyon_complex,GEBCO Monterey Canyon,Full Geometry-Aware Hybrid GA,strong_noise,251,96.57777777777777,0.5603003267854326,0,90.0,-0.8606929954651055,0.9581221064874118,59,1530.0
gebco_monterey_canyon_complex,GEBCO Monterey Canyon,Full Geometry-Aware Hybrid GA,strong_noise,252,99.6111111111111,4.416919759297512,0,90.0,0.42043456854986233,1.105321884631062,59,1530.0
gebco_monterey_canyon_complex,GEBCO Monterey Canyon,Full Geometry-Aware Hybrid GA,strong_noise,253,97.87222222222223,2.3980390042510695,1,90.0,0.8533047540389117,0.9935764791727194,59,1530.0
gebco_monterey_canyon_complex,GEBCO Monterey Canyon,Full Geometry-Aware Hybrid GA,strong_noise,254,94.7611111111111,2.0922715205857694,0,90.0,-1.1584453935528416,0.9389603671285429,59,1530.0
gebco_monterey_canyon_complex,GEBCO Monterey Canyon,Full Geometry-Aware Hybrid GA,strong_noise,255,98.58888888888889,3.5086233361790398,0,90.0,-1.1293598847327062,1.0595103892552449,59,1530.0
gebco_monterey_canyon_complex,GEBCO Monterey Canyon,Full Geometry-Aware Hybrid GA,strong_noise,256,95.88888888888889,0.9306723932940414,0,90.0,0.6505201560736568,0.9159322959326712,59,1530.0
gebco_monterey_canyon_complex,GEBCO Monterey Canyon,Full Geometry-Aware Hybrid GA,strong_noise,257,99.70555555555556,3.340302299961716,0,90.0,0.09909367545539549,1.0380096696972332,59,1530.0
gebco_monterey_canyon_complex,GEBCO Monterey Canyon,Full Geometry-Aware Hybrid GA,strong_noise,258,98.38888888888889,5.515532488964373,0,90.0,0.713034777990772,1.1228579846273672,59,1530.0
gebco_monterey_canyon_complex,GEBCO Monterey Canyon,Full Geometry-Aware Hybrid GA,strong_noise,259,99.27222222222221,2.900504426485876,1,90.0,0.11201018300560618,1.020572166664914,59,1530.0
gebco_monterey_canyon_complex,GEBCO Monterey Canyon,Full Geometry-Aware Hybrid GA,strong_noise,260,98.97222222222221,3.4034714210723593,0,90.0,0.505656929253779,1.0974507379201421,59,1530.0
gebco_monterey_canyon_complex,GEBCO Monterey Canyon,Full Geometry-Aware Hybrid GA,strong_noise,261,96.69444444444444,1.6716425244291935,0,90.0,1.1787424891896565,0.965974629622172,59,1530.0
gebco_monterey_canyon_complex,GEBCO Monterey Canyon,Full Geometry-Aware Hybrid GA,strong_noise,262,95.62222222222222,0.6665215417330388,0,90.0,0.8661914963081702,0.9111868794475652,59,1530.0
gebco_monterey_canyon_complex,GEBCO Monterey Canyon,Full Geometry-Aware Hybrid GA,strong_noise,263,97.1,2.9264834527089216,1,90.0,1.0058699375876863,0.9906695126113836,59,1530.0
gebco_monterey_canyon_complex,GEBCO Monterey Canyon,Full Geometry-Aware Hybrid GA,strong_noise,264,99.40555555555555,4.147468510390655,0,90.0,-0.24985049850091584,1.0470197291106567,59,1530.0
gebco_monterey_canyon_complex,GEBCO Monterey Canyon,Full Geometry-Aware Hybrid GA,strong_noise,265,98.26666666666667,6.236289647770453,0,90.0,-0.609806025901733,1.0652089170345682,59,1530.0
gebco_monterey_canyon_complex,GEBCO Monterey Canyon,Full Geometry-Aware Hybrid GA,strong_noise,266,98.46666666666667,2.969114286615739,1,90.0,-0.20793361269026533,1.0132063315637305,59,1530.0
gebco_monterey_canyon_complex,GEBCO Monterey Canyon,Full Geometry-Aware Hybrid GA,strong_noise,267,98.58888888888889,3.279206328619062,0,90.0,-0.6376256463792694,1.0480159460874852,59,1530.0
gebco_monterey_canyon_complex,GEBCO Monterey Canyon,Full Geometry-Aware Hybrid GA,strong_noise,268,95.69444444444444,1.1579066667555333,0,90.0,-2.3798843700104775,0.9517691836005872,59,1530.0
gebco_monterey_canyon_complex,GEBCO Monterey Canyon,Full Geometry-Aware Hybrid GA,strong_noise,269,94.38333333333333,0.27701680313787075,0,90.0,0.1180954490019893,0.8966904891842751,59,1530.0
gebco_monterey_canyon_complex,GEBCO Monterey Canyon,Full Geometry-Aware Hybrid GA,strong_noise,270,93.7,1.0041450382483235,0,90.0,-2.9788685013995386,0.9023073299922881,59,1530.0
gebco_monterey_canyon_complex,GEBCO Monterey Canyon,Full Geometry-Aware Hybrid GA,strong_noise,271,98.2,3.064953746876348,0,90.0,-0.985695246726738,1.069672387287156,59,1530.0
gebco_monterey_canyon_complex,GEBCO Monterey Canyon,Full Geometry-Aware Hybrid GA,strong_noise,272,98.35555555555555,4.100029854274303,0,90.0,0.5476600693715676,1.0439193289865965,59,1530.0
gebco_monterey_canyon_complex,GEBCO Monterey Canyon,Full Geometry-Aware Hybrid GA,strong_noise,273,95.89444444444445,2.5606420008101347,0,90.0,-2.12595714806746,0.9794947894302878,59,1530.0
gebco_monterey_canyon_complex,GEBCO Monterey Canyon,Full Geometry-Aware Hybrid GA,strong_noise,274,96.13333333333334,1.1182156601256816,0,90.0,0.7602619650637764,0.9397221101484595,59,1530.0
gebco_monterey_canyon_complex,GEBCO Monterey Canyon,Full Geometry-Aware Hybrid GA,strong_noise,275,97.63333333333334,1.4704027009576797,1,90.0,-0.9159746598801856,0.9610314100346109,59,1530.0
gebco_monterey_canyon_complex,GEBCO Monterey Canyon,Full Geometry-Aware Hybrid GA,strong_noise,276,98.63333333333333,4.512195680820039,0,90.0,1.040918558130843,1.0760540393111886,59,1530.0
gebco_monterey_canyon_complex,GEBCO Monterey Canyon,Full Geometry-Aware Hybrid GA,strong_noise,277,99.04444444444445,2.198354283931231,1,90.0,-0.0732121676504684,0.9890116244508493,59,1530.0
gebco_monterey_canyon_complex,GEBCO Monterey Canyon,Full Geometry-Aware Hybrid GA,strong_noise,278,97.09444444444445,2.8162952259562335,1,90.0,-0.2755049262889158,0.9988498390978279,59,1530.0
gebco_monterey_canyon_complex,GEBCO Monterey Canyon,Full Geometry-Aware Hybrid GA,strong_noise,279,97.90555555555555,3.2060237047864684,0,90.0,1.3097038121348965,1.031084366145847,59,1530.0
gebco_monterey_canyon_complex,GEBCO Monterey Canyon,Full Geometry-Aware Hybrid GA,strong_noise,280,97.64444444444445,0.9582558951782552,1,90.0,-0.8661687404861017,0.9513508300926401,59,1530.0
gebco_monterey_canyon_complex,GEBCO Monterey Canyon,Full Geometry-Aware Hybrid GA,strong_noise,281,95.11111111111111,1.2697226402398762,0,90.0,-2.120364749965001,0.9708279327902002,59,1530.0
gebco_monterey_canyon_complex,GEBCO Monterey Canyon,Full Geometry-Aware Hybrid GA,strong_noise,282,98.61666666666666,2.3024173900566596,1,90.0,-0.5833396493880028,1.005907387163954,59,1530.0
gebco_monterey_canyon_complex,GEBCO Monterey Canyon,Full Geometry-Aware Hybrid GA,strong_noise,283,97.57222222222222,1.6918850762959026,1,90.0,-1.1605658712115532,0.9723087851478835,59,1530.0
gebco_monterey_canyon_complex,GEBCO Monterey Canyon,Full Geometry-Aware Hybrid GA,strong_noise,284,97.89444444444445,1.74171548713201,1,90.0,-0.044184215423305084,0.9990230489881904,59,1530.0
gebco_monterey_canyon_complex,GEBCO Monterey Canyon,Full Geometry-Aware Hybrid GA,strong_noise,285,97.25,2.681975019889253,1,90.0,-1.0292987855629152,1.0043378257630702,59,1530.0
gebco_monterey_canyon_complex,GEBCO Monterey Canyon,Full Geometry-Aware Hybrid GA,strong_noise,286,99.55555555555556,5.088501079480256,0,90.0,0.32662458798098487,1.0908367365655764,59,1530.0
gebco_monterey_canyon_complex,GEBCO Monterey Canyon,Full Geometry-Aware Hybrid GA,strong_noise,287,97.27777777777777,2.96609153496601,1,90.0,-0.9069559134113984,1.0099014574641954,59,1530.0
gebco_monterey_canyon_complex,GEBCO Monterey Canyon,Full Geometry-Aware Hybrid GA,strong_noise,288,97.02222222222223,3.133654179351057,0,90.0,0.39679535026642926,0.9955061520287726,59,1530.0
gebco_monterey_canyon_complex,GEBCO Monterey Canyon,Full Geometry-Aware Hybrid GA,strong_noise,289,98.12222222222222,2.3322152990744582,1,90.0,0.7814752500699279,0.9986925392011362,59,1530.0
gebco_monterey_canyon_complex,GEBCO Monterey Canyon,Full Geometry-Aware Hybrid GA,strong_noise,290,99.12777777777778,5.4530034468802935,0,90.0,0.48056728136858445,1.120151337456905,59,1530.0
gebco_monterey_canyon_complex,GEBCO Monterey Canyon,Full Geometry-Aware Hybrid GA,strong_noise,291,98.83333333333333,4.157499491037515,0,90.0,0.29568015412094434,1.0532098647709727,59,1530.0
gebco_monterey_canyon_complex,GEBCO Monterey Canyon,Full Geometry-Aware Hybrid GA,strong_noise,292,98.28333333333333,2.9639531371291987,1,90.0,-1.0272857481450428,1.0264928633220098,59,1530.0
gebco_monterey_canyon_complex,GEBCO Monterey Canyon,Full Geometry-Aware Hybrid GA,strong_noise,293,96.87222222222222,2.017638208284443,0,90.0,1.3344335536693643,0.9957673054915,59,1530.0
gebco_monterey_canyon_complex,GEBCO Monterey Canyon,Full Geometry-Aware Hybrid GA,strong_noise,294,98.93888888888888,5.01357255894592,0,90.0,-0.07945792432317439,1.0611905875067802,59,1530.0
gebco_monterey_canyon_complex,GEBCO Monterey Canyon,Full Geometry-Aware Hybrid GA,strong_noise,295,97.88888888888889,1.563613470151174,1,90.0,0.3576487055692229,0.956770543694677,59,1530.0
gebco_monterey_canyon_complex,GEBCO Monterey Canyon,Full Geometry-Aware Hybrid GA,strong_noise,296,98.24444444444444,2.23562754005456,1,90.0,-1.0874488414730092,1.0003215549740485,59,1530.0
gebco_monterey_canyon_complex,GEBCO Monterey Canyon,Full Geometry-Aware Hybrid GA,strong_noise,297,95.4888888888889,0.7307803890535197,0,90.0,0.4551258885121604,0.8909201423267827,59,1530.0
gebco_monterey_canyon_complex,GEBCO Monterey Canyon,Full Geometry-Aware Hybrid GA,strong_noise,298,95.79444444444445,1.5209143134157674,0,90.0,0.22727041519622557,0.928722248531657,59,1530.0
gebco_monterey_canyon_complex,GEBCO Monterey Canyon,Full Geometry-Aware Hybrid GA,strong_noise,299,97.82777777777778,3.776577800823019,0,90.0,-1.0798114692533811,1.0329037000995158,59,1530.0
