evidence_block,scene_id,scene_name,scene_group,terrain_class,method,seed,n_segments,path_length_km,path_without_transition_km,boundary_transition_km,heading_turn_transition_km_at_base_radius,base_min_turn_radius_m,coverage_pct,excess_overlap_pct,line_count,feasible,radius_m,line_change_count,line_change_turn_arc_km,heading_turn_arc_km,total_turn_arc_km,vehicle_length_km,turn_arc_fraction_pct,mission_time_h,vehicle_length_gain_vs_fixed_pct,mission_time_gain_vs_fixed_pct
main_benchmark,synthetic_flat,Flat Seafloor,synthetic,flat,Fixed-Spacing,0,1,208.860307806,208.860307806,0.0,0.0,0.0,98.66666666666669,3.611543204114926,27,0,25.0,26,2.0420352248333655,0.0,2.0420352248333655,210.90234303083338,0.9682373346297177,39.43414412141976,0.0,0.0
main_benchmark,synthetic_flat,Flat Seafloor,synthetic,flat,Fixed-Spacing,0,1,208.860307806,208.860307806,0.0,0.0,0.0,98.66666666666669,3.611543204114926,27,0,50.0,26,4.084070449666731,0.0,4.084070449666731,212.94437825566675,1.9179047989533144,40.19045346395064,0.0,0.0
main_benchmark,synthetic_flat,Flat Seafloor,synthetic,flat,Fixed-Spacing,0,1,208.860307806,208.860307806,0.0,0.0,0.0,98.66666666666669,3.611543204114926,27,0,100.0,26,8.168140899333462,0.0,8.168140899333462,217.02844870533346,3.7636268185391724,41.70307214901239,0.0,0.0
main_benchmark,synthetic_flat,Flat Seafloor,synthetic,flat,Adaptive Spacing w/o GA,0,1,201.44145911860127,201.44145911860127,0.0,0.0,0.0,99.33333333333331,0.0,26,1,25.0,25,1.9634954084936207,0.0,1.9634954084936207,203.4049545270949,0.9653134620337234,38.031194432516386,3.554910010005142,3.5577028997602236
main_benchmark,synthetic_flat,Flat Seafloor,synthetic,flat,Adaptive Spacing w/o GA,0,1,201.44145911860127,201.44145911860127,0.0,0.0,0.0,99.33333333333331,0.0,26,1,50.0,25,3.9269908169872414,0.0,3.9269908169872414,205.3684499355885,1.9121685040807863,38.7584149541807,3.55770289976023,3.563131008348598
main_benchmark,synthetic_flat,Flat Seafloor,synthetic,flat,Adaptive Spacing w/o GA,0,1,201.44145911860127,201.44145911860127,0.0,0.0,0.0,99.33333333333331,0.0,26,1,100.0,25,7.853981633974483,0.0,7.853981633974483,209.29544075257576,3.7525813298815613,40.21285599750931,3.563131008348614,3.5733965741859026
main_benchmark,synthetic_flat,Flat Seafloor,synthetic,flat,Full Geometry-Aware Hybrid GA,0,1,201.43428206551525,201.43428206551525,0.0,0.0,0.0,98.66666666666669,0.0,26,1,25.0,25,1.9634954084936207,0.0,1.9634954084936207,203.39777747400888,0.9653475238904836,38.02986534861157,3.5583130319834115,3.5610732883775635
main_benchmark,synthetic_flat,Flat Seafloor,synthetic,flat,Full Geometry-Aware Hybrid GA,0,1,201.43428206551525,201.43428206551525,0.0,0.0,0.0,98.66666666666669,0.0,26,1,50.0,25,3.9269908169872414,0.0,3.9269908169872414,205.36127288250248,1.9122353313587368,38.75708587027588,3.5610732883775835,3.566437972541011
main_benchmark,synthetic_flat,Flat Seafloor,synthetic,flat,Full Geometry-Aware Hybrid GA,0,1,201.43428206551525,201.43428206551525,0.0,0.0,0.0,98.66666666666669,0.0,26,1,100.0,25,7.853981633974483,0.0,7.853981633974483,209.28826369948973,3.752710015909808,40.21152691360449,3.566437972541023,3.5765835909602828
main_benchmark,synthetic_flat,Flat Seafloor,synthetic,flat,Full Geometry-Aware Hybrid GA,1,1,201.41660556846384,201.41660556846384,0.0,0.0,0.0,98.66666666666669,0.0,26,1,25.0,25,1.9634954084936207,0.0,1.9634954084936207,203.38010097695746,0.9654314257204939,38.02659192323167,3.5666943978788237,3.5693742809636406
main_benchmark,synthetic_flat,Flat Seafloor,synthetic,flat,Full Geometry-Aware Hybrid GA,1,1,201.41660556846384,201.41660556846384,0.0,0.0,0.0,98.66666666666669,0.0,26,1,50.0,25,3.9269908169872414,0.0,3.9269908169872414,205.34359638545106,1.9123999414210489,38.75381244489598,3.569374280963633,3.574582755935501
main_benchmark,synthetic_flat,Flat Seafloor,synthetic,flat,Full Geometry-Aware Hybrid GA,1,1,201.41660556846384,201.41660556846384,0.0,0.0,0.0,98.66666666666669,0.0,26,1,100.0,25,7.853981633974483,0.0,7.853981633974483,209.27058720243832,3.7530269967546452,40.20825348822459,3.574582755935485,3.5844329536360076
main_benchmark,synthetic_flat,Flat Seafloor,synthetic,flat,Full Geometry-Aware Hybrid GA,2,1,201.42540194070128,201.42540194070128,0.0,0.0,0.0,98.66666666666669,0.0,26,1,25.0,25,1.9634954084936207,0.0,1.9634954084936207,203.3888973491949,0.965389671749156,38.02822088105342,3.5625235707030654,3.5652434500351555
main_benchmark,synthetic_flat,Flat Seafloor,synthetic,flat,Full Geometry-Aware Hybrid GA,2,1,201.42540194070128,201.42540194070128,0.0,0.0,0.0,98.66666666666669,0.0,26,1,50.0,25,3.9269908169872414,0.0,3.9269908169872414,205.3523927576885,1.912318022815058,38.75544140271773,3.5652434500351546,3.570529659537342
main_benchmark,synthetic_flat,Flat Seafloor,synthetic,flat,Full Geometry-Aware Hybrid GA,2,1,201.42540194070128,201.42540194070128,0.0,0.0,0.0,98.66666666666669,0.0,26,1,100.0,25,7.853981633974483,0.0,7.853981633974483,209.27938357467576,3.7528692505786165,40.209882446046336,3.5705296595373333,3.580526867734414
main_benchmark,synthetic_flat,Flat Seafloor,synthetic,flat,Full Geometry-Aware Hybrid GA,3,1,201.43257312261736,201.43257312261736,0.0,0.0,0.0,98.66666666666669,0.0,26,1,25.0,25,1.9634954084936207,0.0,1.9634954084936207,203.39606853111098,0.9653556347837121,38.02954887770455,3.559123332558234,3.5618758185555968
main_benchmark,synthetic_flat,Flat Seafloor,synthetic,flat,Full Geometry-Aware Hybrid GA,3,1,201.43257312261736,201.43257312261736,0.0,0.0,0.0,98.66666666666669,0.0,26,1,50.0,25,3.9269908169872414,0.0,3.9269908169872414,205.35956393960458,1.912251244428116,38.75676939936886,3.5618758185556008,3.56722540059854
main_benchmark,synthetic_flat,Flat Seafloor,synthetic,flat,Full Geometry-Aware Hybrid GA,3,1,201.43257312261736,201.43257312261736,0.0,0.0,0.0,98.66666666666669,0.0,26,1,100.0,25,7.853981633974483,0.0,7.853981633974483,209.28655475659184,3.752740658906139,40.21121044269747,3.5672254005985358,3.5773424580909476
main_benchmark,synthetic_flat,Flat Seafloor,synthetic,flat,Full Geometry-Aware Hybrid GA,4,1,201.42858723969312,201.42858723969312,0.0,0.0,0.0,98.66666666666669,0.0,26,1,25.0,25,1.9634954084936207,0.0,1.9634954084936207,203.39208264818674,0.9653745528973889,38.028810751237096,3.5610132513078123,3.563747613883982
main_benchmark,synthetic_flat,Flat Seafloor,synthetic,flat,Full Geometry-Aware Hybrid GA,4,1,201.42858723969312,201.42858723969312,0.0,0.0,0.0,98.66666666666669,0.0,26,1,50.0,25,3.9269908169872414,0.0,3.9269908169872414,205.35557805668034,1.9122883605836845,38.7560312729014,3.563747613883982,3.5690619722314416
main_benchmark,synthetic_flat,Flat Seafloor,synthetic,flat,Full Geometry-Aware Hybrid GA,4,1,201.42858723969312,201.42858723969312,0.0,0.0,0.0,98.66666666666669,0.0,26,1,100.0,25,7.853981633974483,0.0,7.853981633974483,209.2825688736676,3.7528121315805807,40.21047231623002,3.569061972231434,3.579112415145469
main_benchmark,synthetic_flat,Flat Seafloor,synthetic,flat,Full Geometry-Aware Hybrid GA,5,1,201.43732905148588,201.43732905148588,0.0,0.0,0.0,98.66666666666669,0.0,26,1,25.0,25,1.9634954084936207,0.0,1.9634954084936207,203.4008244599795,0.9653330627870448,38.03042960527279,3.5568682941361027,3.5596424048785242
main_benchmark,synthetic_flat,Flat Seafloor,synthetic,flat,Full Geometry-Aware Hybrid GA,5,1,201.43732905148588,201.43732905148588,0.0,0.0,0.0,98.66666666666669,0.0,26,1,50.0,25,3.9269908169872414,0.0,3.9269908169872414,205.3643198684731,1.9122069595644986,38.7576501269371,3.5596424048785282,3.565034015599527
main_benchmark,synthetic_flat,Flat Seafloor,synthetic,flat,Full Geometry-Aware Hybrid GA,5,1,201.43732905148588,201.43732905148588,0.0,0.0,0.0,98.66666666666669,0.0,26,1,100.0,25,7.853981633974483,0.0,7.853981633974483,209.29131068546036,3.7526553817506887,40.21209117026571,3.565034015599523,3.5752305571617065
main_benchmark,synthetic_flat,Flat Seafloor,synthetic,flat,Full Geometry-Aware Hybrid GA,6,1,201.44145911860127,201.44145911860127,0.0,0.0,0.0,99.33333333333331,0.0,26,1,25.0,25,1.9634954084936207,0.0,1.9634954084936207,203.4049545270949,0.9653134620337234,38.031194432516386,3.554910010005142,3.5577028997602236
main_benchmark,synthetic_flat,Flat Seafloor,synthetic,flat,Full Geometry-Aware Hybrid GA,6,1,201.44145911860127,201.44145911860127,0.0,0.0,0.0,99.33333333333331,0.0,26,1,50.0,25,3.9269908169872414,0.0,3.9269908169872414,205.3684499355885,1.9121685040807863,38.7584149541807,3.55770289976023,3.563131008348598
main_benchmark,synthetic_flat,Flat Seafloor,synthetic,flat,Full Geometry-Aware Hybrid GA,6,1,201.44145911860127,201.44145911860127,0.0,0.0,0.0,99.33333333333331,0.0,26,1,100.0,25,7.853981633974483,0.0,7.853981633974483,209.29544075257576,3.7525813298815613,40.21285599750931,3.563131008348614,3.5733965741859026
main_benchmark,synthetic_flat,Flat Seafloor,synthetic,flat,Full Geometry-Aware Hybrid GA,7,1,201.4336929820792,201.4336929820792,0.0,0.0,0.0,98.66666666666669,0.0,26,1,25.0,25,1.9634954084936207,0.0,1.9634954084936207,203.39718839057284,0.9653503197513352,38.029756259086376,3.55859234772148,3.5613499256106693
main_benchmark,synthetic_flat,Flat Seafloor,synthetic,flat,Full Geometry-Aware Hybrid GA,7,1,201.4336929820792,201.4336929820792,0.0,0.0,0.0,98.66666666666669,0.0,26,1,50.0,25,3.9269908169872414,0.0,3.9269908169872414,205.36068379906644,1.9122408166645835,38.75697678075068,3.5613499256106804,3.5667094039775686
main_benchmark,synthetic_flat,Flat Seafloor,synthetic,flat,Full Geometry-Aware Hybrid GA,7,1,201.4336929820792,201.4336929820792,0.0,0.0,0.0,98.66666666666669,0.0,26,1,100.0,25,7.853981633974483,0.0,7.853981633974483,209.2876746160537,3.752720578688121,40.21141782407929,3.5667094039775713,3.57684517726454
main_benchmark,synthetic_flat,Flat Seafloor,synthetic,flat,Full Geometry-Aware Hybrid GA,8,1,201.44145911860127,201.44145911860127,0.0,0.0,0.0,99.33333333333331,0.0,26,1,25.0,25,1.9634954084936207,0.0,1.9634954084936207,203.4049545270949,0.9653134620337234,38.031194432516386,3.554910010005142,3.5577028997602236
main_benchmark,synthetic_flat,Flat Seafloor,synthetic,flat,Full Geometry-Aware Hybrid GA,8,1,201.44145911860127,201.44145911860127,0.0,0.0,0.0,99.33333333333331,0.0,26,1,50.0,25,3.9269908169872414,0.0,3.9269908169872414,205.3684499355885,1.9121685040807863,38.7584149541807,3.55770289976023,3.563131008348598
main_benchmark,synthetic_flat,Flat Seafloor,synthetic,flat,Full Geometry-Aware Hybrid GA,8,1,201.44145911860127,201.44145911860127,0.0,0.0,0.0,99.33333333333331,0.0,26,1,100.0,25,7.853981633974483,0.0,7.853981633974483,209.29544075257576,3.7525813298815613,40.21285599750931,3.563131008348614,3.5733965741859026
main_benchmark,synthetic_flat,Flat Seafloor,synthetic,flat,Full Geometry-Aware Hybrid GA,9,1,201.42134793815495,201.42134793815495,0.0,0.0,0.0,98.66666666666669,0.0,26,1,25.0,25,1.9634954084936207,0.0,1.9634954084936207,203.38484334664858,0.965408914540915,38.027470139841135,3.564445788582709,3.567147234760329
main_benchmark,synthetic_flat,Flat Seafloor,synthetic,flat,Full Geometry-Aware Hybrid GA,9,1,201.42134793815495,201.42134793815495,0.0,0.0,0.0,98.66666666666669,0.0,26,1,50.0,25,3.9269908169872414,0.0,3.9269908169872414,205.34833875514218,1.912355775943137,38.75469066150545,3.5671472347603186,3.572397618586255
main_benchmark,synthetic_flat,Flat Seafloor,synthetic,flat,Full Geometry-Aware Hybrid GA,9,1,201.42134793815495,201.42134793815495,0.0,0.0,0.0,98.66666666666669,0.0,26,1,100.0,25,7.853981633974483,0.0,7.853981633974483,209.27532957212944,3.752941949742579,40.20913170483406,3.5723976185862547,3.5823270737470465
main_benchmark,synthetic_flat,Flat Seafloor,synthetic,flat,Full Geometry-Aware Hybrid GA,10,1,201.42383875683095,201.42383875683095,0.0,0.0,0.0,98.66666666666669,0.0,26,1,25.0,25,1.9634954084936207,0.0,1.9634954084936207,203.38733416532457,0.965397091491244,38.02793140255892,3.5632647591829407,3.5659775308703074
main_benchmark,synthetic_flat,Flat Seafloor,synthetic,flat,Full Geometry-Aware Hybrid GA,10,1,201.42383875683095,201.42383875683095,0.0,0.0,0.0,98.66666666666669,0.0,26,1,50.0,25,3.9269908169872414,0.0,3.9269908169872414,205.35082957381817,1.9123325798767188,38.75515192422323,3.565977530870317,3.5712499263409025
main_benchmark,synthetic_flat,Flat Seafloor,synthetic,flat,Full Geometry-Aware Hybrid GA,10,1,201.42383875683095,201.42383875683095,0.0,0.0,0.0,98.66666666666669,0.0,26,1,100.0,25,7.853981633974483,0.0,7.853981633974483,209.27782039080543,3.752897282334055,40.20959296755184,3.5712499263409048,3.5812210096275097
main_benchmark,synthetic_flat,Flat Seafloor,synthetic,flat,Full Geometry-Aware Hybrid GA,11,1,201.43504787578675,201.43504787578675,0.0,0.0,0.0,98.66666666666669,0.0,26,1,25.0,25,1.9634954084936207,0.0,1.9634954084936207,203.39854328428038,0.9653438892870227,38.03000716532851,3.5579499206682423,3.5607136591270754
main_benchmark,synthetic_flat,Flat Seafloor,synthetic,flat,Full Geometry-Aware Hybrid GA,11,1,201.43504787578675,201.43504787578675,0.0,0.0,0.0,98.66666666666669,0.0,26,1,50.0,25,3.9269908169872414,0.0,3.9269908169872414,205.36203869277398,1.9122282004913789,38.75722768699282,3.5607136591270843,3.5660851108419815
main_benchmark,synthetic_flat,Flat Seafloor,synthetic,flat,Full Geometry-Aware Hybrid GA,11,1,201.43504787578675,201.43504787578675,0.0,0.0,0.0,98.66666666666669,0.0,26,1,100.0,25,7.853981633974483,0.0,7.853981633974483,209.28902950976124,3.752696284354538,40.21166873032143,3.566085110841982,3.576243527963404
main_benchmark,synthetic_flat,Flat Seafloor,synthetic,flat,Full Geometry-Aware Hybrid GA,12,1,201.42082963271525,201.42082963271525,0.0,0.0,0.0,98.66666666666669,0.0,26,1,25.0,25,1.9634954084936207,0.0,1.9634954084936207,203.38432504120888,0.9654113747929125,38.02737415735231,3.5646915447143144,3.5673906342075874
main_benchmark,synthetic_flat,Flat Seafloor,synthetic,flat,Full Geometry-Aware Hybrid GA,12,1,201.42082963271525,201.42082963271525,0.0,0.0,0.0,98.66666666666669,0.0,26,1,50.0,25,3.9269908169872414,0.0,3.9269908169872414,205.34782044970248,1.912360602799342,38.75459467901662,3.5673906342076025,3.572636437710095
main_benchmark,synthetic_flat,Flat Seafloor,synthetic,flat,Full Geometry-Aware Hybrid GA,12,1,201.42082963271525,201.42082963271525,0.0,0.0,0.0,98.66666666666669,0.0,26,1,100.0,25,7.853981633974483,0.0,7.853981633974483,209.27481126668974,3.752951244555536,40.209035722345234,3.572636437710102,3.5825572306248894
main_benchmark,synthetic_flat,Flat Seafloor,synthetic,flat,Full Geometry-Aware Hybrid GA,13,1,201.421135017561,201.421135017561,0.0,0.0,0.0,99.33333333333331,0.0,26,1,25.0,25,1.9634954084936207,0.0,1.9634954084936207,203.38463042605463,0.9654099252143326,38.02743071010152,3.5645467455426427,3.5672472235910595
main_benchmark,synthetic_flat,Flat Seafloor,synthetic,flat,Full Geometry-Aware Hybrid GA,13,1,201.421135017561,201.421135017561,0.0,0.0,0.0,99.33333333333331,0.0,26,1,50.0,25,3.9269908169872414,0.0,3.9269908169872414,205.34812583454823,1.9123577588194163,38.75465123176583,3.567247223591062,3.572495725813779
main_benchmark,synthetic_flat,Flat Seafloor,synthetic,flat,Full Geometry-Aware Hybrid GA,13,1,201.421135017561,201.421135017561,0.0,0.0,0.0,99.33333333333331,0.0,26,1,100.0,25,7.853981633974483,0.0,7.853981633974483,209.27511665153548,3.7529457680590697,40.209092275094434,3.5724957258137735,3.5824216225119
main_benchmark,synthetic_flat,Flat Seafloor,synthetic,flat,Full Geometry-Aware Hybrid GA,14,1,201.44145911860127,201.44145911860127,0.0,0.0,0.0,99.33333333333331,0.0,26,1,25.0,25,1.9634954084936207,0.0,1.9634954084936207,203.4049545270949,0.9653134620337234,38.031194432516386,3.554910010005142,3.5577028997602236
main_benchmark,synthetic_flat,Flat Seafloor,synthetic,flat,Full Geometry-Aware Hybrid GA,14,1,201.44145911860127,201.44145911860127,0.0,0.0,0.0,99.33333333333331,0.0,26,1,50.0,25,3.9269908169872414,0.0,3.9269908169872414,205.3684499355885,1.9121685040807863,38.7584149541807,3.55770289976023,3.563131008348598
main_benchmark,synthetic_flat,Flat Seafloor,synthetic,flat,Full Geometry-Aware Hybrid GA,14,1,201.44145911860127,201.44145911860127,0.0,0.0,0.0,99.33333333333331,0.0,26,1,100.0,25,7.853981633974483,0.0,7.853981633974483,209.29544075257576,3.7525813298815613,40.21285599750931,3.563131008348614,3.5733965741859026
main_benchmark,synthetic_flat,Flat Seafloor,synthetic,flat,Full Geometry-Aware Hybrid GA,15,1,201.43359916579348,201.43359916579348,0.0,0.0,0.0,99.33333333333331,0.0,26,1,25.0,25,1.9634954084936207,0.0,1.9634954084936207,203.3970945742871,0.965350765016208,38.02973888570013,3.5586368310043013,3.5613939823199923
main_benchmark,synthetic_flat,Flat Seafloor,synthetic,flat,Full Geometry-Aware Hybrid GA,15,1,201.43359916579348,201.43359916579348,0.0,0.0,0.0,99.33333333333331,0.0,26,1,50.0,25,3.9269908169872414,0.0,3.9269908169872414,205.3605899827807,1.912241690246661,38.756959407364434,3.5613939823199927,3.566752631621828
main_benchmark,synthetic_flat,Flat Seafloor,synthetic,flat,Full Geometry-Aware Hybrid GA,15,1,201.43359916579348,201.43359916579348,0.0,0.0,0.0,99.33333333333331,0.0,26,1,100.0,25,7.853981633974483,0.0,7.853981633974483,209.28758079976797,3.752722260901202,40.21140045069304,3.5667526316218208,3.57688683699212
main_benchmark,synthetic_flat,Flat Seafloor,synthetic,flat,Full Geometry-Aware Hybrid GA,16,1,201.44145911860127,201.44145911860127,0.0,0.0,0.0,99.33333333333331,0.0,26,1,25.0,25,1.9634954084936207,0.0,1.9634954084936207,203.4049545270949,0.9653134620337234,38.031194432516386,3.554910010005142,3.5577028997602236
main_benchmark,synthetic_flat,Flat Seafloor,synthetic,flat,Full Geometry-Aware Hybrid GA,16,1,201.44145911860127,201.44145911860127,0.0,0.0,0.0,99.33333333333331,0.0,26,1,50.0,25,3.9269908169872414,0.0,3.9269908169872414,205.3684499355885,1.9121685040807863,38.7584149541807,3.55770289976023,3.563131008348598
main_benchmark,synthetic_flat,Flat Seafloor,synthetic,flat,Full Geometry-Aware Hybrid GA,16,1,201.44145911860127,201.44145911860127,0.0,0.0,0.0,99.33333333333331,0.0,26,1,100.0,25,7.853981633974483,0.0,7.853981633974483,209.29544075257576,3.7525813298815613,40.21285599750931,3.563131008348614,3.5733965741859026
main_benchmark,synthetic_flat,Flat Seafloor,synthetic,flat,Full Geometry-Aware Hybrid GA,17,1,201.4275411922689,201.4275411922689,0.0,0.0,0.0,98.66666666666669,0.0,26,1,25.0,25,1.9634954084936207,0.0,1.9634954084936207,203.39103660076253,0.9653795178534722,38.02861703875113,3.561509237938012,3.5642388442384947
main_benchmark,synthetic_flat,Flat Seafloor,synthetic,flat,Full Geometry-Aware Hybrid GA,17,1,201.4275411922689,201.4275411922689,0.0,0.0,0.0,98.66666666666669,0.0,26,1,50.0,25,3.9269908169872414,0.0,3.9269908169872414,205.35453200925613,1.9122981015146217,38.75583756041544,3.5642388442384902,3.569543958547255
main_benchmark,synthetic_flat,Flat Seafloor,synthetic,flat,Full Geometry-Aware Hybrid GA,17,1,201.4275411922689,201.4275411922689,0.0,0.0,0.0,98.66666666666669,0.0,26,1,100.0,25,7.853981633974483,0.0,7.853981633974483,209.2815228262434,3.7528308891823547,40.21027860374405,3.56954395854726,3.579576919259877
main_benchmark,synthetic_flat,Flat Seafloor,synthetic,flat,Full Geometry-Aware Hybrid GA,18,1,201.4285608661036,201.4285608661036,0.0,0.0,0.0,98.66666666666669,0.0,26,1,25.0,25,1.9634954084936207,0.0,1.9634954084936207,203.39205627459722,0.9653746780762806,38.028805867239036,3.5610257564270733,3.563759999085102
main_benchmark,synthetic_flat,Flat Seafloor,synthetic,flat,Full Geometry-Aware Hybrid GA,18,1,201.4285608661036,201.4285608661036,0.0,0.0,0.0,98.66666666666669,0.0,26,1,50.0,25,3.9269908169872414,0.0,3.9269908169872414,205.35555168309082,1.912288606176793,38.756026388903344,3.563759999085102,3.569074124366186
main_benchmark,synthetic_flat,Flat Seafloor,synthetic,flat,Full Geometry-Aware Hybrid GA,18,1,201.4285608661036,201.4285608661036,0.0,0.0,0.0,98.66666666666669,0.0,26,1,100.0,25,7.853981633974483,0.0,7.853981633974483,209.28254250007808,3.7528126045064423,40.21046743223195,3.5690741243661783,3.579124126508241
main_benchmark,synthetic_flat,Flat Seafloor,synthetic,flat,Full Geometry-Aware Hybrid GA,19,1,201.43873314156167,201.43873314156167,0.0,0.0,0.0,98.66666666666669,0.0,26,1,25.0,25,1.9634954084936207,0.0,1.9634954084936207,203.4022285500553,0.965326399071593,38.0306896219535,3.55620254047229,3.5589830354754373
main_benchmark,synthetic_flat,Flat Seafloor,synthetic,flat,Full Geometry-Aware Hybrid GA,19,1,201.43873314156167,201.43873314156167,0.0,0.0,0.0,98.66666666666669,0.0,26,1,50.0,25,3.9269908169872414,0.0,3.9269908169872414,205.3657239585489,1.912193885762488,38.757910143617806,3.5589830354754493,3.564387054298285
main_benchmark,synthetic_flat,Flat Seafloor,synthetic,flat,Full Geometry-Aware Hybrid GA,19,1,201.43873314156167,201.43873314156167,0.0,0.0,0.0,98.66666666666669,0.0,26,1,100.0,25,7.853981633974483,0.0,7.853981633974483,209.29271477553615,3.752630206167367,40.212351186946414,3.5643870542982876,3.5746070618955144
main_benchmark,synthetic_flat,Flat Seafloor,synthetic,flat,Full Geometry-Aware Hybrid GA,20,1,201.4352617177165,201.4352617177165,0.0,0.0,0.0,98.66666666666669,0.0,26,1,25.0,25,1.9634954084936207,0.0,1.9634954084936207,203.3987571262101,0.9653428743791489,38.03004676568587,3.5578485268540896,3.560613237631347
main_benchmark,synthetic_flat,Flat Seafloor,synthetic,flat,Full Geometry-Aware Hybrid GA,20,1,201.4352617177165,201.4352617177165,0.0,0.0,0.0,98.66666666666669,0.0,26,1,50.0,25,3.9269908169872414,0.0,3.9269908169872414,205.3622525347037,1.912226209304764,38.75726728735018,3.5606132376313453,3.5659865790914083
main_benchmark,synthetic_flat,Flat Seafloor,synthetic,flat,Full Geometry-Aware Hybrid GA,20,1,201.4352617177165,201.4352617177165,0.0,0.0,0.0,98.66666666666669,0.0,26,1,100.0,25,7.853981633974483,0.0,7.853981633974483,209.28924335169097,3.752692450025538,40.21170833067879,3.565986579091416,3.576148570073444
main_benchmark,synthetic_flat,Flat Seafloor,synthetic,flat,Full Geometry-Aware Hybrid GA,21,1,201.42018345050596,201.42018345050596,0.0,0.0,0.0,98.66666666666669,0.0,26,1,25.0,25,1.9634954084936207,0.0,1.9634954084936207,203.3836788589996,0.9654144420579878,38.027254493980216,3.5649979340127964,3.5676940853785526
main_benchmark,synthetic_flat,Flat Seafloor,synthetic,flat,Full Geometry-Aware Hybrid GA,21,1,201.42018345050596,201.42018345050596,0.0,0.0,0.0,98.66666666666669,0.0,26,1,50.0,25,3.9269908169872414,0.0,3.9269908169872414,205.3471742674932,1.9123666205758403,38.75447501564452,3.5676940853785553,3.5729341784962343
main_benchmark,synthetic_flat,Flat Seafloor,synthetic,flat,Full Geometry-Aware Hybrid GA,21,1,201.42018345050596,201.42018345050596,0.0,0.0,0.0,98.66666666666669,0.0,26,1,100.0,25,7.853981633974483,0.0,7.853981633974483,209.27416508448044,3.752962832657324,40.20891605897314,3.5729341784962294,3.582844172008174
main_benchmark,synthetic_flat,Flat Seafloor,synthetic,flat,Full Geometry-Aware Hybrid GA,22,1,201.40891439911417,201.40891439911417,0.0,0.0,0.0,98.66666666666669,0.0,26,1,25.0,25,1.9634954084936207,0.0,1.9634954084936207,203.3724098076078,0.9654679365559495,38.02516763261137,3.5703411896778814,3.5729861017652134
main_benchmark,synthetic_flat,Flat Seafloor,synthetic,flat,Full Geometry-Aware Hybrid GA,22,1,201.40891439911417,201.40891439911417,0.0,0.0,0.0,98.66666666666669,0.0,26,1,50.0,25,3.9269908169872414,0.0,3.9269908169872414,205.3359052161014,1.9124715732761708,38.75238815427568,3.57298610176523,3.57812660900891
main_benchmark,synthetic_flat,Flat Seafloor,synthetic,flat,Full Geometry-Aware Hybrid GA,22,1,201.40891439911417,201.40891439911417,0.0,0.0,0.0,98.66666666666669,0.0,26,1,100.0,25,7.853981633974483,0.0,7.853981633974483,209.26289603308865,3.7531649340897064,40.206829197604286,3.5781266090089185,3.5878482670575638
main_benchmark,synthetic_flat,Flat Seafloor,synthetic,flat,Full Geometry-Aware Hybrid GA,23,1,201.43554924296004,201.43554924296004,0.0,0.0,0.0,99.33333333333331,0.0,26,1,25.0,25,1.9634954084936207,0.0,1.9634954084936207,203.39904465145366,0.9653415097687814,38.03010001110135,3.557712195868185,3.560478213994685
main_benchmark,synthetic_flat,Flat Seafloor,synthetic,flat,Full Geometry-Aware Hybrid GA,23,1,201.43554924296004,201.43554924296004,0.0,0.0,0.0,99.33333333333331,0.0,26,1,50.0,25,3.9269908169872414,0.0,3.9269908169872414,205.36254005994726,1.9122235320233747,38.757320532765654,3.5604782139947013,3.565854096347664
main_benchmark,synthetic_flat,Flat Seafloor,synthetic,flat,Full Geometry-Aware Hybrid GA,23,1,201.43554924296004,201.43554924296004,0.0,0.0,0.0,99.33333333333331,0.0,26,1,100.0,25,7.853981633974483,0.0,7.853981633974483,209.28953087693452,3.7526872945177296,40.21176157609426,3.565854096347672,3.576020892632122
main_benchmark,synthetic_flat,Flat Seafloor,synthetic,flat,Full Geometry-Aware Hybrid GA,24,1,201.4388412040993,201.4388412040993,0.0,0.0,0.0,98.66666666666669,0.0,26,1,25.0,25,1.9634954084936207,0.0,1.9634954084936207,203.40233661259293,0.9653258862179943,38.030709633534535,3.5561513022849462,3.55893228863794
main_benchmark,synthetic_flat,Flat Seafloor,synthetic,flat,Full Geometry-Aware Hybrid GA,24,1,201.4388412040993,201.4388412040993,0.0,0.0,0.0,98.66666666666669,0.0,26,1,50.0,25,3.9269908169872414,0.0,3.9269908169872414,205.36583202108653,1.9121928795750336,38.75793015519885,3.558932288637932,3.5643372624215623
main_benchmark,synthetic_flat,Flat Seafloor,synthetic,flat,Full Geometry-Aware Hybrid GA,24,1,201.4388412040993,201.4388412040993,0.0,0.0,0.0,98.66666666666669,0.0,26,1,100.0,25,7.853981633974483,0.0,7.853981633974483,209.2928228380738,3.7526282686009598,40.21237119852746,3.5643372624215637,3.5745590760277794
main_benchmark,synthetic_flat,Flat Seafloor,synthetic,flat,Full Geometry-Aware Hybrid GA,25,1,201.41332130651872,201.41332130651872,0.0,0.0,0.0,98.66666666666669,0.0,26,1,25.0,25,1.9634954084936207,0.0,1.9634954084936207,203.37681671501235,0.965447016139025,38.02598372657518,3.568251640865276,3.570916590731087
main_benchmark,synthetic_flat,Flat Seafloor,synthetic,flat,Full Geometry-Aware Hybrid GA,25,1,201.41332130651872,201.41332130651872,0.0,0.0,0.0,98.66666666666669,0.0,26,1,50.0,25,3.9269908169872414,0.0,3.9269908169872414,205.34031212350595,1.9124305288019994,38.753204248239484,3.5709165907311013,3.5760960423109305
main_benchmark,synthetic_flat,Flat Seafloor,synthetic,flat,Full Geometry-Aware Hybrid GA,25,1,201.41332130651872,201.41332130651872,0.0,0.0,0.0,98.66666666666669,0.0,26,1,100.0,25,7.853981633974483,0.0,7.853981633974483,209.2673029404932,3.753085897135026,40.20764529156809,3.5760960423109363,3.5858913513634634
main_benchmark,synthetic_flat,Flat Seafloor,synthetic,flat,Full Geometry-Aware Hybrid GA,26,1,201.44145911860127,201.44145911860127,0.0,0.0,0.0,99.33333333333331,0.0,26,1,25.0,25,1.9634954084936207,0.0,1.9634954084936207,203.4049545270949,0.9653134620337234,38.031194432516386,3.554910010005142,3.5577028997602236
main_benchmark,synthetic_flat,Flat Seafloor,synthetic,flat,Full Geometry-Aware Hybrid GA,26,1,201.44145911860127,201.44145911860127,0.0,0.0,0.0,99.33333333333331,0.0,26,1,50.0,25,3.9269908169872414,0.0,3.9269908169872414,205.3684499355885,1.9121685040807863,38.7584149541807,3.55770289976023,3.563131008348598
main_benchmark,synthetic_flat,Flat Seafloor,synthetic,flat,Full Geometry-Aware Hybrid GA,26,1,201.44145911860127,201.44145911860127,0.0,0.0,0.0,99.33333333333331,0.0,26,1,100.0,25,7.853981633974483,0.0,7.853981633974483,209.29544075257576,3.7525813298815613,40.21285599750931,3.563131008348614,3.5733965741859026
main_benchmark,synthetic_flat,Flat Seafloor,synthetic,flat,Full Geometry-Aware Hybrid GA,27,1,201.44145911860127,201.44145911860127,0.0,0.0,0.0,99.33333333333331,0.0,26,1,25.0,25,1.9634954084936207,0.0,1.9634954084936207,203.4049545270949,0.9653134620337234,38.031194432516386,3.554910010005142,3.5577028997602236
main_benchmark,synthetic_flat,Flat Seafloor,synthetic,flat,Full Geometry-Aware Hybrid GA,27,1,201.44145911860127,201.44145911860127,0.0,0.0,0.0,99.33333333333331,0.0,26,1,50.0,25,3.9269908169872414,0.0,3.9269908169872414,205.3684499355885,1.9121685040807863,38.7584149541807,3.55770289976023,3.563131008348598
main_benchmark,synthetic_flat,Flat Seafloor,synthetic,flat,Full Geometry-Aware Hybrid GA,27,1,201.44145911860127,201.44145911860127,0.0,0.0,0.0,99.33333333333331,0.0,26,1,100.0,25,7.853981633974483,0.0,7.853981633974483,209.29544075257576,3.7525813298815613,40.21285599750931,3.563131008348614,3.5733965741859026
main_benchmark,synthetic_flat,Flat Seafloor,synthetic,flat,Full Geometry-Aware Hybrid GA,28,1,201.42022655752916,201.42022655752916,0.0,0.0,0.0,98.66666666666669,0.0,26,1,25.0,25,1.9634954084936207,0.0,1.9634954084936207,203.3837219660228,0.9654142374391405,38.027262476762296,3.5649774946840616,3.567673842053237
main_benchmark,synthetic_flat,Flat Seafloor,synthetic,flat,Full Geometry-Aware Hybrid GA,28,1,201.42022655752916,201.42022655752916,0.0,0.0,0.0,98.66666666666669,0.0,26,1,50.0,25,3.9269908169872414,0.0,3.9269908169872414,205.3472173745164,1.912366219126854,38.7544829984266,3.567673842053253,3.572914316112529
main_benchmark,synthetic_flat,Flat Seafloor,synthetic,flat,Full Geometry-Aware Hybrid GA,28,1,201.42022655752916,201.42022655752916,0.0,0.0,0.0,98.66666666666669,0.0,26,1,100.0,25,7.853981633974483,0.0,7.853981633974483,209.27420819150365,3.7529620596090956,40.20892404175521,3.5729143161125374,3.5828250300561275
main_benchmark,synthetic_flat,Flat Seafloor,synthetic,flat,Full Geometry-Aware Hybrid GA,29,1,201.40465503781056,201.40465503781056,0.0,0.0,0.0,98.66666666666669,0.0,26,1,25.0,25,1.9634954084936207,0.0,1.9634954084936207,203.36815044630418,0.965488157405477,38.024378861999594,3.5723607790491516,3.5749863242357414
main_benchmark,synthetic_flat,Flat Seafloor,synthetic,flat,Full Geometry-Aware Hybrid GA,29,1,201.40465503781056,201.40465503781056,0.0,0.0,0.0,98.66666666666669,0.0,26,1,50.0,25,3.9269908169872414,0.0,3.9269908169872414,205.33164585479778,1.9125112452292181,38.7515993836639,3.574986324235765,3.5800891910247725
main_benchmark,synthetic_flat,Flat Seafloor,synthetic,flat,Full Geometry-Aware Hybrid GA,29,1,201.40465503781056,201.40465503781056,0.0,0.0,0.0,98.66666666666669,0.0,26,1,100.0,25,7.853981633974483,0.0,7.853981633974483,209.25863667178504,3.753241327999848,40.20604042699251,3.580089191024788,3.589739663952638
main_benchmark,synthetic_flat,Flat Seafloor,synthetic,flat,Full Geometry-Aware Hybrid GA,30,1,201.41248099152827,201.41248099152827,0.0,0.0,0.0,98.66666666666669,0.0062327028348135,26,1,25.0,25,1.9634954084936207,0.0,1.9634954084936207,203.3759764000219,0.9654510052021116,38.02582811268805,3.568650078823991,3.5713112078594427
main_benchmark,synthetic_flat,Flat Seafloor,synthetic,flat,Full Geometry-Aware Hybrid GA,30,1,201.41248099152827,201.41248099152827,0.0,0.0,0.0,98.66666666666669,0.0062327028348135,26,1,50.0,25,3.9269908169872414,0.0,3.9269908169872414,205.3394718085155,1.912438355081221,38.75304863435237,3.571311207859451,3.576483233481232
main_benchmark,synthetic_flat,Flat Seafloor,synthetic,flat,Full Geometry-Aware Hybrid GA,30,1,201.41248099152827,201.41248099152827,0.0,0.0,0.0,98.66666666666669,0.0062327028348135,26,1,100.0,25,7.853981633974483,0.0,7.853981633974483,209.26646262550275,3.753100967750261,40.207489677680975,3.57648323348125,3.586264498661966
main_benchmark,synthetic_flat,Flat Seafloor,synthetic,flat,Full Geometry-Aware Hybrid GA,31,1,201.43042666624623,201.43042666624623,0.0,0.0,0.0,98.66666666666669,0.0,26,1,25.0,25,1.9634954084936207,0.0,1.9634954084936207,203.39392207473986,0.9653658223730538,38.029151385783976,3.5601410815032075,3.5628838077726295
main_benchmark,synthetic_flat,Flat Seafloor,synthetic,flat,Full Geometry-Aware Hybrid GA,31,1,201.43042666624623,201.43042666624623,0.0,0.0,0.0,98.66666666666669,0.0,26,1,50.0,25,3.9269908169872414,0.0,3.9269908169872414,205.35741748323346,1.9122712318428248,38.75637190744828,3.562883807772646,3.5682144213393228
main_benchmark,synthetic_flat,Flat Seafloor,synthetic,flat,Full Geometry-Aware Hybrid GA,31,1,201.43042666624623,201.43042666624623,0.0,0.0,0.0,98.66666666666669,0.0,26,1,100.0,25,7.853981633974483,0.0,7.853981633974483,209.28440830022072,3.752779147650532,40.21081295077689,3.5682144213393308,3.5782956059049984
main_benchmark,synthetic_flat,Flat Seafloor,synthetic,flat,Full Geometry-Aware Hybrid GA,32,1,201.43002028824313,201.43002028824313,0.0,0.0,0.0,98.66666666666669,0.0,26,1,25.0,25,1.9634954084936207,0.0,1.9634954084936207,203.39351569673676,0.9653677511633292,38.02907613059821,3.5603337668936432,3.5630746454018967
main_benchmark,synthetic_flat,Flat Seafloor,synthetic,flat,Full Geometry-Aware Hybrid GA,32,1,201.43002028824313,201.43002028824313,0.0,0.0,0.0,98.66666666666669,0.0,26,1,50.0,25,3.9269908169872414,0.0,3.9269908169872414,205.35701110523036,1.9122750160085586,38.75629665226252,3.5630746454019064,3.5684016677604924
main_benchmark,synthetic_flat,Flat Seafloor,synthetic,flat,Full Geometry-Aware Hybrid GA,32,1,201.43002028824313,201.43002028824313,0.0,0.0,0.0,98.66666666666669,0.0,26,1,100.0,25,7.853981633974483,0.0,7.853981633974483,209.2840019222176,3.7527864346236504,40.21073769559113,3.568401667760494,3.5784760606817927
main_benchmark,synthetic_flat,Flat Seafloor,synthetic,flat,Full Geometry-Aware Hybrid GA,33,1,201.431545514025,201.431545514025,0.0,0.0,0.0,98.66666666666669,0.0,26,1,25.0,25,1.9634954084936207,0.0,1.9634954084936207,203.39504092251863,0.9653605120301803,38.02935857981708,3.559610576359125,3.5623583899203637
main_benchmark,synthetic_flat,Flat Seafloor,synthetic,flat,Full Geometry-Aware Hybrid GA,33,1,201.431545514025,201.431545514025,0.0,0.0,0.0,98.66666666666669,0.0,26,1,50.0,25,3.9269908169872414,0.0,3.9269908169872414,205.35853633101223,1.91226081328191,38.756579101481385,3.5623583899203717,3.567698890870656
main_benchmark,synthetic_flat,Flat Seafloor,synthetic,flat,Full Geometry-Aware Hybrid GA,33,1,201.431545514025,201.431545514025,0.0,0.0,0.0,98.66666666666669,0.0,26,1,100.0,25,7.853981633974483,0.0,7.853981633974483,209.2855271479995,3.7527590851614017,40.21102014480999,3.5676988908706555,3.5777987743229946
main_benchmark,synthetic_flat,Flat Seafloor,synthetic,flat,Full Geometry-Aware Hybrid GA,34,1,201.44145911860127,201.44145911860127,0.0,0.0,0.0,99.33333333333331,0.0,26,1,25.0,25,1.9634954084936207,0.0,1.9634954084936207,203.4049545270949,0.9653134620337234,38.031194432516386,3.554910010005142,3.5577028997602236
main_benchmark,synthetic_flat,Flat Seafloor,synthetic,flat,Full Geometry-Aware Hybrid GA,34,1,201.44145911860127,201.44145911860127,0.0,0.0,0.0,99.33333333333331,0.0,26,1,50.0,25,3.9269908169872414,0.0,3.9269908169872414,205.3684499355885,1.9121685040807863,38.7584149541807,3.55770289976023,3.563131008348598
main_benchmark,synthetic_flat,Flat Seafloor,synthetic,flat,Full Geometry-Aware Hybrid GA,34,1,201.44145911860127,201.44145911860127,0.0,0.0,0.0,99.33333333333331,0.0,26,1,100.0,25,7.853981633974483,0.0,7.853981633974483,209.29544075257576,3.7525813298815613,40.21285599750931,3.563131008348614,3.5733965741859026
main_benchmark,synthetic_flat,Flat Seafloor,synthetic,flat,Full Geometry-Aware Hybrid GA,35,1,201.44145911860127,201.44145911860127,0.0,0.0,0.0,99.33333333333331,0.0,26,1,25.0,25,1.9634954084936207,0.0,1.9634954084936207,203.4049545270949,0.9653134620337234,38.031194432516386,3.554910010005142,3.5577028997602236
main_benchmark,synthetic_flat,Flat Seafloor,synthetic,flat,Full Geometry-Aware Hybrid GA,35,1,201.44145911860127,201.44145911860127,0.0,0.0,0.0,99.33333333333331,0.0,26,1,50.0,25,3.9269908169872414,0.0,3.9269908169872414,205.3684499355885,1.9121685040807863,38.7584149541807,3.55770289976023,3.563131008348598
main_benchmark,synthetic_flat,Flat Seafloor,synthetic,flat,Full Geometry-Aware Hybrid GA,35,1,201.44145911860127,201.44145911860127,0.0,0.0,0.0,99.33333333333331,0.0,26,1,100.0,25,7.853981633974483,0.0,7.853981633974483,209.29544075257576,3.7525813298815613,40.21285599750931,3.563131008348614,3.5733965741859026
main_benchmark,synthetic_flat,Flat Seafloor,synthetic,flat,Full Geometry-Aware Hybrid GA,36,1,201.42699531691332,201.42699531691332,0.0,0.0,0.0,99.33333333333331,0.0,26,1,25.0,25,1.9634954084936207,0.0,1.9634954084936207,203.39049072540695,0.965382108814759,38.02851595072232,3.561768066430735,3.5644951906891618
main_benchmark,synthetic_flat,Flat Seafloor,synthetic,flat,Full Geometry-Aware Hybrid GA,36,1,201.42699531691332,201.42699531691332,0.0,0.0,0.0,99.33333333333331,0.0,26,1,50.0,25,3.9269908169872414,0.0,3.9269908169872414,205.35398613390055,1.9123031848170002,38.75573647238664,3.5644951906891724,3.5697954810360395
main_benchmark,synthetic_flat,Flat Seafloor,synthetic,flat,Full Geometry-Aware Hybrid GA,36,1,201.42699531691332,201.42699531691332,0.0,0.0,0.0,99.33333333333331,0.0,26,1,100.0,25,7.853981633974483,0.0,7.853981633974483,209.2809769508878,3.752840677830735,40.210177515715245,3.569795481036059,3.5798193187369347
main_benchmark,synthetic_flat,Flat Seafloor,synthetic,flat,Full Geometry-Aware Hybrid GA,37,1,201.4230944592057,201.4230944592057,0.0,0.0,0.0,98.66666666666669,0.0021314353864843,26,1,25.0,25,1.9634954084936207,0.0,1.9634954084936207,203.38658986769934,0.9654006243827835,38.027793569665356,3.563617670210166,3.566327057648776
main_benchmark,synthetic_flat,Flat Seafloor,synthetic,flat,Full Geometry-Aware Hybrid GA,37,1,201.4230944592057,201.4230944592057,0.0,0.0,0.0,98.66666666666669,0.0021314353864843,26,1,50.0,25,3.9269908169872414,0.0,3.9269908169872414,205.35008527619294,1.9123395111842756,38.75501409132966,3.5663270576487793,3.571592875677586
main_benchmark,synthetic_flat,Flat Seafloor,synthetic,flat,Full Geometry-Aware Hybrid GA,37,1,201.4230944592057,201.4230944592057,0.0,0.0,0.0,98.66666666666669,0.0021314353864843,26,1,100.0,25,7.853981633974483,0.0,7.853981633974483,209.2770760931802,3.7529106295796644,40.20945513465827,3.57159287567758,3.5815515197949113
main_benchmark,synthetic_flat,Flat Seafloor,synthetic,flat,Full Geometry-Aware Hybrid GA,38,1,201.4153828147096,201.4153828147096,0.0,0.0,0.0,98.66666666666669,0.0,26,1,25.0,25,1.9634954084936207,0.0,1.9634954084936207,203.37887822320323,0.9654372300838111,38.02636548735126,3.5672741703634068,3.5699484937060544
main_benchmark,synthetic_flat,Flat Seafloor,synthetic,flat,Full Geometry-Aware Hybrid GA,38,1,201.4153828147096,201.4153828147096,0.0,0.0,0.0,98.66666666666669,0.0,26,1,50.0,25,3.9269908169872414,0.0,3.9269908169872414,205.34237363169683,1.9124113292031544,38.75358600901557,3.569948493706064,3.5751461630655297
main_benchmark,synthetic_flat,Flat Seafloor,synthetic,flat,Full Geometry-Aware Hybrid GA,38,1,201.4153828147096,201.4153828147096,0.0,0.0,0.0,98.66666666666669,0.0,26,1,100.0,25,7.853981633974483,0.0,7.853981633974483,209.2693644486841,3.753048925563299,40.20802705234418,3.575146163065531,3.5849759253374804
main_benchmark,synthetic_flat,Flat Seafloor,synthetic,flat,Full Geometry-Aware Hybrid GA,39,1,201.43136071287375,201.43136071287375,0.0,0.0,0.0,99.33333333333331,0.0,26,1,25.0,25,1.9634954084936207,0.0,1.9634954084936207,203.39485612136738,0.965361389140533,38.02932435738166,3.559698200398097,3.5624451736865126
main_benchmark,synthetic_flat,Flat Seafloor,synthetic,flat,Full Geometry-Aware Hybrid GA,39,1,201.43136071287375,201.43136071287375,0.0,0.0,0.0,99.33333333333331,0.0,26,1,50.0,25,3.9269908169872414,0.0,3.9269908169872414,205.35835152986098,1.9122625341176938,38.75654487904597,3.5624451736865197,3.567784041528256
main_benchmark,synthetic_flat,Flat Seafloor,synthetic,flat,Full Geometry-Aware Hybrid GA,39,1,201.43136071287375,201.43136071287375,0.0,0.0,0.0,99.33333333333331,0.0,26,1,100.0,25,7.853981633974483,0.0,7.853981633974483,209.28534234684824,3.7527623988870142,40.210985922374576,3.5677840415282547,3.5778808364677084
main_benchmark,synthetic_flat,Flat Seafloor,synthetic,flat,Full Geometry-Aware Hybrid GA,40,1,201.42634106898365,201.42634106898365,0.0,0.0,0.0,98.66666666666669,0.0,26,1,25.0,25,1.9634954084936207,0.0,1.9634954084936207,203.38983647747727,0.9653852141776276,38.02839479369831,3.5620782801155486,3.564802429572396
main_benchmark,synthetic_flat,Flat Seafloor,synthetic,flat,Full Geometry-Aware Hybrid GA,40,1,201.42634106898365,201.42634106898365,0.0,0.0,0.0,98.66666666666669,0.0,26,1,50.0,25,3.9269908169872414,0.0,3.9269908169872414,205.35333188597087,1.9123092773424444,38.75561531536262,3.5648024295724112,3.5700969382567878
main_benchmark,synthetic_flat,Flat Seafloor,synthetic,flat,Full Geometry-Aware Hybrid GA,40,1,201.42634106898365,201.42634106898365,0.0,0.0,0.0,98.66666666666669,0.0,26,1,100.0,25,7.853981633974483,0.0,7.853981633974483,209.28032270295813,3.7528524098856755,40.210056358691226,3.5700969382567957,3.5801098417554447
main_benchmark,synthetic_flat,Flat Seafloor,synthetic,flat,Full Geometry-Aware Hybrid GA,41,1,201.43706050170448,201.43706050170448,0.0,0.0,0.0,98.66666666666669,0.0,26,1,25.0,25,1.9634954084936207,0.0,1.9634954084936207,203.4005559101981,0.9653343373164177,38.0303798738318,3.55699562784778,3.5597685175205083
main_benchmark,synthetic_flat,Flat Seafloor,synthetic,flat,Full Geometry-Aware Hybrid GA,41,1,201.43706050170448,201.43706050170448,0.0,0.0,0.0,98.66666666666669,0.0,26,1,50.0,25,3.9269908169872414,0.0,3.9269908169872414,205.3640513186917,1.9122094601129525,38.757600395496105,3.559768517520522,3.565157755036904
main_benchmark,synthetic_flat,Flat Seafloor,synthetic,flat,Full Geometry-Aware Hybrid GA,41,1,201.43706050170448,201.43706050170448,0.0,0.0,0.0,98.66666666666669,0.0,26,1,100.0,25,7.853981633974483,0.0,7.853981633974483,209.29104213567896,3.752660196934235,40.21204143882471,3.5651577550369087,3.5753498084265
main_benchmark,synthetic_flat,Flat Seafloor,synthetic,flat,Full Geometry-Aware Hybrid GA,42,1,201.419863530849,201.419863530849,0.0,0.0,0.0,99.33333333333331,0.0,26,1,25.0,25,1.9634954084936207,0.0,1.9634954084936207,203.38335893934263,0.9654159606436712,38.0271952495993,3.565149624910281,3.5678443216325246
main_benchmark,synthetic_flat,Flat Seafloor,synthetic,flat,Full Geometry-Aware Hybrid GA,42,1,201.419863530849,201.419863530849,0.0,0.0,0.0,99.33333333333331,0.0,26,1,50.0,25,3.9269908169872414,0.0,3.9269908169872414,205.34685434783623,1.9123695999429955,38.75441577126361,3.5678443216325384,3.5730815875842334
main_benchmark,synthetic_flat,Flat Seafloor,synthetic,flat,Full Geometry-Aware Hybrid GA,42,1,201.419863530849,201.419863530849,0.0,0.0,0.0,99.33333333333331,0.0,26,1,100.0,25,7.853981633974483,0.0,7.853981633974483,209.27384516482348,3.752968569860562,40.20885681459222,3.5730815875842397,3.582986234397989
main_benchmark,synthetic_flat,Flat Seafloor,synthetic,flat,Full Geometry-Aware Hybrid GA,43,1,201.38250738105265,201.38250738105265,0.0,0.0,0.0,98.66666666666669,0.0130550080660876,26,1,25.0,25,1.9634954084936207,0.0,1.9634954084936207,203.34600278954628,0.965593314625293,38.02027744408146,3.5828621591853937,3.5853870011352007
main_benchmark,synthetic_flat,Flat Seafloor,synthetic,flat,Full Geometry-Aware Hybrid GA,43,1,201.38250738105265,201.38250738105265,0.0,0.0,0.0,98.66666666666669,0.0130550080660876,26,1,50.0,25,3.9269908169872414,0.0,3.9269908169872414,205.30949819803988,1.9127175563983394,38.747497965745765,3.5853870011352122,3.5902941465916833
main_benchmark,synthetic_flat,Flat Seafloor,synthetic,flat,Full Geometry-Aware Hybrid GA,43,1,201.38250738105265,201.38250738105265,0.0,0.0,0.0,98.66666666666669,0.0130550080660876,26,1,100.0,25,7.853981633974483,0.0,7.853981633974483,209.23648901502713,3.7536386081351316,40.20193900907437,3.590294146591686,3.599574473972104
main_benchmark,synthetic_flat,Flat Seafloor,synthetic,flat,Full Geometry-Aware Hybrid GA,44,1,201.44145911860127,201.44145911860127,0.0,0.0,0.0,99.33333333333331,0.0,26,1,25.0,25,1.9634954084936207,0.0,1.9634954084936207,203.4049545270949,0.9653134620337234,38.031194432516386,3.554910010005142,3.5577028997602236
main_benchmark,synthetic_flat,Flat Seafloor,synthetic,flat,Full Geometry-Aware Hybrid GA,44,1,201.44145911860127,201.44145911860127,0.0,0.0,0.0,99.33333333333331,0.0,26,1,50.0,25,3.9269908169872414,0.0,3.9269908169872414,205.3684499355885,1.9121685040807863,38.7584149541807,3.55770289976023,3.563131008348598
main_benchmark,synthetic_flat,Flat Seafloor,synthetic,flat,Full Geometry-Aware Hybrid GA,44,1,201.44145911860127,201.44145911860127,0.0,0.0,0.0,99.33333333333331,0.0,26,1,100.0,25,7.853981633974483,0.0,7.853981633974483,209.29544075257576,3.7525813298815613,40.21285599750931,3.563131008348614,3.5733965741859026
main_benchmark,synthetic_flat,Flat Seafloor,synthetic,flat,Full Geometry-Aware Hybrid GA,45,1,201.4374629684571,201.4374629684571,0.0,0.0,0.0,98.66666666666669,0.0,26,1,25.0,25,1.9634954084936207,0.0,1.9634954084936207,203.40095837695074,0.9653324272222911,38.03045440471191,3.556804796988887,3.559579516638726
main_benchmark,synthetic_flat,Flat Seafloor,synthetic,flat,Full Geometry-Aware Hybrid GA,45,1,201.4374629684571,201.4374629684571,0.0,0.0,0.0,98.66666666666669,0.0,26,1,50.0,25,3.9269908169872414,0.0,3.9269908169872414,205.36445378544434,1.9122057126254122,38.75767492637622,3.5595795166387285,3.5649723107990585
main_benchmark,synthetic_flat,Flat Seafloor,synthetic,flat,Full Geometry-Aware Hybrid GA,45,1,201.4374629684571,201.4374629684571,0.0,0.0,0.0,98.66666666666669,0.0,26,1,100.0,25,7.853981633974483,0.0,7.853981633974483,209.2914446024316,3.7526529805811437,40.212115969704826,3.5649723107990527,3.575171090465755
main_benchmark,synthetic_flat,Flat Seafloor,synthetic,flat,Full Geometry-Aware Hybrid GA,46,1,201.42517476896705,201.42517476896705,0.0,0.0,0.0,99.33333333333331,0.0,26,1,25.0,25,1.9634954084936207,0.0,1.9634954084936207,203.38867017746068,0.9653907500257667,38.02817881221375,3.5626312848853545,3.565350131289703
main_benchmark,synthetic_flat,Flat Seafloor,synthetic,flat,Full Geometry-Aware Hybrid GA,46,1,201.42517476896705,201.42517476896705,0.0,0.0,0.0,99.33333333333331,0.0,26,1,50.0,25,3.9269908169872414,0.0,3.9269908169872414,205.35216558595428,1.9123201383252615,38.75539933387806,3.565350131289708,3.5706343332497363
main_benchmark,synthetic_flat,Flat Seafloor,synthetic,flat,Full Geometry-Aware Hybrid GA,46,1,201.42517476896705,201.42517476896705,0.0,0.0,0.0,99.33333333333331,0.0,26,1,100.0,25,7.853981633974483,0.0,7.853981633974483,209.27915640294154,3.75287332430402,40.20984037720667,3.570634333249733,3.5806277448101325
main_benchmark,synthetic_flat,Flat Seafloor,synthetic,flat,Full Geometry-Aware Hybrid GA,47,1,201.44145911860127,201.44145911860127,0.0,0.0,0.0,99.33333333333331,0.0,26,1,25.0,25,1.9634954084936207,0.0,1.9634954084936207,203.4049545270949,0.9653134620337234,38.031194432516386,3.554910010005142,3.5577028997602236
main_benchmark,synthetic_flat,Flat Seafloor,synthetic,flat,Full Geometry-Aware Hybrid GA,47,1,201.44145911860127,201.44145911860127,0.0,0.0,0.0,99.33333333333331,0.0,26,1,50.0,25,3.9269908169872414,0.0,3.9269908169872414,205.3684499355885,1.9121685040807863,38.7584149541807,3.55770289976023,3.563131008348598
main_benchmark,synthetic_flat,Flat Seafloor,synthetic,flat,Full Geometry-Aware Hybrid GA,47,1,201.44145911860127,201.44145911860127,0.0,0.0,0.0,99.33333333333331,0.0,26,1,100.0,25,7.853981633974483,0.0,7.853981633974483,209.29544075257576,3.7525813298815613,40.21285599750931,3.563131008348614,3.5733965741859026
main_benchmark,synthetic_flat,Flat Seafloor,synthetic,flat,Full Geometry-Aware Hybrid GA,48,1,201.4143716338061,201.4143716338061,0.0,0.0,0.0,98.66666666666669,0.0042564179129661,26,1,25.0,25,1.9634954084936207,0.0,1.9634954084936207,203.37786704229973,0.9654420301719662,38.026178231628386,3.5677536249246855,3.5704233505263305
main_benchmark,synthetic_flat,Flat Seafloor,synthetic,flat,Full Geometry-Aware Hybrid GA,48,1,201.4143716338061,201.4143716338061,0.0,0.0,0.0,98.66666666666669,0.0042564179129661,26,1,50.0,25,3.9269908169872414,0.0,3.9269908169872414,205.34136245079333,1.9124207466619296,38.7533987532927,3.570423350526322,3.5756120839664693
main_benchmark,synthetic_flat,Flat Seafloor,synthetic,flat,Full Geometry-Aware Hybrid GA,48,1,201.4143716338061,201.4143716338061,0.0,0.0,0.0,98.66666666666669,0.0042564179129661,26,1,100.0,25,7.853981633974483,0.0,7.853981633974483,209.26835326778058,3.7530670602279255,40.20783979662131,3.5756120839664707,3.585424946748186
main_benchmark,synthetic_flat,Flat Seafloor,synthetic,flat,Full Geometry-Aware Hybrid GA,49,1,201.44145911860127,201.44145911860127,0.0,0.0,0.0,99.33333333333331,0.0,26,1,25.0,25,1.9634954084936207,0.0,1.9634954084936207,203.4049545270949,0.9653134620337234,38.031194432516386,3.554910010005142,3.5577028997602236
main_benchmark,synthetic_flat,Flat Seafloor,synthetic,flat,Full Geometry-Aware Hybrid GA,49,1,201.44145911860127,201.44145911860127,0.0,0.0,0.0,99.33333333333331,0.0,26,1,50.0,25,3.9269908169872414,0.0,3.9269908169872414,205.3684499355885,1.9121685040807863,38.7584149541807,3.55770289976023,3.563131008348598
main_benchmark,synthetic_flat,Flat Seafloor,synthetic,flat,Full Geometry-Aware Hybrid GA,49,1,201.44145911860127,201.44145911860127,0.0,0.0,0.0,99.33333333333331,0.0,26,1,100.0,25,7.853981633974483,0.0,7.853981633974483,209.29544075257576,3.7525813298815613,40.21285599750931,3.563131008348614,3.5733965741859026
main_benchmark,synthetic_uniform_slope,Uniform Slope,synthetic,moderate_slope,Fixed-Spacing,0,1,194.025656538,194.025656538,0.0,0.0,0.0,97.18333333333334,9.828537975319383,25,0,25.0,24,1.8849555921538759,0.0,1.8849555921538759,195.91061213015388,0.9621508358626326,36.62880883746439,0.0,0.0
main_benchmark,synthetic_uniform_slope,Uniform Slope,synthetic,moderate_slope,Fixed-Spacing,0,1,194.025656538,194.025656538,0.0,0.0,0.0,97.18333333333334,9.828537975319383,25,0,50.0,24,3.7699111843077517,0.0,3.7699111843077517,197.79556772230774,1.905963428665128,37.32694053826213,0.0,0.0
main_benchmark,synthetic_uniform_slope,Uniform Slope,synthetic,moderate_slope,Fixed-Spacing,0,1,194.025656538,194.025656538,0.0,0.0,0.0,97.18333333333334,9.828537975319383,25,0,100.0,24,7.5398223686155035,0.0,7.5398223686155035,201.5654789066155,3.740631783535053,38.7232039398576,0.0,0.0
main_benchmark,synthetic_uniform_slope,Uniform Slope,synthetic,moderate_slope,Adaptive Spacing w/o GA,0,1,179.32895893798403,179.32895893798403,0.0,0.0,0.0,100.0,0.0001480423916877,29,1,25.0,28,2.199114857512855,0.0,2.199114857512855,181.52807379549688,1.211446147988272,34.02355345426106,7.341377875488394,7.1125856010328175
main_benchmark,synthetic_uniform_slope,Uniform Slope,synthetic,moderate_slope,Adaptive Spacing w/o GA,0,1,179.32895893798403,179.32895893798403,0.0,0.0,0.0,100.0,0.0001480423916877,29,1,50.0,28,4.39822971502571,0.0,4.39822971502571,183.72718865300973,2.3938915885401593,34.83804043852508,7.1125856010328325,6.6678384669265744
main_benchmark,synthetic_uniform_slope,Uniform Slope,synthetic,moderate_slope,Adaptive Spacing w/o GA,0,1,179.32895893798403,179.32895893798403,0.0,0.0,0.0,100.0,0.0001480423916877,29,1,100.0,28,8.79645943005142,0.0,8.79645943005142,188.12541836803544,4.675848434708935,36.46701440705312,6.667838466926571,5.826453658918942
main_benchmark,synthetic_uniform_slope,Uniform Slope,synthetic,moderate_slope,Full Geometry-Aware Hybrid GA,0,1,178.9149038792431,178.9149038792431,0.0,0.0,0.0,100.0,0.091580199074069,29,1,25.0,28,2.199114857512855,0.0,2.199114857512855,181.11401873675595,1.2142157039258268,33.94687659153126,7.552726844407877,7.3219204529250765
main_benchmark,synthetic_uniform_slope,Uniform Slope,synthetic,moderate_slope,Full Geometry-Aware Hybrid GA,0,1,178.9149038792431,178.9149038792431,0.0,0.0,0.0,100.0,0.091580199074069,29,1,50.0,28,4.39822971502571,0.0,4.39822971502571,183.3131335942688,2.3992987456973016,34.76136357579528,7.321920452925082,6.873258095816865
main_benchmark,synthetic_uniform_slope,Uniform Slope,synthetic,moderate_slope,Full Geometry-Aware Hybrid GA,0,1,178.9149038792431,178.9149038792431,0.0,0.0,0.0,100.0,0.091580199074069,29,1,100.0,28,8.79645943005142,0.0,8.79645943005142,187.7113633092945,4.686162454404733,36.39033754432332,6.873258095816872,6.024466361713079
main_benchmark,synthetic_uniform_slope,Uniform Slope,synthetic,moderate_slope,Full Geometry-Aware Hybrid GA,1,1,179.32895893798403,179.32895893798403,0.0,0.0,0.0,100.0,0.0001480423916877,29,1,25.0,28,2.199114857512855,0.0,2.199114857512855,181.52807379549688,1.211446147988272,34.02355345426106,7.341377875488394,7.1125856010328175
main_benchmark,synthetic_uniform_slope,Uniform Slope,synthetic,moderate_slope,Full Geometry-Aware Hybrid GA,1,1,179.32895893798403,179.32895893798403,0.0,0.0,0.0,100.0,0.0001480423916877,29,1,50.0,28,4.39822971502571,0.0,4.39822971502571,183.72718865300973,2.3938915885401593,34.83804043852508,7.1125856010328325,6.6678384669265744
main_benchmark,synthetic_uniform_slope,Uniform Slope,synthetic,moderate_slope,Full Geometry-Aware Hybrid GA,1,1,179.32895893798403,179.32895893798403,0.0,0.0,0.0,100.0,0.0001480423916877,29,1,100.0,28,8.79645943005142,0.0,8.79645943005142,188.12541836803544,4.675848434708935,36.46701440705312,6.667838466926571,5.826453658918942
main_benchmark,synthetic_uniform_slope,Uniform Slope,synthetic,moderate_slope,Full Geometry-Aware Hybrid GA,2,1,179.32895893798403,179.32895893798403,0.0,0.0,0.0,100.0,0.0001480423916877,29,1,25.0,28,2.199114857512855,0.0,2.199114857512855,181.52807379549688,1.211446147988272,34.02355345426106,7.341377875488394,7.1125856010328175
main_benchmark,synthetic_uniform_slope,Uniform Slope,synthetic,moderate_slope,Full Geometry-Aware Hybrid GA,2,1,179.32895893798403,179.32895893798403,0.0,0.0,0.0,100.0,0.0001480423916877,29,1,50.0,28,4.39822971502571,0.0,4.39822971502571,183.72718865300973,2.3938915885401593,34.83804043852508,7.1125856010328325,6.6678384669265744
main_benchmark,synthetic_uniform_slope,Uniform Slope,synthetic,moderate_slope,Full Geometry-Aware Hybrid GA,2,1,179.32895893798403,179.32895893798403,0.0,0.0,0.0,100.0,0.0001480423916877,29,1,100.0,28,8.79645943005142,0.0,8.79645943005142,188.12541836803544,4.675848434708935,36.46701440705312,6.667838466926571,5.826453658918942
main_benchmark,synthetic_uniform_slope,Uniform Slope,synthetic,moderate_slope,Full Geometry-Aware Hybrid GA,3,1,179.29934658464242,179.29934658464242,0.0,0.0,0.0,100.0,0.0049396388895763,29,1,25.0,28,2.199114857512855,0.0,2.199114857512855,181.49846144215527,1.211643801296755,34.01806968512373,7.35649311249349,7.127556792593177
main_benchmark,synthetic_uniform_slope,Uniform Slope,synthetic,moderate_slope,Full Geometry-Aware Hybrid GA,3,1,179.29934658464242,179.29934658464242,0.0,0.0,0.0,100.0,0.0049396388895763,29,1,50.0,28,4.39822971502571,0.0,4.39822971502571,183.69757629966813,2.3942774878264173,34.83255666938775,7.1275567925931895,6.6825296499119755
main_benchmark,synthetic_uniform_slope,Uniform Slope,synthetic,moderate_slope,Full Geometry-Aware Hybrid GA,3,1,179.29934658464242,179.29934658464242,0.0,0.0,0.0,100.0,0.0049396388895763,29,1,100.0,28,8.79645943005142,0.0,8.79645943005142,188.09580601469384,4.6765845642322565,36.46153063791579,6.682529649911988,5.840615114014045
main_benchmark,synthetic_uniform_slope,Uniform Slope,synthetic,moderate_slope,Full Geometry-Aware Hybrid GA,4,1,179.03261813757732,179.03261813757732,0.0,0.0,0.0,100.0,0.0611276691054494,29,1,25.0,28,2.199114857512855,0.0,2.199114857512855,181.23173299509017,1.2134270423670408,33.968675528259816,7.492641146622393,7.262407360852419
main_benchmark,synthetic_uniform_slope,Uniform Slope,synthetic,moderate_slope,Full Geometry-Aware Hybrid GA,4,1,179.03261813757732,179.03261813757732,0.0,0.0,0.0,100.0,0.0611276691054494,29,1,50.0,28,4.39822971502571,0.0,4.39822971502571,183.43084785260302,2.3977590282742054,34.78316251252384,7.262407360852421,6.814858086562925
main_benchmark,synthetic_uniform_slope,Uniform Slope,synthetic,moderate_slope,Full Geometry-Aware Hybrid GA,4,1,179.03261813757732,179.03261813757732,0.0,0.0,0.0,100.0,0.0611276691054494,29,1,100.0,28,8.79645943005142,0.0,8.79645943005142,187.82907756762873,4.683225592099399,36.41213648105188,6.814858086562928,5.968172113018124
main_benchmark,synthetic_uniform_slope,Uniform Slope,synthetic,moderate_slope,Full Geometry-Aware Hybrid GA,5,1,178.90497620239069,178.90497620239069,0.0,0.0,0.0,99.9888888888889,0.1073284386965273,29,1,25.0,28,2.199114857512855,0.0,2.199114857512855,181.10409105990354,1.2142822642175748,33.94503813285488,7.557794296724252,7.326939613347498
main_benchmark,synthetic_uniform_slope,Uniform Slope,synthetic,moderate_slope,Full Geometry-Aware Hybrid GA,5,1,178.90497620239069,178.90497620239069,0.0,0.0,0.0,99.9888888888889,0.1073284386965273,29,1,50.0,28,4.39822971502571,0.0,4.39822971502571,183.3032059174164,2.3994286913930165,34.759525117118905,7.326939613347499,6.878183382084274
main_benchmark,synthetic_uniform_slope,Uniform Slope,synthetic,moderate_slope,Full Geometry-Aware Hybrid GA,5,1,178.90497620239069,178.90497620239069,0.0,0.0,0.0,99.9888888888889,0.1073284386965273,29,1,100.0,28,8.79645943005142,0.0,8.79645943005142,187.7014356324421,4.686410309229969,36.38849908564695,6.878183382084274,6.029214054283224
main_benchmark,synthetic_uniform_slope,Uniform Slope,synthetic,moderate_slope,Full Geometry-Aware Hybrid GA,6,1,179.0941138496747,179.0941138496747,0.0,0.0,0.0,99.99444444444444,0.0652767550820263,29,1,25.0,28,2.199114857512855,0.0,2.199114857512855,181.29322870718755,1.213015440893667,33.98006362309267,7.461251467712845,7.231316819843056
main_benchmark,synthetic_uniform_slope,Uniform Slope,synthetic,moderate_slope,Full Geometry-Aware Hybrid GA,6,1,179.0941138496747,179.0941138496747,0.0,0.0,0.0,99.99444444444444,0.0652767550820263,29,1,50.0,28,4.39822971502571,0.0,4.39822971502571,183.4923435647004,2.396955442162561,34.79455060735668,7.231316819843071,6.784349036882915
main_benchmark,synthetic_uniform_slope,Uniform Slope,synthetic,moderate_slope,Full Geometry-Aware Hybrid GA,6,1,179.0941138496747,179.0941138496747,0.0,0.0,0.0,99.99444444444444,0.0652767550820263,29,1,100.0,28,8.79645943005142,0.0,8.79645943005142,187.8905732797261,4.6816927941113375,36.42352457588473,6.784349036882912,5.938763144559489
main_benchmark,synthetic_uniform_slope,Uniform Slope,synthetic,moderate_slope,Full Geometry-Aware Hybrid GA,7,1,179.04328157766534,179.04328157766534,0.0,0.0,0.0,100.0,0.0497338292764796,29,1,25.0,28,2.199114857512855,0.0,2.199114857512855,181.2423964351782,1.2133556500944713,33.97065023938723,7.487198133621678,7.2570162187702945
main_benchmark,synthetic_uniform_slope,Uniform Slope,synthetic,moderate_slope,Full Geometry-Aware Hybrid GA,7,1,179.04328157766534,179.04328157766534,0.0,0.0,0.0,100.0,0.0497338292764796,29,1,50.0,28,4.39822971502571,0.0,4.39822971502571,183.44151129269105,2.397619646737478,34.78513722365125,7.257016218770312,6.809567775867929
main_benchmark,synthetic_uniform_slope,Uniform Slope,synthetic,moderate_slope,Full Geometry-Aware Hybrid GA,7,1,179.04328157766534,179.04328157766534,0.0,0.0,0.0,100.0,0.0497338292764796,29,1,100.0,28,8.79645943005142,0.0,8.79645943005142,187.83974100771675,4.68295973091767,36.41411119217929,6.809567775867929,5.963072557902599
main_benchmark,synthetic_uniform_slope,Uniform Slope,synthetic,moderate_slope,Full Geometry-Aware Hybrid GA,8,1,179.1994576074116,179.1994576074116,0.0,0.0,0.0,100.0,0.0352652787691531,29,1,25.0,28,2.199114857512855,0.0,2.199114857512855,181.39857246492446,1.212311005334995,33.99957172637728,7.40748012955434,7.178057912704744
main_benchmark,synthetic_uniform_slope,Uniform Slope,synthetic,moderate_slope,Full Geometry-Aware Hybrid GA,8,1,179.1994576074116,179.1994576074116,0.0,0.0,0.0,100.0,0.0352652787691531,29,1,50.0,28,4.39822971502571,0.0,4.39822971502571,183.5976873224373,2.3955801291230134,34.8140587106413,7.178057912704768,6.732086239548594
main_benchmark,synthetic_uniform_slope,Uniform Slope,synthetic,moderate_slope,Full Geometry-Aware Hybrid GA,8,1,179.1994576074116,179.1994576074116,0.0,0.0,0.0,100.0,0.0352652787691531,29,1,100.0,28,8.79645943005142,0.0,8.79645943005142,187.99591703746302,4.679069401437319,36.44303267916934,6.732086239548598,5.888384815031504
main_benchmark,synthetic_uniform_slope,Uniform Slope,synthetic,moderate_slope,Full Geometry-Aware Hybrid GA,9,1,179.21081130523856,179.21081130523856,0.0,0.0,0.0,100.0,0.0026373627705738,29,1,25.0,28,2.199114857512855,0.0,2.199114857512855,181.40992616275142,1.212235131797543,34.0016742630119,7.401684783552655,7.172317795290755
main_benchmark,synthetic_uniform_slope,Uniform Slope,synthetic,moderate_slope,Full Geometry-Aware Hybrid GA,9,1,179.21081130523856,179.21081130523856,0.0,0.0,0.0,100.0,0.0026373627705738,29,1,50.0,28,4.39822971502571,0.0,4.39822971502571,183.60904102026427,2.3954319953886656,34.81616124727592,7.172317795290761,6.726453480462785
main_benchmark,synthetic_uniform_slope,Uniform Slope,synthetic,moderate_slope,Full Geometry-Aware Hybrid GA,9,1,179.21081130523856,179.21081130523856,0.0,0.0,0.0,100.0,0.0026373627705738,29,1,100.0,28,8.79645943005142,0.0,8.79645943005142,188.00727073528998,4.678786833960607,36.445135215803965,6.726453480462791,5.882955159371066
main_benchmark,synthetic_uniform_slope,Uniform Slope,synthetic,moderate_slope,Full Geometry-Aware Hybrid GA,10,1,179.07026399926818,179.07026399926818,0.0,0.0,0.0,100.0,0.0143134916970387,29,1,25.0,28,2.199114857512855,0.0,2.199114857512855,181.26937885678103,1.2131750389294111,33.9756469841285,7.473425310746258,7.243374648378414
main_benchmark,synthetic_uniform_slope,Uniform Slope,synthetic,moderate_slope,Full Geometry-Aware Hybrid GA,10,1,179.07026399926818,179.07026399926818,0.0,0.0,0.0,100.0,0.0143134916970387,29,1,50.0,28,4.39822971502571,0.0,4.39822971502571,183.46849371429388,2.3972670326028016,34.79013396839252,7.243374648378442,6.7961813459349765
main_benchmark,synthetic_uniform_slope,Uniform Slope,synthetic,moderate_slope,Full Geometry-Aware Hybrid GA,10,1,179.07026399926818,179.07026399926818,0.0,0.0,0.0,100.0,0.0143134916970387,29,1,100.0,28,8.79645943005142,0.0,8.79645943005142,187.8667234293196,4.682287139244689,36.41910793692056,6.7961813459349845,5.950168809677038
main_benchmark,synthetic_uniform_slope,Uniform Slope,synthetic,moderate_slope,Full Geometry-Aware Hybrid GA,11,1,179.02210795605268,179.02210795605268,0.0,0.0,0.0,99.99444444444444,0.065423810423351,29,1,25.0,28,2.199114857512855,0.0,2.199114857512855,181.22122281356553,1.2134974167872339,33.96672919834785,7.498005930801442,7.267721019619218
main_benchmark,synthetic_uniform_slope,Uniform Slope,synthetic,moderate_slope,Full Geometry-Aware Hybrid GA,11,1,179.02210795605268,179.02210795605268,0.0,0.0,0.0,99.99444444444444,0.065423810423351,29,1,50.0,28,4.39822971502571,0.0,4.39822971502571,183.42033767107839,2.3978964224310335,34.78121618261187,7.2677210196192314,6.820072363125375
main_benchmark,synthetic_uniform_slope,Uniform Slope,synthetic,moderate_slope,Full Geometry-Aware Hybrid GA,11,1,179.02210795605268,179.02210795605268,0.0,0.0,0.0,99.99444444444444,0.065423810423351,29,1,100.0,28,8.79645943005142,0.0,8.79645943005142,187.8185673861041,4.683487661775358,36.410190151139915,6.820072363125387,5.973198375604735
main_benchmark,synthetic_uniform_slope,Uniform Slope,synthetic,moderate_slope,Full Geometry-Aware Hybrid GA,12,1,178.868780454024,178.868780454024,0.0,0.0,0.0,100.0,0.1023134646287731,29,1,25.0,28,2.199114857512855,0.0,2.199114857512855,181.06789531153686,1.21452500109374,33.938335216490685,7.576269941291497,7.345239188400406
main_benchmark,synthetic_uniform_slope,Uniform Slope,synthetic,moderate_slope,Full Geometry-Aware Hybrid GA,12,1,178.868780454024,178.868780454024,0.0,0.0,0.0,100.0,0.1023134646287731,29,1,50.0,28,4.39822971502571,0.0,4.39822971502571,183.2670101690497,2.399902585287271,34.75282220075471,7.345239188400413,6.89614069727684
main_benchmark,synthetic_uniform_slope,Uniform Slope,synthetic,moderate_slope,Full Geometry-Aware Hybrid GA,12,1,178.868780454024,178.868780454024,0.0,0.0,0.0,100.0,0.1023134646287731,29,1,100.0,28,8.79645943005142,0.0,8.79645943005142,187.66523988407542,4.6873141960041025,36.38179616928275,6.896140697276848,6.046523872898977
main_benchmark,synthetic_uniform_slope,Uniform Slope,synthetic,moderate_slope,Full Geometry-Aware Hybrid GA,13,1,179.32895893798403,179.32895893798403,0.0,0.0,0.0,100.0,0.0001480423916877,29,1,25.0,28,2.199114857512855,0.0,2.199114857512855,181.52807379549688,1.211446147988272,34.02355345426106,7.341377875488394,7.1125856010328175
main_benchmark,synthetic_uniform_slope,Uniform Slope,synthetic,moderate_slope,Full Geometry-Aware Hybrid GA,13,1,179.32895893798403,179.32895893798403,0.0,0.0,0.0,100.0,0.0001480423916877,29,1,50.0,28,4.39822971502571,0.0,4.39822971502571,183.72718865300973,2.3938915885401593,34.83804043852508,7.1125856010328325,6.6678384669265744
main_benchmark,synthetic_uniform_slope,Uniform Slope,synthetic,moderate_slope,Full Geometry-Aware Hybrid GA,13,1,179.32895893798403,179.32895893798403,0.0,0.0,0.0,100.0,0.0001480423916877,29,1,100.0,28,8.79645943005142,0.0,8.79645943005142,188.12541836803544,4.675848434708935,36.46701440705312,6.667838466926571,5.826453658918942
main_benchmark,synthetic_uniform_slope,Uniform Slope,synthetic,moderate_slope,Full Geometry-Aware Hybrid GA,14,1,178.89815611889225,178.89815611889225,0.0,0.0,0.0,100.0,0.0556581230874838,29,1,25.0,28,2.199114857512855,0.0,2.199114857512855,181.0972709764051,1.2143279938212732,33.943775154429254,7.561275518810327,7.330387660023637
main_benchmark,synthetic_uniform_slope,Uniform Slope,synthetic,moderate_slope,Full Geometry-Aware Hybrid GA,14,1,178.89815611889225,178.89815611889225,0.0,0.0,0.0,100.0,0.0556581230874838,29,1,50.0,28,4.39822971502571,0.0,4.39822971502571,183.29638583391795,2.39951796922547,34.758262138693276,7.330387660023659,6.881566939395473
main_benchmark,synthetic_uniform_slope,Uniform Slope,synthetic,moderate_slope,Full Geometry-Aware Hybrid GA,14,1,178.89815611889225,178.89815611889225,0.0,0.0,0.0,100.0,0.0556581230874838,29,1,100.0,28,8.79645943005142,0.0,8.79645943005142,187.69461554894366,4.686580594933282,36.38723610722132,6.881566939395493,6.0324756088477445
main_benchmark,synthetic_uniform_slope,Uniform Slope,synthetic,moderate_slope,Full Geometry-Aware Hybrid GA,15,1,179.32895893798403,179.32895893798403,0.0,0.0,0.0,100.0,0.0001480423916877,29,1,25.0,28,2.199114857512855,0.0,2.199114857512855,181.52807379549688,1.211446147988272,34.02355345426106,7.341377875488394,7.1125856010328175
main_benchmark,synthetic_uniform_slope,Uniform Slope,synthetic,moderate_slope,Full Geometry-Aware Hybrid GA,15,1,179.32895893798403,179.32895893798403,0.0,0.0,0.0,100.0,0.0001480423916877,29,1,50.0,28,4.39822971502571,0.0,4.39822971502571,183.72718865300973,2.3938915885401593,34.83804043852508,7.1125856010328325,6.6678384669265744
main_benchmark,synthetic_uniform_slope,Uniform Slope,synthetic,moderate_slope,Full Geometry-Aware Hybrid GA,15,1,179.32895893798403,179.32895893798403,0.0,0.0,0.0,100.0,0.0001480423916877,29,1,100.0,28,8.79645943005142,0.0,8.79645943005142,188.12541836803544,4.675848434708935,36.46701440705312,6.667838466926571,5.826453658918942
main_benchmark,synthetic_uniform_slope,Uniform Slope,synthetic,moderate_slope,Full Geometry-Aware Hybrid GA,16,1,178.9291739404132,178.9291739404132,0.0,0.0,0.0,100.0,0.075763713659477,29,1,25.0,28,2.199114857512855,0.0,2.199114857512855,181.12828879792605,1.2141200428201888,33.94951919545165,7.545442879024413,7.314705902399782
main_benchmark,synthetic_uniform_slope,Uniform Slope,synthetic,moderate_slope,Full Geometry-Aware Hybrid GA,16,1,178.9291739404132,178.9291739404132,0.0,0.0,0.0,100.0,0.075763713659477,29,1,50.0,28,4.39822971502571,0.0,4.39822971502571,183.3274036554389,2.3991119861666275,34.76400617971567,7.3147059023998,6.866178480176566
main_benchmark,synthetic_uniform_slope,Uniform Slope,synthetic,moderate_slope,Full Geometry-Aware Hybrid GA,16,1,178.9291739404132,178.9291739404132,0.0,0.0,0.0,100.0,0.075763713659477,29,1,100.0,28,8.79645943005142,0.0,8.79645943005142,187.7256333704646,4.685806233340636,36.39298014824371,6.866178480176583,6.017642019583514
main_benchmark,synthetic_uniform_slope,Uniform Slope,synthetic,moderate_slope,Full Geometry-Aware Hybrid GA,17,1,179.1319477618116,179.1319477618116,0.0,0.0,0.0,100.0,0.0329434982718323,29,1,25.0,28,2.199114857512855,0.0,2.199114857512855,181.33106261932446,1.2127623506677092,33.98706990311802,7.4419396439553,7.212189034234628
main_benchmark,synthetic_uniform_slope,Uniform Slope,synthetic,moderate_slope,Full Geometry-Aware Hybrid GA,17,1,179.1319477618116,179.1319477618116,0.0,0.0,0.0,100.0,0.0329434982718323,29,1,50.0,28,4.39822971502571,0.0,4.39822971502571,183.5301774768373,2.3964613206897787,34.80155688738204,7.2121890342346395,6.7655790012884465
main_benchmark,synthetic_uniform_slope,Uniform Slope,synthetic,moderate_slope,Full Geometry-Aware Hybrid GA,17,1,179.1319477618116,179.1319477618116,0.0,0.0,0.0,100.0,0.0329434982718323,29,1,100.0,28,8.79645943005142,0.0,8.79645943005142,187.92840719186302,4.6807502716025216,36.430530855910085,6.765579001288458,5.920669910238693
main_benchmark,synthetic_uniform_slope,Uniform Slope,synthetic,moderate_slope,Full Geometry-Aware Hybrid GA,18,1,179.22863966606556,179.22863966606556,0.0,0.0,0.0,100.0,0.0112244131808843,29,1,25.0,28,2.199114857512855,0.0,2.199114857512855,181.42775452357841,1.21211600909003,34.0049758113132,7.392584530823541,7.16330426630609
main_benchmark,synthetic_uniform_slope,Uniform Slope,synthetic,moderate_slope,Full Geometry-Aware Hybrid GA,18,1,179.22863966606556,179.22863966606556,0.0,0.0,0.0,100.0,0.0112244131808843,29,1,50.0,28,4.39822971502571,0.0,4.39822971502571,183.62686938109127,2.395199422529943,34.81946279557722,7.163304266306114,6.717608532943132
main_benchmark,synthetic_uniform_slope,Uniform Slope,synthetic,moderate_slope,Full Geometry-Aware Hybrid GA,18,1,179.22863966606556,179.22863966606556,0.0,0.0,0.0,100.0,0.0112244131808843,29,1,100.0,28,8.79645943005142,0.0,8.79645943005142,188.02509909611697,4.678343195848942,36.44843676410527,6.717608532943153,5.874429138883635
main_benchmark,synthetic_uniform_slope,Uniform Slope,synthetic,moderate_slope,Full Geometry-Aware Hybrid GA,19,1,178.89175443169884,178.89175443169884,0.0,0.0,0.0,100.0,0.098826678702841,29,1,25.0,28,2.199114857512855,0.0,2.199114857512855,181.0908692892117,1.2143709211538172,33.94258965680084,7.564543175995304,7.333624177033165
main_benchmark,synthetic_uniform_slope,Uniform Slope,synthetic,moderate_slope,Full Geometry-Aware Hybrid GA,19,1,178.89175443169884,178.89175443169884,0.0,0.0,0.0,100.0,0.098826678702841,29,1,50.0,28,4.39822971502571,0.0,4.39822971502571,183.28998414672455,2.3996017761150035,34.75707664106486,7.333624177033175,6.884742923313032
main_benchmark,synthetic_uniform_slope,Uniform Slope,synthetic,moderate_slope,Full Geometry-Aware Hybrid GA,19,1,178.89175443169884,178.89175443169884,0.0,0.0,0.0,100.0,0.098826678702841,29,1,100.0,28,8.79645943005142,0.0,8.79645943005142,187.68821386175026,4.686740445263562,36.38605060959291,6.884742923313042,6.035537074604178
main_benchmark,synthetic_uniform_slope,Uniform Slope,synthetic,moderate_slope,Full Geometry-Aware Hybrid GA,20,1,179.04935367148303,179.04935367148303,0.0,0.0,0.0,99.99444444444444,0.0812097534383675,29,1,25.0,28,2.199114857512855,0.0,2.199114857512855,181.2484685289959,1.2133150008718798,33.97177470120532,7.484098713048351,7.253946335108294
main_benchmark,synthetic_uniform_slope,Uniform Slope,synthetic,moderate_slope,Full Geometry-Aware Hybrid GA,20,1,179.04935367148303,179.04935367148303,0.0,0.0,0.0,99.99444444444444,0.0812097534383675,29,1,50.0,28,4.39822971502571,0.0,4.39822971502571,183.44758338650874,2.3975402858041512,34.78626168546934,7.253946335108299,6.806555308727899
main_benchmark,synthetic_uniform_slope,Uniform Slope,synthetic,moderate_slope,Full Geometry-Aware Hybrid GA,20,1,179.04935367148303,179.04935367148303,0.0,0.0,0.0,99.99444444444444,0.0812097534383675,29,1,100.0,28,8.79645943005142,0.0,8.79645943005142,187.84581310153445,4.682808354795088,36.415235653997385,6.806555308727905,5.960168712911259
main_benchmark,synthetic_uniform_slope,Uniform Slope,synthetic,moderate_slope,Full Geometry-Aware Hybrid GA,21,1,179.32895893798403,179.32895893798403,0.0,0.0,0.0,100.0,0.0001480423916877,29,1,25.0,28,2.199114857512855,0.0,2.199114857512855,181.52807379549688,1.211446147988272,34.02355345426106,7.341377875488394,7.1125856010328175
main_benchmark,synthetic_uniform_slope,Uniform Slope,synthetic,moderate_slope,Full Geometry-Aware Hybrid GA,21,1,179.32895893798403,179.32895893798403,0.0,0.0,0.0,100.0,0.0001480423916877,29,1,50.0,28,4.39822971502571,0.0,4.39822971502571,183.72718865300973,2.3938915885401593,34.83804043852508,7.1125856010328325,6.6678384669265744
main_benchmark,synthetic_uniform_slope,Uniform Slope,synthetic,moderate_slope,Full Geometry-Aware Hybrid GA,21,1,179.32895893798403,179.32895893798403,0.0,0.0,0.0,100.0,0.0001480423916877,29,1,100.0,28,8.79645943005142,0.0,8.79645943005142,188.12541836803544,4.675848434708935,36.46701440705312,6.667838466926571,5.826453658918942
main_benchmark,synthetic_uniform_slope,Uniform Slope,synthetic,moderate_slope,Full Geometry-Aware Hybrid GA,22,1,179.1470515728737,179.1470515728737,0.0,0.0,0.0,100.0,0.0291838230343365,29,1,25.0,28,2.199114857512855,0.0,2.199114857512855,181.34616643038655,1.212661343109798,33.98986690516656,7.434230101885136,7.204552962690642
main_benchmark,synthetic_uniform_slope,Uniform Slope,synthetic,moderate_slope,Full Geometry-Aware Hybrid GA,22,1,179.1470515728737,179.1470515728737,0.0,0.0,0.0,100.0,0.0291838230343365,29,1,50.0,28,4.39822971502571,0.0,4.39822971502571,183.5452812878994,2.3962641175868096,34.80435388943057,7.204552962690662,6.758085748404074
main_benchmark,synthetic_uniform_slope,Uniform Slope,synthetic,moderate_slope,Full Geometry-Aware Hybrid GA,22,1,179.1470515728737,179.1470515728737,0.0,0.0,0.0,100.0,0.0291838230343365,29,1,100.0,28,8.79645943005142,0.0,8.79645943005142,187.9435110029251,4.680374109811386,36.433327857958616,6.758085748404074,5.913446845605726
main_benchmark,synthetic_uniform_slope,Uniform Slope,synthetic,moderate_slope,Full Geometry-Aware Hybrid GA,23,1,179.1474422235522,179.1474422235522,0.0,0.0,0.0,100.0,0.0108455469729268,29,1,25.0,28,2.199114857512855,0.0,2.199114857512855,181.34655708106504,1.2126587308353545,33.98993924788479,7.434030699374854,7.204355460449839
main_benchmark,synthetic_uniform_slope,Uniform Slope,synthetic,moderate_slope,Full Geometry-Aware Hybrid GA,23,1,179.1474422235522,179.1474422235522,0.0,0.0,0.0,100.0,0.0108455469729268,29,1,50.0,28,4.39822971502571,0.0,4.39822971502571,183.5456719385779,2.396259017481787,34.80442623214881,7.2043554604498405,6.757891940079048
main_benchmark,synthetic_uniform_slope,Uniform Slope,synthetic,moderate_slope,Full Geometry-Aware Hybrid GA,23,1,179.1474422235522,179.1474422235522,0.0,0.0,0.0,100.0,0.0108455469729268,29,1,100.0,28,8.79645943005142,0.0,8.79645943005142,187.9439016536036,4.680364381422725,36.43340020067686,6.75789194007905,5.913260025531764
main_benchmark,synthetic_uniform_slope,Uniform Slope,synthetic,moderate_slope,Full Geometry-Aware Hybrid GA,24,1,179.32895893798403,179.32895893798403,0.0,0.0,0.0,100.0,0.0001480423916877,29,1,25.0,28,2.199114857512855,0.0,2.199114857512855,181.52807379549688,1.211446147988272,34.02355345426106,7.341377875488394,7.1125856010328175
main_benchmark,synthetic_uniform_slope,Uniform Slope,synthetic,moderate_slope,Full Geometry-Aware Hybrid GA,24,1,179.32895893798403,179.32895893798403,0.0,0.0,0.0,100.0,0.0001480423916877,29,1,50.0,28,4.39822971502571,0.0,4.39822971502571,183.72718865300973,2.3938915885401593,34.83804043852508,7.1125856010328325,6.6678384669265744
main_benchmark,synthetic_uniform_slope,Uniform Slope,synthetic,moderate_slope,Full Geometry-Aware Hybrid GA,24,1,179.32895893798403,179.32895893798403,0.0,0.0,0.0,100.0,0.0001480423916877,29,1,100.0,28,8.79645943005142,0.0,8.79645943005142,188.12541836803544,4.675848434708935,36.46701440705312,6.667838466926571,5.826453658918942
main_benchmark,synthetic_uniform_slope,Uniform Slope,synthetic,moderate_slope,Full Geometry-Aware Hybrid GA,25,1,178.76612075853782,178.76612075853782,0.0,0.0,0.0,99.99444444444444,0.1214564987413941,29,1,25.0,28,2.199114857512855,0.0,2.199114857512855,180.96523561605068,1.2152139884915028,33.91932416177102,7.628671235111138,7.39714110747187
main_benchmark,synthetic_uniform_slope,Uniform Slope,synthetic,moderate_slope,Full Geometry-Aware Hybrid GA,25,1,178.76612075853782,178.76612075853782,0.0,0.0,0.0,99.99444444444444,0.1214564987413941,29,1,50.0,28,4.39822971502571,0.0,4.39822971502571,183.16435047356353,2.4012476792859947,34.73381114603504,7.39714110747188,6.947071886507798
main_benchmark,synthetic_uniform_slope,Uniform Slope,synthetic,moderate_slope,Full Geometry-Aware Hybrid GA,25,1,178.76612075853782,178.76612075853782,0.0,0.0,0.0,99.99444444444444,0.1214564987413941,29,1,100.0,28,8.79645943005142,0.0,8.79645943005142,187.56258018858924,4.68987973038482,36.36278511456308,6.947071886507788,6.095618608833525
main_benchmark,synthetic_uniform_slope,Uniform Slope,synthetic,moderate_slope,Full Geometry-Aware Hybrid GA,26,1,179.20385057874728,179.20385057874728,0.0,0.0,0.0,100.0,0.0213868096290542,29,1,25.0,28,2.199114857512855,0.0,2.199114857512855,181.40296543626013,1.2122816472289488,34.000385239587594,7.405237795008033,7.175836947196637
main_benchmark,synthetic_uniform_slope,Uniform Slope,synthetic,moderate_slope,Full Geometry-Aware Hybrid GA,26,1,179.20385057874728,179.20385057874728,0.0,0.0,0.0,100.0,0.0213868096290542,29,1,50.0,28,4.39822971502571,0.0,4.39822971502571,183.60208029377299,2.3955228110641835,34.81487222385161,7.175836947196661,6.729906813111336
main_benchmark,synthetic_uniform_slope,Uniform Slope,synthetic,moderate_slope,Full Geometry-Aware Hybrid GA,26,1,179.20385057874728,179.20385057874728,0.0,0.0,0.0,100.0,0.0213868096290542,29,1,100.0,28,8.79645943005142,0.0,8.79645943005142,188.0003100087987,4.67896006641677,36.44384619237965,6.72990681311134,5.886283973346053
main_benchmark,synthetic_uniform_slope,Uniform Slope,synthetic,moderate_slope,Full Geometry-Aware Hybrid GA,27,1,179.32895893798403,179.32895893798403,0.0,0.0,0.0,100.0,0.0001480423916877,29,1,25.0,28,2.199114857512855,0.0,2.199114857512855,181.52807379549688,1.211446147988272,34.02355345426106,7.341377875488394,7.1125856010328175
main_benchmark,synthetic_uniform_slope,Uniform Slope,synthetic,moderate_slope,Full Geometry-Aware Hybrid GA,27,1,179.32895893798403,179.32895893798403,0.0,0.0,0.0,100.0,0.0001480423916877,29,1,50.0,28,4.39822971502571,0.0,4.39822971502571,183.72718865300973,2.3938915885401593,34.83804043852508,7.1125856010328325,6.6678384669265744
main_benchmark,synthetic_uniform_slope,Uniform Slope,synthetic,moderate_slope,Full Geometry-Aware Hybrid GA,27,1,179.32895893798403,179.32895893798403,0.0,0.0,0.0,100.0,0.0001480423916877,29,1,100.0,28,8.79645943005142,0.0,8.79645943005142,188.12541836803544,4.675848434708935,36.46701440705312,6.667838466926571,5.826453658918942
main_benchmark,synthetic_uniform_slope,Uniform Slope,synthetic,moderate_slope,Full Geometry-Aware Hybrid GA,28,1,179.04038304679122,179.04038304679122,0.0,0.0,0.0,100.0,0.045797524715619,29,1,25.0,28,2.199114857512855,0.0,2.199114857512855,181.23949790430407,1.2133750550743667,33.97011347441054,7.488677650653759,7.258481636275612
main_benchmark,synthetic_uniform_slope,Uniform Slope,synthetic,moderate_slope,Full Geometry-Aware Hybrid GA,28,1,179.04038304679122,179.04038304679122,0.0,0.0,0.0,100.0,0.045797524715619,29,1,50.0,28,4.39822971502571,0.0,4.39822971502571,183.43861276181693,2.3976575317523388,34.78460045867456,7.258481636275619,6.8110057854367465
main_benchmark,synthetic_uniform_slope,Uniform Slope,synthetic,moderate_slope,Full Geometry-Aware Hybrid GA,28,1,179.04038304679122,179.04038304679122,0.0,0.0,0.0,100.0,0.045797524715619,29,1,100.0,28,8.79645943005142,0.0,8.79645943005142,187.83684247684263,4.683031994181806,36.413574427202605,6.811005785436751,5.964458716386593
main_benchmark,synthetic_uniform_slope,Uniform Slope,synthetic,moderate_slope,Full Geometry-Aware Hybrid GA,29,1,179.19585445522088,179.19585445522088,0.0,0.0,0.0,100.0,0.0400062655780249,29,1,25.0,28,2.199114857512855,0.0,2.199114857512855,181.39496931273374,1.2123350861629874,33.99890447597159,7.409319311287041,7.179879567371844
main_benchmark,synthetic_uniform_slope,Uniform Slope,synthetic,moderate_slope,Full Geometry-Aware Hybrid GA,29,1,179.19585445522088,179.19585445522088,0.0,0.0,0.0,100.0,0.0400062655780249,29,1,50.0,28,4.39822971502571,0.0,4.39822971502571,183.5940841702466,2.3956271439265096,34.813391460235614,7.179879567371862,6.733873823518943
main_benchmark,synthetic_uniform_slope,Uniform Slope,synthetic,moderate_slope,Full Geometry-Aware Hybrid GA,29,1,179.19585445522088,179.19585445522088,0.0,0.0,0.0,100.0,0.0400062655780249,29,1,100.0,28,8.79645943005142,0.0,8.79645943005142,187.9923138852723,4.679159082758943,36.44236542876365,6.7338738235189615,5.890107943124746
main_benchmark,synthetic_uniform_slope,Uniform Slope,synthetic,moderate_slope,Full Geometry-Aware Hybrid GA,30,1,179.1188511615142,179.1188511615142,0.0,0.0,0.0,100.0,0.0123013475730685,29,1,25.0,28,2.199114857512855,0.0,2.199114857512855,181.31796601902704,1.2128499485164563,33.98464460676664,7.448624631641784,7.218810315210862
main_benchmark,synthetic_uniform_slope,Uniform Slope,synthetic,moderate_slope,Full Geometry-Aware Hybrid GA,30,1,179.1188511615142,179.1188511615142,0.0,0.0,0.0,100.0,0.0123013475730685,29,1,50.0,28,4.39822971502571,0.0,4.39822971502571,183.5170808765399,2.39663234289597,34.799131591030665,7.218810315210867,6.772076443394344
main_benchmark,synthetic_uniform_slope,Uniform Slope,synthetic,moderate_slope,Full Geometry-Aware Hybrid GA,30,1,179.1188511615142,179.1188511615142,0.0,0.0,0.0,100.0,0.0123013475730685,29,1,100.0,28,8.79645943005142,0.0,8.79645943005142,187.9153105915656,4.681076492575183,36.4281055595587,6.772076443394346,5.926933070578292
main_benchmark,synthetic_uniform_slope,Uniform Slope,synthetic,moderate_slope,Full Geometry-Aware Hybrid GA,31,1,178.9487936605746,178.9487936605746,0.0,0.0,0.0,99.99444444444444,0.0848263949513576,29,1,25.0,28,2.199114857512855,0.0,2.199114857512855,181.14790851808746,1.21398854422505,33.95315247696303,7.535428250440443,7.304786711394967
main_benchmark,synthetic_uniform_slope,Uniform Slope,synthetic,moderate_slope,Full Geometry-Aware Hybrid GA,31,1,178.9487936605746,178.9487936605746,0.0,0.0,0.0,99.99444444444444,0.0848263949513576,29,1,50.0,28,4.39822971502571,0.0,4.39822971502571,183.34702337560032,2.398855260396348,34.76763946122705,7.304786711394994,6.8564448093774475
main_benchmark,synthetic_uniform_slope,Uniform Slope,synthetic,moderate_slope,Full Geometry-Aware Hybrid GA,31,1,178.9487936605746,178.9487936605746,0.0,0.0,0.0,99.99444444444444,0.0848263949513576,29,1,100.0,28,8.79645943005142,0.0,8.79645943005142,187.74525309062602,4.685316558073138,36.39661342975509,6.856444809377475,6.008259320990115
main_benchmark,synthetic_uniform_slope,Uniform Slope,synthetic,moderate_slope,Full Geometry-Aware Hybrid GA,32,1,179.32895893798403,179.32895893798403,0.0,0.0,0.0,100.0,0.0001480423916877,29,1,25.0,28,2.199114857512855,0.0,2.199114857512855,181.52807379549688,1.211446147988272,34.02355345426106,7.341377875488394,7.1125856010328175
main_benchmark,synthetic_uniform_slope,Uniform Slope,synthetic,moderate_slope,Full Geometry-Aware Hybrid GA,32,1,179.32895893798403,179.32895893798403,0.0,0.0,0.0,100.0,0.0001480423916877,29,1,50.0,28,4.39822971502571,0.0,4.39822971502571,183.72718865300973,2.3938915885401593,34.83804043852508,7.1125856010328325,6.6678384669265744
main_benchmark,synthetic_uniform_slope,Uniform Slope,synthetic,moderate_slope,Full Geometry-Aware Hybrid GA,32,1,179.32895893798403,179.32895893798403,0.0,0.0,0.0,100.0,0.0001480423916877,29,1,100.0,28,8.79645943005142,0.0,8.79645943005142,188.12541836803544,4.675848434708935,36.46701440705312,6.667838466926571,5.826453658918942
main_benchmark,synthetic_uniform_slope,Uniform Slope,synthetic,moderate_slope,Full Geometry-Aware Hybrid GA,33,1,178.95408579081254,178.95408579081254,0.0,0.0,0.0,100.0,0.0938774363447143,29,1,25.0,28,2.199114857512855,0.0,2.199114857512855,181.1532006483254,1.2139530792955846,33.954132501081155,7.532726952036854,7.302111155871234
main_benchmark,synthetic_uniform_slope,Uniform Slope,synthetic,moderate_slope,Full Geometry-Aware Hybrid GA,33,1,178.95408579081254,178.95408579081254,0.0,0.0,0.0,100.0,0.0938774363447143,29,1,50.0,28,4.39822971502571,0.0,4.39822971502571,183.35231550583825,2.3987860218136503,34.76861948534518,7.302111155871241,6.853819295193869
main_benchmark,synthetic_uniform_slope,Uniform Slope,synthetic,moderate_slope,Full Geometry-Aware Hybrid GA,33,1,178.95408579081254,178.95408579081254,0.0,0.0,0.0,100.0,0.0938774363447143,29,1,100.0,28,8.79645943005142,0.0,8.79645943005142,187.75054522086396,4.685184492915074,36.39759345387322,6.853819295193876,6.005728476384255
main_benchmark,synthetic_uniform_slope,Uniform Slope,synthetic,moderate_slope,Full Geometry-Aware Hybrid GA,34,1,179.19593625109516,179.19593625109516,0.0,0.0,0.0,100.0,0.0430528665883928,29,1,25.0,28,2.199114857512855,0.0,2.199114857512855,181.39505110860802,1.212334539488711,33.99891962335572,7.40927755965685,7.179838213627056
main_benchmark,synthetic_uniform_slope,Uniform Slope,synthetic,moderate_slope,Full Geometry-Aware Hybrid GA,34,1,179.19593625109516,179.19593625109516,0.0,0.0,0.0,100.0,0.0430528665883928,29,1,50.0,28,4.39822971502571,0.0,4.39822971502571,183.59416596612087,2.395626076613637,34.81340660761974,7.1798382136270735,6.733833243219816
main_benchmark,synthetic_uniform_slope,Uniform Slope,synthetic,moderate_slope,Full Geometry-Aware Hybrid GA,34,1,179.19593625109516,179.19593625109516,0.0,0.0,0.0,100.0,0.0430528665883928,29,1,100.0,28,8.79645943005142,0.0,8.79645943005142,187.99239568114658,4.679157046847295,36.44238057614778,6.733833243219832,5.8900688260513
main_benchmark,synthetic_uniform_slope,Uniform Slope,synthetic,moderate_slope,Full Geometry-Aware Hybrid GA,35,1,179.24109072508017,179.24109072508017,0.0,0.0,0.0,100.0,0.0124578496312899,29,1,25.0,28,2.199114857512855,0.0,2.199114857512855,181.44020558259302,1.2120328294666756,34.00728156298257,7.386229051210044,7.157009353251179
main_benchmark,synthetic_uniform_slope,Uniform Slope,synthetic,moderate_slope,Full Geometry-Aware Hybrid GA,35,1,179.24109072508017,179.24109072508017,0.0,0.0,0.0,100.0,0.0124578496312899,29,1,50.0,28,4.39822971502571,0.0,4.39822971502571,183.63932044010588,2.3950370239254926,34.82176854724659,7.157009353251192,6.711431354647458
main_benchmark,synthetic_uniform_slope,Uniform Slope,synthetic,moderate_slope,Full Geometry-Aware Hybrid GA,35,1,179.24109072508017,179.24109072508017,0.0,0.0,0.0,100.0,0.0124578496312899,29,1,100.0,28,8.79645943005142,0.0,8.79645943005142,188.03755015513158,4.6780334155567935,36.450742515774635,6.711431354647471,5.868474694429738
main_benchmark,synthetic_uniform_slope,Uniform Slope,synthetic,moderate_slope,Full Geometry-Aware Hybrid GA,36,1,179.29690160074668,179.29690160074668,0.0,0.0,0.0,100.0,0.0088353419520443,29,1,25.0,28,2.199114857512855,0.0,2.199114857512855,181.49601645825953,1.211660123691259,34.01761691032822,7.357741122424731,7.128792909217975
main_benchmark,synthetic_uniform_slope,Uniform Slope,synthetic,moderate_slope,Full Geometry-Aware Hybrid GA,36,1,179.29690160074668,179.29690160074668,0.0,0.0,0.0,100.0,0.0088353419520443,29,1,50.0,28,4.39822971502571,0.0,4.39822971502571,183.6951313157724,2.394309355681911,34.83210389459224,7.128792909217994,6.683742647251117
main_benchmark,synthetic_uniform_slope,Uniform Slope,synthetic,moderate_slope,Full Geometry-Aware Hybrid GA,36,1,179.29690160074668,179.29690160074668,0.0,0.0,0.0,100.0,0.0088353419520443,29,1,100.0,28,8.79645943005142,0.0,8.79645943005142,188.0933610307981,4.676645354118109,36.46107786312028,6.683742647251117,5.84178437365541
main_benchmark,synthetic_uniform_slope,Uniform Slope,synthetic,moderate_slope,Full Geometry-Aware Hybrid GA,37,1,178.97218970264714,178.97218970264714,0.0,0.0,0.0,99.99444444444444,0.0483125164015113,29,1,25.0,28,2.199114857512855,0.0,2.199114857512855,181.17130456016,1.2138317725601042,33.95748507734683,7.523486047913409,7.292958315874298
main_benchmark,synthetic_uniform_slope,Uniform Slope,synthetic,moderate_slope,Full Geometry-Aware Hybrid GA,37,1,178.97218970264714,178.97218970264714,0.0,0.0,0.0,99.99444444444444,0.0483125164015113,29,1,50.0,28,4.39822971502571,0.0,4.39822971502571,183.37041941767285,2.398549192935869,34.771972061610846,7.292958315874332,6.844837642217963
main_benchmark,synthetic_uniform_slope,Uniform Slope,synthetic,moderate_slope,Full Geometry-Aware Hybrid GA,37,1,178.97218970264714,178.97218970264714,0.0,0.0,0.0,99.99444444444444,0.0483125164015113,29,1,100.0,28,8.79645943005142,0.0,8.79645943005142,187.76864913269856,4.684732765923479,36.40094603013889,6.844837642217977,5.9970706797027695
main_benchmark,synthetic_uniform_slope,Uniform Slope,synthetic,moderate_slope,Full Geometry-Aware Hybrid GA,38,1,179.0544811475488,179.0544811475488,0.0,0.0,0.0,100.0,0.0597390131236828,29,1,25.0,28,2.199114857512855,0.0,2.199114857512855,181.25359600506167,1.2132806774500866,33.9727242338101,7.481481460205318,7.251354024206261
main_benchmark,synthetic_uniform_slope,Uniform Slope,synthetic,moderate_slope,Full Geometry-Aware Hybrid GA,38,1,179.0544811475488,179.0544811475488,0.0,0.0,0.0,100.0,0.0597390131236828,29,1,50.0,28,4.39822971502571,0.0,4.39822971502571,183.45271086257452,2.3974732749086765,34.78721121807412,7.251354024206279,6.80401148222863
main_benchmark,synthetic_uniform_slope,Uniform Slope,synthetic,moderate_slope,Full Geometry-Aware Hybrid GA,38,1,179.0544811475488,179.0544811475488,0.0,0.0,0.0,100.0,0.0597390131236828,29,1,100.0,28,8.79645943005142,0.0,8.79645943005142,187.85094057760023,4.682680535431043,36.41618518660216,6.804011482228649,5.957716610532921
main_benchmark,synthetic_uniform_slope,Uniform Slope,synthetic,moderate_slope,Full Geometry-Aware Hybrid GA,39,1,179.00861324097002,179.00861324097002,0.0,0.0,0.0,99.99444444444444,0.0365541324056186,29,1,25.0,28,2.199114857512855,0.0,2.199114857512855,181.20772809848287,1.2135877871156129,33.96423017703624,7.504894130953506,7.274543576483396
main_benchmark,synthetic_uniform_slope,Uniform Slope,synthetic,moderate_slope,Full Geometry-Aware Hybrid GA,39,1,179.00861324097002,179.00861324097002,0.0,0.0,0.0,99.99444444444444,0.0365541324056186,29,1,50.0,28,4.39822971502571,0.0,4.39822971502571,183.40684295599573,2.3980728549375687,34.778717161300264,7.2745435764834,6.826767316624298
main_benchmark,synthetic_uniform_slope,Uniform Slope,synthetic,moderate_slope,Full Geometry-Aware Hybrid GA,39,1,179.00861324097002,179.00861324097002,0.0,0.0,0.0,99.99444444444444,0.0365541324056186,29,1,100.0,28,8.79645943005142,0.0,8.79645943005142,187.80507267102143,4.683824193322082,36.40769112982831,6.8267673166243,5.979651925562761
main_benchmark,synthetic_uniform_slope,Uniform Slope,synthetic,moderate_slope,Full Geometry-Aware Hybrid GA,40,1,179.0477874472344,179.0477874472344,0.0,0.0,0.0,99.9888888888889,0.0665709309611824,29,1,25.0,28,2.199114857512855,0.0,2.199114857512855,181.24690230474727,1.2133254855938331,33.9714846596778,7.484898171654289,7.2547381750199
main_benchmark,synthetic_uniform_slope,Uniform Slope,synthetic,moderate_slope,Full Geometry-Aware Hybrid GA,40,1,179.0477874472344,179.0477874472344,0.0,0.0,0.0,99.9888888888889,0.0665709309611824,29,1,50.0,28,4.39822971502571,0.0,4.39822971502571,183.44601716226012,2.397560755508486,34.78597164394182,7.254738175019909,6.8073323387318005
main_benchmark,synthetic_uniform_slope,Uniform Slope,synthetic,moderate_slope,Full Geometry-Aware Hybrid GA,40,1,179.0477874472344,179.0477874472344,0.0,0.0,0.0,99.9888888888889,0.0665709309611824,29,1,100.0,28,8.79645943005142,0.0,8.79645943005142,187.84424687728583,4.682847399525596,36.41494561246986,6.807332338731811,5.960917725126205
main_benchmark,synthetic_uniform_slope,Uniform Slope,synthetic,moderate_slope,Full Geometry-Aware Hybrid GA,41,1,179.2545162904536,179.2545162904536,0.0,0.0,0.0,100.0,0.0107348978919832,29,1,25.0,28,2.199114857512855,0.0,2.199114857512855,181.45363114796646,1.2119431524186945,34.009767778792465,7.379376147619237,7.150221756578495
main_benchmark,synthetic_uniform_slope,Uniform Slope,synthetic,moderate_slope,Full Geometry-Aware Hybrid GA,41,1,179.2545162904536,179.2545162904536,0.0,0.0,0.0,100.0,0.0107348978919832,29,1,50.0,28,4.39822971502571,0.0,4.39822971502571,183.65274600547932,2.394861939551118,34.82425476305649,7.150221756578507,6.704770707474012
main_benchmark,synthetic_uniform_slope,Uniform Slope,synthetic,moderate_slope,Full Geometry-Aware Hybrid GA,41,1,179.2545162904536,179.2545162904536,0.0,0.0,0.0,100.0,0.0107348978919832,29,1,100.0,28,8.79645943005142,0.0,8.79645943005142,188.05097572050502,4.6776994356707595,36.45322873158453,6.704770707474024,5.862054213795551
main_benchmark,synthetic_uniform_slope,Uniform Slope,synthetic,moderate_slope,Full Geometry-Aware Hybrid GA,42,1,179.32895893798403,179.32895893798403,0.0,0.0,0.0,100.0,0.0001480423916877,29,1,25.0,28,2.199114857512855,0.0,2.199114857512855,181.52807379549688,1.211446147988272,34.02355345426106,7.341377875488394,7.1125856010328175
main_benchmark,synthetic_uniform_slope,Uniform Slope,synthetic,moderate_slope,Full Geometry-Aware Hybrid GA,42,1,179.32895893798403,179.32895893798403,0.0,0.0,0.0,100.0,0.0001480423916877,29,1,50.0,28,4.39822971502571,0.0,4.39822971502571,183.72718865300973,2.3938915885401593,34.83804043852508,7.1125856010328325,6.6678384669265744
main_benchmark,synthetic_uniform_slope,Uniform Slope,synthetic,moderate_slope,Full Geometry-Aware Hybrid GA,42,1,179.32895893798403,179.32895893798403,0.0,0.0,0.0,100.0,0.0001480423916877,29,1,100.0,28,8.79645943005142,0.0,8.79645943005142,188.12541836803544,4.675848434708935,36.46701440705312,6.667838466926571,5.826453658918942
main_benchmark,synthetic_uniform_slope,Uniform Slope,synthetic,moderate_slope,Full Geometry-Aware Hybrid GA,43,1,179.15359537078385,179.15359537078385,0.0,0.0,0.0,100.0,0.049935263896124,29,1,25.0,28,2.199114857512855,0.0,2.199114857512855,181.3527102282967,1.2126175863291424,33.99107871959436,7.430889906150457,7.201244598410543
main_benchmark,synthetic_uniform_slope,Uniform Slope,synthetic,moderate_slope,Full Geometry-Aware Hybrid GA,43,1,179.15359537078385,179.15359537078385,0.0,0.0,0.0,100.0,0.049935263896124,29,1,50.0,28,4.39822971502571,0.0,4.39822971502571,183.55182508580955,2.3961786884818825,34.805565703858385,7.201244598410558,6.754839260986843
main_benchmark,synthetic_uniform_slope,Uniform Slope,synthetic,moderate_slope,Full Geometry-Aware Hybrid GA,43,1,179.15359537078385,179.15359537078385,0.0,0.0,0.0,100.0,0.049935263896124,29,1,100.0,28,8.79645943005142,0.0,8.79645943005142,187.95005480083526,4.680211154698918,36.43453967238642,6.754839260986858,5.910317418532267
main_benchmark,synthetic_uniform_slope,Uniform Slope,synthetic,moderate_slope,Full Geometry-Aware Hybrid GA,44,1,178.96073584446845,178.96073584446845,0.0,0.0,0.0,99.98333333333332,0.0392646872350056,29,1,25.0,28,2.199114857512855,0.0,2.199114857512855,181.1598507019813,1.2139085172522743,33.95536399249892,7.529332519451709,7.298749071607924
main_benchmark,synthetic_uniform_slope,Uniform Slope,synthetic,moderate_slope,Full Geometry-Aware Hybrid GA,44,1,178.96073584446845,178.96073584446845,0.0,0.0,0.0,99.98333333333332,0.0392646872350056,29,1,50.0,28,4.39822971502571,0.0,4.39822971502571,183.35896555949415,2.39869902276397,34.76985097676294,7.298749071607938,6.850520092526831
main_benchmark,synthetic_uniform_slope,Uniform Slope,synthetic,moderate_slope,Full Geometry-Aware Hybrid GA,44,1,178.96073584446845,178.96073584446845,0.0,0.0,0.0,99.98333333333332,0.0392646872350056,29,1,100.0,28,8.79645943005142,0.0,8.79645943005142,187.75719527451986,4.6850185513210905,36.39882494529098,6.8505200925268435,6.002548234843098
main_benchmark,synthetic_uniform_slope,Uniform Slope,synthetic,moderate_slope,Full Geometry-Aware Hybrid GA,45,1,179.32895893798403,179.32895893798403,0.0,0.0,0.0,100.0,0.0001480423916877,29,1,25.0,28,2.199114857512855,0.0,2.199114857512855,181.52807379549688,1.211446147988272,34.02355345426106,7.341377875488394,7.1125856010328175
main_benchmark,synthetic_uniform_slope,Uniform Slope,synthetic,moderate_slope,Full Geometry-Aware Hybrid GA,45,1,179.32895893798403,179.32895893798403,0.0,0.0,0.0,100.0,0.0001480423916877,29,1,50.0,28,4.39822971502571,0.0,4.39822971502571,183.72718865300973,2.3938915885401593,34.83804043852508,7.1125856010328325,6.6678384669265744
main_benchmark,synthetic_uniform_slope,Uniform Slope,synthetic,moderate_slope,Full Geometry-Aware Hybrid GA,45,1,179.32895893798403,179.32895893798403,0.0,0.0,0.0,100.0,0.0001480423916877,29,1,100.0,28,8.79645943005142,0.0,8.79645943005142,188.12541836803544,4.675848434708935,36.46701440705312,6.667838466926571,5.826453658918942
main_benchmark,synthetic_uniform_slope,Uniform Slope,synthetic,moderate_slope,Full Geometry-Aware Hybrid GA,46,1,179.0726329591308,179.0726329591308,0.0,0.0,0.0,100.0,0.0180225623204917,29,1,25.0,28,2.199114857512855,0.0,2.199114857512855,181.27174781664365,1.2131591844843133,33.97608568039935,7.47221610628466,7.242176967414246
main_benchmark,synthetic_uniform_slope,Uniform Slope,synthetic,moderate_slope,Full Geometry-Aware Hybrid GA,46,1,179.0726329591308,179.0726329591308,0.0,0.0,0.0,100.0,0.0180225623204917,29,1,50.0,28,4.39822971502571,0.0,4.39822971502571,183.4708626741565,2.397236079298841,34.79057266466337,7.242176967414253,6.795006065388194
main_benchmark,synthetic_uniform_slope,Uniform Slope,synthetic,moderate_slope,Full Geometry-Aware Hybrid GA,46,1,179.0726329591308,179.0726329591308,0.0,0.0,0.0,100.0,0.0180225623204917,29,1,100.0,28,8.79645943005142,0.0,8.79645943005142,187.8690923891822,4.68222809733334,36.419546633191416,6.7950060653882,5.949035906853355
main_benchmark,synthetic_uniform_slope,Uniform Slope,synthetic,moderate_slope,Full Geometry-Aware Hybrid GA,47,1,179.0893713399334,179.0893713399334,0.0,0.0,0.0,99.99444444444444,0.0371419897384968,29,1,25.0,28,2.199114857512855,0.0,2.199114857512855,181.28848619744625,1.2130471733972885,33.97918538054798,7.463672219549482,7.23371450235734
main_benchmark,synthetic_uniform_slope,Uniform Slope,synthetic,moderate_slope,Full Geometry-Aware Hybrid GA,47,1,179.0893713399334,179.0893713399334,0.0,0.0,0.0,99.99444444444444,0.0371419897384968,29,1,50.0,28,4.39822971502571,0.0,4.39822971502571,183.4876010549591,2.3970173950382243,34.793672364812004,7.233714502357355,6.786701875160082
main_benchmark,synthetic_uniform_slope,Uniform Slope,synthetic,moderate_slope,Full Geometry-Aware Hybrid GA,47,1,179.0893713399334,179.0893713399334,0.0,0.0,0.0,99.99444444444444,0.0371419897384968,29,1,100.0,28,8.79645943005142,0.0,8.79645943005142,187.8858307699848,4.681810966799459,36.42264633334004,6.786701875160096,5.941031145280841
main_benchmark,synthetic_uniform_slope,Uniform Slope,synthetic,moderate_slope,Full Geometry-Aware Hybrid GA,48,1,179.32895893798403,179.32895893798403,0.0,0.0,0.0,100.0,0.0001480423916877,29,1,25.0,28,2.199114857512855,0.0,2.199114857512855,181.52807379549688,1.211446147988272,34.02355345426106,7.341377875488394,7.1125856010328175
main_benchmark,synthetic_uniform_slope,Uniform Slope,synthetic,moderate_slope,Full Geometry-Aware Hybrid GA,48,1,179.32895893798403,179.32895893798403,0.0,0.0,0.0,100.0,0.0001480423916877,29,1,50.0,28,4.39822971502571,0.0,4.39822971502571,183.72718865300973,2.3938915885401593,34.83804043852508,7.1125856010328325,6.6678384669265744
main_benchmark,synthetic_uniform_slope,Uniform Slope,synthetic,moderate_slope,Full Geometry-Aware Hybrid GA,48,1,179.32895893798403,179.32895893798403,0.0,0.0,0.0,100.0,0.0001480423916877,29,1,100.0,28,8.79645943005142,0.0,8.79645943005142,188.12541836803544,4.675848434708935,36.46701440705312,6.667838466926571,5.826453658918942
main_benchmark,synthetic_uniform_slope,Uniform Slope,synthetic,moderate_slope,Full Geometry-Aware Hybrid GA,49,1,178.82450074634298,178.82450074634298,0.0,0.0,0.0,99.99444444444444,0.0994179828003639,29,1,25.0,28,2.199114857512855,0.0,2.199114857512855,181.02361560385583,1.2148220828410046,33.93013527062383,7.5988719367625785,7.367625790987573
main_benchmark,synthetic_uniform_slope,Uniform Slope,synthetic,moderate_slope,Full Geometry-Aware Hybrid GA,49,1,178.82450074634298,178.82450074634298,0.0,0.0,0.0,99.99444444444444,0.0994179828003639,29,1,50.0,28,4.39822971502571,0.0,4.39822971502571,183.22273046136868,2.4004825732869692,34.74462225488785,7.367625790987582,6.918108599678193
main_benchmark,synthetic_uniform_slope,Uniform Slope,synthetic,moderate_slope,Full Geometry-Aware Hybrid GA,49,1,178.82450074634298,178.82450074634298,0.0,0.0,0.0,99.99444444444444,0.0994179828003639,29,1,100.0,28,8.79645943005142,0.0,8.79645943005142,187.6209601763944,4.6884204311614806,36.37359622341589,6.918108599678202,6.067699666822431
main_benchmark,synthetic_complex,Complex Terrain,synthetic,complex_relief,Fixed-Spacing,0,1,342.37612472999996,342.37612472999996,0.0,0.0,0.0,96.1888888888889,28.497640907255647,45,0,25.0,44,3.455751918948772,0.0,3.455751918948772,345.8318766489487,0.9992577758980499,64.6828941792403,0.0,0.0
main_benchmark,synthetic_complex,Complex Terrain,synthetic,complex_relief,Fixed-Spacing,0,1,342.37612472999996,342.37612472999996,0.0,0.0,0.0,96.1888888888889,28.497640907255647,45,0,50.0,44,6.911503837897544,0.0,6.911503837897544,349.2876285678975,1.9787428103981721,65.96280229736946,0.0,0.0
main_benchmark,synthetic_complex,Complex Terrain,synthetic,complex_relief,Fixed-Spacing,0,1,342.37612472999996,342.37612472999996,0.0,0.0,0.0,96.1888888888889,28.497640907255647,45,0,100.0,44,13.823007675795088,0.0,13.823007675795088,356.19913240579507,3.8806966155233114,68.5226185336278,0.0,0.0
main_benchmark,synthetic_complex,Complex Terrain,synthetic,complex_relief,Adaptive Spacing w/o GA,0,1,254.4283149777902,254.4283149777902,0.0,0.0,0.0,96.87777777777778,7.121152941554071,40,0,25.0,39,3.063052837250048,0.0,3.063052837250048,257.49136781504023,1.1895749606061679,48.25081863931302,25.544351113585247,25.404051176796415
main_benchmark,synthetic_complex,Complex Terrain,synthetic,complex_relief,Adaptive Spacing w/o GA,0,1,254.4283149777902,254.4283149777902,0.0,0.0,0.0,96.87777777777778,7.121152941554071,40,0,50.0,39,6.126105674500096,0.0,6.126105674500096,260.5544206522903,2.351180862394724,49.385282653109336,25.40405117679641,25.131618225566537
main_benchmark,synthetic_complex,Complex Terrain,synthetic,complex_relief,Adaptive Spacing w/o GA,0,1,254.4283149777902,254.4283149777902,0.0,0.0,0.0,96.87777777777778,7.121152941554071,40,0,100.0,39,12.252211349000191,0.0,12.252211349000191,266.6805263267904,4.594340470884749,51.65421068070197,25.131618225566534,24.617284356475054
main_benchmark,synthetic_complex,Complex Terrain,synthetic,complex_relief,Full Geometry-Aware Hybrid GA,0,1,254.22902417037483,254.22902417037483,0.0,0.0,0.0,96.77777777777776,7.1816500440496585,40,0,25.0,39,3.063052837250048,0.0,3.063052837250048,257.29207700762487,1.1904963700686648,48.21391293423609,25.60197761387968,25.461107536975135
main_benchmark,synthetic_complex,Complex Terrain,synthetic,complex_relief,Full Geometry-Aware Hybrid GA,0,1,254.22902417037483,254.22902417037483,0.0,0.0,0.0,96.77777777777776,7.1816500440496585,40,0,50.0,39,6.126105674500096,0.0,6.126105674500096,260.3551298448749,2.3529805916058417,49.34837694803241,25.461107536975113,25.187567493626055
main_benchmark,synthetic_complex,Complex Terrain,synthetic,complex_relief,Full Geometry-Aware Hybrid GA,0,1,254.22902417037483,254.22902417037483,0.0,0.0,0.0,96.77777777777776,7.1816500440496585,40,0,100.0,39,12.252211349000191,0.0,12.252211349000191,266.481235519375,4.597776396946108,51.61730497562503,25.187567493626055,24.671143514030202
main_benchmark,synthetic_complex,Complex Terrain,synthetic,complex_relief,Full Geometry-Aware Hybrid GA,1,1,254.44241904242023,254.44241904242023,0.0,0.0,0.0,96.75555555555556,7.253829204521383,40,0,25.0,39,3.063052837250048,0.0,3.063052837250048,257.50547187967027,1.1895098053222657,48.25343050313339,25.540272812658593,25.400013225412966
main_benchmark,synthetic_complex,Complex Terrain,synthetic,complex_relief,Full Geometry-Aware Hybrid GA,1,1,254.44241904242023,254.44241904242023,0.0,0.0,0.0,96.75555555555556,7.253829204521383,40,0,50.0,39,6.126105674500096,0.0,6.126105674500096,260.5685247169203,2.3510535975730185,49.387894516929705,25.40001322541294,25.127658624504424
main_benchmark,synthetic_complex,Complex Terrain,synthetic,complex_relief,Full Geometry-Aware Hybrid GA,1,1,254.44241904242023,254.44241904242023,0.0,0.0,0.0,96.75555555555556,7.253829204521383,40,0,100.0,39,12.252211349000191,0.0,12.252211349000191,266.69463039142045,4.594097500582578,51.65682254452234,25.127658624504402,24.6134726751992
main_benchmark,synthetic_complex,Complex Terrain,synthetic,complex_relief,Full Geometry-Aware Hybrid GA,2,1,253.9511304550945,253.9511304550945,0.0,0.0,0.0,96.77777777777776,7.289344557660367,40,0,25.0,39,3.063052837250048,0.0,3.063052837250048,257.01418329234457,1.191783580973013,48.16245113511012,25.68233276158123,25.54066767382271
main_benchmark,synthetic_complex,Complex Terrain,synthetic,complex_relief,Full Geometry-Aware Hybrid GA,2,1,253.9511304550945,253.9511304550945,0.0,0.0,0.0,96.77777777777776,7.289344557660367,40,0,50.0,39,6.126105674500096,0.0,6.126105674500096,260.0772361295946,2.355494762120396,49.296915148906436,25.540667673822696,25.265583886704658
main_benchmark,synthetic_complex,Complex Terrain,synthetic,complex_relief,Full Geometry-Aware Hybrid GA,2,1,253.9511304550945,253.9511304550945,0.0,0.0,0.0,96.77777777777776,7.289344557660367,40,0,100.0,39,12.252211349000191,0.0,12.252211349000191,266.2033418040947,4.602576085621375,51.56584317649905,25.26558388670467,24.746245429612614
main_benchmark,synthetic_complex,Complex Terrain,synthetic,complex_relief,Full Geometry-Aware Hybrid GA,3,1,254.15162391577033,254.15162391577033,0.0,0.0,0.0,96.85555555555555,7.168997130913669,40,0,25.0,39,3.063052837250048,0.0,3.063052837250048,257.2146767530204,1.1908546105987627,48.199579553753786,25.624358504662354,25.48326699762417
main_benchmark,synthetic_complex,Complex Terrain,synthetic,complex_relief,Full Geometry-Aware Hybrid GA,3,1,254.15162391577033,254.15162391577033,0.0,0.0,0.0,96.85555555555555,7.168997130913669,40,0,50.0,39,6.126105674500096,0.0,6.126105674500096,260.27772959027044,2.3536803106988136,49.3340435675501,25.483266997624156,25.20929698355539
main_benchmark,synthetic_complex,Complex Terrain,synthetic,complex_relief,Full Geometry-Aware Hybrid GA,3,1,254.15162391577033,254.15162391577033,0.0,0.0,0.0,96.85555555555555,7.168997130913669,40,0,100.0,39,12.252211349000191,0.0,12.252211349000191,266.4038352647705,4.599112222548559,51.602971595142726,25.209296983555383,24.692061250084425
main_benchmark,synthetic_complex,Complex Terrain,synthetic,complex_relief,Full Geometry-Aware Hybrid GA,4,1,253.96656181690065,253.96656181690065,0.0,0.0,0.0,96.83333333333334,7.130317438507889,40,0,25.0,39,3.063052837250048,0.0,3.063052837250048,257.0296146541507,1.1917120295151884,48.16530879470384,25.67787066226417,25.536249721240374
main_benchmark,synthetic_complex,Complex Terrain,synthetic,complex_relief,Full Geometry-Aware Hybrid GA,4,1,253.96656181690065,253.96656181690065,0.0,0.0,0.0,96.83333333333334,7.130317438507889,40,0,50.0,39,6.126105674500096,0.0,6.126105674500096,260.09266749140073,2.355355010037966,49.29977280850015,25.536249721240356,25.261251657790503
main_benchmark,synthetic_complex,Complex Terrain,synthetic,complex_relief,Full Geometry-Aware Hybrid GA,4,1,253.96656181690065,253.96656181690065,0.0,0.0,0.0,96.83333333333334,7.130317438507889,40,0,100.0,39,12.252211349000191,0.0,12.252211349000191,266.21877316590087,4.602309297460747,51.56870083609279,25.261251657790474,24.742075040834585
main_benchmark,synthetic_complex,Complex Terrain,synthetic,complex_relief,Full Geometry-Aware Hybrid GA,5,1,254.21352552575192,254.21352552575192,0.0,0.0,0.0,96.82777777777778,7.258357366498745,40,0,25.0,39,3.063052837250048,0.0,3.063052837250048,257.276578363002,1.1905680869745794,48.21104281486149,25.606459168551005,25.465544752426016
main_benchmark,synthetic_complex,Complex Terrain,synthetic,complex_relief,Full Geometry-Aware Hybrid GA,5,1,254.21352552575192,254.21352552575192,0.0,0.0,0.0,96.82777777777778,7.258357366498745,40,0,50.0,39,6.126105674500096,0.0,6.126105674500096,260.33963120025203,2.3531206702017347,49.34550682865781,25.465544752426013,25.191918611642027
main_benchmark,synthetic_complex,Complex Terrain,synthetic,complex_relief,Full Geometry-Aware Hybrid GA,5,1,254.21352552575192,254.21352552575192,0.0,0.0,0.0,96.82777777777778,7.258357366498745,40,0,100.0,39,12.252211349000191,0.0,12.252211349000191,266.4657368747521,4.598043820830572,51.614434856250426,25.191918611642038,24.675332086265218
main_benchmark,synthetic_complex,Complex Terrain,synthetic,complex_relief,Full Geometry-Aware Hybrid GA,6,1,253.8946695318592,253.8946695318592,0.0,0.0,0.0,96.83888888888887,7.164614630419034,40,0,25.0,39,3.063052837250048,0.0,3.063052837250048,256.95772236910926,1.1920454497374853,48.151995408585066,25.6986588804406,25.5568322667305
main_benchmark,synthetic_complex,Complex Terrain,synthetic,complex_relief,Full Geometry-Aware Hybrid GA,6,1,253.8946695318592,253.8946695318592,0.0,0.0,0.0,96.83888888888887,7.164614630419034,40,0,50.0,39,6.126105674500096,0.0,6.126105674500096,260.0207752063593,2.3560062343627184,49.28645942238138,25.5568322667305,25.281434830207516
main_benchmark,synthetic_complex,Complex Terrain,synthetic,complex_relief,Full Geometry-Aware Hybrid GA,6,1,253.8946695318592,253.8946695318592,0.0,0.0,0.0,96.83888888888887,7.164614630419034,40,0,100.0,39,12.252211349000191,0.0,12.252211349000191,266.1468808808594,4.603552485172611,51.555387449974,25.281434830207523,24.7615042255384
main_benchmark,synthetic_complex,Complex Terrain,synthetic,complex_relief,Full Geometry-Aware Hybrid GA,7,1,254.43716742387983,254.43716742387983,0.0,0.0,0.0,96.83333333333334,7.177219796421665,40,0,25.0,39,3.063052837250048,0.0,3.063052837250048,257.50022026112987,1.189534064919952,48.252457981181465,25.5417913593557,25.401516748043267
main_benchmark,synthetic_complex,Complex Terrain,synthetic,complex_relief,Full Geometry-Aware Hybrid GA,7,1,254.43716742387983,254.43716742387983,0.0,0.0,0.0,96.83333333333334,7.177219796421665,40,0,50.0,39,6.126105674500096,0.0,6.126105674500096,260.5632730983799,2.3511009827494314,49.38692199497778,25.401516748043257,25.129132973558814
main_benchmark,synthetic_complex,Complex Terrain,synthetic,complex_relief,Full Geometry-Aware Hybrid GA,7,1,254.43716742387983,254.43716742387983,0.0,0.0,0.0,96.83333333333334,7.177219796421665,40,0,100.0,39,12.252211349000191,0.0,12.252211349000191,266.68937877288,4.594187967056052,51.6558500225704,25.129132973558814,24.61489194663505
main_benchmark,synthetic_complex,Complex Terrain,synthetic,complex_relief,Full Geometry-Aware Hybrid GA,8,1,254.37097486243644,254.37097486243644,0.0,0.0,0.0,96.87777777777778,7.143894284648806,40,0,25.0,39,3.063052837250048,0.0,3.063052837250048,257.4340276996865,1.1898399231135433,48.2402000994327,25.560931457742452,25.42046747976965
main_benchmark,synthetic_complex,Complex Terrain,synthetic,complex_relief,Full Geometry-Aware Hybrid GA,8,1,254.37097486243644,254.37097486243644,0.0,0.0,0.0,96.87777777777778,7.143894284648806,40,0,50.0,39,6.126105674500096,0.0,6.126105674500096,260.49708053693655,2.351698399795102,49.37466411322901,25.42046747976964,25.14771599508284
main_benchmark,synthetic_complex,Complex Terrain,synthetic,complex_relief,Full Geometry-Aware Hybrid GA,8,1,254.37097486243644,254.37097486243644,0.0,0.0,0.0,96.87777777777778,7.143894284648806,40,0,100.0,39,12.252211349000191,0.0,12.252211349000191,266.62318621143663,4.595328532036963,51.64359214082164,25.14771599508284,24.632780757674492
main_benchmark,synthetic_complex,Complex Terrain,synthetic,complex_relief,Full Geometry-Aware Hybrid GA,9,1,254.17672760159545,254.17672760159545,0.0,0.0,0.0,96.85555555555555,7.256809983665044,40,0,25.0,39,3.063052837250048,0.0,3.063052837250048,257.2397804388455,1.1907383966914236,48.20422838446215,25.617099576980973,25.47607988769758
main_benchmark,synthetic_complex,Complex Terrain,synthetic,complex_relief,Full Geometry-Aware Hybrid GA,9,1,254.17672760159545,254.17672760159545,0.0,0.0,0.0,96.85555555555555,7.256809983665044,40,0,50.0,39,6.126105674500096,0.0,6.126105674500096,260.30283327609555,2.3534533210410027,49.33869239825846,25.47607988769758,25.20224932859464
main_benchmark,synthetic_complex,Complex Terrain,synthetic,complex_relief,Full Geometry-Aware Hybrid GA,9,1,254.17672760159545,254.17672760159545,0.0,0.0,0.0,96.85555555555555,7.256809983665044,40,0,100.0,39,12.252211349000191,0.0,12.252211349000191,266.42893895059564,4.59867888122774,51.60762042585108,25.202249328594643,24.685276876095458
main_benchmark,synthetic_complex,Complex Terrain,synthetic,complex_relief,Full Geometry-Aware Hybrid GA,10,1,254.19009535184833,254.19009535184833,0.0,0.0,0.0,96.81111111111112,7.188807055056337,40,0,25.0,39,3.063052837250048,0.0,3.063052837250048,257.2531481890984,1.190676521866507,48.206703893768236,25.613234187132466,25.47225274091094
main_benchmark,synthetic_complex,Complex Terrain,synthetic,complex_relief,Full Geometry-Aware Hybrid GA,10,1,254.19009535184833,254.19009535184833,0.0,0.0,0.0,96.81111111111112,7.188807055056337,40,0,50.0,39,6.126105674500096,0.0,6.126105674500096,260.31620102634844,2.3533324665720783,49.34116790756455,25.472252740910932,25.198496441785906
main_benchmark,synthetic_complex,Complex Terrain,synthetic,complex_relief,Full Geometry-Aware Hybrid GA,10,1,254.19009535184833,254.19009535184833,0.0,0.0,0.0,96.81111111111112,7.188807055056337,40,0,100.0,39,12.252211349000191,0.0,12.252211349000191,266.4423067008485,4.59844815964475,51.61009593515717,25.198496441785913,24.68166418679802
main_benchmark,synthetic_complex,Complex Terrain,synthetic,complex_relief,Full Geometry-Aware Hybrid GA,11,1,254.2672992167859,254.2672992167859,0.0,0.0,0.0,96.87222222222222,7.184406546667335,40,0,25.0,39,3.063052837250048,0.0,3.063052837250048,257.3303520540359,1.190319296888401,48.2210009057937,25.59091008396256,25.45014950603427
main_benchmark,synthetic_complex,Complex Terrain,synthetic,complex_relief,Full Geometry-Aware Hybrid GA,11,1,254.2672992167859,254.2672992167859,0.0,0.0,0.0,96.87222222222222,7.184406546667335,40,0,50.0,39,6.126105674500096,0.0,6.126105674500096,260.39340489128597,2.3526347286167786,49.35546491959001,25.450149506034258,25.17682208665313
main_benchmark,synthetic_complex,Complex Terrain,synthetic,complex_relief,Full Geometry-Aware Hybrid GA,11,1,254.2672992167859,254.2672992167859,0.0,0.0,0.0,96.87222222222222,7.184406546667335,40,0,100.0,39,12.252211349000191,0.0,12.252211349000191,266.51951056578605,4.5971161071811775,51.624392947182635,25.17682208665312,24.66079952585625
main_benchmark,synthetic_complex,Complex Terrain,synthetic,complex_relief,Full Geometry-Aware Hybrid GA,12,1,254.02695276035655,254.02695276035655,0.0,0.0,0.0,96.85,7.130568909510202,40,0,25.0,39,3.063052837250048,0.0,3.063052837250048,257.0900055976066,1.1914320940364722,48.17649230275123,25.6604081472291,25.51895997533568
main_benchmark,synthetic_complex,Complex Terrain,synthetic,complex_relief,Full Geometry-Aware Hybrid GA,12,1,254.02695276035655,254.02695276035655,0.0,0.0,0.0,96.85,7.130568909510202,40,0,50.0,39,6.126105674500096,0.0,6.126105674500096,260.15305843485663,2.354808246866756,49.31095631654754,25.51895997533567,25.244297393177888
main_benchmark,synthetic_complex,Complex Terrain,synthetic,complex_relief,Full Geometry-Aware Hybrid GA,12,1,254.02695276035655,254.02695276035655,0.0,0.0,0.0,96.85,7.130568909510202,40,0,100.0,39,12.252211349000191,0.0,12.252211349000191,266.27916410935677,4.6012655139507626,51.579884344140176,25.244297393177867,24.72575414083585
main_benchmark,synthetic_complex,Complex Terrain,synthetic,complex_relief,Full Geometry-Aware Hybrid GA,13,1,254.0715268342335,254.0715268342335,0.0,0.0,0.0,96.83333333333334,7.1126047119783555,40,0,25.0,39,3.063052837250048,0.0,3.063052837250048,257.13457967148355,1.1912255602351964,48.18474676087659,25.647519204107695,25.506198551731956
main_benchmark,synthetic_complex,Complex Terrain,synthetic,complex_relief,Full Geometry-Aware Hybrid GA,13,1,254.0715268342335,254.0715268342335,0.0,0.0,0.0,96.83333333333334,7.1126047119783555,40,0,50.0,39,6.126105674500096,0.0,6.126105674500096,260.1976325087336,2.3544048481280746,49.31921077467291,25.50619855173194,25.231783585641093
main_benchmark,synthetic_complex,Complex Terrain,synthetic,complex_relief,Full Geometry-Aware Hybrid GA,13,1,254.0715268342335,254.0715268342335,0.0,0.0,0.0,96.83333333333334,7.1126047119783555,40,0,100.0,39,12.252211349000191,0.0,12.252211349000191,266.3237381832337,4.600495409301642,51.58813880226553,25.2317835856411,24.71370781467085
main_benchmark,synthetic_complex,Complex Terrain,synthetic,complex_relief,Full Geometry-Aware Hybrid GA,14,1,254.0656904704763,254.0656904704763,0.0,0.0,0.0,96.8,7.170139758957925,40,0,25.0,39,3.063052837250048,0.0,3.063052837250048,257.1287433077264,1.1912525989302756,48.18366595277341,25.64920683447125,25.50786948516327
main_benchmark,synthetic_complex,Complex Terrain,synthetic,complex_relief,Full Geometry-Aware Hybrid GA,14,1,254.0656904704763,254.0656904704763,0.0,0.0,0.0,96.8,7.170139758957925,40,0,50.0,39,6.126105674500096,0.0,6.126105674500096,260.1917961449764,2.3544576597975007,49.31812996656973,25.507869485163255,25.233422097143848
main_benchmark,synthetic_complex,Complex Terrain,synthetic,complex_relief,Full Geometry-Aware Hybrid GA,14,1,254.0656904704763,254.0656904704763,0.0,0.0,0.0,96.8,7.170139758957925,40,0,100.0,39,12.252211349000191,0.0,12.252211349000191,266.3179018194765,4.600596229278401,51.58705799416236,25.233422097143848,24.71528511589825
main_benchmark,synthetic_complex,Complex Terrain,synthetic,complex_relief,Full Geometry-Aware Hybrid GA,15,1,253.9374725399249,253.9374725399249,0.0,0.0,0.0,96.78888888888888,7.150220325030137,40,0,25.0,39,3.063052837250048,0.0,3.063052837250048,257.00052537717494,1.1918469165596839,48.15992189156019,25.686282054891603,25.544577893954358
main_benchmark,synthetic_complex,Complex Terrain,synthetic,complex_relief,Full Geometry-Aware Hybrid GA,15,1,253.9374725399249,253.9374725399249,0.0,0.0,0.0,96.78888888888888,7.150220325030137,40,0,50.0,39,6.126105674500096,0.0,6.126105674500096,260.063578214425,2.355618467053876,49.2943859053565,25.54457789395435,25.269418234946162
main_benchmark,synthetic_complex,Complex Terrain,synthetic,complex_relief,Full Geometry-Aware Hybrid GA,15,1,253.9374725399249,253.9374725399249,0.0,0.0,0.0,96.78888888888888,7.150220325030137,40,0,100.0,39,12.252211349000191,0.0,12.252211349000191,266.18968388892506,4.602812239002005,51.56331393294912,25.269418234946162,24.749936537168125
main_benchmark,synthetic_complex,Complex Terrain,synthetic,complex_relief,Full Geometry-Aware Hybrid GA,16,1,254.1843726310019,254.1843726310019,0.0,0.0,0.0,96.78333333333332,7.217296244645549,40,0,25.0,39,3.063052837250048,0.0,3.063052837250048,257.24742546825195,1.1907030096315085,48.205644130648515,25.614888956756914,25.473891138717914
main_benchmark,synthetic_complex,Complex Terrain,synthetic,complex_relief,Full Geometry-Aware Hybrid GA,16,1,254.1843726310019,254.1843726310019,0.0,0.0,0.0,96.78333333333332,7.217296244645549,40,0,50.0,39,6.126105674500096,0.0,6.126105674500096,260.310478305502,2.353384202732884,49.34010814444483,25.473891138717896,25.200103048968757
main_benchmark,synthetic_complex,Complex Terrain,synthetic,complex_relief,Full Geometry-Aware Hybrid GA,16,1,254.1843726310019,254.1843726310019,0.0,0.0,0.0,96.78333333333332,7.217296244645549,40,0,100.0,39,12.252211349000191,0.0,12.252211349000191,266.43658398000207,4.598546928495302,51.609036172037456,25.200103048968753,24.683210775563
main_benchmark,synthetic_complex,Complex Terrain,synthetic,complex_relief,Full Geometry-Aware Hybrid GA,17,1,253.8215199266332,253.8215199266332,0.0,0.0,0.0,96.84444444444443,7.064497485068289,40,0,25.0,39,3.063052837250048,0.0,3.063052837250048,256.8845727638832,1.192384892675306,48.138449185395054,25.71981066261142,25.57777477921684
main_benchmark,synthetic_complex,Complex Terrain,synthetic,complex_relief,Full Geometry-Aware Hybrid GA,17,1,253.8215199266332,253.8215199266332,0.0,0.0,0.0,96.84444444444443,7.064497485068289,40,0,50.0,39,6.126105674500096,0.0,6.126105674500096,259.94762560113327,2.3566692176292716,49.272913199191365,25.577774779216828,25.301970985007223
main_benchmark,synthetic_complex,Complex Terrain,synthetic,complex_relief,Full Geometry-Aware Hybrid GA,17,1,253.8215199266332,253.8215199266332,0.0,0.0,0.0,96.84444444444443,7.064497485068289,40,0,100.0,39,12.252211349000191,0.0,12.252211349000191,266.07373127563335,4.604818104462847,51.541841226783994,25.301970985007223,24.781273206175584
main_benchmark,synthetic_complex,Complex Terrain,synthetic,complex_relief,Full Geometry-Aware Hybrid GA,18,1,253.85086626927256,253.85086626927256,0.0,0.0,0.0,96.80555555555556,7.075188686800436,40,0,25.0,39,3.063052837250048,0.0,3.063052837250048,256.9139191065226,1.1922486908854608,48.14388369329124,25.711324937430813,25.569373009374686
main_benchmark,synthetic_complex,Complex Terrain,synthetic,complex_relief,Full Geometry-Aware Hybrid GA,18,1,253.85086626927256,253.85086626927256,0.0,0.0,0.0,96.80555555555556,7.075188686800436,40,0,50.0,39,6.126105674500096,0.0,6.126105674500096,259.97697194377264,2.3564031955203473,49.27834770708755,25.56937300937468,25.293732238764022
main_benchmark,synthetic_complex,Complex Terrain,synthetic,complex_relief,Full Geometry-Aware Hybrid GA,18,1,253.85086626927256,253.85086626927256,0.0,0.0,0.0,96.80555555555556,7.075188686800436,40,0,100.0,39,12.252211349000191,0.0,12.252211349000191,266.1030776182728,4.604310276552343,51.54727573468018,25.29373223876401,24.7733422367928
main_benchmark,synthetic_complex,Complex Terrain,synthetic,complex_relief,Full Geometry-Aware Hybrid GA,19,1,254.3673793101404,254.3673793101404,0.0,0.0,0.0,96.8,7.186504875253652,40,0,25.0,39,3.063052837250048,0.0,3.063052837250048,257.43043214739043,1.1898565417068923,48.2395342564149,25.56197113989405,25.42149687560335
main_benchmark,synthetic_complex,Complex Terrain,synthetic,complex_relief,Full Geometry-Aware Hybrid GA,19,1,254.3673793101404,254.3673793101404,0.0,0.0,0.0,96.8,7.186504875253652,40,0,50.0,39,6.126105674500096,0.0,6.126105674500096,260.4934849846405,2.3517308599335256,49.37399827021122,25.42149687560333,25.1487254170519
main_benchmark,synthetic_complex,Complex Terrain,synthetic,complex_relief,Full Geometry-Aware Hybrid GA,19,1,254.3673793101404,254.3673793101404,0.0,0.0,0.0,96.8,7.186504875253652,40,0,100.0,39,12.252211349000191,0.0,12.252211349000191,266.6195906591406,4.59539050326726,51.642926297803854,25.148725417051875,24.63375247041991
main_benchmark,synthetic_complex,Complex Terrain,synthetic,complex_relief,Full Geometry-Aware Hybrid GA,20,1,254.19200900851243,254.19200900851243,0.0,0.0,0.0,96.9,7.146015190071531,40,0,25.0,39,3.063052837250048,0.0,3.063052837250048,257.2550618457625,1.1906676647188787,48.207058274631954,25.612680838296427,25.471704866750056
main_benchmark,synthetic_complex,Complex Terrain,synthetic,complex_relief,Full Geometry-Aware Hybrid GA,20,1,254.19200900851243,254.19200900851243,0.0,0.0,0.0,96.9,7.146015190071531,40,0,50.0,39,6.126105674500096,0.0,6.126105674500096,260.31811468301254,2.353315166698948,49.341522288428266,25.471704866750045,25.197959198292036
main_benchmark,synthetic_complex,Complex Terrain,synthetic,complex_relief,Full Geometry-Aware Hybrid GA,20,1,254.19200900851243,254.19200900851243,0.0,0.0,0.0,96.9,7.146015190071531,40,0,100.0,39,12.252211349000191,0.0,12.252211349000191,266.4442203575126,4.598415132653384,51.610450316020895,25.19795919829203,24.681147013240867
main_benchmark,synthetic_complex,Complex Terrain,synthetic,complex_relief,Full Geometry-Aware Hybrid GA,21,1,254.07048126698885,254.07048126698885,0.0,0.0,0.0,96.88888888888889,7.170083207865183,40,0,25.0,39,3.063052837250048,0.0,3.063052837250048,257.1335341042389,1.191230404046919,48.18455313731277,25.647821538078407,25.50649789449681
main_benchmark,synthetic_complex,Complex Terrain,synthetic,complex_relief,Full Geometry-Aware Hybrid GA,21,1,254.07048126698885,254.07048126698885,0.0,0.0,0.0,96.88888888888889,7.170083207865183,40,0,50.0,39,6.126105674500096,0.0,6.126105674500096,260.19658694148893,2.354414309007707,49.31901715110908,25.5064978944968,25.232077120113683
main_benchmark,synthetic_complex,Complex Terrain,synthetic,complex_relief,Full Geometry-Aware Hybrid GA,21,1,254.07048126698885,254.07048126698885,0.0,0.0,0.0,96.88888888888889,7.170083207865183,40,0,100.0,39,12.252211349000191,0.0,12.252211349000191,266.322692615989,4.600513470576338,51.5879451787017,25.232077120113683,24.71399038350429
main_benchmark,synthetic_complex,Complex Terrain,synthetic,complex_relief,Full Geometry-Aware Hybrid GA,22,1,253.77841703513968,253.77841703513968,0.0,0.0,0.0,96.75555555555556,7.219534140182708,40,0,25.0,39,3.063052837250048,0.0,3.063052837250048,256.8414698723897,1.192584997575317,48.130467168451815,25.732274201806003,25.590115007718552
main_benchmark,synthetic_complex,Complex Terrain,synthetic,complex_relief,Full Geometry-Aware Hybrid GA,22,1,253.77841703513968,253.77841703513968,0.0,0.0,0.0,96.75555555555556,7.219534140182708,40,0,50.0,39,6.126105674500096,0.0,6.126105674500096,259.90452270963976,2.357060050603298,49.26493118224813,25.590115007718545,25.314071770094028
main_benchmark,synthetic_complex,Complex Terrain,synthetic,complex_relief,Full Geometry-Aware Hybrid GA,22,1,253.77841703513968,253.77841703513968,0.0,0.0,0.0,96.75555555555556,7.219534140182708,40,0,100.0,39,12.252211349000191,0.0,12.252211349000191,266.03062838413985,4.60556418763496,51.53385920984075,25.31407177009403,24.792921939271398
main_benchmark,synthetic_complex,Complex Terrain,synthetic,complex_relief,Full Geometry-Aware Hybrid GA,23,1,254.01459645653895,254.01459645653895,0.0,0.0,0.0,96.82777777777778,7.133212561262307,40,0,25.0,39,3.063052837250048,0.0,3.063052837250048,257.077649293789,1.1914893596018465,48.17420409834057,25.66398106940657,25.522497548042804
main_benchmark,synthetic_complex,Complex Terrain,synthetic,complex_relief,Full Geometry-Aware Hybrid GA,23,1,254.01459645653895,254.01459645653895,0.0,0.0,0.0,96.82777777777778,7.133212561262307,40,0,50.0,39,6.126105674500096,0.0,6.126105674500096,260.14070213103906,2.3549200968229225,49.308668112136885,25.52249754804279,25.247766324652844
main_benchmark,synthetic_complex,Complex Terrain,synthetic,complex_relief,Full Geometry-Aware Hybrid GA,23,1,254.01459645653895,254.01459645653895,0.0,0.0,0.0,96.82777777777778,7.133212561262307,40,0,100.0,39,12.252211349000191,0.0,12.252211349000191,266.26680780553914,4.601479039005217,51.5775961397295,25.247766324652844,24.72909348258846
main_benchmark,synthetic_complex,Complex Terrain,synthetic,complex_relief,Full Geometry-Aware Hybrid GA,24,1,254.15058213829812,254.15058213829812,0.0,0.0,0.0,96.85,7.217479508344632,40,0,25.0,39,3.063052837250048,0.0,3.063052837250048,257.2136349755482,1.190859433848145,48.19938663199967,25.624659742790634,25.483565255388545
main_benchmark,synthetic_complex,Complex Terrain,synthetic,complex_relief,Full Geometry-Aware Hybrid GA,24,1,254.15058213829812,254.15058213829812,0.0,0.0,0.0,96.85,7.217479508344632,40,0,50.0,39,6.126105674500096,0.0,6.126105674500096,260.27668781279823,2.3536897314853813,49.33385064579599,25.483565255388534,25.209589454080273
main_benchmark,synthetic_complex,Complex Terrain,synthetic,complex_relief,Full Geometry-Aware Hybrid GA,24,1,254.15058213829812,254.15058213829812,0.0,0.0,0.0,96.85,7.217479508344632,40,0,100.0,39,12.252211349000191,0.0,12.252211349000191,266.4027934872983,4.599130207538292,51.60277867338861,25.209589454080277,24.692342794716318
main_benchmark,synthetic_complex,Complex Terrain,synthetic,complex_relief,Full Geometry-Aware Hybrid GA,25,1,254.58764098023187,254.58764098023187,0.0,0.0,0.0,96.87777777777778,7.230109637863307,40,0,25.0,39,3.063052837250048,0.0,3.063052837250048,257.6506938174819,1.1888393513971651,48.28032345457999,25.498280750151565,25.358436620364827
main_benchmark,synthetic_complex,Complex Terrain,synthetic,complex_relief,Full Geometry-Aware Hybrid GA,25,1,254.58764098023187,254.58764098023187,0.0,0.0,0.0,96.87777777777778,7.230109637863307,40,0,50.0,39,6.126105674500096,0.0,6.126105674500096,260.71374665473195,2.349744021213047,49.41478746837631,25.358436620364817,25.086888750408765
main_benchmark,synthetic_complex,Complex Terrain,synthetic,complex_relief,Full Geometry-Aware Hybrid GA,25,1,254.58764098023187,254.58764098023187,0.0,0.0,0.0,96.87777777777778,7.230109637863307,40,0,100.0,39,12.252211349000191,0.0,12.252211349000191,266.83985232923203,4.5915972603234625,51.683715495968926,25.08688875040877,24.574225851271443
main_benchmark,synthetic_complex,Complex Terrain,synthetic,complex_relief,Full Geometry-Aware Hybrid GA,26,1,254.1403356175347,254.1403356175347,0.0,0.0,0.0,96.9,7.150215970517374,40,0,25.0,39,3.063052837250048,0.0,3.063052837250048,257.2033884547848,1.1909068755478387,48.1974891281546,25.627622604647875,25.48649880353779
main_benchmark,synthetic_complex,Complex Terrain,synthetic,complex_relief,Full Geometry-Aware Hybrid GA,26,1,254.1403356175347,254.1403356175347,0.0,0.0,0.0,96.9,7.150215970517374,40,0,50.0,39,6.126105674500096,0.0,6.126105674500096,260.2664412920348,2.353782394721504,49.33195314195091,25.48649880353778,25.21246608117766
main_benchmark,synthetic_complex,Complex Terrain,synthetic,complex_relief,Full Geometry-Aware Hybrid GA,26,1,254.1403356175347,254.1403356175347,0.0,0.0,0.0,96.9,7.150215970517374,40,0,100.0,39,12.252211349000191,0.0,12.252211349000191,266.3925469665349,4.59930710844525,51.600881169543534,25.21246608117766,24.695111958950967
main_benchmark,synthetic_complex,Complex Terrain,synthetic,complex_relief,Full Geometry-Aware Hybrid GA,27,1,254.3078964397326,254.3078964397326,0.0,0.0,0.0,96.82222222222222,7.154576508508706,40,0,25.0,39,3.063052837250048,0.0,3.063052837250048,257.3709492769826,1.19013153809896,48.22851891004309,25.57917107848392,25.438526642919086
main_benchmark,synthetic_complex,Complex Terrain,synthetic,complex_relief,Full Geometry-Aware Hybrid GA,27,1,254.3078964397326,254.3078964397326,0.0,0.0,0.0,96.82222222222222,7.154576508508706,40,0,50.0,39,6.126105674500096,0.0,6.126105674500096,260.43400211423267,2.352267992953177,49.362982923839404,25.43852664291908,25.165424747565712
main_benchmark,synthetic_complex,Complex Terrain,synthetic,complex_relief,Full Geometry-Aware Hybrid GA,27,1,254.3078964397326,254.3078964397326,0.0,0.0,0.0,96.82222222222222,7.154576508508706,40,0,100.0,39,12.252211349000191,0.0,12.252211349000191,266.5601077887328,4.596415964353867,51.63191095143203,25.1654247475657,24.64982795995541
main_benchmark,synthetic_complex,Complex Terrain,synthetic,complex_relief,Full Geometry-Aware Hybrid GA,28,1,253.87943564917936,253.87943564917936,0.0,0.0,0.0,96.89444444444445,7.0579624365977605,40,0,25.0,39,3.063052837250048,0.0,3.063052837250048,256.9424884864294,1.1921161250105292,48.1491743191999,25.703063877119188,25.56119368163155
main_benchmark,synthetic_complex,Complex Terrain,synthetic,complex_relief,Full Geometry-Aware Hybrid GA,28,1,253.87943564917936,253.87943564917936,0.0,0.0,0.0,96.89444444444445,7.0579624365977605,40,0,50.0,39,6.126105674500096,0.0,6.126105674500096,260.00554132367944,2.3561442741998104,49.28363833299621,25.561193681631543,25.285711618468344
main_benchmark,synthetic_complex,Complex Terrain,synthetic,complex_relief,Full Geometry-Aware Hybrid GA,28,1,253.87943564917936,253.87943564917936,0.0,0.0,0.0,96.89444444444445,7.0579624365977605,40,0,100.0,39,12.252211349000191,0.0,12.252211349000191,266.1316469981796,4.603816001290519,51.55256636058885,25.285711618468326,24.7656212447731
main_benchmark,synthetic_complex,Complex Terrain,synthetic,complex_relief,Full Geometry-Aware Hybrid GA,29,1,254.49489178664737,254.49489178664737,0.0,0.0,0.0,96.87222222222222,7.164988273680625,40,0,25.0,39,3.063052837250048,0.0,3.063052837250048,257.5579446238974,1.1892674643459022,48.263147677990275,25.52509990704457,25.38499043618841
main_benchmark,synthetic_complex,Complex Terrain,synthetic,complex_relief,Full Geometry-Aware Hybrid GA,29,1,254.49489178664737,254.49489178664737,0.0,0.0,0.0,96.87222222222222,7.164988273680625,40,0,50.0,39,6.126105674500096,0.0,6.126105674500096,260.62099746114745,2.3505802426427116,49.39761169178659,25.384990436188403,25.112927329716378
main_benchmark,synthetic_complex,Complex Terrain,synthetic,complex_relief,Full Geometry-Aware Hybrid GA,29,1,254.49489178664737,254.49489178664737,0.0,0.0,0.0,96.87222222222222,7.164988273680625,40,0,100.0,39,12.252211349000191,0.0,12.252211349000191,266.74710313564754,4.593193779791354,51.66653971937921,25.112927329716378,24.59929170099709
main_benchmark,synthetic_complex,Complex Terrain,synthetic,complex_relief,Full Geometry-Aware Hybrid GA,30,1,254.13301940051713,254.13301940051713,0.0,0.0,0.0,96.80555555555556,7.204599087981587,40,0,25.0,39,3.063052837250048,0.0,3.063052837250048,257.19607223776717,1.1909407521660678,48.19613427315134,25.629738146190345,25.48859341451718
main_benchmark,synthetic_complex,Complex Terrain,synthetic,complex_relief,Full Geometry-Aware Hybrid GA,30,1,254.13301940051713,254.13301940051713,0.0,0.0,0.0,96.80555555555556,7.204599087981587,40,0,50.0,39,6.126105674500096,0.0,6.126105674500096,260.2591250750172,2.3538485625563768,49.33059828694765,25.48859341451716,25.21452004940835
main_benchmark,synthetic_complex,Complex Terrain,synthetic,complex_relief,Full Geometry-Aware Hybrid GA,30,1,254.13301940051713,254.13301940051713,0.0,0.0,0.0,96.80555555555556,7.204599087981587,40,0,100.0,39,12.252211349000191,0.0,12.252211349000191,266.3852307495173,4.59943342749395,51.59952631454028,25.214520049408346,24.697089196587605
main_benchmark,synthetic_complex,Complex Terrain,synthetic,complex_relief,Full Geometry-Aware Hybrid GA,31,1,253.9863905434358,253.9863905434358,0.0,0.0,0.0,96.7611111111111,7.220365702015488,40,0,25.0,39,3.063052837250048,0.0,3.063052837250048,257.04944338068583,1.1916201011622962,48.168980781099236,25.672137030440734,25.53057281633067
main_benchmark,synthetic_complex,Complex Terrain,synthetic,complex_relief,Full Geometry-Aware Hybrid GA,31,1,253.9863905434358,253.9863905434358,0.0,0.0,0.0,96.7611111111111,7.220365702015488,40,0,50.0,39,6.126105674500096,0.0,6.126105674500096,260.11249621793587,2.3551754581476634,49.30344479489555,25.53057281633066,25.25568490460915
main_benchmark,synthetic_complex,Complex Terrain,synthetic,complex_relief,Full Geometry-Aware Hybrid GA,31,1,253.9863905434358,253.9863905434358,0.0,0.0,0.0,96.7611111111111,7.220365702015488,40,0,100.0,39,12.252211349000191,0.0,12.252211349000191,266.238601892436,4.601966529988859,51.572372822488184,25.255684904609126,24.736716246214684
main_benchmark,synthetic_complex,Complex Terrain,synthetic,complex_relief,Full Geometry-Aware Hybrid GA,32,1,254.04497404624567,254.04497404624567,0.0,0.0,0.0,96.82777777777778,7.167389510497143,40,0,25.0,39,3.063052837250048,0.0,3.063052837250048,257.1080268834957,1.19134858385344,48.17982957791589,25.655197151046867,25.51380053525959
main_benchmark,synthetic_complex,Complex Terrain,synthetic,complex_relief,Full Geometry-Aware Hybrid GA,32,1,254.04497404624567,254.04497404624567,0.0,0.0,0.0,96.82777777777778,7.167389510497143,40,0,50.0,39,6.126105674500096,0.0,6.126105674500096,260.17107972074575,2.354645136221728,49.3142935917122,25.51380053525959,25.23923806421
main_benchmark,synthetic_complex,Complex Terrain,synthetic,complex_relief,Full Geometry-Aware Hybrid GA,32,1,254.04497404624567,254.04497404624567,0.0,0.0,0.0,96.82777777777778,7.167389510497143,40,0,100.0,39,12.252211349000191,0.0,12.252211349000191,266.29718539524583,4.6009541298061825,51.58322161930482,25.239238064210006,24.720883814458862
main_benchmark,synthetic_complex,Complex Terrain,synthetic,complex_relief,Full Geometry-Aware Hybrid GA,33,1,254.1477393647112,254.1477393647112,0.0,0.0,0.0,96.82222222222222,7.087299555067069,40,0,25.0,39,3.063052837250048,0.0,3.063052837250048,257.2107922019613,1.19087259559659,48.198860192446546,25.62548175307333,25.484379132936557
main_benchmark,synthetic_complex,Complex Terrain,synthetic,complex_relief,Full Geometry-Aware Hybrid GA,33,1,254.1477393647112,254.1477393647112,0.0,0.0,0.0,96.82222222222222,7.087299555067069,40,0,50.0,39,6.126105674500096,0.0,6.126105674500096,260.2738450392113,2.3537154390511934,49.33332420624286,25.484379132936546,25.210387539569062
main_benchmark,synthetic_complex,Complex Terrain,synthetic,complex_relief,Full Geometry-Aware Hybrid GA,33,1,254.1477393647112,254.1477393647112,0.0,0.0,0.0,96.82222222222222,7.087299555067069,40,0,100.0,39,12.252211349000191,0.0,12.252211349000191,266.3999507137114,4.599179285197059,51.602252233835486,25.210387539569062,24.693111065930104
main_benchmark,synthetic_complex,Complex Terrain,synthetic,complex_relief,Full Geometry-Aware Hybrid GA,34,1,253.81310846222647,253.81310846222647,0.0,0.0,0.0,96.8,7.150101379608303,40,0,25.0,39,3.063052837250048,0.0,3.063052837250048,256.8761612994765,1.1924239375716215,48.13689150680122,25.72224290352808,25.580182956237362
main_benchmark,synthetic_complex,Complex Terrain,synthetic,complex_relief,Full Geometry-Aware Hybrid GA,34,1,253.81310846222647,253.81310846222647,0.0,0.0,0.0,96.8,7.150101379608303,40,0,50.0,39,6.126105674500096,0.0,6.126105674500096,259.93921413672655,2.356745477916925,49.27135552059753,25.58018295623736,25.304332435005676
main_benchmark,synthetic_complex,Complex Terrain,synthetic,complex_relief,Full Geometry-Aware Hybrid GA,34,1,253.81310846222647,253.81310846222647,0.0,0.0,0.0,96.8,7.150101379608303,40,0,100.0,39,12.252211349000191,0.0,12.252211349000191,266.0653198112267,4.604963682487117,51.54028354819016,25.304332435005666,24.783546438908317
main_benchmark,synthetic_complex,Complex Terrain,synthetic,complex_relief,Full Geometry-Aware Hybrid GA,35,1,253.81589177290292,253.81589177290292,0.0,0.0,0.0,96.80555555555556,7.15452963603993,40,0,25.0,39,3.063052837250048,0.0,3.063052837250048,256.878944610153,1.1924110175314782,48.137406934704266,25.72143808741239,25.579386102742184
main_benchmark,synthetic_complex,Complex Terrain,synthetic,complex_relief,Full Geometry-Aware Hybrid GA,35,1,253.81589177290292,253.81589177290292,0.0,0.0,0.0,96.80555555555556,7.15452963603993,40,0,50.0,39,6.126105674500096,0.0,6.126105674500096,259.941997447403,2.356720243230284,49.271870948500585,25.579386102742173,25.303551043243804
main_benchmark,synthetic_complex,Complex Terrain,synthetic,complex_relief,Full Geometry-Aware Hybrid GA,35,1,253.81589177290292,253.81589177290292,0.0,0.0,0.0,96.80555555555556,7.15452963603993,40,0,100.0,39,12.252211349000191,0.0,12.252211349000191,266.0681031219031,4.604915510442323,51.5407989760932,25.30355104324381,24.782794237789812
main_benchmark,synthetic_complex,Complex Terrain,synthetic,complex_relief,Full Geometry-Aware Hybrid GA,36,1,254.20178398587947,254.20178398587947,0.0,0.0,0.0,96.9,7.2161714717197425,40,0,25.0,39,3.063052837250048,0.0,3.063052837250048,257.26483682312954,1.190622424375822,48.208868455625854,25.609854326911254,25.468906320060285
main_benchmark,synthetic_complex,Complex Terrain,synthetic,complex_relief,Full Geometry-Aware Hybrid GA,36,1,254.20178398587947,254.20178398587947,0.0,0.0,0.0,96.9,7.2161714717197425,40,0,50.0,39,6.126105674500096,0.0,6.126105674500096,260.3278896603796,2.353226802741778,49.343332469422165,25.46890632006028,25.195214953155602
main_benchmark,synthetic_complex,Complex Terrain,synthetic,complex_relief,Full Geometry-Aware Hybrid GA,36,1,254.20178398587947,254.20178398587947,0.0,0.0,0.0,96.9,7.2161714717197425,40,0,100.0,39,12.252211349000191,0.0,12.252211349000191,266.45399533487966,4.598246437851907,51.61226049701479,25.195214953155602,24.678505285541853
main_benchmark,synthetic_complex,Complex Terrain,synthetic,complex_relief,Full Geometry-Aware Hybrid GA,37,1,253.962546322173,253.962546322173,0.0,0.0,0.0,96.82777777777778,7.218424551563656,40,0,25.0,39,3.063052837250048,0.0,3.063052837250048,257.02559915942305,1.1917306475570764,48.16456518456909,25.679031774064086,25.537399345332158
main_benchmark,synthetic_complex,Complex Terrain,synthetic,complex_relief,Full Geometry-Aware Hybrid GA,37,1,253.962546322173,253.962546322173,0.0,0.0,0.0,96.82777777777778,7.218424551563656,40,0,50.0,39,6.126105674500096,0.0,6.126105674500096,260.0886519966731,2.355391374237449,49.2990291983654,25.53739934533214,25.262378975170673
main_benchmark,synthetic_complex,Complex Terrain,synthetic,complex_relief,Full Geometry-Aware Hybrid GA,37,1,253.962546322173,253.962546322173,0.0,0.0,0.0,96.82777777777778,7.218424551563656,40,0,100.0,39,12.252211349000191,0.0,12.252211349000191,266.2147576711732,4.6023787171611446,51.56795722595803,25.262378975170662,24.743160244743407
main_benchmark,synthetic_complex,Complex Terrain,synthetic,complex_relief,Full Geometry-Aware Hybrid GA,38,1,254.06851472939323,254.06851472939323,0.0,0.0,0.0,96.79444444444444,7.167065811037657,40,0,25.0,39,3.063052837250048,0.0,3.063052837250048,257.1315675666433,1.191239514555585,48.18418896368396,25.64839017785061,25.507060908309704
main_benchmark,synthetic_complex,Complex Terrain,synthetic,complex_relief,Full Geometry-Aware Hybrid GA,38,1,254.06851472939323,254.06851472939323,0.0,0.0,0.0,96.79444444444444,7.167065811037657,40,0,50.0,39,6.126105674500096,0.0,6.126105674500096,260.19462040389334,2.3544321035502964,49.318652977480276,25.507060908309704,25.23262920949758
main_benchmark,synthetic_complex,Complex Terrain,synthetic,complex_relief,Full Geometry-Aware Hybrid GA,38,1,254.06851472939323,254.06851472939323,0.0,0.0,0.0,96.79444444444444,7.167065811037657,40,0,100.0,39,12.252211349000191,0.0,12.252211349000191,266.3207260783934,4.600547441205783,51.58758100507289,25.232629209497592,24.714521848349918
main_benchmark,synthetic_complex,Complex Terrain,synthetic,complex_relief,Full Geometry-Aware Hybrid GA,39,1,253.88267666499823,253.88267666499823,0.0,0.0,0.0,96.79444444444444,7.08937570542315,40,0,25.0,39,3.063052837250048,0.0,3.063052837250048,256.9457295022483,1.1921010881106104,48.14977450731451,25.702126711971108,25.56026578852747
main_benchmark,synthetic_complex,Complex Terrain,synthetic,complex_relief,Full Geometry-Aware Hybrid GA,39,1,253.88267666499823,253.88267666499823,0.0,0.0,0.0,96.79444444444444,7.08937570542315,40,0,50.0,39,6.126105674500096,0.0,6.126105674500096,260.00878233949834,2.356114904803917,49.28423852111083,25.56026578852746,25.28480172972239
main_benchmark,synthetic_complex,Complex Terrain,synthetic,complex_relief,Full Geometry-Aware Hybrid GA,39,1,253.88267666499823,253.88267666499823,0.0,0.0,0.0,96.79444444444444,7.08937570542315,40,0,100.0,39,12.252211349000191,0.0,12.252211349000191,266.1348880139984,4.603759935584145,51.553166548703445,25.2848017297224,24.764745346963824
main_benchmark,synthetic_complex,Complex Terrain,synthetic,complex_relief,Full Geometry-Aware Hybrid GA,40,1,254.14549157351004,254.14549157351004,0.0,0.0,0.0,96.85,7.198195380806651,40,0,25.0,39,3.063052837250048,0.0,3.063052837250048,257.2085444107601,1.1908830028439394,48.1984439348167,25.626131719531877,25.485022668812814
main_benchmark,synthetic_complex,Complex Terrain,synthetic,complex_relief,Full Geometry-Aware Hybrid GA,40,1,254.14549157351004,254.14549157351004,0.0,0.0,0.0,96.85,7.198195380806651,40,0,50.0,39,6.126105674500096,0.0,6.126105674500096,260.27159724801015,2.3537357665126217,49.33290794861302,25.485022668812807,25.211018588607825
main_benchmark,synthetic_complex,Complex Terrain,synthetic,complex_relief,Full Geometry-Aware Hybrid GA,40,1,254.14549157351004,254.14549157351004,0.0,0.0,0.0,96.85,7.198195380806651,40,0,100.0,39,12.252211349000191,0.0,12.252211349000191,266.39770292251023,4.599218091818199,51.601835976205635,25.211018588607836,24.69371854071545
main_benchmark,synthetic_complex,Complex Terrain,synthetic,complex_relief,Full Geometry-Aware Hybrid GA,41,1,254.1840904016479,254.1840904016479,0.0,0.0,0.0,96.94444444444444,7.119800532943762,40,0,25.0,39,3.063052837250048,0.0,3.063052837250048,257.24714323889793,1.1907043159680415,48.20559186595334,25.614970565588568,25.473971940135105
main_benchmark,synthetic_complex,Complex Terrain,synthetic,complex_relief,Full Geometry-Aware Hybrid GA,41,1,254.1840904016479,254.1840904016479,0.0,0.0,0.0,96.94444444444444,7.119800532943762,40,0,50.0,39,6.126105674500096,0.0,6.126105674500096,260.310196076148,2.3533867542814337,49.34005587974965,25.473971940135105,25.20018228255702
main_benchmark,synthetic_complex,Complex Terrain,synthetic,complex_relief,Full Geometry-Aware Hybrid GA,41,1,254.1840904016479,254.1840904016479,0.0,0.0,0.0,96.94444444444444,7.119800532943762,40,0,100.0,39,12.252211349000191,0.0,12.252211349000191,266.4363017506481,4.598551799621797,51.60898390734228,25.20018228255701,24.68328704920271
main_benchmark,synthetic_complex,Complex Terrain,synthetic,complex_relief,Full Geometry-Aware Hybrid GA,42,1,254.0452926101312,254.0452926101312,0.0,0.0,0.0,96.80555555555556,7.236781479674642,40,0,25.0,39,3.063052837250048,0.0,3.063052837250048,257.1083454473813,1.1913471077417512,48.17988857122803,25.655105035800386,25.51370933137503
main_benchmark,synthetic_complex,Complex Terrain,synthetic,complex_relief,Full Geometry-Aware Hybrid GA,42,1,254.0452926101312,254.0452926101312,0.0,0.0,0.0,96.80555555555556,7.236781479674642,40,0,50.0,39,6.126105674500096,0.0,6.126105674500096,260.1713982846313,2.354642253103489,49.31435258502434,25.513709331375022,25.23914862999847
main_benchmark,synthetic_complex,Complex Terrain,synthetic,complex_relief,Full Geometry-Aware Hybrid GA,42,1,254.0452926101312,254.0452926101312,0.0,0.0,0.0,96.80555555555556,7.236781479674642,40,0,100.0,39,12.252211349000191,0.0,12.252211349000191,266.2975039591314,4.60094862581984,51.58328061261696,25.23914862999847,24.720797721263065
main_benchmark,synthetic_complex,Complex Terrain,synthetic,complex_relief,Full Geometry-Aware Hybrid GA,43,1,253.86731505874613,253.86731505874613,0.0,0.0,0.0,96.85,7.118670668098843,40,0,25.0,39,3.063052837250048,0.0,3.063052837250048,256.9303678959962,1.192172362626263,48.146929765415976,25.706568640922523,25.564663770303998
main_benchmark,synthetic_complex,Complex Terrain,synthetic,complex_relief,Full Geometry-Aware Hybrid GA,43,1,253.86731505874613,253.86731505874613,0.0,0.0,0.0,96.85,7.118670668098843,40,0,50.0,39,6.126105674500096,0.0,6.126105674500096,259.99342073324624,2.3562541149014273,49.28139377921229,25.56466377030399,25.289114375333956
main_benchmark,synthetic_complex,Complex Terrain,synthetic,complex_relief,Full Geometry-Aware Hybrid GA,43,1,253.86731505874613,253.86731505874613,0.0,0.0,0.0,96.85,7.118670668098843,40,0,100.0,39,12.252211349000191,0.0,12.252211349000191,266.1195264077463,4.604025685145495,51.55032180680492,25.289114375333956,24.768896884017433
main_benchmark,synthetic_complex,Complex Terrain,synthetic,complex_relief,Full Geometry-Aware Hybrid GA,44,1,254.292068438196,254.292068438196,0.0,0.0,0.0,96.9,7.140157541256695,40,0,25.0,39,3.063052837250048,0.0,3.063052837250048,257.35512127544604,1.1902047342480027,48.225587798647425,25.583747869290473,25.443058152266122
main_benchmark,synthetic_complex,Complex Terrain,synthetic,complex_relief,Full Geometry-Aware Hybrid GA,44,1,254.292068438196,254.292068438196,0.0,0.0,0.0,96.9,7.140157541256695,40,0,50.0,39,6.126105674500096,0.0,6.126105674500096,260.4181741126961,2.3524109618589906,49.36005181244374,25.44305815226611,25.169868329847812
main_benchmark,synthetic_complex,Complex Terrain,synthetic,complex_relief,Full Geometry-Aware Hybrid GA,44,1,254.292068438196,254.292068438196,0.0,0.0,0.0,96.9,7.140157541256695,40,0,100.0,39,12.252211349000191,0.0,12.252211349000191,266.54427978719616,4.596688909918503,51.62897984003636,25.169868329847816,24.654105542246338
main_benchmark,synthetic_complex,Complex Terrain,synthetic,complex_relief,Full Geometry-Aware Hybrid GA,45,1,254.32996442960211,254.32996442960211,0.0,0.0,0.0,96.83888888888887,7.147381978817796,40,0,25.0,39,3.063052837250048,0.0,3.063052837250048,257.39301726685215,1.1900295003241785,48.23260557483374,25.572789946101516,25.432208643635807
main_benchmark,synthetic_complex,Complex Terrain,synthetic,complex_relief,Full Geometry-Aware Hybrid GA,45,1,254.32996442960211,254.32996442960211,0.0,0.0,0.0,96.83888888888887,7.147381978817796,40,0,50.0,39,6.126105674500096,0.0,6.126105674500096,260.4560701041022,2.352068689376884,49.36706958863005,25.432208643635796,25.159229339474614
main_benchmark,synthetic_complex,Complex Terrain,synthetic,complex_relief,Full Geometry-Aware Hybrid GA,45,1,254.32996442960211,254.32996442960211,0.0,0.0,0.0,96.83888888888887,7.147381978817796,40,0,100.0,39,12.252211349000191,0.0,12.252211349000191,266.5821757786023,4.596035467568435,51.63599761622268,25.159229339474603,24.643863995241126
main_benchmark,synthetic_complex,Complex Terrain,synthetic,complex_relief,Full Geometry-Aware Hybrid GA,46,1,254.08178558648464,254.08178558648464,0.0,0.0,0.0,96.81666666666666,7.138560336551013,40,0,25.0,39,3.063052837250048,0.0,3.063052837250048,257.1448384237347,1.191178036481764,48.186646529811995,25.644552805419824,25.50326150174446
main_benchmark,synthetic_complex,Complex Terrain,synthetic,complex_relief,Full Geometry-Aware Hybrid GA,46,1,254.08178558648464,254.08178558648464,0.0,0.0,0.0,96.81666666666666,7.138560336551013,40,0,50.0,39,6.126105674500096,0.0,6.126105674500096,260.20789126098475,2.3543120252089893,49.32111054360831,25.50326150174445,25.22890352465333
main_benchmark,synthetic_complex,Complex Terrain,synthetic,complex_relief,Full Geometry-Aware Hybrid GA,46,1,254.08178558648464,254.08178558648464,0.0,0.0,0.0,96.81666666666666,7.138560336551013,40,0,100.0,39,12.252211349000191,0.0,12.252211349000191,266.33399693548483,4.600318205703229,51.59003857120093,25.228903524653333,24.710935344826517
main_benchmark,synthetic_complex,Complex Terrain,synthetic,complex_relief,Full Geometry-Aware Hybrid GA,47,1,254.2251160288672,254.2251160288672,0.0,0.0,0.0,96.81111111111112,7.123687340001985,40,0,25.0,39,3.063052837250048,0.0,3.063052837250048,257.28816886611725,1.1905144534041676,48.21318920432727,25.603107683653896,25.46222642616215
main_benchmark,synthetic_complex,Complex Terrain,synthetic,complex_relief,Full Geometry-Aware Hybrid GA,47,1,254.2251160288672,254.2251160288672,0.0,0.0,0.0,96.81111111111112,7.123687340001985,40,0,50.0,39,6.126105674500096,0.0,6.126105674500096,260.3512217033673,2.3530159122817214,49.34765321812359,25.462226426162132,25.188664672465666
main_benchmark,synthetic_complex,Complex Terrain,synthetic,complex_relief,Full Geometry-Aware Hybrid GA,47,1,254.2251160288672,254.2251160288672,0.0,0.0,0.0,96.81111111111112,7.123687340001985,40,0,100.0,39,12.252211349000191,0.0,12.252211349000191,266.47732737786737,4.597843827676356,51.61658124571622,25.188664672465666,24.672199705291277
main_benchmark,synthetic_complex,Complex Terrain,synthetic,complex_relief,Full Geometry-Aware Hybrid GA,48,1,254.2799296894192,254.2799296894192,0.0,0.0,0.0,96.76666666666668,7.264232995203371,40,0,25.0,39,3.063052837250048,0.0,3.063052837250048,257.34298252666923,1.1902608756516662,48.22333988220728,25.58725788372131,25.44653343961786
main_benchmark,synthetic_complex,Complex Terrain,synthetic,complex_relief,Full Geometry-Aware Hybrid GA,48,1,254.2799296894192,254.2799296894192,0.0,0.0,0.0,96.76666666666668,7.264232995203371,40,0,50.0,39,6.126105674500096,0.0,6.126105674500096,260.4060353639193,2.352520618786281,49.35780389600359,25.446533439617852,25.173276184520237
main_benchmark,synthetic_complex,Complex Terrain,synthetic,complex_relief,Full Geometry-Aware Hybrid GA,48,1,254.2799296894192,254.2799296894192,0.0,0.0,0.0,96.76666666666668,7.264232995203371,40,0,100.0,39,12.252211349000191,0.0,12.252211349000191,266.53214103841935,4.596898258223233,51.62673192359621,25.173276184520237,24.657386088857443
main_benchmark,synthetic_complex,Complex Terrain,synthetic,complex_relief,Full Geometry-Aware Hybrid GA,49,1,253.91932980990725,253.91932980990725,0.0,0.0,0.0,96.81666666666666,7.170287012421855,40,0,25.0,39,3.063052837250048,0.0,3.063052837250048,256.9823826471573,1.1919310599029231,48.156562126742095,25.69152816759626,25.54977210312005
main_benchmark,synthetic_complex,Complex Terrain,synthetic,complex_relief,Full Geometry-Aware Hybrid GA,49,1,253.91932980990725,253.91932980990725,0.0,0.0,0.0,96.81666666666666,7.170287012421855,40,0,50.0,39,6.126105674500096,0.0,6.126105674500096,260.04543548440734,2.355782812756744,49.29102614053841,25.549772103120027,25.274511658362194
main_benchmark,synthetic_complex,Complex Terrain,synthetic,complex_relief,Full Geometry-Aware Hybrid GA,49,1,253.91932980990725,253.91932980990725,0.0,0.0,0.0,96.81666666666666,7.170287012421855,40,0,100.0,39,12.252211349000191,0.0,12.252211349000191,266.1715411589074,4.603125974946165,51.55995416813104,25.274511658362194,24.754839684318622
main_benchmark,gebco_cascadia_margin_moderate,GEBCO Cascadia Margin,public,moderate_slope,Fixed-Spacing,0,1,15166.708910596337,15166.708910596337,0.0,0.0,0.0,100.0,0.7985185185185184,117,1,25.0,116,9.1106186954104,0.0,9.1106186954104,15175.819529291748,0.06003378386139513,2812.024101479103,0.0,0.0
main_benchmark,gebco_cascadia_margin_moderate,GEBCO Cascadia Margin,public,moderate_slope,Fixed-Spacing,0,1,15166.708910596337,15166.708910596337,0.0,0.0,0.0,100.0,0.7985185185185184,117,1,50.0,116,18.2212373908208,0.0,18.2212373908208,15184.930147987157,0.11999552986574732,2815.3984046996256,0.0,0.0
main_benchmark,gebco_cascadia_margin_moderate,GEBCO Cascadia Margin,public,moderate_slope,Fixed-Spacing,0,1,15166.708910596337,15166.708910596337,0.0,0.0,0.0,100.0,0.7985185185185184,117,1,100.0,116,36.4424747816416,0.0,36.4424747816416,15203.151385377978,0.23970342633495767,2822.14701114067,0.0,0.0
main_benchmark,gebco_cascadia_margin_moderate,GEBCO Cascadia Margin,public,moderate_slope,Adaptive Spacing w/o GA,0,1,15038.22386007842,15038.22386007842,0.0,0.0,0.0,99.33333333333331,0.0,116,1,25.0,115,9.032078879070655,0.0,9.032078879070655,15047.25593895749,0.060024757442229154,2788.201484784548,0.8471607749822607,0.8471697195633777
main_benchmark,gebco_cascadia_margin_moderate,GEBCO Cascadia Margin,public,moderate_slope,Adaptive Spacing w/o GA,0,1,15038.22386007842,15038.22386007842,0.0,0.0,0.0,99.33333333333331,0.0,116,1,50.0,115,18.06415775814131,0.0,18.06415775814131,15056.288017836561,0.11997749868188926,2791.546699184204,0.8471697195633682,0.8471875765648994
main_benchmark,gebco_cascadia_margin_moderate,GEBCO Cascadia Margin,public,moderate_slope,Adaptive Spacing w/o GA,0,1,15038.22386007842,15038.22386007842,0.0,0.0,0.0,99.33333333333331,0.0,116,1,100.0,115,36.12831551628262,0.0,36.12831551628262,15074.352175594702,0.23966745035169187,2798.2371279835156,0.8471875765648935,0.8472231624634806
main_benchmark,gebco_cascadia_margin_moderate,GEBCO Cascadia Margin,public,moderate_slope,Full Geometry-Aware Hybrid GA,0,1,15038.15135329986,15038.15135329986,0.0,0.0,0.0,99.33333333333331,0.0177549440018386,116,1,25.0,115,9.032078879070655,0.0,9.032078879070655,15047.18343217893,0.06002504667920268,2788.188057603333,0.8476385533218139,0.8476472112466034
main_benchmark,gebco_cascadia_margin_moderate,GEBCO Cascadia Margin,public,moderate_slope,Full Geometry-Aware Hybrid GA,0,1,15038.15135329986,15038.15135329986,0.0,0.0,0.0,99.33333333333331,0.0177549440018386,116,1,50.0,115,18.06415775814131,0.0,18.06415775814131,15056.215511058,0.11997807646200423,2791.533272002989,0.8476472112465963,0.8476644959661627
main_benchmark,gebco_cascadia_margin_moderate,GEBCO Cascadia Margin,public,moderate_slope,Full Geometry-Aware Hybrid GA,0,1,15038.15135329986,15038.15135329986,0.0,0.0,0.0,99.33333333333331,0.0177549440018386,116,1,100.0,115,36.12831551628262,0.0,36.12831551628262,15074.279668816142,0.23966860314407284,2798.2237008023008,0.847664495966159,0.847698941406316
main_benchmark,gebco_cascadia_margin_moderate,GEBCO Cascadia Margin,public,moderate_slope,Full Geometry-Aware Hybrid GA,1,1,15038.1321290773,15038.1321290773,0.0,0.0,0.0,98.66666666666669,0.0961530710129658,116,1,25.0,115,9.032078879070655,0.0,9.032078879070655,15047.16420795637,0.06002512336706496,2788.184497562118,0.8477652299900702,0.8477738119117025
main_benchmark,gebco_cascadia_margin_moderate,GEBCO Cascadia Margin,public,moderate_slope,Full Geometry-Aware Hybrid GA,1,1,15038.1321290773,15038.1321290773,0.0,0.0,0.0,98.66666666666669,0.0961530710129658,116,1,50.0,115,18.06415775814131,0.0,18.06415775814131,15056.19628683544,0.11997822965376663,2791.529711961774,0.8477738119116828,0.8477909448981958
main_benchmark,gebco_cascadia_margin_moderate,GEBCO Cascadia Margin,public,moderate_slope,Full Geometry-Aware Hybrid GA,1,1,15038.1321290773,15038.1321290773,0.0,0.0,0.0,98.66666666666669,0.0961530710129658,116,1,100.0,115,36.12831551628262,0.0,36.12831551628262,15074.260444593581,0.23966890879373207,2798.220140761086,0.8477909448981796,0.8478250879607199
main_benchmark,gebco_cascadia_margin_moderate,GEBCO Cascadia Margin,public,moderate_slope,Full Geometry-Aware Hybrid GA,2,1,15038.186461415416,15038.186461415416,0.0,0.0,0.0,98.66666666666669,0.1206383832147797,116,1,25.0,115,9.032078879070655,0.0,9.032078879070655,15047.218540294487,0.06002490662898214,2788.194559106214,0.8474072108530329,0.847416007578135
main_benchmark,gebco_cascadia_margin_moderate,GEBCO Cascadia Margin,public,moderate_slope,Full Geometry-Aware Hybrid GA,2,1,15038.186461415416,15038.186461415416,0.0,0.0,0.0,98.66666666666669,0.1206383832147797,116,1,50.0,115,18.06415775814131,0.0,18.06415775814131,15056.250619173557,0.11997779669752108,2791.5397735058705,0.847416007578126,0.8474335693992356
main_benchmark,gebco_cascadia_margin_moderate,GEBCO Cascadia Margin,public,moderate_slope,Full Geometry-Aware Hybrid GA,2,1,15038.186461415416,15038.186461415416,0.0,0.0,0.0,98.66666666666669,0.1206383832147797,116,1,100.0,115,36.12831551628262,0.0,36.12831551628262,15074.314776931698,0.23966804495531674,2798.230202305182,0.8474335693992464,0.8474685670546033
main_benchmark,gebco_cascadia_margin_moderate,GEBCO Cascadia Margin,public,moderate_slope,Full Geometry-Aware Hybrid GA,3,1,15038.167326861114,15038.167326861114,0.0,0.0,0.0,98.66666666666669,0.0358239719493603,116,1,25.0,115,9.032078879070655,0.0,9.032078879070655,15047.199405740184,0.060024982958789726,2788.1910156702324,0.8475332966585847,0.8475420177350069
main_benchmark,gebco_cascadia_margin_moderate,GEBCO Cascadia Margin,public,moderate_slope,Full Geometry-Aware Hybrid GA,3,1,15038.167326861114,15038.167326861114,0.0,0.0,0.0,98.66666666666669,0.0358239719493603,116,1,50.0,115,18.06415775814131,0.0,18.06415775814131,15056.231484619255,0.11997794917403344,2791.5362300698885,0.8475420177350124,0.8475594285307921
main_benchmark,gebco_cascadia_margin_moderate,GEBCO Cascadia Margin,public,moderate_slope,Full Geometry-Aware Hybrid GA,3,1,15038.167326861114,15038.167326861114,0.0,0.0,0.0,98.66666666666669,0.0358239719493603,116,1,100.0,115,36.12831551628262,0.0,36.12831551628262,15074.295642377396,0.23966834917790397,2798.2266588692,0.8475594285308011,0.847594125218938
main_benchmark,gebco_cascadia_margin_moderate,GEBCO Cascadia Margin,public,moderate_slope,Full Geometry-Aware Hybrid GA,4,1,15038.22386007842,15038.22386007842,0.0,0.0,0.0,99.33333333333331,0.0,116,1,25.0,115,9.032078879070655,0.0,9.032078879070655,15047.25593895749,0.060024757442229154,2788.201484784548,0.8471607749822607,0.8471697195633777
main_benchmark,gebco_cascadia_margin_moderate,GEBCO Cascadia Margin,public,moderate_slope,Full Geometry-Aware Hybrid GA,4,1,15038.22386007842,15038.22386007842,0.0,0.0,0.0,99.33333333333331,0.0,116,1,50.0,115,18.06415775814131,0.0,18.06415775814131,15056.288017836561,0.11997749868188926,2791.546699184204,0.8471697195633682,0.8471875765648994
main_benchmark,gebco_cascadia_margin_moderate,GEBCO Cascadia Margin,public,moderate_slope,Full Geometry-Aware Hybrid GA,4,1,15038.22386007842,15038.22386007842,0.0,0.0,0.0,99.33333333333331,0.0,116,1,100.0,115,36.12831551628262,0.0,36.12831551628262,15074.352175594702,0.23966745035169187,2798.2371279835156,0.8471875765648935,0.8472231624634806
main_benchmark,gebco_cascadia_margin_moderate,GEBCO Cascadia Margin,public,moderate_slope,Full Geometry-Aware Hybrid GA,5,1,15037.952874807275,15037.952874807275,0.0,0.0,0.0,98.66666666666669,0.0321890081205801,116,1,25.0,115,9.032078879070655,0.0,9.032078879070655,15046.984953686346,0.06002583844451771,2788.151302326929,0.8489464134489147,0.848954286686847
main_benchmark,gebco_cascadia_margin_moderate,GEBCO Cascadia Margin,public,moderate_slope,Full Geometry-Aware Hybrid GA,5,1,15037.952874807275,15037.952874807275,0.0,0.0,0.0,98.66666666666669,0.0321890081205801,116,1,50.0,115,18.06415775814131,0.0,18.06415775814131,15056.017032565416,0.11997965809330206,2791.496516726585,0.8489542866868525,0.8489700048540987
main_benchmark,gebco_cascadia_margin_moderate,GEBCO Cascadia Margin,public,moderate_slope,Full Geometry-Aware Hybrid GA,5,1,15037.952874807275,15037.952874807275,0.0,0.0,0.0,98.66666666666669,0.0321890081205801,116,1,100.0,115,36.12831551628262,0.0,36.12831551628262,15074.081190323557,0.23967175882981392,2798.1869455258966,0.8489700048541077,0.8490013284279371
main_benchmark,gebco_cascadia_margin_moderate,GEBCO Cascadia Margin,public,moderate_slope,Full Geometry-Aware Hybrid GA,6,1,15038.185303017604,15038.185303017604,0.0,0.0,0.0,98.66666666666669,0.1120258380635425,116,1,25.0,115,9.032078879070655,0.0,9.032078879070655,15047.217381896675,0.06002491124995084,2788.194344588101,0.8474148440342913,0.8474236361796389
main_benchmark,gebco_cascadia_margin_moderate,GEBCO Cascadia Margin,public,moderate_slope,Full Geometry-Aware Hybrid GA,6,1,15038.185303017604,15038.185303017604,0.0,0.0,0.0,98.66666666666669,0.1120258380635425,116,1,50.0,115,18.06415775814131,0.0,18.06415775814131,15056.249460775745,0.11997780592837352,2791.539558987757,0.847423636179646,0.8474411888577461
main_benchmark,gebco_cascadia_margin_moderate,GEBCO Cascadia Margin,public,moderate_slope,Full Geometry-Aware Hybrid GA,6,1,15038.185303017604,15038.185303017604,0.0,0.0,0.0,98.66666666666669,0.1120258380635425,116,1,100.0,115,36.12831551628262,0.0,36.12831551628262,15074.313618533886,0.23966806337280136,2798.2299877870687,0.8474411888577569,0.8474761682926858
main_benchmark,gebco_cascadia_margin_moderate,GEBCO Cascadia Margin,public,moderate_slope,Full Geometry-Aware Hybrid GA,7,1,15038.11833208849,15038.11833208849,0.0,0.0,0.0,98.66666666666669,0.4793535101948629,116,1,25.0,115,9.032078879070655,0.0,9.032078879070655,15047.15041096756,0.06002517840512418,2788.181942564191,0.8478561442816019,0.8478646716566633
main_benchmark,gebco_cascadia_margin_moderate,GEBCO Cascadia Margin,public,moderate_slope,Full Geometry-Aware Hybrid GA,7,1,15038.11833208849,15038.11833208849,0.0,0.0,0.0,98.66666666666669,0.4793535101948629,116,1,50.0,115,18.06415775814131,0.0,18.06415775814131,15056.182489846631,0.11997833959785724,2791.527156963847,0.8478646716566717,0.8478816957461955
main_benchmark,gebco_cascadia_margin_moderate,GEBCO Cascadia Margin,public,moderate_slope,Full Geometry-Aware Hybrid GA,7,1,15038.11833208849,15038.11833208849,0.0,0.0,0.0,98.66666666666669,0.4793535101948629,116,1,100.0,115,36.12831551628262,0.0,36.12831551628262,15074.246647604772,0.2396691281552252,2798.2175857631587,0.8478816957462076,0.8479156217960306
main_benchmark,gebco_cascadia_margin_moderate,GEBCO Cascadia Margin,public,moderate_slope,Full Geometry-Aware Hybrid GA,8,1,15038.22386007842,15038.22386007842,0.0,0.0,0.0,99.33333333333331,0.0,116,1,25.0,115,9.032078879070655,0.0,9.032078879070655,15047.25593895749,0.060024757442229154,2788.201484784548,0.8471607749822607,0.8471697195633777
main_benchmark,gebco_cascadia_margin_moderate,GEBCO Cascadia Margin,public,moderate_slope,Full Geometry-Aware Hybrid GA,8,1,15038.22386007842,15038.22386007842,0.0,0.0,0.0,99.33333333333331,0.0,116,1,50.0,115,18.06415775814131,0.0,18.06415775814131,15056.288017836561,0.11997749868188926,2791.546699184204,0.8471697195633682,0.8471875765648994
main_benchmark,gebco_cascadia_margin_moderate,GEBCO Cascadia Margin,public,moderate_slope,Full Geometry-Aware Hybrid GA,8,1,15038.22386007842,15038.22386007842,0.0,0.0,0.0,99.33333333333331,0.0,116,1,100.0,115,36.12831551628262,0.0,36.12831551628262,15074.352175594702,0.23966745035169187,2798.2371279835156,0.8471875765648935,0.8472231624634806
main_benchmark,gebco_cascadia_margin_moderate,GEBCO Cascadia Margin,public,moderate_slope,Full Geometry-Aware Hybrid GA,9,1,15038.22386007842,15038.22386007842,0.0,0.0,0.0,99.33333333333331,0.0,116,1,25.0,115,9.032078879070655,0.0,9.032078879070655,15047.25593895749,0.060024757442229154,2788.201484784548,0.8471607749822607,0.8471697195633777
main_benchmark,gebco_cascadia_margin_moderate,GEBCO Cascadia Margin,public,moderate_slope,Full Geometry-Aware Hybrid GA,9,1,15038.22386007842,15038.22386007842,0.0,0.0,0.0,99.33333333333331,0.0,116,1,50.0,115,18.06415775814131,0.0,18.06415775814131,15056.288017836561,0.11997749868188926,2791.546699184204,0.8471697195633682,0.8471875765648994
main_benchmark,gebco_cascadia_margin_moderate,GEBCO Cascadia Margin,public,moderate_slope,Full Geometry-Aware Hybrid GA,9,1,15038.22386007842,15038.22386007842,0.0,0.0,0.0,99.33333333333331,0.0,116,1,100.0,115,36.12831551628262,0.0,36.12831551628262,15074.352175594702,0.23966745035169187,2798.2371279835156,0.8471875765648935,0.8472231624634806
main_benchmark,gebco_cascadia_margin_moderate,GEBCO Cascadia Margin,public,moderate_slope,Full Geometry-Aware Hybrid GA,10,1,15038.15656699938,15038.15656699938,0.0,0.0,0.0,98.66666666666669,0.1241459171535219,116,1,25.0,115,9.032078879070655,0.0,9.032078879070655,15047.18864587845,0.06002502588112774,2788.1890231032444,0.8476041980139508,0.8476128765511536
main_benchmark,gebco_cascadia_margin_moderate,GEBCO Cascadia Margin,public,moderate_slope,Full Geometry-Aware Hybrid GA,10,1,15038.15656699938,15038.15656699938,0.0,0.0,0.0,98.66666666666669,0.1241459171535219,116,1,50.0,115,18.06415775814131,0.0,18.06415775814131,15056.22072475752,0.11997803491574564,2791.5342375029004,0.8476128765511499,0.8476302024214335
main_benchmark,gebco_cascadia_margin_moderate,GEBCO Cascadia Margin,public,moderate_slope,Full Geometry-Aware Hybrid GA,10,1,15038.15656699938,15038.15656699938,0.0,0.0,0.0,98.66666666666669,0.1241459171535219,116,1,100.0,115,36.12831551628262,0.0,36.12831551628262,15074.284882515662,0.239668520250583,2798.224666302212,0.8476302024214335,0.8476647298678169
main_benchmark,gebco_cascadia_margin_moderate,GEBCO Cascadia Margin,public,moderate_slope,Full Geometry-Aware Hybrid GA,11,1,15038.138430800414,15038.138430800414,0.0,0.0,0.0,98.66666666666669,0.2707497834747452,116,1,25.0,115,9.032078879070655,0.0,9.032078879070655,15047.170509679485,0.060025098228670526,2788.1856645478806,0.847723705226924,0.847732312062464
main_benchmark,gebco_cascadia_margin_moderate,GEBCO Cascadia Margin,public,moderate_slope,Full Geometry-Aware Hybrid GA,11,1,15038.138430800414,15038.138430800414,0.0,0.0,0.0,98.66666666666669,0.2707497834747452,116,1,50.0,115,18.06415775814131,0.0,18.06415775814131,15056.202588558555,0.11997817943728085,2791.5308789475366,0.8477323120624665,0.8477494947872376
main_benchmark,gebco_cascadia_margin_moderate,GEBCO Cascadia Margin,public,moderate_slope,Full Geometry-Aware Hybrid GA,11,1,15038.138430800414,15038.138430800414,0.0,0.0,0.0,98.66666666666669,0.2707497834747452,116,1,100.0,115,36.12831551628262,0.0,36.12831551628262,15074.266746316696,0.23966880860132284,2798.221307746848,0.8477494947872435,0.8477837369695205
main_benchmark,gebco_cascadia_margin_moderate,GEBCO Cascadia Margin,public,moderate_slope,Full Geometry-Aware Hybrid GA,12,1,15038.186954711997,15038.186954711997,0.0,0.0,0.0,99.33333333333331,0.1539106884448654,116,1,25.0,115,9.032078879070655,0.0,9.032078879070655,15047.219033591067,0.06002490466117127,2788.1946504574325,0.8474039603097634,0.8474127589851199
main_benchmark,gebco_cascadia_margin_moderate,GEBCO Cascadia Margin,public,moderate_slope,Full Geometry-Aware Hybrid GA,12,1,15038.186954711997,15038.186954711997,0.0,0.0,0.0,99.33333333333331,0.1539106884448654,116,1,50.0,115,18.06415775814131,0.0,18.06415775814131,15056.251112470138,0.1199777927666198,2791.5398648570886,0.8474127589851097,0.847430324699731
main_benchmark,gebco_cascadia_margin_moderate,GEBCO Cascadia Margin,public,moderate_slope,Full Geometry-Aware Hybrid GA,12,1,15038.186954711997,15038.186954711997,0.0,0.0,0.0,99.33333333333331,0.1539106884448654,116,1,100.0,115,36.12831551628262,0.0,36.12831551628262,15074.315270228279,0.23966803711234513,2798.2302936564,0.8474303246997245,0.847465330114156
main_benchmark,gebco_cascadia_margin_moderate,GEBCO Cascadia Margin,public,moderate_slope,Full Geometry-Aware Hybrid GA,13,1,15038.22386007842,15038.22386007842,0.0,0.0,0.0,99.33333333333331,0.0,116,1,25.0,115,9.032078879070655,0.0,9.032078879070655,15047.25593895749,0.060024757442229154,2788.201484784548,0.8471607749822607,0.8471697195633777
main_benchmark,gebco_cascadia_margin_moderate,GEBCO Cascadia Margin,public,moderate_slope,Full Geometry-Aware Hybrid GA,13,1,15038.22386007842,15038.22386007842,0.0,0.0,0.0,99.33333333333331,0.0,116,1,50.0,115,18.06415775814131,0.0,18.06415775814131,15056.288017836561,0.11997749868188926,2791.546699184204,0.8471697195633682,0.8471875765648994
main_benchmark,gebco_cascadia_margin_moderate,GEBCO Cascadia Margin,public,moderate_slope,Full Geometry-Aware Hybrid GA,13,1,15038.22386007842,15038.22386007842,0.0,0.0,0.0,99.33333333333331,0.0,116,1,100.0,115,36.12831551628262,0.0,36.12831551628262,15074.352175594702,0.23966745035169187,2798.2371279835156,0.8471875765648935,0.8472231624634806
main_benchmark,gebco_cascadia_margin_moderate,GEBCO Cascadia Margin,public,moderate_slope,Full Geometry-Aware Hybrid GA,14,1,15038.032532372625,15038.032532372625,0.0,0.0,0.0,98.66666666666669,0.2299499147434906,116,1,25.0,115,9.032078879070655,0.0,9.032078879070655,15047.064611251695,0.06002552067409059,2788.1660537279195,0.8484215155005987,0.8484297036655741
main_benchmark,gebco_cascadia_margin_moderate,GEBCO Cascadia Margin,public,moderate_slope,Full Geometry-Aware Hybrid GA,14,1,15038.032532372625,15038.032532372625,0.0,0.0,0.0,98.66666666666669,0.2299499147434906,116,1,50.0,115,18.06415775814131,0.0,18.06415775814131,15056.096690130766,0.11997902331473681,2791.5112681275755,0.8484297036655734,0.8484460505545638
main_benchmark,gebco_cascadia_margin_moderate,GEBCO Cascadia Margin,public,moderate_slope,Full Geometry-Aware Hybrid GA,14,1,15038.032532372625,15038.032532372625,0.0,0.0,0.0,98.66666666666669,0.2299499147434906,116,1,100.0,115,36.12831551628262,0.0,36.12831551628262,15074.160847888907,0.23967049231362214,2798.201696926887,0.8484460505545667,0.848478627061487
main_benchmark,gebco_cascadia_margin_moderate,GEBCO Cascadia Margin,public,moderate_slope,Full Geometry-Aware Hybrid GA,15,1,15038.22386007842,15038.22386007842,0.0,0.0,0.0,99.33333333333331,0.0,116,1,25.0,115,9.032078879070655,0.0,9.032078879070655,15047.25593895749,0.060024757442229154,2788.201484784548,0.8471607749822607,0.8471697195633777
main_benchmark,gebco_cascadia_margin_moderate,GEBCO Cascadia Margin,public,moderate_slope,Full Geometry-Aware Hybrid GA,15,1,15038.22386007842,15038.22386007842,0.0,0.0,0.0,99.33333333333331,0.0,116,1,50.0,115,18.06415775814131,0.0,18.06415775814131,15056.288017836561,0.11997749868188926,2791.546699184204,0.8471697195633682,0.8471875765648994
main_benchmark,gebco_cascadia_margin_moderate,GEBCO Cascadia Margin,public,moderate_slope,Full Geometry-Aware Hybrid GA,15,1,15038.22386007842,15038.22386007842,0.0,0.0,0.0,99.33333333333331,0.0,116,1,100.0,115,36.12831551628262,0.0,36.12831551628262,15074.352175594702,0.23966745035169187,2798.2371279835156,0.8471875765648935,0.8472231624634806
main_benchmark,gebco_cascadia_margin_moderate,GEBCO Cascadia Margin,public,moderate_slope,Full Geometry-Aware Hybrid GA,16,1,15038.22386007842,15038.22386007842,0.0,0.0,0.0,99.33333333333331,0.0,116,1,25.0,115,9.032078879070655,0.0,9.032078879070655,15047.25593895749,0.060024757442229154,2788.201484784548,0.8471607749822607,0.8471697195633777
main_benchmark,gebco_cascadia_margin_moderate,GEBCO Cascadia Margin,public,moderate_slope,Full Geometry-Aware Hybrid GA,16,1,15038.22386007842,15038.22386007842,0.0,0.0,0.0,99.33333333333331,0.0,116,1,50.0,115,18.06415775814131,0.0,18.06415775814131,15056.288017836561,0.11997749868188926,2791.546699184204,0.8471697195633682,0.8471875765648994
main_benchmark,gebco_cascadia_margin_moderate,GEBCO Cascadia Margin,public,moderate_slope,Full Geometry-Aware Hybrid GA,16,1,15038.22386007842,15038.22386007842,0.0,0.0,0.0,99.33333333333331,0.0,116,1,100.0,115,36.12831551628262,0.0,36.12831551628262,15074.352175594702,0.23966745035169187,2798.2371279835156,0.8471875765648935,0.8472231624634806
main_benchmark,gebco_cascadia_margin_moderate,GEBCO Cascadia Margin,public,moderate_slope,Full Geometry-Aware Hybrid GA,17,1,15038.1959370129,15038.1959370129,0.0,0.0,0.0,99.33333333333331,0.0773346246117823,116,1,25.0,115,9.032078879070655,0.0,9.032078879070655,15047.228015891971,0.06002486882987033,2788.196313846489,0.8473447720670029,0.8473536062539786
main_benchmark,gebco_cascadia_margin_moderate,GEBCO Cascadia Margin,public,moderate_slope,Full Geometry-Aware Hybrid GA,17,1,15038.1959370129,15038.1959370129,0.0,0.0,0.0,99.33333333333331,0.0773346246117823,116,1,50.0,115,18.06415775814131,0.0,18.06415775814131,15056.260094771042,0.1199777211899713,2791.541528246145,0.847353606253972,0.8473712428641514
main_benchmark,gebco_cascadia_margin_moderate,GEBCO Cascadia Margin,public,moderate_slope,Full Geometry-Aware Hybrid GA,17,1,15038.1959370129,15038.1959370129,0.0,0.0,0.0,99.33333333333331,0.0773346246117823,116,1,100.0,115,36.12831551628262,0.0,36.12831551628262,15074.324252529183,0.23966789430193516,2798.2319570454565,0.8473712428641484,0.8474063895611015
main_benchmark,gebco_cascadia_margin_moderate,GEBCO Cascadia Margin,public,moderate_slope,Full Geometry-Aware Hybrid GA,18,1,15038.038175310932,15038.038175310932,0.0,0.0,0.0,98.66666666666669,0.2877486263989033,116,1,25.0,115,9.032078879070655,0.0,9.032078879070655,15047.070254190003,0.06002549816337559,2788.167098716495,0.8483843317538055,0.848392542228202
main_benchmark,gebco_cascadia_margin_moderate,GEBCO Cascadia Margin,public,moderate_slope,Full Geometry-Aware Hybrid GA,18,1,15038.038175310932,15038.038175310932,0.0,0.0,0.0,98.66666666666669,0.2877486263989033,116,1,50.0,115,18.06415775814131,0.0,18.06415775814131,15056.102333069073,0.11997897834730688,2791.512313116151,0.8483925422281972,0.8484089336558109
main_benchmark,gebco_cascadia_margin_moderate,GEBCO Cascadia Margin,public,moderate_slope,Full Geometry-Aware Hybrid GA,18,1,15038.038175310932,15038.038175310932,0.0,0.0,0.0,98.66666666666669,0.2877486263989033,116,1,100.0,115,36.12831551628262,0.0,36.12831551628262,15074.166490827214,0.2396704025941804,2798.2027419154624,0.8484089336558097,0.8484415989204569
main_benchmark,gebco_cascadia_margin_moderate,GEBCO Cascadia Margin,public,moderate_slope,Full Geometry-Aware Hybrid GA,19,1,15038.152762763526,15038.152762763526,0.0,0.0,0.0,98.66666666666669,0.0726202913595113,116,1,25.0,115,9.032078879070655,0.0,9.032078879070655,15047.184841642596,0.06002504105668104,2788.188318615123,0.8476292657596921,0.847637929256816
main_benchmark,gebco_cascadia_margin_moderate,GEBCO Cascadia Margin,public,moderate_slope,Full Geometry-Aware Hybrid GA,19,1,15038.152762763526,15038.152762763526,0.0,0.0,0.0,98.66666666666669,0.0726202913595113,116,1,50.0,115,18.06415775814131,0.0,18.06415775814131,15056.216920521667,0.1199780652304485,2791.533533014779,0.847637929256804,0.8476552251009991
main_benchmark,gebco_cascadia_margin_moderate,GEBCO Cascadia Margin,public,moderate_slope,Full Geometry-Aware Hybrid GA,19,1,15038.152762763526,15038.152762763526,0.0,0.0,0.0,98.66666666666669,0.0726202913595113,116,1,100.0,115,36.12831551628262,0.0,36.12831551628262,15074.281078279808,0.23966858073476616,2798.223961814091,0.8476552251009908,0.8476896927105768
main_benchmark,gebco_cascadia_margin_moderate,GEBCO Cascadia Margin,public,moderate_slope,Full Geometry-Aware Hybrid GA,20,1,15038.15194082637,15038.15194082637,0.0,0.0,0.0,99.33333333333331,0.1208385555518678,116,1,25.0,115,9.032078879070655,0.0,9.032078879070655,15047.18401970544,0.06002504433548799,2788.1881664045386,0.847634681857018,0.8476433421046075
main_benchmark,gebco_cascadia_margin_moderate,GEBCO Cascadia Margin,public,moderate_slope,Full Geometry-Aware Hybrid GA,20,1,15038.15194082637,15038.15194082637,0.0,0.0,0.0,99.33333333333331,0.1208385555518678,116,1,50.0,115,18.06415775814131,0.0,18.06415775814131,15056.216098584511,0.11997807178019705,2791.533380804195,0.8476433421045926,0.8476606314613836
main_benchmark,gebco_cascadia_margin_moderate,GEBCO Cascadia Margin,public,moderate_slope,Full Geometry-Aware Hybrid GA,20,1,15038.15194082637,15038.15194082637,0.0,0.0,0.0,99.33333333333331,0.1208385555518678,116,1,100.0,115,36.12831551628262,0.0,36.12831551628262,15074.280256342652,0.2396685938028867,2798.2238096035067,0.8476606314613885,0.8476950861427359
main_benchmark,gebco_cascadia_margin_moderate,GEBCO Cascadia Margin,public,moderate_slope,Full Geometry-Aware Hybrid GA,21,1,15038.22386007842,15038.22386007842,0.0,0.0,0.0,99.33333333333331,0.0,116,1,25.0,115,9.032078879070655,0.0,9.032078879070655,15047.25593895749,0.060024757442229154,2788.201484784548,0.8471607749822607,0.8471697195633777
main_benchmark,gebco_cascadia_margin_moderate,GEBCO Cascadia Margin,public,moderate_slope,Full Geometry-Aware Hybrid GA,21,1,15038.22386007842,15038.22386007842,0.0,0.0,0.0,99.33333333333331,0.0,116,1,50.0,115,18.06415775814131,0.0,18.06415775814131,15056.288017836561,0.11997749868188926,2791.546699184204,0.8471697195633682,0.8471875765648994
main_benchmark,gebco_cascadia_margin_moderate,GEBCO Cascadia Margin,public,moderate_slope,Full Geometry-Aware Hybrid GA,21,1,15038.22386007842,15038.22386007842,0.0,0.0,0.0,99.33333333333331,0.0,116,1,100.0,115,36.12831551628262,0.0,36.12831551628262,15074.352175594702,0.23966745035169187,2798.2371279835156,0.8471875765648935,0.8472231624634806
main_benchmark,gebco_cascadia_margin_moderate,GEBCO Cascadia Margin,public,moderate_slope,Full Geometry-Aware Hybrid GA,22,1,15038.22386007842,15038.22386007842,0.0,0.0,0.0,99.33333333333331,0.0,116,1,25.0,115,9.032078879070655,0.0,9.032078879070655,15047.25593895749,0.060024757442229154,2788.201484784548,0.8471607749822607,0.8471697195633777
main_benchmark,gebco_cascadia_margin_moderate,GEBCO Cascadia Margin,public,moderate_slope,Full Geometry-Aware Hybrid GA,22,1,15038.22386007842,15038.22386007842,0.0,0.0,0.0,99.33333333333331,0.0,116,1,50.0,115,18.06415775814131,0.0,18.06415775814131,15056.288017836561,0.11997749868188926,2791.546699184204,0.8471697195633682,0.8471875765648994
main_benchmark,gebco_cascadia_margin_moderate,GEBCO Cascadia Margin,public,moderate_slope,Full Geometry-Aware Hybrid GA,22,1,15038.22386007842,15038.22386007842,0.0,0.0,0.0,99.33333333333331,0.0,116,1,100.0,115,36.12831551628262,0.0,36.12831551628262,15074.352175594702,0.23966745035169187,2798.2371279835156,0.8471875765648935,0.8472231624634806
main_benchmark,gebco_cascadia_margin_moderate,GEBCO Cascadia Margin,public,moderate_slope,Full Geometry-Aware Hybrid GA,23,1,15038.165820053668,15038.165820053668,0.0,0.0,0.0,98.66666666666669,0.1200747072863116,116,1,25.0,115,9.032078879070655,0.0,9.032078879070655,15047.197898932738,0.060024988969615924,2788.1907366318164,0.8475432256607277,0.8475519407799719
main_benchmark,gebco_cascadia_margin_moderate,GEBCO Cascadia Margin,public,moderate_slope,Full Geometry-Aware Hybrid GA,23,1,15038.165820053668,15038.165820053668,0.0,0.0,0.0,98.66666666666669,0.1200747072863116,116,1,50.0,115,18.06415775814131,0.0,18.06415775814131,15056.229977811809,0.11997796118126682,2791.5359510314725,0.847551940779976,0.8475693396828174
main_benchmark,gebco_cascadia_margin_moderate,GEBCO Cascadia Margin,public,moderate_slope,Full Geometry-Aware Hybrid GA,23,1,15038.165820053668,15038.165820053668,0.0,0.0,0.0,98.66666666666669,0.1200747072863116,116,1,100.0,115,36.12831551628262,0.0,36.12831551628262,15074.29413556995,0.23966837313485015,2798.226379830784,0.8475693396828252,0.8476040126704033
main_benchmark,gebco_cascadia_margin_moderate,GEBCO Cascadia Margin,public,moderate_slope,Full Geometry-Aware Hybrid GA,24,1,15038.177627425304,15038.177627425304,0.0,0.0,0.0,99.33333333333331,0.2770343582600697,116,1,25.0,115,9.032078879070655,0.0,9.032078879070655,15047.209706304375,0.060024941868700464,2788.192923182119,0.847465421812218,0.8474741836120472
main_benchmark,gebco_cascadia_margin_moderate,GEBCO Cascadia Margin,public,moderate_slope,Full Geometry-Aware Hybrid GA,24,1,15038.177627425304,15038.177627425304,0.0,0.0,0.0,99.33333333333331,0.2770343582600697,116,1,50.0,115,18.06415775814131,0.0,18.06415775814131,15056.241785183445,0.11997786709242339,2791.538137581775,0.8474741836120365,0.8474916757081906
main_benchmark,gebco_cascadia_margin_moderate,GEBCO Cascadia Margin,public,moderate_slope,Full Geometry-Aware Hybrid GA,24,1,15038.177627425304,15038.177627425304,0.0,0.0,0.0,99.33333333333331,0.2770343582600697,116,1,100.0,115,36.12831551628262,0.0,36.12831551628262,15074.305942941586,0.23966818540789528,2798.2285663810867,0.8474916757081835,0.8475265344138123
main_benchmark,gebco_cascadia_margin_moderate,GEBCO Cascadia Margin,public,moderate_slope,Full Geometry-Aware Hybrid GA,25,1,15038.184345408565,15038.184345408565,0.0,0.0,0.0,99.33333333333331,0.1300103241345963,116,1,25.0,115,9.032078879070655,0.0,9.032078879070655,15047.216424287635,0.06002491506995289,2788.1941672530934,0.8474211541319953,0.8474299424914387
main_benchmark,gebco_cascadia_margin_moderate,GEBCO Cascadia Margin,public,moderate_slope,Full Geometry-Aware Hybrid GA,25,1,15038.184345408565,15038.184345408565,0.0,0.0,0.0,99.33333333333331,0.1300103241345963,116,1,50.0,115,18.06415775814131,0.0,18.06415775814131,15056.248503166706,0.11997781355921407,2791.53938165275,0.8474299424914326,0.8474474876113068
main_benchmark,gebco_cascadia_margin_moderate,GEBCO Cascadia Margin,public,moderate_slope,Full Geometry-Aware Hybrid GA,25,1,15038.184345408565,15038.184345408565,0.0,0.0,0.0,99.33333333333331,0.1300103241345963,116,1,100.0,115,36.12831551628262,0.0,36.12831551628262,15074.312660924847,0.23966807859792696,2798.2298104520614,0.8474474876113207,0.847482451984023
main_benchmark,gebco_cascadia_margin_moderate,GEBCO Cascadia Margin,public,moderate_slope,Full Geometry-Aware Hybrid GA,26,1,15038.217037439865,15038.217037439865,0.0,0.0,0.0,99.33333333333331,0.1300020016213049,116,1,25.0,115,9.032078879070655,0.0,9.032078879070655,15047.249116318935,0.060024784658315046,2788.2002213329633,0.847205732281222,0.8472146498889758
main_benchmark,gebco_cascadia_margin_moderate,GEBCO Cascadia Margin,public,moderate_slope,Full Geometry-Aware Hybrid GA,26,1,15038.217037439865,15038.217037439865,0.0,0.0,0.0,99.33333333333331,0.1300020016213049,116,1,50.0,115,18.06415775814131,0.0,18.06415775814131,15056.281195198006,0.11997755304877425,2791.54543573262,0.8472146498889548,0.8472324530407164
main_benchmark,gebco_cascadia_margin_moderate,GEBCO Cascadia Margin,public,moderate_slope,Full Geometry-Aware Hybrid GA,26,1,15038.217037439865,15038.217037439865,0.0,0.0,0.0,99.33333333333331,0.1300020016213049,116,1,100.0,115,36.12831551628262,0.0,36.12831551628262,15074.345352956147,0.23966755882501853,2798.2358645319314,0.8472324530407151,0.8472679316260808
main_benchmark,gebco_cascadia_margin_moderate,GEBCO Cascadia Margin,public,moderate_slope,Full Geometry-Aware Hybrid GA,27,1,15037.983251686966,15037.983251686966,0.0,0.0,0.0,98.66666666666669,0.2235437426102668,116,1,25.0,115,9.032078879070655,0.0,9.032078879070655,15047.015330566037,0.06002571726449412,2788.1569276750197,0.848746247127534,0.8487542404607947
main_benchmark,gebco_cascadia_margin_moderate,GEBCO Cascadia Margin,public,moderate_slope,Full Geometry-Aware Hybrid GA,27,1,15037.983251686966,15037.983251686966,0.0,0.0,0.0,98.66666666666669,0.2235437426102668,116,1,50.0,115,18.06415775814131,0.0,18.06415775814131,15056.047409445107,0.11997941602395011,2791.5021420746757,0.8487542404607905,0.8487701983868756
main_benchmark,gebco_cascadia_margin_moderate,GEBCO Cascadia Margin,public,moderate_slope,Full Geometry-Aware Hybrid GA,27,1,15037.983251686966,15037.983251686966,0.0,0.0,0.0,98.66666666666669,0.2235437426102668,116,1,100.0,115,36.12831551628262,0.0,36.12831551628262,15074.111567203248,0.23967127585075734,2798.1925708739873,0.8487701983868748,0.8488019997583646
main_benchmark,gebco_cascadia_margin_moderate,GEBCO Cascadia Margin,public,moderate_slope,Full Geometry-Aware Hybrid GA,28,1,15038.061044100888,15038.061044100888,0.0,0.0,0.0,98.66666666666669,0.677862247805825,116,1,25.0,115,9.032078879070655,0.0,9.032078879070655,15047.093122979959,0.060025406935754526,2788.171333677598,0.848233639463929,0.8482419403503292
main_benchmark,gebco_cascadia_margin_moderate,GEBCO Cascadia Margin,public,moderate_slope,Full Geometry-Aware Hybrid GA,28,1,15038.061044100888,15038.061044100888,0.0,0.0,0.0,98.66666666666669,0.677862247805825,116,1,50.0,115,18.06415775814131,0.0,18.06415775814131,15056.12520185903,0.11997879611090687,2791.516548077254,0.8482419403503267,0.8482585122768689
main_benchmark,gebco_cascadia_margin_moderate,GEBCO Cascadia Margin,public,moderate_slope,Full Geometry-Aware Hybrid GA,28,1,15038.061044100888,15038.061044100888,0.0,0.0,0.0,98.66666666666669,0.677862247805825,116,1,100.0,115,36.12831551628262,0.0,36.12831551628262,15074.18935961717,0.2396700389943897,2798.2069768765655,0.8482585122768701,0.8482915372444937
main_benchmark,gebco_cascadia_margin_moderate,GEBCO Cascadia Margin,public,moderate_slope,Full Geometry-Aware Hybrid GA,29,1,15038.09077637772,15038.09077637772,0.0,0.0,0.0,98.66666666666669,0.2475118664734038,116,1,25.0,115,9.032078879070655,0.0,9.032078879070655,15047.12285525679,0.06002528832889306,2788.1768396547886,0.8480377207079525,0.8480461391412336
main_benchmark,gebco_cascadia_margin_moderate,GEBCO Cascadia Margin,public,moderate_slope,Full Geometry-Aware Hybrid GA,29,1,15038.09077637772,15038.09077637772,0.0,0.0,0.0,98.66666666666669,0.2475118664734038,116,1,50.0,115,18.06415775814131,0.0,18.06415775814131,15056.15493413586,0.11997855918170446,2791.5220540544447,0.8480461391412246,0.8480629457388769
main_benchmark,gebco_cascadia_margin_moderate,GEBCO Cascadia Margin,public,moderate_slope,Full Geometry-Aware Hybrid GA,29,1,15038.09077637772,15038.09077637772,0.0,0.0,0.0,98.66666666666669,0.2475118664734038,116,1,100.0,115,36.12831551628262,0.0,36.12831551628262,15074.219091894001,0.23966956627099995,2798.2124828537562,0.8480629457388715,0.8480964383652001
main_benchmark,gebco_cascadia_margin_moderate,GEBCO Cascadia Margin,public,moderate_slope,Full Geometry-Aware Hybrid GA,30,1,15038.175502605574,15038.175502605574,0.0,0.0,0.0,98.66666666666669,0.0764091974647466,116,1,25.0,115,9.032078879070655,0.0,9.032078879070655,15047.207581484645,0.06002495034483665,2788.192529696984,0.8474794231630236,0.847488176562356
main_benchmark,gebco_cascadia_margin_moderate,GEBCO Cascadia Margin,public,moderate_slope,Full Geometry-Aware Hybrid GA,30,1,15038.175502605574,15038.175502605574,0.0,0.0,0.0,98.66666666666669,0.0764091974647466,116,1,50.0,115,18.06415775814131,0.0,18.06415775814131,15056.239660363715,0.11997788402436291,2791.5377440966404,0.8474881765623447,0.8475056518876928
main_benchmark,gebco_cascadia_margin_moderate,GEBCO Cascadia Margin,public,moderate_slope,Full Geometry-Aware Hybrid GA,30,1,15038.175502605574,15038.175502605574,0.0,0.0,0.0,98.66666666666669,0.0764091974647466,116,1,100.0,115,36.12831551628262,0.0,36.12831551628262,15074.303818121856,0.23966821919066197,2798.228172895952,0.8475056518877011,0.8475404771720451
main_benchmark,gebco_cascadia_margin_moderate,GEBCO Cascadia Margin,public,moderate_slope,Full Geometry-Aware Hybrid GA,31,1,15038.217983343482,15038.217983343482,0.0,0.0,0.0,99.33333333333331,0.0897966564076206,116,1,25.0,115,9.032078879070655,0.0,9.032078879070655,15047.250062222553,0.06002478088502353,2788.2003965003,0.8471994993155788,0.8472084206629673
main_benchmark,gebco_cascadia_margin_moderate,GEBCO Cascadia Margin,public,moderate_slope,Full Geometry-Aware Hybrid GA,31,1,15038.217983343482,15038.217983343482,0.0,0.0,0.0,99.33333333333331,0.0897966564076206,116,1,50.0,115,18.06415775814131,0.0,18.06415775814131,15056.282141101623,0.11997754551124272,2791.5456108999565,0.8472084206629517,0.8472262312805422
main_benchmark,gebco_cascadia_margin_moderate,GEBCO Cascadia Margin,public,moderate_slope,Full Geometry-Aware Hybrid GA,31,1,15038.217983343482,15038.217983343482,0.0,0.0,0.0,99.33333333333331,0.0897966564076206,116,1,100.0,115,36.12831551628262,0.0,36.12831551628262,15074.346298859764,0.23966754378606384,2798.236039699268,0.8472262312805463,0.8472617247440155
main_benchmark,gebco_cascadia_margin_moderate,GEBCO Cascadia Margin,public,moderate_slope,Full Geometry-Aware Hybrid GA,32,1,15038.17510311544,15038.17510311544,0.0,0.0,0.0,98.66666666666669,0.1344044557723638,116,1,25.0,115,9.032078879070655,0.0,9.032078879070655,15047.20718199451,0.06002495193844637,2788.1924557173293,0.8474820555752877,0.8474908073952356
main_benchmark,gebco_cascadia_margin_moderate,GEBCO Cascadia Margin,public,moderate_slope,Full Geometry-Aware Hybrid GA,32,1,15038.17510311544,15038.17510311544,0.0,0.0,0.0,98.66666666666669,0.1344044557723638,116,1,50.0,115,18.06415775814131,0.0,18.06415775814131,15056.23926087358,0.11997788720775951,2791.5376701169853,0.84749080739522,0.8475082795674901
main_benchmark,gebco_cascadia_margin_moderate,GEBCO Cascadia Margin,public,moderate_slope,Full Geometry-Aware Hybrid GA,32,1,15038.17510311544,15038.17510311544,0.0,0.0,0.0,98.66666666666669,0.1344044557723638,116,1,100.0,115,36.12831551628262,0.0,36.12831551628262,15074.303418631722,0.23966822554220515,2798.228098916297,0.8475082795674783,0.8475430985682659
main_benchmark,gebco_cascadia_margin_moderate,GEBCO Cascadia Margin,public,moderate_slope,Full Geometry-Aware Hybrid GA,33,1,15038.097274165675,15038.097274165675,0.0,0.0,0.0,98.66666666666669,0.0448157365578823,116,1,25.0,115,9.032078879070655,0.0,9.032078879070655,15047.129353044746,0.06002526240822831,2788.1780429488545,0.84799490398927,0.8480033481116268
main_benchmark,gebco_cascadia_margin_moderate,GEBCO Cascadia Margin,public,moderate_slope,Full Geometry-Aware Hybrid GA,33,1,15038.097274165675,15038.097274165675,0.0,0.0,0.0,98.66666666666669,0.0448157365578823,116,1,50.0,115,18.06415775814131,0.0,18.06415775814131,15056.161431923816,0.11997850740255475,2791.5232573485105,0.8480033481116166,0.8480202059950521
main_benchmark,gebco_cascadia_margin_moderate,GEBCO Cascadia Margin,public,moderate_slope,Full Geometry-Aware Hybrid GA,33,1,15038.097274165675,15038.097274165675,0.0,0.0,0.0,98.66666666666669,0.0448157365578823,116,1,100.0,115,36.12831551628262,0.0,36.12831551628262,15074.225589681957,0.23966946296074948,2798.213686147822,0.8480202059950456,0.84805380082502
main_benchmark,gebco_cascadia_margin_moderate,GEBCO Cascadia Margin,public,moderate_slope,Full Geometry-Aware Hybrid GA,34,1,15038.194928721112,15038.194928721112,0.0,0.0,0.0,99.33333333333331,0.1543068017216575,116,1,25.0,115,9.032078879070655,0.0,9.032078879070655,15047.227007600182,0.06002487285204546,2788.1961271257874,0.847351416135133,0.8473602463358132
main_benchmark,gebco_cascadia_margin_moderate,GEBCO Cascadia Margin,public,moderate_slope,Full Geometry-Aware Hybrid GA,34,1,15038.194928721112,15038.194928721112,0.0,0.0,0.0,99.33333333333331,0.1543068017216575,116,1,50.0,115,18.06415775814131,0.0,18.06415775814131,15056.259086479253,0.11997772922467305,2791.5413415254434,0.8473602463358096,0.8473778749877342
main_benchmark,gebco_cascadia_margin_moderate,GEBCO Cascadia Margin,public,moderate_slope,Full Geometry-Aware Hybrid GA,34,1,15038.194928721112,15038.194928721112,0.0,0.0,0.0,99.33333333333331,0.1543068017216575,116,1,100.0,115,36.12831551628262,0.0,36.12831551628262,15074.323244237394,0.2396679103328485,2798.231770324755,0.8473778749877342,0.8474130058252726
main_benchmark,gebco_cascadia_margin_moderate,GEBCO Cascadia Margin,public,moderate_slope,Full Geometry-Aware Hybrid GA,35,1,15038.111563246108,15038.111563246108,0.0,0.0,0.0,99.33333333333331,0.3947963295307537,116,1,25.0,115,9.032078879070655,0.0,9.032078879070655,15047.143642125178,0.060025205406991196,2788.1806890748608,0.8479007470944471,0.8479092477088273
main_benchmark,gebco_cascadia_margin_moderate,GEBCO Cascadia Margin,public,moderate_slope,Full Geometry-Aware Hybrid GA,35,1,15038.111563246108,15038.111563246108,0.0,0.0,0.0,99.33333333333331,0.3947963295307537,116,1,50.0,115,18.06415775814131,0.0,18.06415775814131,15056.175721004249,0.11997839353681791,2791.525903474517,0.847909247708826,0.8479262183731974
main_benchmark,gebco_cascadia_margin_moderate,GEBCO Cascadia Margin,public,moderate_slope,Full Geometry-Aware Hybrid GA,35,1,15038.111563246108,15038.111563246108,0.0,0.0,0.0,99.33333333333331,0.3947963295307537,116,1,100.0,115,36.12831551628262,0.0,36.12831551628262,15074.23987876239,0.23966923577475133,2798.2163322738284,0.8479262183731998,0.8479600379559752
main_benchmark,gebco_cascadia_margin_moderate,GEBCO Cascadia Margin,public,moderate_slope,Full Geometry-Aware Hybrid GA,36,1,15038.145585804128,15038.145585804128,0.0,0.0,0.0,98.66666666666669,0.0393972439351232,116,1,25.0,115,9.032078879070655,0.0,9.032078879070655,15047.177664683199,0.06002506968645415,2788.1869895485684,0.8476765578310296,0.8476851929539522
main_benchmark,gebco_cascadia_margin_moderate,GEBCO Cascadia Margin,public,moderate_slope,Full Geometry-Aware Hybrid GA,36,1,15038.145585804128,15038.145585804128,0.0,0.0,0.0,98.66666666666669,0.0393972439351232,116,1,50.0,115,18.06415775814131,0.0,18.06415775814131,15056.209743562269,0.11997812242131642,2791.5322039482244,0.8476851929539557,0.8477024321517845
main_benchmark,gebco_cascadia_margin_moderate,GEBCO Cascadia Margin,public,moderate_slope,Full Geometry-Aware Hybrid GA,36,1,15038.145585804128,15038.145585804128,0.0,0.0,0.0,98.66666666666669,0.0393972439351232,116,1,100.0,115,36.12831551628262,0.0,36.12831551628262,15074.27390132041,0.2396686948425291,2798.2226327475364,0.8477024321517916,0.8477367868750365
main_benchmark,gebco_cascadia_margin_moderate,GEBCO Cascadia Margin,public,moderate_slope,Full Geometry-Aware Hybrid GA,37,1,15038.174208345428,15038.174208345428,0.0,0.0,0.0,99.33333333333331,0.0456337031496405,116,1,25.0,115,9.032078879070655,0.0,9.032078879070655,15047.206287224499,0.06002495550778182,2788.1922900191794,0.8474879515996172,0.8474966998820674
main_benchmark,gebco_cascadia_margin_moderate,GEBCO Cascadia Margin,public,moderate_slope,Full Geometry-Aware Hybrid GA,37,1,15038.174208345428,15038.174208345428,0.0,0.0,0.0,99.33333333333331,0.0456337031496405,116,1,50.0,115,18.06415775814131,0.0,18.06415775814131,15056.23836610357,0.11997789433786817,2791.5375044188354,0.8474966998820668,0.8475141649920754
main_benchmark,gebco_cascadia_margin_moderate,GEBCO Cascadia Margin,public,moderate_slope,Full Geometry-Aware Hybrid GA,37,1,15038.174208345428,15038.174208345428,0.0,0.0,0.0,99.33333333333331,0.0456337031496405,116,1,100.0,115,36.12831551628262,0.0,36.12831551628262,15074.30252386171,0.23966823976826576,2798.227933218147,0.8475141649920785,0.8475489699190224
main_benchmark,gebco_cascadia_margin_moderate,GEBCO Cascadia Margin,public,moderate_slope,Full Geometry-Aware Hybrid GA,38,1,15038.22386007842,15038.22386007842,0.0,0.0,0.0,99.33333333333331,0.0,116,1,25.0,115,9.032078879070655,0.0,9.032078879070655,15047.25593895749,0.060024757442229154,2788.201484784548,0.8471607749822607,0.8471697195633777
main_benchmark,gebco_cascadia_margin_moderate,GEBCO Cascadia Margin,public,moderate_slope,Full Geometry-Aware Hybrid GA,38,1,15038.22386007842,15038.22386007842,0.0,0.0,0.0,99.33333333333331,0.0,116,1,50.0,115,18.06415775814131,0.0,18.06415775814131,15056.288017836561,0.11997749868188926,2791.546699184204,0.8471697195633682,0.8471875765648994
main_benchmark,gebco_cascadia_margin_moderate,GEBCO Cascadia Margin,public,moderate_slope,Full Geometry-Aware Hybrid GA,38,1,15038.22386007842,15038.22386007842,0.0,0.0,0.0,99.33333333333331,0.0,116,1,100.0,115,36.12831551628262,0.0,36.12831551628262,15074.352175594702,0.23966745035169187,2798.2371279835156,0.8471875765648935,0.8472231624634806
main_benchmark,gebco_cascadia_margin_moderate,GEBCO Cascadia Margin,public,moderate_slope,Full Geometry-Aware Hybrid GA,39,1,15038.22386007842,15038.22386007842,0.0,0.0,0.0,99.33333333333331,0.0,116,1,25.0,115,9.032078879070655,0.0,9.032078879070655,15047.25593895749,0.060024757442229154,2788.201484784548,0.8471607749822607,0.8471697195633777
main_benchmark,gebco_cascadia_margin_moderate,GEBCO Cascadia Margin,public,moderate_slope,Full Geometry-Aware Hybrid GA,39,1,15038.22386007842,15038.22386007842,0.0,0.0,0.0,99.33333333333331,0.0,116,1,50.0,115,18.06415775814131,0.0,18.06415775814131,15056.288017836561,0.11997749868188926,2791.546699184204,0.8471697195633682,0.8471875765648994
main_benchmark,gebco_cascadia_margin_moderate,GEBCO Cascadia Margin,public,moderate_slope,Full Geometry-Aware Hybrid GA,39,1,15038.22386007842,15038.22386007842,0.0,0.0,0.0,99.33333333333331,0.0,116,1,100.0,115,36.12831551628262,0.0,36.12831551628262,15074.352175594702,0.23966745035169187,2798.2371279835156,0.8471875765648935,0.8472231624634806
main_benchmark,gebco_cascadia_margin_moderate,GEBCO Cascadia Margin,public,moderate_slope,Full Geometry-Aware Hybrid GA,40,1,15038.13785844164,15038.13785844164,0.0,0.0,0.0,98.66666666666669,0.1285607692980284,116,1,25.0,115,9.032078879070655,0.0,9.032078879070655,15047.16993732071,0.060025100511883374,2788.185558555515,0.8477274767449864,0.8477360813176993
main_benchmark,gebco_cascadia_margin_moderate,GEBCO Cascadia Margin,public,moderate_slope,Full Geometry-Aware Hybrid GA,40,1,15038.13785844164,15038.13785844164,0.0,0.0,0.0,98.66666666666669,0.1285607692980284,116,1,50.0,115,18.06415775814131,0.0,18.06415775814131,15056.20201619978,0.11997818399822947,2791.530772955171,0.8477360813177022,0.847753259524956
main_benchmark,gebco_cascadia_margin_moderate,GEBCO Cascadia Margin,public,moderate_slope,Full Geometry-Aware Hybrid GA,40,1,15038.13785844164,15038.13785844164,0.0,0.0,0.0,98.66666666666669,0.1285607692980284,116,1,100.0,115,36.12831551628262,0.0,36.12831551628262,15074.266173957922,0.23966881770137083,2798.2212017544825,0.8477532595249625,0.8477874927046131
main_benchmark,gebco_cascadia_margin_moderate,GEBCO Cascadia Margin,public,moderate_slope,Full Geometry-Aware Hybrid GA,41,1,15038.195911409355,15038.195911409355,0.0,0.0,0.0,99.33333333333331,0.1746480513453731,116,1,25.0,115,9.032078879070655,0.0,9.032078879070655,15047.227990288426,0.06002486893200538,2788.1963091050916,0.8473449407797731,0.8473537748655254
main_benchmark,gebco_cascadia_margin_moderate,GEBCO Cascadia Margin,public,moderate_slope,Full Geometry-Aware Hybrid GA,41,1,15038.195911409355,15038.195911409355,0.0,0.0,0.0,99.33333333333331,0.1746480513453731,116,1,50.0,115,18.06415775814131,0.0,18.06415775814131,15056.260069167496,0.11997772139399641,2791.5415235047476,0.8473537748655181,0.8473714112736144
main_benchmark,gebco_cascadia_margin_moderate,GEBCO Cascadia Margin,public,moderate_slope,Full Geometry-Aware Hybrid GA,41,1,15038.195911409355,15038.195911409355,0.0,0.0,0.0,99.33333333333331,0.1746480513453731,116,1,100.0,115,36.12831551628262,0.0,36.12831551628262,15074.324226925637,0.23966789470900798,2798.231952304059,0.8473714112736107,0.8474065575678467
main_benchmark,gebco_cascadia_margin_moderate,GEBCO Cascadia Margin,public,moderate_slope,Full Geometry-Aware Hybrid GA,42,1,15038.22386007842,15038.22386007842,0.0,0.0,0.0,99.33333333333331,0.0,116,1,25.0,115,9.032078879070655,0.0,9.032078879070655,15047.25593895749,0.060024757442229154,2788.201484784548,0.8471607749822607,0.8471697195633777
main_benchmark,gebco_cascadia_margin_moderate,GEBCO Cascadia Margin,public,moderate_slope,Full Geometry-Aware Hybrid GA,42,1,15038.22386007842,15038.22386007842,0.0,0.0,0.0,99.33333333333331,0.0,116,1,50.0,115,18.06415775814131,0.0,18.06415775814131,15056.288017836561,0.11997749868188926,2791.546699184204,0.8471697195633682,0.8471875765648994
main_benchmark,gebco_cascadia_margin_moderate,GEBCO Cascadia Margin,public,moderate_slope,Full Geometry-Aware Hybrid GA,42,1,15038.22386007842,15038.22386007842,0.0,0.0,0.0,99.33333333333331,0.0,116,1,100.0,115,36.12831551628262,0.0,36.12831551628262,15074.352175594702,0.23966745035169187,2798.2371279835156,0.8471875765648935,0.8472231624634806
main_benchmark,gebco_cascadia_margin_moderate,GEBCO Cascadia Margin,public,moderate_slope,Full Geometry-Aware Hybrid GA,43,1,15038.144831525597,15038.144831525597,0.0,0.0,0.0,98.66666666666669,0.0432023826454516,116,1,25.0,115,9.032078879070655,0.0,9.032078879070655,15047.176910404667,0.06002507269536551,2788.1868498673584,0.8476815280965897,0.8476901602374779
main_benchmark,gebco_cascadia_margin_moderate,GEBCO Cascadia Margin,public,moderate_slope,Full Geometry-Aware Hybrid GA,43,1,15038.144831525597,15038.144831525597,0.0,0.0,0.0,98.66666666666669,0.0432023826454516,116,1,50.0,115,18.06415775814131,0.0,18.06415775814131,15056.208989283738,0.11997812843192121,2791.5320642670144,0.8476901602374677,0.8477073934819357
main_benchmark,gebco_cascadia_margin_moderate,GEBCO Cascadia Margin,public,moderate_slope,Full Geometry-Aware Hybrid GA,43,1,15038.144831525597,15038.144831525597,0.0,0.0,0.0,98.66666666666669,0.0432023826454516,116,1,100.0,115,36.12831551628262,0.0,36.12831551628262,15074.273147041878,0.23966870683494487,2798.222493066326,0.8477073934819291,0.8477417363411639
main_benchmark,gebco_cascadia_margin_moderate,GEBCO Cascadia Margin,public,moderate_slope,Full Geometry-Aware Hybrid GA,44,1,15037.986872928816,15037.986872928816,0.0,0.0,0.0,98.66666666666669,0.3102779152426339,116,1,25.0,115,9.032078879070655,0.0,9.032078879070655,15047.018951807886,0.060025702818600216,2788.157598275362,0.8487223852079715,0.848730392857853
main_benchmark,gebco_cascadia_margin_moderate,GEBCO Cascadia Margin,public,moderate_slope,Full Geometry-Aware Hybrid GA,44,1,15037.986872928816,15037.986872928816,0.0,0.0,0.0,98.66666666666669,0.3102779152426339,116,1,50.0,115,18.06415775814131,0.0,18.06415775814131,15056.051030686956,0.1199793871668161,2791.5028126750185,0.8487303928578463,0.8487463793656783
main_benchmark,gebco_cascadia_margin_moderate,GEBCO Cascadia Margin,public,moderate_slope,Full Geometry-Aware Hybrid GA,44,1,15037.986872928816,15037.986872928816,0.0,0.0,0.0,98.66666666666669,0.3102779152426339,116,1,100.0,115,36.12831551628262,0.0,36.12831551628262,15074.115188445097,0.23967121827473095,2798.19324147433,0.8487463793656915,0.8487782376956459
main_benchmark,gebco_cascadia_margin_moderate,GEBCO Cascadia Margin,public,moderate_slope,Full Geometry-Aware Hybrid GA,45,1,15038.07379682724,15038.07379682724,0.0,0.0,0.0,98.66666666666669,0.2116575726102483,116,1,25.0,115,9.032078879070655,0.0,9.032078879070655,15047.105875706311,0.060025356063008954,2788.173695293589,0.8481496062667268,0.8481579575711699
main_benchmark,gebco_cascadia_margin_moderate,GEBCO Cascadia Margin,public,moderate_slope,Full Geometry-Aware Hybrid GA,45,1,15038.07379682724,15038.07379682724,0.0,0.0,0.0,98.66666666666669,0.2116575726102483,116,1,50.0,115,18.06415775814131,0.0,18.06415775814131,15056.137954585382,0.11997869448745206,2791.518909693245,0.8481579575711644,0.8481746301525092
main_benchmark,gebco_cascadia_margin_moderate,GEBCO Cascadia Margin,public,moderate_slope,Full Geometry-Aware Hybrid GA,45,1,15038.07379682724,15038.07379682724,0.0,0.0,0.0,98.66666666666669,0.2116575726102483,116,1,100.0,115,36.12831551628262,0.0,36.12831551628262,15074.202112343522,0.23966983623430999,2798.2093384925565,0.8481746301525074,0.8482078557076451
main_benchmark,gebco_cascadia_margin_moderate,GEBCO Cascadia Margin,public,moderate_slope,Full Geometry-Aware Hybrid GA,46,1,15038.22386007842,15038.22386007842,0.0,0.0,0.0,99.33333333333331,0.0,116,1,25.0,115,9.032078879070655,0.0,9.032078879070655,15047.25593895749,0.060024757442229154,2788.201484784548,0.8471607749822607,0.8471697195633777
main_benchmark,gebco_cascadia_margin_moderate,GEBCO Cascadia Margin,public,moderate_slope,Full Geometry-Aware Hybrid GA,46,1,15038.22386007842,15038.22386007842,0.0,0.0,0.0,99.33333333333331,0.0,116,1,50.0,115,18.06415775814131,0.0,18.06415775814131,15056.288017836561,0.11997749868188926,2791.546699184204,0.8471697195633682,0.8471875765648994
main_benchmark,gebco_cascadia_margin_moderate,GEBCO Cascadia Margin,public,moderate_slope,Full Geometry-Aware Hybrid GA,46,1,15038.22386007842,15038.22386007842,0.0,0.0,0.0,99.33333333333331,0.0,116,1,100.0,115,36.12831551628262,0.0,36.12831551628262,15074.352175594702,0.23966745035169187,2798.2371279835156,0.8471875765648935,0.8472231624634806
main_benchmark,gebco_cascadia_margin_moderate,GEBCO Cascadia Margin,public,moderate_slope,Full Geometry-Aware Hybrid GA,47,1,15038.218577304951,15038.218577304951,0.0,0.0,0.0,98.66666666666669,0.108687716528679,116,1,25.0,115,9.032078879070655,0.0,9.032078879070655,15047.250656184022,0.060024778515659995,2788.200506493165,0.8471955854480727,0.8472045091436847
main_benchmark,gebco_cascadia_margin_moderate,GEBCO Cascadia Margin,public,moderate_slope,Full Geometry-Aware Hybrid GA,47,1,15038.218577304951,15038.218577304951,0.0,0.0,0.0,98.66666666666669,0.108687716528679,116,1,50.0,115,18.06415775814131,0.0,18.06415775814131,15056.282735063092,0.11997754077819935,2791.545720892821,0.8472045091436786,0.8472223244492985
main_benchmark,gebco_cascadia_margin_moderate,GEBCO Cascadia Margin,public,moderate_slope,Full Geometry-Aware Hybrid GA,47,1,15038.218577304951,15038.218577304951,0.0,0.0,0.0,98.66666666666669,0.108687716528679,116,1,100.0,115,36.12831551628262,0.0,36.12831551628262,15074.346892821233,0.23966753434265065,2798.236149692133,0.8472223244492961,0.84725782725517
main_benchmark,gebco_cascadia_margin_moderate,GEBCO Cascadia Margin,public,moderate_slope,Full Geometry-Aware Hybrid GA,48,1,15038.054291144424,15038.054291144424,0.0,0.0,0.0,98.66666666666669,0.5481892993224116,116,1,25.0,115,9.032078879070655,0.0,9.032078879070655,15047.086370023495,0.06002543387445547,2788.1700831301046,0.8482781375976275,0.8482864117861418
main_benchmark,gebco_cascadia_margin_moderate,GEBCO Cascadia Margin,public,moderate_slope,Full Geometry-Aware Hybrid GA,48,1,15038.054291144424,15038.054291144424,0.0,0.0,0.0,98.66666666666669,0.5481892993224116,116,1,50.0,115,18.06415775814131,0.0,18.06415775814131,15056.118448902565,0.11997884992368667,2791.5152975297606,0.8482864117861394,0.8483029304129039
main_benchmark,gebco_cascadia_margin_moderate,GEBCO Cascadia Margin,public,moderate_slope,Full Geometry-Aware Hybrid GA,48,1,15038.054291144424,15038.054291144424,0.0,0.0,0.0,98.66666666666669,0.5481892993224116,116,1,100.0,115,36.12831551628262,0.0,36.12831551628262,15074.182606660706,0.2396701463621576,2798.205726329072,0.8483029304129052,0.8483358491633409
main_benchmark,gebco_cascadia_margin_moderate,GEBCO Cascadia Margin,public,moderate_slope,Full Geometry-Aware Hybrid GA,49,1,15038.120811455114,15038.120811455114,0.0,0.0,0.0,98.66666666666669,0.2253937254255031,116,1,25.0,115,9.032078879070655,0.0,9.032078879070655,15047.152890334184,0.06002516851458708,2788.182401706158,0.847839806668871,0.8478483438461462
main_benchmark,gebco_cascadia_margin_moderate,GEBCO Cascadia Margin,public,moderate_slope,Full Geometry-Aware Hybrid GA,49,1,15038.120811455114,15038.120811455114,0.0,0.0,0.0,98.66666666666669,0.2253937254255031,116,1,50.0,115,18.06415775814131,0.0,18.06415775814131,15056.184969213255,0.11997831984050893,2791.5276161058146,0.8478483438461433,0.8478653875048229
main_benchmark,gebco_cascadia_margin_moderate,GEBCO Cascadia Margin,public,moderate_slope,Full Geometry-Aware Hybrid GA,49,1,15038.120811455114,15038.120811455114,0.0,0.0,0.0,98.66666666666669,0.2253937254255031,116,1,100.0,115,36.12831551628262,0.0,36.12831551628262,15074.249126971396,0.23966908873517634,2798.218044905126,0.8478653875048398,0.8478993525525919
main_benchmark,gebco_monterey_canyon_complex,GEBCO Monterey Canyon,public,complex_relief,Fixed-Spacing,0,1,6700.516576082014,6700.516576082014,0.0,0.0,0.0,99.33333333333331,0.8148148148148147,73,1,25.0,72,5.654866776461628,0.0,5.654866776461628,6706.1714428584755,0.08432332553149381,1242.9307980805438,0.0,0.0
main_benchmark,gebco_monterey_canyon_complex,GEBCO Monterey Canyon,public,complex_relief,Fixed-Spacing,0,1,6700.516576082014,6700.516576082014,0.0,0.0,0.0,99.33333333333331,0.8148148148148147,73,1,50.0,72,11.309733552923255,0.0,11.309733552923255,6711.8263096349365,0.1685045624122893,1245.025193182937,0.0,0.0
main_benchmark,gebco_monterey_canyon_complex,GEBCO Monterey Canyon,public,complex_relief,Fixed-Spacing,0,1,6700.516576082014,6700.516576082014,0.0,0.0,0.0,99.33333333333331,0.8148148148148147,73,1,100.0,72,22.61946710584651,0.0,22.61946710584651,6723.13604318786,0.33644220436035094,1249.2139833877236,0.0,0.0
main_benchmark,gebco_monterey_canyon_complex,GEBCO Monterey Canyon,public,complex_relief,Adaptive Spacing w/o GA,0,1,6656.620000000046,6656.620000000046,0.0,0.0,0.0,100.0,0.0,59,1,25.0,58,4.5553093477052,0.0,4.5553093477052,6661.175309347752,0.06838596998509631,1234.3945590176772,0.6709660481263251,0.6867831319369567
main_benchmark,gebco_monterey_canyon_complex,GEBCO Monterey Canyon,public,complex_relief,Adaptive Spacing w/o GA,0,1,6656.620000000046,6656.620000000046,0.0,0.0,0.0,100.0,0.0,59,1,50.0,58,9.1106186954104,0.0,9.1106186954104,6665.7306186954565,0.13667847107198924,1236.0817106279385,0.6867831319369635,0.7183374765400813
main_benchmark,gebco_monterey_canyon_complex,GEBCO Monterey Canyon,public,complex_relief,Adaptive Spacing w/o GA,0,1,6656.620000000046,6656.620000000046,0.0,0.0,0.0,100.0,0.0,59,1,100.0,58,18.2212373908208,0.0,18.2212373908208,6674.841237390867,0.27298383201610515,1239.4560138484608,0.7183374765400967,0.7811287472783764
main_benchmark,gebco_monterey_canyon_complex,GEBCO Monterey Canyon,public,complex_relief,Full Geometry-Aware Hybrid GA,0,1,6656.620000000046,6656.620000000046,0.0,0.0,0.0,100.0,0.0,59,1,25.0,58,4.5553093477052,0.0,4.5553093477052,6661.175309347752,0.06838596998509631,1234.3945590176772,0.6709660481263251,0.6867831319369567
main_benchmark,gebco_monterey_canyon_complex,GEBCO Monterey Canyon,public,complex_relief,Full Geometry-Aware Hybrid GA,0,1,6656.620000000046,6656.620000000046,0.0,0.0,0.0,100.0,0.0,59,1,50.0,58,9.1106186954104,0.0,9.1106186954104,6665.7306186954565,0.13667847107198924,1236.0817106279385,0.6867831319369635,0.7183374765400813
main_benchmark,gebco_monterey_canyon_complex,GEBCO Monterey Canyon,public,complex_relief,Full Geometry-Aware Hybrid GA,0,1,6656.620000000046,6656.620000000046,0.0,0.0,0.0,100.0,0.0,59,1,100.0,58,18.2212373908208,0.0,18.2212373908208,6674.841237390867,0.27298383201610515,1239.4560138484608,0.7183374765400967,0.7811287472783764
main_benchmark,gebco_monterey_canyon_complex,GEBCO Monterey Canyon,public,complex_relief,Full Geometry-Aware Hybrid GA,1,1,6656.620000000046,6656.620000000046,0.0,0.0,0.0,100.0,0.0,59,1,25.0,58,4.5553093477052,0.0,4.5553093477052,6661.175309347752,0.06838596998509631,1234.3945590176772,0.6709660481263251,0.6867831319369567
main_benchmark,gebco_monterey_canyon_complex,GEBCO Monterey Canyon,public,complex_relief,Full Geometry-Aware Hybrid GA,1,1,6656.620000000046,6656.620000000046,0.0,0.0,0.0,100.0,0.0,59,1,50.0,58,9.1106186954104,0.0,9.1106186954104,6665.7306186954565,0.13667847107198924,1236.0817106279385,0.6867831319369635,0.7183374765400813
main_benchmark,gebco_monterey_canyon_complex,GEBCO Monterey Canyon,public,complex_relief,Full Geometry-Aware Hybrid GA,1,1,6656.620000000046,6656.620000000046,0.0,0.0,0.0,100.0,0.0,59,1,100.0,58,18.2212373908208,0.0,18.2212373908208,6674.841237390867,0.27298383201610515,1239.4560138484608,0.7183374765400967,0.7811287472783764
main_benchmark,gebco_monterey_canyon_complex,GEBCO Monterey Canyon,public,complex_relief,Full Geometry-Aware Hybrid GA,2,1,6656.620000000046,6656.620000000046,0.0,0.0,0.0,100.0,0.0,59,1,25.0,58,4.5553093477052,0.0,4.5553093477052,6661.175309347752,0.06838596998509631,1234.3945590176772,0.6709660481263251,0.6867831319369567
main_benchmark,gebco_monterey_canyon_complex,GEBCO Monterey Canyon,public,complex_relief,Full Geometry-Aware Hybrid GA,2,1,6656.620000000046,6656.620000000046,0.0,0.0,0.0,100.0,0.0,59,1,50.0,58,9.1106186954104,0.0,9.1106186954104,6665.7306186954565,0.13667847107198924,1236.0817106279385,0.6867831319369635,0.7183374765400813
main_benchmark,gebco_monterey_canyon_complex,GEBCO Monterey Canyon,public,complex_relief,Full Geometry-Aware Hybrid GA,2,1,6656.620000000046,6656.620000000046,0.0,0.0,0.0,100.0,0.0,59,1,100.0,58,18.2212373908208,0.0,18.2212373908208,6674.841237390867,0.27298383201610515,1239.4560138484608,0.7183374765400967,0.7811287472783764
main_benchmark,gebco_monterey_canyon_complex,GEBCO Monterey Canyon,public,complex_relief,Full Geometry-Aware Hybrid GA,3,1,6656.620000000046,6656.620000000046,0.0,0.0,0.0,100.0,0.0,59,1,25.0,58,4.5553093477052,0.0,4.5553093477052,6661.175309347752,0.06838596998509631,1234.3945590176772,0.6709660481263251,0.6867831319369567
main_benchmark,gebco_monterey_canyon_complex,GEBCO Monterey Canyon,public,complex_relief,Full Geometry-Aware Hybrid GA,3,1,6656.620000000046,6656.620000000046,0.0,0.0,0.0,100.0,0.0,59,1,50.0,58,9.1106186954104,0.0,9.1106186954104,6665.7306186954565,0.13667847107198924,1236.0817106279385,0.6867831319369635,0.7183374765400813
main_benchmark,gebco_monterey_canyon_complex,GEBCO Monterey Canyon,public,complex_relief,Full Geometry-Aware Hybrid GA,3,1,6656.620000000046,6656.620000000046,0.0,0.0,0.0,100.0,0.0,59,1,100.0,58,18.2212373908208,0.0,18.2212373908208,6674.841237390867,0.27298383201610515,1239.4560138484608,0.7183374765400967,0.7811287472783764
main_benchmark,gebco_monterey_canyon_complex,GEBCO Monterey Canyon,public,complex_relief,Full Geometry-Aware Hybrid GA,4,1,6656.547473748714,6656.547473748714,0.0,0.0,0.0,99.16666666666669,0.0076847443328576,59,1,25.0,58,4.5553093477052,0.0,4.5553093477052,6661.102783096419,0.06838671457322357,1234.3811282303934,0.6720475333217215,0.6878637059564086
main_benchmark,gebco_monterey_canyon_complex,GEBCO Monterey Canyon,public,complex_relief,Full Geometry-Aware Hybrid GA,4,1,6656.547473748714,6656.547473748714,0.0,0.0,0.0,99.16666666666669,0.0076847443328576,59,1,50.0,58,9.1106186954104,0.0,9.1106186954104,6665.658092444124,0.13667995821354487,1236.0682798406547,0.687863705956412,0.7194162328060077
main_benchmark,gebco_monterey_canyon_complex,GEBCO Monterey Canyon,public,complex_relief,Full Geometry-Aware Hybrid GA,4,1,6656.547473748714,6656.547473748714,0.0,0.0,0.0,99.16666666666669,0.0076847443328576,59,1,100.0,58,18.2212373908208,0.0,18.2212373908208,6674.768711139534,0.2729867981854014,1239.442583061177,0.7194162328060199,0.7822038863228018
main_benchmark,gebco_monterey_canyon_complex,GEBCO Monterey Canyon,public,complex_relief,Full Geometry-Aware Hybrid GA,5,1,6656.486502297001,6656.486502297001,0.0,0.0,0.0,100.0,0.1267211997303698,59,1,25.0,58,4.5553093477052,0.0,4.5553093477052,6661.041811644706,0.06838734054696512,1234.3698372208169,0.6729567175296214,0.6887721241558763
main_benchmark,gebco_monterey_canyon_complex,GEBCO Monterey Canyon,public,complex_relief,Full Geometry-Aware Hybrid GA,5,1,6656.486502297001,6656.486502297001,0.0,0.0,0.0,100.0,0.1267211997303698,59,1,50.0,58,9.1106186954104,0.0,9.1106186954104,6665.597120992411,0.13668120845044354,1236.0569888310781,0.6887721241558763,0.7203231228543678
main_benchmark,gebco_monterey_canyon_complex,GEBCO Monterey Canyon,public,complex_relief,Full Geometry-Aware Hybrid GA,5,1,6656.486502297001,6656.486502297001,0.0,0.0,0.0,100.0,0.1267211997303698,59,1,100.0,58,18.2212373908208,0.0,18.2212373908208,6674.707739687821,0.27298929183786275,1239.4312920516004,0.7203231228543766,0.7831077354412637
main_benchmark,gebco_monterey_canyon_complex,GEBCO Monterey Canyon,public,complex_relief,Full Geometry-Aware Hybrid GA,6,1,6656.5778427912,6656.5778427912,0.0,0.0,0.0,100.0,0.1285949962071297,59,1,25.0,58,4.5553093477052,0.0,4.5553093477052,6661.133152138906,0.06838640278857779,1234.38675212715,0.6715946811579353,0.6874112353309123
main_benchmark,gebco_monterey_canyon_complex,GEBCO Monterey Canyon,public,complex_relief,Full Geometry-Aware Hybrid GA,6,1,6656.5778427912,6656.5778427912,0.0,0.0,0.0,100.0,0.1285949962071297,59,1,50.0,58,9.1106186954104,0.0,9.1106186954104,6665.68846148661,0.13667933549625436,1236.0739037374112,0.6874112353309042,0.7189645233315847
main_benchmark,gebco_monterey_canyon_complex,GEBCO Monterey Canyon,public,complex_relief,Full Geometry-Aware Hybrid GA,6,1,6656.5778427912,6656.5778427912,0.0,0.0,0.0,100.0,0.1285949962071297,59,1,100.0,58,18.2212373908208,0.0,18.2212373908208,6674.799080182021,0.2729855561483644,1239.4482069579335,0.7189645233315853,0.7817536914937855
main_benchmark,gebco_monterey_canyon_complex,GEBCO Monterey Canyon,public,complex_relief,Full Geometry-Aware Hybrid GA,7,1,6656.6130217998125,6656.6130217998125,0.0,0.0,0.0,99.16666666666669,0.0108656185086585,59,1,25.0,58,4.5553093477052,0.0,4.5553093477052,6661.168331147518,0.06838604162583078,1234.3932667583745,0.6710701045211436,0.6868871006619065
main_benchmark,gebco_monterey_canyon_complex,GEBCO Monterey Canyon,public,complex_relief,Full Geometry-Aware Hybrid GA,7,1,6656.6130217998125,6656.6130217998125,0.0,0.0,0.0,99.16666666666669,0.0108656185086585,59,1,50.0,58,9.1106186954104,0.0,9.1106186954104,6665.723640495223,0.13667861415769011,1236.0804183686357,0.6868871006618956,0.718441270367696
main_benchmark,gebco_monterey_canyon_complex,GEBCO Monterey Canyon,public,complex_relief,Full Geometry-Aware Hybrid GA,7,1,6656.6130217998125,6656.6130217998125,0.0,0.0,0.0,99.16666666666669,0.0108656185086585,59,1,100.0,58,18.2212373908208,0.0,18.2212373908208,6674.834259190633,0.2729841174068379,1239.454721589158,0.718441270367694,0.7812321930706873
main_benchmark,gebco_monterey_canyon_complex,GEBCO Monterey Canyon,public,complex_relief,Full Geometry-Aware Hybrid GA,8,1,6656.570548383389,6656.570548383389,0.0,0.0,0.0,99.16666666666669,0.1161039283629213,59,1,25.0,58,4.5553093477052,0.0,4.5553093477052,6661.125857731095,0.06838647767656539,1234.3854013108887,0.6717034527256355,0.687519915256082
main_benchmark,gebco_monterey_canyon_complex,GEBCO Monterey Canyon,public,complex_relief,Full Geometry-Aware Hybrid GA,8,1,6656.570548383389,6656.570548383389,0.0,0.0,0.0,99.16666666666669,0.1161039283629213,59,1,50.0,58,9.1106186954104,0.0,9.1106186954104,6665.681167078799,0.1366794850675866,1236.0725529211497,0.6875199152560774,0.7190730204342047
main_benchmark,gebco_monterey_canyon_complex,GEBCO Monterey Canyon,public,complex_relief,Full Geometry-Aware Hybrid GA,8,1,6656.570548383389,6656.570548383389,0.0,0.0,0.0,99.16666666666669,0.1161039283629213,59,1,100.0,58,18.2212373908208,0.0,18.2212373908208,6674.7917857742095,0.2729858544749695,1239.4468561416722,0.7190730204341905,0.7818618247903407
main_benchmark,gebco_monterey_canyon_complex,GEBCO Monterey Canyon,public,complex_relief,Full Geometry-Aware Hybrid GA,9,1,6656.531270035214,6656.531270035214,0.0,0.0,0.0,99.16666666666669,0.1988817126044793,59,1,25.0,58,4.5553093477052,0.0,4.5553093477052,6661.08657938292,0.06838688093027612,1234.3781275427082,0.6722891572294564,0.6881051262904994
main_benchmark,gebco_monterey_canyon_complex,GEBCO Monterey Canyon,public,complex_relief,Full Geometry-Aware Hybrid GA,9,1,6656.531270035214,6656.531270035214,0.0,0.0,0.0,99.16666666666669,0.1988817126044793,59,1,50.0,58,9.1106186954104,0.0,9.1106186954104,6665.6418887306245,0.1366802904730513,1236.0652791529694,0.6881051262904926,0.7196572470201515
main_benchmark,gebco_monterey_canyon_complex,GEBCO Monterey Canyon,public,complex_relief,Full Geometry-Aware Hybrid GA,9,1,6656.531270035214,6656.531270035214,0.0,0.0,0.0,99.16666666666669,0.1988817126044793,59,1,100.0,58,18.2212373908208,0.0,18.2212373908208,6674.752507426035,0.2729874608916009,1239.439582373492,0.7196572470201537,0.7824440923823657
main_benchmark,gebco_monterey_canyon_complex,GEBCO Monterey Canyon,public,complex_relief,Full Geometry-Aware Hybrid GA,10,1,6656.620000000046,6656.620000000046,0.0,0.0,0.0,100.0,0.0,59,1,25.0,58,4.5553093477052,0.0,4.5553093477052,6661.175309347752,0.06838596998509631,1234.3945590176772,0.6709660481263251,0.6867831319369567
main_benchmark,gebco_monterey_canyon_complex,GEBCO Monterey Canyon,public,complex_relief,Full Geometry-Aware Hybrid GA,10,1,6656.620000000046,6656.620000000046,0.0,0.0,0.0,100.0,0.0,59,1,50.0,58,9.1106186954104,0.0,9.1106186954104,6665.7306186954565,0.13667847107198924,1236.0817106279385,0.6867831319369635,0.7183374765400813
main_benchmark,gebco_monterey_canyon_complex,GEBCO Monterey Canyon,public,complex_relief,Full Geometry-Aware Hybrid GA,10,1,6656.620000000046,6656.620000000046,0.0,0.0,0.0,100.0,0.0,59,1,100.0,58,18.2212373908208,0.0,18.2212373908208,6674.841237390867,0.27298383201610515,1239.4560138484608,0.7183374765400967,0.7811287472783764
main_benchmark,gebco_monterey_canyon_complex,GEBCO Monterey Canyon,public,complex_relief,Full Geometry-Aware Hybrid GA,11,1,6656.60501858916,6656.60501858916,0.0,0.0,0.0,99.16666666666669,0.0207736906864401,59,1,25.0,58,4.5553093477052,0.0,4.5553093477052,6661.1603279368655,0.06838612378987878,1234.3917846823279,0.6711894455001317,0.6870063410933853
main_benchmark,gebco_monterey_canyon_complex,GEBCO Monterey Canyon,public,complex_relief,Full Geometry-Aware Hybrid GA,11,1,6656.60501858916,6656.60501858916,0.0,0.0,0.0,99.16666666666669,0.0207736906864401,59,1,50.0,58,9.1106186954104,0.0,9.1106186954104,6665.71563728457,0.13667877826126132,1236.078936292589,0.6870063410933867,0.7185603102116067
main_benchmark,gebco_monterey_canyon_complex,GEBCO Monterey Canyon,public,complex_relief,Full Geometry-Aware Hybrid GA,11,1,6656.60501858916,6656.60501858916,0.0,0.0,0.0,99.16666666666669,0.0207736906864401,59,1,100.0,58,18.2212373908208,0.0,18.2212373908208,6674.8262559799805,0.2729844447186379,1239.4532395131116,0.7185603102116168,0.7813508337572386
main_benchmark,gebco_monterey_canyon_complex,GEBCO Monterey Canyon,public,complex_relief,Full Geometry-Aware Hybrid GA,12,1,6656.612269000872,6656.612269000872,0.0,0.0,0.0,99.16666666666669,0.1539267079611943,59,1,25.0,58,4.5553093477052,0.0,4.5553093477052,6661.167578348578,0.06838604935434671,1234.3931273511635,0.6710813299863214,0.6868983166693644
main_benchmark,gebco_monterey_canyon_complex,GEBCO Monterey Canyon,public,complex_relief,Full Geometry-Aware Hybrid GA,12,1,6656.612269000872,6656.612269000872,0.0,0.0,0.0,99.16666666666669,0.1539267079611943,59,1,50.0,58,9.1106186954104,0.0,9.1106186954104,6665.722887696283,0.1366786295936027,1236.0802789614247,0.6868983166693631,0.7184524675074625
main_benchmark,gebco_monterey_canyon_complex,GEBCO Monterey Canyon,public,complex_relief,Full Geometry-Aware Hybrid GA,12,1,6656.612269000872,6656.612269000872,0.0,0.0,0.0,99.16666666666669,0.1539267079611943,59,1,100.0,58,18.2212373908208,0.0,18.2212373908208,6674.833506391693,0.27298414819444544,1239.454582181947,0.7184524675074699,0.781243352664869
main_benchmark,gebco_monterey_canyon_complex,GEBCO Monterey Canyon,public,complex_relief,Full Geometry-Aware Hybrid GA,13,1,6656.600344672867,6656.600344672867,0.0,0.0,0.0,100.0,0.183601076553121,59,1,25.0,58,4.5553093477052,0.0,4.5553093477052,6661.155654020573,0.06838617177419783,1234.3909191422736,0.6712591412472874,0.6870759781202921
main_benchmark,gebco_monterey_canyon_complex,GEBCO Monterey Canyon,public,complex_relief,Full Geometry-Aware Hybrid GA,13,1,6656.600344672867,6656.600344672867,0.0,0.0,0.0,100.0,0.183601076553121,59,1,50.0,58,9.1106186954104,0.0,9.1106186954104,6665.710963368278,0.13667887409877544,1236.0780707525348,0.6870759781202853,0.7186298300943392
main_benchmark,gebco_monterey_canyon_complex,GEBCO Monterey Canyon,public,complex_relief,Full Geometry-Aware Hybrid GA,13,1,6656.600344672867,6656.600344672867,0.0,0.0,0.0,100.0,0.183601076553121,59,1,100.0,58,18.2212373908208,0.0,18.2212373908208,6674.821582063688,0.2729846358707801,1239.452373973057,0.7186298300943413,0.7814201205300436
main_benchmark,gebco_monterey_canyon_complex,GEBCO Monterey Canyon,public,complex_relief,Full Geometry-Aware Hybrid GA,14,1,6656.620000000046,6656.620000000046,0.0,0.0,0.0,100.0,0.0,59,1,25.0,58,4.5553093477052,0.0,4.5553093477052,6661.175309347752,0.06838596998509631,1234.3945590176772,0.6709660481263251,0.6867831319369567
main_benchmark,gebco_monterey_canyon_complex,GEBCO Monterey Canyon,public,complex_relief,Full Geometry-Aware Hybrid GA,14,1,6656.620000000046,6656.620000000046,0.0,0.0,0.0,100.0,0.0,59,1,50.0,58,9.1106186954104,0.0,9.1106186954104,6665.7306186954565,0.13667847107198924,1236.0817106279385,0.6867831319369635,0.7183374765400813
main_benchmark,gebco_monterey_canyon_complex,GEBCO Monterey Canyon,public,complex_relief,Full Geometry-Aware Hybrid GA,14,1,6656.620000000046,6656.620000000046,0.0,0.0,0.0,100.0,0.0,59,1,100.0,58,18.2212373908208,0.0,18.2212373908208,6674.841237390867,0.27298383201610515,1239.4560138484608,0.7183374765400967,0.7811287472783764
main_benchmark,gebco_monterey_canyon_complex,GEBCO Monterey Canyon,public,complex_relief,Full Geometry-Aware Hybrid GA,15,1,6656.512620779904,6656.512620779904,0.0,0.0,0.0,99.16666666666669,0.0898657962900886,59,1,25.0,58,4.5553093477052,0.0,4.5553093477052,6661.0679301276095,0.06838707239573116,1234.3746739769101,0.6725672481710491,0.6883829829341185
main_benchmark,gebco_monterey_canyon_complex,GEBCO Monterey Canyon,public,complex_relief,Full Geometry-Aware Hybrid GA,15,1,6656.512620779904,6656.512620779904,0.0,0.0,0.0,99.16666666666669,0.0898657962900886,59,1,50.0,58,9.1106186954104,0.0,9.1106186954104,6665.623239475314,0.13668067288074842,1236.0618255871714,0.6883829829341233,0.7199346362502623
main_benchmark,gebco_monterey_canyon_complex,GEBCO Monterey Canyon,public,complex_relief,Full Geometry-Aware Hybrid GA,15,1,6656.512620779904,6656.512620779904,0.0,0.0,0.0,99.16666666666669,0.0898657962900886,59,1,100.0,58,18.2212373908208,0.0,18.2212373908208,6674.7338581707245,0.272988223620567,1239.4361288076936,0.7199346362502759,0.7827205514873876
main_benchmark,gebco_monterey_canyon_complex,GEBCO Monterey Canyon,public,complex_relief,Full Geometry-Aware Hybrid GA,16,1,6656.457284226263,6656.457284226263,0.0,0.0,0.0,99.16666666666669,0.1706374865906995,59,1,25.0,58,4.5553093477052,0.0,4.5553093477052,6661.012593573969,0.06838764052330139,1234.3644264669765,0.6733924068195002,0.6892074463675961
main_benchmark,gebco_monterey_canyon_complex,GEBCO Monterey Canyon,public,complex_relief,Full Geometry-Aware Hybrid GA,16,1,6656.457284226263,6656.457284226263,0.0,0.0,0.0,99.16666666666669,0.1706374865906995,59,1,50.0,58,9.1106186954104,0.0,9.1106186954104,6665.5679029216735,0.1366818075833719,1236.0515780772378,0.6892074463675893,0.7207577127622651
main_benchmark,gebco_monterey_canyon_complex,GEBCO Monterey Canyon,public,complex_relief,Full Geometry-Aware Hybrid GA,16,1,6656.457284226263,6656.457284226263,0.0,0.0,0.0,99.16666666666669,0.1706374865906995,59,1,100.0,58,18.2212373908208,0.0,18.2212373908208,6674.678521617084,0.27299048683480737,1239.42588129776,0.7207577127622671,0.783540868108069
main_benchmark,gebco_monterey_canyon_complex,GEBCO Monterey Canyon,public,complex_relief,Full Geometry-Aware Hybrid GA,17,1,6656.584803088311,6656.584803088311,0.0,0.0,0.0,100.0,0.0230722099478987,59,1,25.0,58,4.5553093477052,0.0,4.5553093477052,6661.140112436016,0.06838633133088831,1234.3880410710594,0.6714908917280047,0.6873075333459387
main_benchmark,gebco_monterey_canyon_complex,GEBCO Monterey Canyon,public,complex_relief,Full Geometry-Aware Hybrid GA,17,1,6656.584803088311,6656.584803088311,0.0,0.0,0.0,100.0,0.0230722099478987,59,1,50.0,58,9.1106186954104,0.0,9.1106186954104,6665.695421783721,0.13667919277614435,1236.0751926813207,0.687307533345936,0.7188609957952331
main_benchmark,gebco_monterey_canyon_complex,GEBCO Monterey Canyon,public,complex_relief,Full Geometry-Aware Hybrid GA,17,1,6656.584803088311,6656.584803088311,0.0,0.0,0.0,100.0,0.0230722099478987,59,1,100.0,58,18.2212373908208,0.0,18.2212373908208,6674.806040479131,0.2729852714868227,1239.4494959018432,0.7188609957952392,0.7816505110998077
main_benchmark,gebco_monterey_canyon_complex,GEBCO Monterey Canyon,public,complex_relief,Full Geometry-Aware Hybrid GA,18,1,6656.4812904635055,6656.4812904635055,0.0,0.0,0.0,99.16666666666669,0.4644609658001306,59,1,25.0,58,4.5553093477052,0.0,4.5553093477052,6661.036599811211,0.06838739405566857,1234.3688720664659,0.6730344345033015,0.6888497756512346
main_benchmark,gebco_monterey_canyon_complex,GEBCO Monterey Canyon,public,complex_relief,Full Geometry-Aware Hybrid GA,18,1,6656.4812904635055,6656.4812904635055,0.0,0.0,0.0,99.16666666666669,0.4644609658001306,59,1,50.0,58,9.1106186954104,0.0,9.1106186954104,6665.591909158916,0.13668131532162767,1236.0560236767271,0.6888497756512333,0.7204006437235247
main_benchmark,gebco_monterey_canyon_complex,GEBCO Monterey Canyon,public,complex_relief,Full Geometry-Aware Hybrid GA,18,1,6656.4812904635055,6656.4812904635055,0.0,0.0,0.0,99.16666666666669,0.4644609658001306,59,1,100.0,58,18.2212373908208,0.0,18.2212373908208,6674.702527854326,0.27298950499713526,1239.4303268972494,0.7204006437235322,0.7831849963720421
main_benchmark,gebco_monterey_canyon_complex,GEBCO Monterey Canyon,public,complex_relief,Full Geometry-Aware Hybrid GA,19,1,6656.588120938868,6656.588120938868,0.0,0.0,0.0,100.0,0.0020717069371155,59,1,25.0,58,4.5553093477052,0.0,4.5553093477052,6661.143430286574,0.06838629726832383,1234.3886554878293,0.6714414171420119,0.6872581004434153
main_benchmark,gebco_monterey_canyon_complex,GEBCO Monterey Canyon,public,complex_relief,Full Geometry-Aware Hybrid GA,19,1,6656.588120938868,6656.588120938868,0.0,0.0,0.0,100.0,0.0020717069371155,59,1,50.0,58,9.1106186954104,0.0,9.1106186954104,6665.698739634278,0.13667912474409644,1236.0758070980905,0.6872581004434105,0.7188116460492832
main_benchmark,gebco_monterey_canyon_complex,GEBCO Monterey Canyon,public,complex_relief,Full Geometry-Aware Hybrid GA,19,1,6656.588120938868,6656.588120938868,0.0,0.0,0.0,100.0,0.0020717069371155,59,1,100.0,58,18.2212373908208,0.0,18.2212373908208,6674.809358329689,0.2729851357939083,1239.4501103186128,0.7188116460492872,0.7816013268305158
main_benchmark,gebco_monterey_canyon_complex,GEBCO Monterey Canyon,public,complex_relief,Full Geometry-Aware Hybrid GA,20,1,6656.613750279534,6656.613750279534,0.0,0.0,0.0,100.0,0.1633368187681569,59,1,25.0,58,4.5553093477052,0.0,4.5553093477052,6661.169059627239,0.06838603414698675,1234.3934016620267,0.6710592416953517,0.6868762469882802
main_benchmark,gebco_monterey_canyon_complex,GEBCO Monterey Canyon,public,complex_relief,Full Geometry-Aware Hybrid GA,20,1,6656.613750279534,6656.613750279534,0.0,0.0,0.0,100.0,0.1633368187681569,59,1,50.0,58,9.1106186954104,0.0,9.1106186954104,6665.724368974944,0.13667859922043898,1236.080553272288,0.6868762469882823,0.7184304349522391
main_benchmark,gebco_monterey_canyon_complex,GEBCO Monterey Canyon,public,complex_relief,Full Geometry-Aware Hybrid GA,20,1,6656.613750279534,6656.613750279534,0.0,0.0,0.0,100.0,0.1633368187681569,59,1,100.0,58,18.2212373908208,0.0,18.2212373908208,6674.834987670354,0.2729840876138327,1239.4548564928102,0.7184304349522499,0.7812213939879026
main_benchmark,gebco_monterey_canyon_complex,GEBCO Monterey Canyon,public,complex_relief,Full Geometry-Aware Hybrid GA,21,1,6656.527943908927,6656.527943908927,0.0,0.0,0.0,99.16666666666669,0.0169686501126002,59,1,25.0,58,4.5553093477052,0.0,4.5553093477052,6661.083253256633,0.06838691507838593,1234.3775115933956,0.6723387552201332,0.6881546824937478
main_benchmark,gebco_monterey_canyon_complex,GEBCO Monterey Canyon,public,complex_relief,Full Geometry-Aware Hybrid GA,21,1,6656.527943908927,6656.527943908927,0.0,0.0,0.0,99.16666666666669,0.0169686501126002,59,1,50.0,58,9.1106186954104,0.0,9.1106186954104,6665.6385626043375,0.1366803586759553,1236.064663203657,0.6881546824937307,0.7197067198594086
main_benchmark,gebco_monterey_canyon_complex,GEBCO Monterey Canyon,public,complex_relief,Full Geometry-Aware Hybrid GA,21,1,6656.527943908927,6656.527943908927,0.0,0.0,0.0,99.16666666666669,0.0169686501126002,59,1,100.0,58,18.2212373908208,0.0,18.2212373908208,6674.749181299748,0.27298759692529223,1239.4389664241794,0.7197067198594005,0.7824933993322337
main_benchmark,gebco_monterey_canyon_complex,GEBCO Monterey Canyon,public,complex_relief,Full Geometry-Aware Hybrid GA,22,1,6656.615851782798,6656.615851782798,0.0,0.0,0.0,99.16666666666669,0.0154493116121926,59,1,25.0,58,4.5553093477052,0.0,4.5553093477052,6661.171161130504,0.06838601257218098,1234.3937908292978,0.6710279048397062,0.6868449365346553
main_benchmark,gebco_monterey_canyon_complex,GEBCO Monterey Canyon,public,complex_relief,Full Geometry-Aware Hybrid GA,22,1,6656.615851782798,6656.615851782798,0.0,0.0,0.0,99.16666666666669,0.0154493116121926,59,1,50.0,58,9.1106186954104,0.0,9.1106186954104,6665.726470478208,0.13667855612978358,1236.080942439559,0.6868449365346526,0.7183991771694044
main_benchmark,gebco_monterey_canyon_complex,GEBCO Monterey Canyon,public,complex_relief,Full Geometry-Aware Hybrid GA,22,1,6656.615851782798,6656.615851782798,0.0,0.0,0.0,99.16666666666669,0.0154493116121926,59,1,100.0,58,18.2212373908208,0.0,18.2212373908208,6674.837089173619,0.27298400166762254,1239.4552456600813,0.7183991771694104,0.7811902410168104
main_benchmark,gebco_monterey_canyon_complex,GEBCO Monterey Canyon,public,complex_relief,Full Geometry-Aware Hybrid GA,23,1,6656.510042181972,6656.510042181972,0.0,0.0,0.0,99.16666666666669,0.2562049573380404,59,1,25.0,58,4.5553093477052,0.0,4.5553093477052,6661.065351529677,0.06838709886938879,1234.3741964587746,0.6726056992896097,0.6884214016567277
main_benchmark,gebco_monterey_canyon_complex,GEBCO Monterey Canyon,public,complex_relief,Full Geometry-Aware Hybrid GA,23,1,6656.510042181972,6656.510042181972,0.0,0.0,0.0,99.16666666666669,0.2562049573380404,59,1,50.0,58,9.1106186954104,0.0,9.1106186954104,6665.620660877382,0.13668072575571963,1236.0613480690356,0.6884214016567393,0.7199729903444912
main_benchmark,gebco_monterey_canyon_complex,GEBCO Monterey Canyon,public,complex_relief,Full Geometry-Aware Hybrid GA,23,1,6656.510042181972,6656.510042181972,0.0,0.0,0.0,99.16666666666669,0.2562049573380404,59,1,100.0,58,18.2212373908208,0.0,18.2212373908208,6674.731279572792,0.27298832908202153,1239.435651289558,0.7199729903444932,0.7827587769749255
main_benchmark,gebco_monterey_canyon_complex,GEBCO Monterey Canyon,public,complex_relief,Full Geometry-Aware Hybrid GA,24,1,6656.616931942972,6656.616931942972,0.0,0.0,0.0,100.0,0.1698371938816999,59,1,25.0,58,4.5553093477052,0.0,4.5553093477052,6661.172241290677,0.06838600148286449,1234.3939908589596,0.6710117978823603,0.6868288431477939
main_benchmark,gebco_monterey_canyon_complex,GEBCO Monterey Canyon,public,complex_relief,Full Geometry-Aware Hybrid GA,24,1,6656.616931942972,6656.616931942972,0.0,0.0,0.0,100.0,0.1698371938816999,59,1,50.0,58,9.1106186954104,0.0,9.1106186954104,6665.727550638382,0.13667853398145366,1236.0811424692208,0.6868288431477857,0.7183831108550156
main_benchmark,gebco_monterey_canyon_complex,GEBCO Monterey Canyon,public,complex_relief,Full Geometry-Aware Hybrid GA,24,1,6656.616931942972,6656.616931942972,0.0,0.0,0.0,100.0,0.1698371938816999,59,1,100.0,58,18.2212373908208,0.0,18.2212373908208,6674.838169333792,0.272983957491803,1239.455445689743,0.7183831108550163,0.7811742285750337
main_benchmark,gebco_monterey_canyon_complex,GEBCO Monterey Canyon,public,complex_relief,Full Geometry-Aware Hybrid GA,25,1,6656.57734412468,6656.57734412468,0.0,0.0,0.0,99.16666666666669,0.102452603345761,59,1,25.0,58,4.5553093477052,0.0,4.5553093477052,6661.132653472386,0.06838640790812896,1234.386659781498,0.671602117092494,0.6874186650005293
main_benchmark,gebco_monterey_canyon_complex,GEBCO Monterey Canyon,public,complex_relief,Full Geometry-Aware Hybrid GA,25,1,6656.57734412468,6656.57734412468,0.0,0.0,0.0,99.16666666666669,0.102452603345761,59,1,50.0,58,9.1106186954104,0.0,9.1106186954104,6665.68796282009,0.13667934572136675,1236.0738113917594,0.6874186650005184,0.7189719405029296
main_benchmark,gebco_monterey_canyon_complex,GEBCO Monterey Canyon,public,complex_relief,Full Geometry-Aware Hybrid GA,25,1,6656.57734412468,6656.57734412468,0.0,0.0,0.0,99.16666666666669,0.102452603345761,59,1,100.0,58,18.2212373908208,0.0,18.2212373908208,6674.798581515501,0.2729855765428011,1239.4481146122819,0.7189719405029275,0.7817610837942933
main_benchmark,gebco_monterey_canyon_complex,GEBCO Monterey Canyon,public,complex_relief,Full Geometry-Aware Hybrid GA,26,1,6656.613752629174,6656.613752629174,0.0,0.0,0.0,99.16666666666669,0.0,59,1,25.0,58,4.5553093477052,0.0,4.5553093477052,6661.16906197688,0.06838603412286447,1234.3934020971453,0.671059206658364,0.6868762119808094
main_benchmark,gebco_monterey_canyon_complex,GEBCO Monterey Canyon,public,complex_relief,Full Geometry-Aware Hybrid GA,26,1,6656.613752629174,6656.613752629174,0.0,0.0,0.0,99.16666666666669,0.0,59,1,50.0,58,9.1106186954104,0.0,9.1106186954104,6665.724371324584,0.13667859917226036,1236.0805537074064,0.6868762119808142,0.7184304000036765
main_benchmark,gebco_monterey_canyon_complex,GEBCO Monterey Canyon,public,complex_relief,Full Geometry-Aware Hybrid GA,26,1,6656.613752629174,6656.613752629174,0.0,0.0,0.0,99.16666666666669,0.0,59,1,100.0,58,18.2212373908208,0.0,18.2212373908208,6674.834990019995,0.2729840875177383,1239.4548569279289,0.7184304000036718,0.7812213591565091
main_benchmark,gebco_monterey_canyon_complex,GEBCO Monterey Canyon,public,complex_relief,Full Geometry-Aware Hybrid GA,27,1,6656.620000000046,6656.620000000046,0.0,0.0,0.0,100.0,0.0,59,1,25.0,58,4.5553093477052,0.0,4.5553093477052,6661.175309347752,0.06838596998509631,1234.3945590176772,0.6709660481263251,0.6867831319369567
main_benchmark,gebco_monterey_canyon_complex,GEBCO Monterey Canyon,public,complex_relief,Full Geometry-Aware Hybrid GA,27,1,6656.620000000046,6656.620000000046,0.0,0.0,0.0,100.0,0.0,59,1,50.0,58,9.1106186954104,0.0,9.1106186954104,6665.7306186954565,0.13667847107198924,1236.0817106279385,0.6867831319369635,0.7183374765400813
main_benchmark,gebco_monterey_canyon_complex,GEBCO Monterey Canyon,public,complex_relief,Full Geometry-Aware Hybrid GA,27,1,6656.620000000046,6656.620000000046,0.0,0.0,0.0,100.0,0.0,59,1,100.0,58,18.2212373908208,0.0,18.2212373908208,6674.841237390867,0.27298383201610515,1239.4560138484608,0.7183374765400967,0.7811287472783764
main_benchmark,gebco_monterey_canyon_complex,GEBCO Monterey Canyon,public,complex_relief,Full Geometry-Aware Hybrid GA,28,1,6656.584292441108,6656.584292441108,0.0,0.0,0.0,99.16666666666669,0.0023932671604159,59,1,25.0,58,4.5553093477052,0.0,4.5553093477052,6661.139601788814,0.068386336573428,1234.3879465067628,0.6714985063141661,0.6873151415166274
main_benchmark,gebco_monterey_canyon_complex,GEBCO Monterey Canyon,public,complex_relief,Full Geometry-Aware Hybrid GA,28,1,6656.584292441108,6656.584292441108,0.0,0.0,0.0,99.16666666666669,0.0023932671604159,59,1,50.0,58,9.1106186954104,0.0,9.1106186954104,6665.694911136518,0.13667920324689772,1236.075098117024,0.6873151415166349,0.7188685911673732
main_benchmark,gebco_monterey_canyon_complex,GEBCO Monterey Canyon,public,complex_relief,Full Geometry-Aware Hybrid GA,28,1,6656.584292441108,6656.584292441108,0.0,0.0,0.0,99.16666666666669,0.0023932671604159,59,1,100.0,58,18.2212373908208,0.0,18.2212373908208,6674.805529831929,0.2729852923712013,1239.4494013375463,0.7188685911673894,0.7816580810036148
main_benchmark,gebco_monterey_canyon_complex,GEBCO Monterey Canyon,public,complex_relief,Full Geometry-Aware Hybrid GA,29,1,6656.534730854422,6656.534730854422,0.0,0.0,0.0,99.16666666666669,0.0456204549153473,59,1,25.0,58,4.5553093477052,0.0,4.5553093477052,6661.090040202128,0.06838684539936006,1234.3787684351541,0.6722375507467166,0.6880535632873972
main_benchmark,gebco_monterey_canyon_complex,GEBCO Monterey Canyon,public,complex_relief,Full Geometry-Aware Hybrid GA,29,1,6656.534730854422,6656.534730854422,0.0,0.0,0.0,99.16666666666669,0.0456204549153473,59,1,50.0,58,9.1106186954104,0.0,9.1106186954104,6665.645349549833,0.13668021950831347,1236.0659200454154,0.6880535632873919,0.7196057707569016
main_benchmark,gebco_monterey_canyon_complex,GEBCO Monterey Canyon,public,complex_relief,Full Geometry-Aware Hybrid GA,29,1,6656.534730854422,6656.534730854422,0.0,0.0,0.0,99.16666666666669,0.0456204549153473,59,1,100.0,58,18.2212373908208,0.0,18.2212373908208,6674.755968245243,0.2729873193493104,1239.4402232659377,0.719605770756905,0.7823927887262855
main_benchmark,gebco_monterey_canyon_complex,GEBCO Monterey Canyon,public,complex_relief,Full Geometry-Aware Hybrid GA,30,1,6656.620000000046,6656.620000000046,0.0,0.0,0.0,100.0,0.0,59,1,25.0,58,4.5553093477052,0.0,4.5553093477052,6661.175309347752,0.06838596998509631,1234.3945590176772,0.6709660481263251,0.6867831319369567
main_benchmark,gebco_monterey_canyon_complex,GEBCO Monterey Canyon,public,complex_relief,Full Geometry-Aware Hybrid GA,30,1,6656.620000000046,6656.620000000046,0.0,0.0,0.0,100.0,0.0,59,1,50.0,58,9.1106186954104,0.0,9.1106186954104,6665.7306186954565,0.13667847107198924,1236.0817106279385,0.6867831319369635,0.7183374765400813
main_benchmark,gebco_monterey_canyon_complex,GEBCO Monterey Canyon,public,complex_relief,Full Geometry-Aware Hybrid GA,30,1,6656.620000000046,6656.620000000046,0.0,0.0,0.0,100.0,0.0,59,1,100.0,58,18.2212373908208,0.0,18.2212373908208,6674.841237390867,0.27298383201610515,1239.4560138484608,0.7183374765400967,0.7811287472783764
main_benchmark,gebco_monterey_canyon_complex,GEBCO Monterey Canyon,public,complex_relief,Full Geometry-Aware Hybrid GA,31,1,6656.612981007983,6656.612981007983,0.0,0.0,0.0,100.0,0.0264533263020523,59,1,25.0,58,4.5553093477052,0.0,4.5553093477052,6661.168290355688,0.06838604204461494,1234.3932592043323,0.6710707127941349,0.6868877084223888
main_benchmark,gebco_monterey_canyon_complex,GEBCO Monterey Canyon,public,complex_relief,Full Geometry-Aware Hybrid GA,31,1,6656.612981007983,6656.612981007983,0.0,0.0,0.0,100.0,0.0264533263020523,59,1,50.0,58,9.1106186954104,0.0,9.1106186954104,6665.723599703393,0.13667861499411404,1236.0804108145933,0.686887708422403,0.7184418771058152
main_benchmark,gebco_monterey_canyon_complex,GEBCO Monterey Canyon,public,complex_relief,Full Geometry-Aware Hybrid GA,31,1,6656.612981007983,6656.612981007983,0.0,0.0,0.0,100.0,0.0264533263020523,59,1,100.0,58,18.2212373908208,0.0,18.2212373908208,6674.834218398803,0.2729841190751223,1239.4547140351158,0.7184418771058199,0.7812327977743099
main_benchmark,gebco_monterey_canyon_complex,GEBCO Monterey Canyon,public,complex_relief,Full Geometry-Aware Hybrid GA,32,1,6656.611288621797,6656.611288621797,0.0,0.0,0.0,100.0,0.0264773639342079,59,1,25.0,58,4.5553093477052,0.0,4.5553093477052,6661.166597969503,0.06838605941928816,1234.392945799483,0.6710959490440614,0.6869129234102046
main_benchmark,gebco_monterey_canyon_complex,GEBCO Monterey Canyon,public,complex_relief,Full Geometry-Aware Hybrid GA,32,1,6656.611288621797,6656.611288621797,0.0,0.0,0.0,100.0,0.0264773639342079,59,1,50.0,58,9.1106186954104,0.0,9.1106186954104,6665.721907317207,0.13667864969598176,1236.0800974097442,0.6869129234102134,0.7184670496766822
main_benchmark,gebco_monterey_canyon_complex,GEBCO Monterey Canyon,public,complex_relief,Full Geometry-Aware Hybrid GA,32,1,6656.611288621797,6656.611288621797,0.0,0.0,0.0,100.0,0.0264773639342079,59,1,100.0,58,18.2212373908208,0.0,18.2212373908208,6674.832526012618,0.27298418828952586,1239.4544006302665,0.7184670496766998,0.7812578859380243
main_benchmark,gebco_monterey_canyon_complex,GEBCO Monterey Canyon,public,complex_relief,Full Geometry-Aware Hybrid GA,33,1,6656.52378654466,6656.52378654466,0.0,0.0,0.0,99.16666666666669,0.3816083447048187,59,1,25.0,58,4.5553093477052,0.0,4.5553093477052,6661.079095892365,0.06838695776055694,1234.3767417111242,0.6724007483305525,0.6882166233735343
main_benchmark,gebco_monterey_canyon_complex,GEBCO Monterey Canyon,public,complex_relief,Full Geometry-Aware Hybrid GA,33,1,6656.52378654466,6656.52378654466,0.0,0.0,0.0,99.16666666666669,0.3816083447048187,59,1,50.0,58,9.1106186954104,0.0,9.1106186954104,6665.63440524007,0.13668044392366088,1236.0638933213854,0.6882166233735405,0.7197685565415646
main_benchmark,gebco_monterey_canyon_complex,GEBCO Monterey Canyon,public,complex_relief,Full Geometry-Aware Hybrid GA,33,1,6656.52378654466,6656.52378654466,0.0,0.0,0.0,99.16666666666669,0.3816083447048187,59,1,100.0,58,18.2212373908208,0.0,18.2212373908208,6674.74502393548,0.2729877669555896,1239.438196541908,0.7197685565415795,0.7825550286672962
main_benchmark,gebco_monterey_canyon_complex,GEBCO Monterey Canyon,public,complex_relief,Full Geometry-Aware Hybrid GA,34,1,6656.56890138825,6656.56890138825,0.0,0.0,0.0,99.16666666666669,0.0113643850167843,59,1,25.0,58,4.5553093477052,0.0,4.5553093477052,6661.124210735956,0.06838649458545235,1234.385096311789,0.6717280121207067,0.6875444539592904
main_benchmark,gebco_monterey_canyon_complex,GEBCO Monterey Canyon,public,complex_relief,Full Geometry-Aware Hybrid GA,34,1,6656.56890138825,6656.56890138825,0.0,0.0,0.0,99.16666666666669,0.0113643850167843,59,1,50.0,58,9.1106186954104,0.0,9.1106186954104,6665.6795200836605,0.13667951883915436,1236.0722479220503,0.6875444539592979,0.7190975178581177
main_benchmark,gebco_monterey_canyon_complex,GEBCO Monterey Canyon,public,complex_relief,Full Geometry-Aware Hybrid GA,34,1,6656.56890138825,6656.56890138825,0.0,0.0,0.0,99.16666666666669,0.0113643850167843,59,1,100.0,58,18.2212373908208,0.0,18.2212373908208,6674.790138779071,0.27298592183384757,1239.4465511425726,0.7190975178581339,0.7818862400709636
main_benchmark,gebco_monterey_canyon_complex,GEBCO Monterey Canyon,public,complex_relief,Full Geometry-Aware Hybrid GA,35,1,6656.479686390116,6656.479686390116,0.0,0.0,0.0,99.16666666666669,0.0235652314767043,59,1,25.0,58,4.5553093477052,0.0,4.5553093477052,6661.034995737821,0.06838741052434034,1234.3685750158381,0.6730583538647966,0.6888736748601213
main_benchmark,gebco_monterey_canyon_complex,GEBCO Monterey Canyon,public,complex_relief,Full Geometry-Aware Hybrid GA,35,1,6656.479686390116,6656.479686390116,0.0,0.0,0.0,99.16666666666669,0.0235652314767043,59,1,50.0,58,9.1106186954104,0.0,9.1106186954104,6665.590305085526,0.1366813482139674,1236.0557266260994,0.6888736748601206,0.7204245027288989
main_benchmark,gebco_monterey_canyon_complex,GEBCO Monterey Canyon,public,complex_relief,Full Geometry-Aware Hybrid GA,35,1,6656.479686390116,6656.479686390116,0.0,0.0,0.0,99.16666666666669,0.0235652314767043,59,1,100.0,58,18.2212373908208,0.0,18.2212373908208,6674.700923780936,0.272989570602352,1239.430029846622,0.720424502728907,0.783208775374797
main_benchmark,gebco_monterey_canyon_complex,GEBCO Monterey Canyon,public,complex_relief,Full Geometry-Aware Hybrid GA,36,1,6656.574327608667,6656.574327608667,0.0,0.0,0.0,100.0,0.1106437787583367,59,1,25.0,58,4.5553093477052,0.0,4.5553093477052,6661.129636956372,0.0683864388771546,1234.3861011674219,0.671647098286891,0.6874636082972188
main_benchmark,gebco_monterey_canyon_complex,GEBCO Monterey Canyon,public,complex_relief,Full Geometry-Aware Hybrid GA,36,1,6656.574327608667,6656.574327608667,0.0,0.0,0.0,100.0,0.1106437787583367,59,1,50.0,58,9.1106186954104,0.0,9.1106186954104,6665.684946304077,0.1366794075747904,1236.0732527776831,0.6874636082972331,0.71901680819551
main_benchmark,gebco_monterey_canyon_complex,GEBCO Monterey Canyon,public,complex_relief,Full Geometry-Aware Hybrid GA,36,1,6656.574327608667,6656.574327608667,0.0,0.0,0.0,100.0,0.1106437787583367,59,1,100.0,58,18.2212373908208,0.0,18.2212373908208,6674.795564999487,0.27298569991217697,1239.4475559982054,0.7190168081955329,0.7818058010392075
main_benchmark,gebco_monterey_canyon_complex,GEBCO Monterey Canyon,public,complex_relief,Full Geometry-Aware Hybrid GA,37,1,6656.508089783607,6656.508089783607,0.0,0.0,0.0,99.16666666666669,0.0970842633560702,59,1,25.0,58,4.5553093477052,0.0,4.5553093477052,6661.0633991313125,0.06838711891406514,1234.3738349035216,0.672634812746987,0.6884504905853754
main_benchmark,gebco_monterey_canyon_complex,GEBCO Monterey Canyon,public,complex_relief,Full Geometry-Aware Hybrid GA,37,1,6656.508089783607,6656.508089783607,0.0,0.0,0.0,99.16666666666669,0.0970842633560702,59,1,50.0,58,9.1106186954104,0.0,9.1106186954104,6665.618708479017,0.13668076579029662,1236.0609865137828,0.6884504905853646,0.7200020303394042
main_benchmark,gebco_monterey_canyon_complex,GEBCO Monterey Canyon,public,complex_relief,Full Geometry-Aware Hybrid GA,37,1,6656.508089783607,6656.508089783607,0.0,0.0,0.0,99.16666666666669,0.0970842633560702,59,1,100.0,58,18.2212373908208,0.0,18.2212373908208,6674.729327174427,0.27298840893274523,1239.4352897343053,0.7200020303394022,0.7827877195946507
main_benchmark,gebco_monterey_canyon_complex,GEBCO Monterey Canyon,public,complex_relief,Full Geometry-Aware Hybrid GA,38,1,6656.578934544347,6656.578934544347,0.0,0.0,0.0,100.0,0.1090887734081576,59,1,25.0,58,4.5553093477052,0.0,4.5553093477052,6661.134243892053,0.06838639158011572,1234.3869543036587,0.6715784013303691,0.6873949692194702
main_benchmark,gebco_monterey_canyon_complex,GEBCO Monterey Canyon,public,complex_relief,Full Geometry-Aware Hybrid GA,38,1,6656.578934544347,6656.578934544347,0.0,0.0,0.0,100.0,0.1090887734081576,59,1,50.0,58,9.1106186954104,0.0,9.1106186954104,6665.6895532397575,0.13667931310995907,1236.07410591392,0.6873949692194641,0.7189482845831745
main_benchmark,gebco_monterey_canyon_complex,GEBCO Monterey Canyon,public,complex_relief,Full Geometry-Aware Hybrid GA,38,1,6656.578934544347,6656.578934544347,0.0,0.0,0.0,100.0,0.1090887734081576,59,1,100.0,58,18.2212373908208,0.0,18.2212373908208,6674.800171935168,0.27298551149791306,1239.4484091344425,0.7189482845831772,0.7817375071961649
main_benchmark,gebco_monterey_canyon_complex,GEBCO Monterey Canyon,public,complex_relief,Full Geometry-Aware Hybrid GA,39,1,6656.461062976939,6656.461062976939,0.0,0.0,0.0,99.16666666666669,0.3581329486430721,59,1,25.0,58,4.5553093477052,0.0,4.5553093477052,6661.016372324644,0.06838760172744376,1234.3651262356202,0.6733360594578567,0.6891511464798807
main_benchmark,gebco_monterey_canyon_complex,GEBCO Monterey Canyon,public,complex_relief,Full Geometry-Aware Hybrid GA,39,1,6656.461062976939,6656.461062976939,0.0,0.0,0.0,99.16666666666669,0.3581329486430721,59,1,50.0,58,9.1106186954104,0.0,9.1106186954104,6665.571681672349,0.13668173009767415,1236.0522778458812,0.6891511464798835,0.7207015075828596
main_benchmark,gebco_monterey_canyon_complex,GEBCO Monterey Canyon,public,complex_relief,Full Geometry-Aware Hybrid GA,39,1,6656.461062976939,6656.461062976939,0.0,0.0,0.0,99.16666666666669,0.3581329486430721,59,1,100.0,58,18.2212373908208,0.0,18.2212373908208,6674.682300367759,0.27299033228618014,1239.4265810664037,0.7207015075828529,0.7834848513925179
main_benchmark,gebco_monterey_canyon_complex,GEBCO Monterey Canyon,public,complex_relief,Full Geometry-Aware Hybrid GA,40,1,6656.605720709221,6656.605720709221,0.0,0.0,0.0,100.0,0.0365981109096672,59,1,25.0,58,4.5553093477052,0.0,4.5553093477052,6661.161030056926,0.06838611658163547,1234.3919147045613,0.6711789757400484,0.6869958801543203
main_benchmark,gebco_monterey_canyon_complex,GEBCO Monterey Canyon,public,complex_relief,Full Geometry-Aware Hybrid GA,40,1,6656.605720709221,6656.605720709221,0.0,0.0,0.0,100.0,0.0365981109096672,59,1,50.0,58,9.1106186954104,0.0,9.1106186954104,6665.716339404631,0.13667876386447225,1236.0790663148225,0.6869958801543149,0.7185498668700486
main_benchmark,gebco_monterey_canyon_complex,GEBCO Monterey Canyon,public,complex_relief,Full Geometry-Aware Hybrid GA,40,1,6656.605720709221,6656.605720709221,0.0,0.0,0.0,100.0,0.0365981109096672,59,1,100.0,58,18.2212373908208,0.0,18.2212373908208,6674.826958100041,0.2729844160036081,1239.4533695353448,0.7185498668700521,0.7813404254336921
main_benchmark,gebco_monterey_canyon_complex,GEBCO Monterey Canyon,public,complex_relief,Full Geometry-Aware Hybrid GA,41,1,6656.61626817961,6656.61626817961,0.0,0.0,0.0,99.16666666666669,0.0,59,1,25.0,58,4.5553093477052,0.0,4.5553093477052,6661.171577527316,0.06838600829729971,1234.3938679398188,0.6710216956812326,0.6868387326075217
main_benchmark,gebco_monterey_canyon_complex,GEBCO Monterey Canyon,public,complex_relief,Full Geometry-Aware Hybrid GA,41,1,6656.61626817961,6656.61626817961,0.0,0.0,0.0,99.16666666666669,0.0,59,1,50.0,58,9.1106186954104,0.0,9.1106186954104,6665.726886875021,0.13667854759170273,1236.0810195500799,0.6868387326075367,0.7183929836786037
main_benchmark,gebco_monterey_canyon_complex,GEBCO Monterey Canyon,public,complex_relief,Full Geometry-Aware Hybrid GA,41,1,6656.61626817961,6656.61626817961,0.0,0.0,0.0,99.16666666666669,0.0,59,1,100.0,58,18.2212373908208,0.0,18.2212373908208,6674.837505570431,0.27298398463804424,1239.4553227706024,0.718392983678609,0.7811840682936374
main_benchmark,gebco_monterey_canyon_complex,GEBCO Monterey Canyon,public,complex_relief,Full Geometry-Aware Hybrid GA,42,1,6656.555538863333,6656.555538863333,0.0,0.0,0.0,99.16666666666669,0.2081068147334182,59,1,25.0,58,4.5553093477052,0.0,4.5553093477052,6661.1108482110385,0.06838663177221575,1234.3826217701376,0.6719272692532022,0.6877435432131194
main_benchmark,gebco_monterey_canyon_complex,GEBCO Monterey Canyon,public,complex_relief,Full Geometry-Aware Hybrid GA,42,1,6656.555538863333,6656.555538863333,0.0,0.0,0.0,99.16666666666669,0.2081068147334182,59,1,50.0,58,9.1106186954104,0.0,9.1106186954104,6665.666157558743,0.1366797928377965,1236.0697733803988,0.6877435432131139,0.7192962722018096
main_benchmark,gebco_monterey_canyon_complex,GEBCO Monterey Canyon,public,complex_relief,Full Geometry-Aware Hybrid GA,42,1,6656.555538863333,6656.555538863333,0.0,0.0,0.0,99.16666666666669,0.2081068147334182,59,1,100.0,58,18.2212373908208,0.0,18.2212373908208,6674.776776254153,0.2729864683361959,1239.4440766009213,0.719296272201813,0.7820843279633656
main_benchmark,gebco_monterey_canyon_complex,GEBCO Monterey Canyon,public,complex_relief,Full Geometry-Aware Hybrid GA,43,1,6656.620000000046,6656.620000000046,0.0,0.0,0.0,100.0,0.0,59,1,25.0,58,4.5553093477052,0.0,4.5553093477052,6661.175309347752,0.06838596998509631,1234.3945590176772,0.6709660481263251,0.6867831319369567
main_benchmark,gebco_monterey_canyon_complex,GEBCO Monterey Canyon,public,complex_relief,Full Geometry-Aware Hybrid GA,43,1,6656.620000000046,6656.620000000046,0.0,0.0,0.0,100.0,0.0,59,1,50.0,58,9.1106186954104,0.0,9.1106186954104,6665.7306186954565,0.13667847107198924,1236.0817106279385,0.6867831319369635,0.7183374765400813
main_benchmark,gebco_monterey_canyon_complex,GEBCO Monterey Canyon,public,complex_relief,Full Geometry-Aware Hybrid GA,43,1,6656.620000000046,6656.620000000046,0.0,0.0,0.0,100.0,0.0,59,1,100.0,58,18.2212373908208,0.0,18.2212373908208,6674.841237390867,0.27298383201610515,1239.4560138484608,0.7183374765400967,0.7811287472783764
main_benchmark,gebco_monterey_canyon_complex,GEBCO Monterey Canyon,public,complex_relief,Full Geometry-Aware Hybrid GA,44,1,6656.620000000046,6656.620000000046,0.0,0.0,0.0,100.0,0.0,59,1,25.0,58,4.5553093477052,0.0,4.5553093477052,6661.175309347752,0.06838596998509631,1234.3945590176772,0.6709660481263251,0.6867831319369567
main_benchmark,gebco_monterey_canyon_complex,GEBCO Monterey Canyon,public,complex_relief,Full Geometry-Aware Hybrid GA,44,1,6656.620000000046,6656.620000000046,0.0,0.0,0.0,100.0,0.0,59,1,50.0,58,9.1106186954104,0.0,9.1106186954104,6665.7306186954565,0.13667847107198924,1236.0817106279385,0.6867831319369635,0.7183374765400813
main_benchmark,gebco_monterey_canyon_complex,GEBCO Monterey Canyon,public,complex_relief,Full Geometry-Aware Hybrid GA,44,1,6656.620000000046,6656.620000000046,0.0,0.0,0.0,100.0,0.0,59,1,100.0,58,18.2212373908208,0.0,18.2212373908208,6674.841237390867,0.27298383201610515,1239.4560138484608,0.7183374765400967,0.7811287472783764
main_benchmark,gebco_monterey_canyon_complex,GEBCO Monterey Canyon,public,complex_relief,Full Geometry-Aware Hybrid GA,45,1,6656.384253803436,6656.384253803436,0.0,0.0,0.0,99.16666666666669,0.0,59,1,25.0,58,4.5553093477052,0.0,4.5553093477052,6660.939563151142,0.068388390324175,1234.350902314601,0.6744814100376486,0.6902955320757025
main_benchmark,gebco_monterey_canyon_complex,GEBCO Monterey Canyon,public,complex_relief,Full Geometry-Aware Hybrid GA,45,1,6656.384253803436,6656.384253803436,0.0,0.0,0.0,99.16666666666669,0.0,59,1,50.0,58,9.1106186954104,0.0,9.1106186954104,6665.494872498846,0.13668330513612553,1236.0380539248622,0.6902955320756842,0.7218439680806006
main_benchmark,gebco_monterey_canyon_complex,GEBCO Monterey Canyon,public,complex_relief,Full Geometry-Aware Hybrid GA,45,1,6656.384253803436,6656.384253803436,0.0,0.0,0.0,99.16666666666669,0.0,59,1,100.0,58,18.2212373908208,0.0,18.2212373908208,6674.6054911942565,0.272993473769497,1239.4123571453847,0.721843968080591,0.7846234810595077
main_benchmark,gebco_monterey_canyon_complex,GEBCO Monterey Canyon,public,complex_relief,Full Geometry-Aware Hybrid GA,46,1,6656.61274693093,6656.61274693093,0.0,0.0,0.0,99.16666666666669,0.0,59,1,25.0,58,4.5553093477052,0.0,4.5553093477052,6661.168056278636,0.06838604444773749,1234.3932158567297,0.6710742032663735,0.6868911959538412
main_benchmark,gebco_monterey_canyon_complex,GEBCO Monterey Canyon,public,complex_relief,Full Geometry-Aware Hybrid GA,46,1,6656.61274693093,6656.61274693093,0.0,0.0,0.0,99.16666666666669,0.0,59,1,50.0,58,9.1106186954104,0.0,9.1106186954104,6665.723365626341,0.13667861979379226,1236.080367466991,0.6868911959538392,0.7184453587704854
main_benchmark,gebco_monterey_canyon_complex,GEBCO Monterey Canyon,public,complex_relief,Full Geometry-Aware Hybrid GA,46,1,6656.61274693093,6656.61274693093,0.0,0.0,0.0,99.16666666666669,0.0,59,1,100.0,58,18.2212373908208,0.0,18.2212373908208,6674.833984321751,0.27298412864829197,1239.4546706875135,0.7184453587704922,0.7812362677644688
main_benchmark,gebco_monterey_canyon_complex,GEBCO Monterey Canyon,public,complex_relief,Full Geometry-Aware Hybrid GA,47,1,6656.5189148665,6656.5189148665,0.0,0.0,0.0,100.0,0.298861319428424,59,1,25.0,58,4.5553093477052,0.0,4.5553093477052,6661.074224214206,0.06838700777640082,1234.3758395485022,0.6724733930310477,0.6882892068692014
main_benchmark,gebco_monterey_canyon_complex,GEBCO Monterey Canyon,public,complex_relief,Full Geometry-Aware Hybrid GA,47,1,6656.5189148665,6656.5189148665,0.0,0.0,0.0,100.0,0.298861319428424,59,1,50.0,58,9.1106186954104,0.0,9.1106186954104,6665.629533561911,0.13668054381867156,1236.0629911587632,0.6882892068692184,0.7198410179364934
main_benchmark,gebco_monterey_canyon_complex,GEBCO Monterey Canyon,public,complex_relief,Full Geometry-Aware Hybrid GA,47,1,6656.5189148665,6656.5189148665,0.0,0.0,0.0,100.0,0.298861319428424,59,1,100.0,58,18.2212373908208,0.0,18.2212373908208,6674.740152257321,0.27298796620058063,1239.4372943792857,0.7198410179365009,0.7826272470889752
main_benchmark,gebco_monterey_canyon_complex,GEBCO Monterey Canyon,public,complex_relief,Full Geometry-Aware Hybrid GA,48,1,6656.392567572062,6656.392567572062,0.0,0.0,0.0,99.16666666666669,0.2786924359222917,59,1,25.0,58,4.5553093477052,0.0,4.5553093477052,6660.947876919768,0.06838830496616524,1234.3524419013838,0.6743574381306238,0.6901716646178151
main_benchmark,gebco_monterey_canyon_complex,GEBCO Monterey Canyon,public,complex_relief,Full Geometry-Aware Hybrid GA,48,1,6656.392567572062,6656.392567572062,0.0,0.0,0.0,99.16666666666669,0.2786924359222917,59,1,50.0,58,9.1106186954104,0.0,9.1106186954104,6665.503186267472,0.13668313465336646,1236.0395935116449,0.6901716646178191,0.7217203089939342
main_benchmark,gebco_monterey_canyon_complex,GEBCO Monterey Canyon,public,complex_relief,Full Geometry-Aware Hybrid GA,48,1,6656.392567572062,6656.392567572062,0.0,0.0,0.0,99.16666666666669,0.2786924359222917,59,1,100.0,58,18.2212373908208,0.0,18.2212373908208,6674.613804962883,0.27299313373415657,1239.4138967321674,0.7217203089939289,0.7845002366191534
main_benchmark,gebco_monterey_canyon_complex,GEBCO Monterey Canyon,public,complex_relief,Full Geometry-Aware Hybrid GA,49,1,6656.601022089171,6656.601022089171,0.0,0.0,0.0,99.16666666666669,0.0784543640917709,59,1,25.0,58,4.5553093477052,0.0,4.5553093477052,6661.156331436877,0.06838616481956332,1234.3910445897375,0.6712490398606812,0.6870658852443163
main_benchmark,gebco_monterey_canyon_complex,GEBCO Monterey Canyon,public,complex_relief,Full Geometry-Aware Hybrid GA,49,1,6656.601022089171,6656.601022089171,0.0,0.0,0.0,99.16666666666669,0.0784543640917709,59,1,50.0,58,9.1106186954104,0.0,9.1106186954104,6665.7116407845815,0.13667886020851094,1236.0781961999987,0.6870658852443279,0.7186197541967106
main_benchmark,gebco_monterey_canyon_complex,GEBCO Monterey Canyon,public,complex_relief,Full Geometry-Aware Hybrid GA,49,1,6656.601022089171,6656.601022089171,0.0,0.0,0.0,99.16666666666669,0.0784543640917709,59,1,100.0,58,18.2212373908208,0.0,18.2212373908208,6674.822259479992,0.2729846081660359,1239.452499420521,0.718619754196731,0.7814100784183171
usgs_extension,usgs_southern_cascadia_30m_low,USGS Cascadia 30 m Low,public,survey_grade_cascadia_low,Fixed-Spacing,0,1,51.93,51.93,0.0,0.0,0.0,100.0,1.6333333333333329,6,1,25.0,5,0.39269908169872414,0.0,0.39269908169872414,52.32269908169872,0.7505329208754089,9.762110770999527,0.0,0.0
usgs_extension,usgs_southern_cascadia_30m_low,USGS Cascadia 30 m Low,public,survey_grade_cascadia_low,Fixed-Spacing,0,1,51.93,51.93,0.0,0.0,0.0,100.0,1.6333333333333329,6,1,50.0,5,0.7853981633974483,0.0,0.7853981633974483,52.715398163397445,1.4898837735475625,9.907554875332389,0.0,0.0
usgs_extension,usgs_southern_cascadia_30m_low,USGS Cascadia 30 m Low,public,survey_grade_cascadia_low,Fixed-Spacing,0,1,51.93,51.93,0.0,0.0,0.0,100.0,1.6333333333333329,6,1,100.0,5,1.5707963267948966,0.0,1.5707963267948966,53.5007963267949,2.9360241989672815,10.198443083998109,0.0,0.0
usgs_extension,usgs_southern_cascadia_30m_low,USGS Cascadia 30 m Low,public,survey_grade_cascadia_low,Adaptive Spacing w/o GA,0,1,52.11,52.11,0.0,0.0,0.0,100.0,0.0,6,1,25.0,5,0.39269908169872414,0.0,0.39269908169872414,52.50269908169872,0.7479597974337482,9.79544410433286,-0.34401895001429617,-0.3414562087571996
usgs_extension,usgs_southern_cascadia_30m_low,USGS Cascadia 30 m Low,public,survey_grade_cascadia_low,Adaptive Spacing w/o GA,0,1,52.11,52.11,0.0,0.0,0.0,100.0,0.0,6,1,50.0,5,0.7853981633974483,0.0,0.7853981633974483,52.895398163397445,1.4848137846912515,9.940888208665722,-0.3414562087572003,-0.3364435902982058
usgs_extension,usgs_southern_cascadia_30m_low,USGS Cascadia 30 m Low,public,survey_grade_cascadia_low,Adaptive Spacing w/o GA,0,1,52.11,52.11,0.0,0.0,0.0,100.0,0.0,6,1,100.0,5,1.5707963267948966,0.0,1.5707963267948966,53.6807963267949,2.926179256418426,10.231776417331442,-0.3364435902982064,-0.3268472752045355
usgs_extension,usgs_southern_cascadia_30m_low,USGS Cascadia 30 m Low,public,survey_grade_cascadia_low,Full Geometry-Aware Hybrid GA,0,1,52.00652797081012,52.00652797081012,0.0,0.0,0.0,99.33333333333331,0.0,6,1,25.0,5,0.39269908169872414,0.0,0.39269908169872414,52.39922705250884,0.7494367833044628,9.776282617445846,-0.1462615120267882,-0.145171948759474
usgs_extension,usgs_southern_cascadia_30m_low,USGS Cascadia 30 m Low,public,survey_grade_cascadia_low,Full Geometry-Aware Hybrid GA,0,1,52.00652797081012,52.00652797081012,0.0,0.0,0.0,99.33333333333331,0.0,6,1,50.0,5,0.7853981633974483,0.0,0.7853981633974483,52.791926134207564,1.4877240156019504,9.921726721778708,-0.14517194875947198,-0.14304080698662872
usgs_extension,usgs_southern_cascadia_30m_low,USGS Cascadia 30 m Low,public,survey_grade_cascadia_low,Full Geometry-Aware Hybrid GA,0,1,52.00652797081012,52.00652797081012,0.0,0.0,0.0,99.33333333333331,0.0,6,1,100.0,5,1.5707963267948966,0.0,1.5707963267948966,53.57732429760502,2.931830484982083,10.212614930444428,-0.14304080698662672,-0.13896088186788916
usgs_extension,usgs_southern_cascadia_30m_low,USGS Cascadia 30 m Low,public,survey_grade_cascadia_low,Full Geometry-Aware Hybrid GA,1,1,51.93716541470703,51.93716541470703,0.0,0.0,0.0,98.66666666666669,0.0,6,1,25.0,5,0.39269908169872414,0.0,0.39269908169872414,52.329864496405754,0.7504301520323953,9.763437699648978,-0.013694658021833991,-0.013592640777988359
usgs_extension,usgs_southern_cascadia_30m_low,USGS Cascadia 30 m Low,public,survey_grade_cascadia_low,Full Geometry-Aware Hybrid GA,1,1,51.93716541470703,51.93716541470703,0.0,0.0,0.0,98.66666666666669,0.0,6,1,50.0,5,0.7853981633974483,0.0,0.7853981633974483,52.72256357810448,1.4896812865215487,9.90888180398184,-0.013592640777978924,-0.013393099166728142
usgs_extension,usgs_southern_cascadia_30m_low,USGS Cascadia 30 m Low,public,survey_grade_cascadia_low,Full Geometry-Aware Hybrid GA,1,1,51.93716541470703,51.93716541470703,0.0,0.0,0.0,98.66666666666669,0.0,6,1,100.0,5,1.5707963267948966,0.0,1.5707963267948966,53.50796174150193,2.9356310269926675,10.19977001264756,-0.013393099166718846,-0.013011090403919557
usgs_extension,usgs_southern_cascadia_30m_low,USGS Cascadia 30 m Low,public,survey_grade_cascadia_low,Full Geometry-Aware Hybrid GA,2,1,52.00395421932175,52.00395421932175,0.0,0.0,0.0,99.33333333333331,0.0,6,1,25.0,5,0.39269908169872414,0.0,0.39269908169872414,52.39665330102047,0.749473596038005,9.775805996799852,-0.1413425160010836,-0.14028959639557767
usgs_extension,usgs_southern_cascadia_30m_low,USGS Cascadia 30 m Low,public,survey_grade_cascadia_low,Full Geometry-Aware Hybrid GA,2,1,52.00395421932175,52.00395421932175,0.0,0.0,0.0,99.33333333333331,0.0,6,1,50.0,5,0.7853981633974483,0.0,0.7853981633974483,52.789352382719194,1.487796549772699,9.921250101132712,-0.1402895963955716,-0.13823012814615587
usgs_extension,usgs_southern_cascadia_30m_low,USGS Cascadia 30 m Low,public,survey_grade_cascadia_low,Full Geometry-Aware Hybrid GA,2,1,52.00395421932175,52.00395421932175,0.0,0.0,0.0,99.33333333333331,0.0,6,1,100.0,5,1.5707963267948966,0.0,1.5707963267948966,53.57475054611665,2.931971331238901,10.212138309798434,-0.13823012814616784,-0.1342874170844075
usgs_extension,usgs_southern_cascadia_30m_low,USGS Cascadia 30 m Low,public,survey_grade_cascadia_low,Full Geometry-Aware Hybrid GA,3,1,51.977157542138386,51.977157542138386,0.0,0.0,0.0,98.66666666666669,0.0,6,1,25.0,5,0.39269908169872414,0.0,0.39269908169872414,52.36985662383711,0.7498570876743242,9.770843649173301,-0.09012826739834738,-0.08945686418266013
usgs_extension,usgs_southern_cascadia_30m_low,USGS Cascadia 30 m Low,public,survey_grade_cascadia_low,Full Geometry-Aware Hybrid GA,3,1,51.977157542138386,51.977157542138386,0.0,0.0,0.0,98.66666666666669,0.0,6,1,50.0,5,0.7853981633974483,0.0,0.7853981633974483,52.76255570553583,1.488552161462195,9.916287753506163,-0.08945686418267362,-0.08814362659264004
usgs_extension,usgs_southern_cascadia_30m_low,USGS Cascadia 30 m Low,public,survey_grade_cascadia_low,Full Geometry-Aware Hybrid GA,3,1,51.977157542138386,51.977157542138386,0.0,0.0,0.0,98.66666666666669,0.0,6,1,100.0,5,1.5707963267948966,0.0,1.5707963267948966,53.547953868933284,2.933438559836774,10.207175962171883,-0.08814362659265332,-0.0856295230737349
usgs_extension,usgs_southern_cascadia_30m_low,USGS Cascadia 30 m Low,public,survey_grade_cascadia_low,Full Geometry-Aware Hybrid GA,4,1,52.00145457433149,52.00145457433149,0.0,0.0,0.0,99.33333333333331,0.0,6,1,25.0,5,0.39269908169872414,0.0,0.39269908169872414,52.39415365603021,0.7495093522777558,9.775343099579432,-0.13656515352909845,-0.1355478224977172
usgs_extension,usgs_southern_cascadia_30m_low,USGS Cascadia 30 m Low,public,survey_grade_cascadia_low,Full Geometry-Aware Hybrid GA,4,1,52.00145457433149,52.00145457433149,0.0,0.0,0.0,99.33333333333331,0.0,6,1,50.0,5,0.7853981633974483,0.0,0.7853981633974483,52.786852737728935,1.4878670022243852,9.920787203912294,-0.1355478224977233,-0.1335579640628641
usgs_extension,usgs_southern_cascadia_30m_low,USGS Cascadia 30 m Low,public,survey_grade_cascadia_low,Full Geometry-Aware Hybrid GA,4,1,52.00145457433149,52.00145457433149,0.0,0.0,0.0,99.33333333333331,0.0,6,1,100.0,5,1.5707963267948966,0.0,1.5707963267948966,53.57225090112639,2.932108135038003,10.211675412578014,-0.13355796406287007,-0.12974851622859168
usgs_extension,usgs_southern_cascadia_30m_low,USGS Cascadia 30 m Low,public,survey_grade_cascadia_low,Full Geometry-Aware Hybrid GA,5,1,51.9526673428931,51.9526673428931,0.0,0.0,0.0,98.66666666666669,0.0,6,1,25.0,5,0.39269908169872414,0.0,0.39269908169872414,52.34536642459182,0.7502079143231183,9.766308427090843,-0.0433221972316587,-0.042999472038219425
usgs_extension,usgs_southern_cascadia_30m_low,USGS Cascadia 30 m Low,public,survey_grade_cascadia_low,Full Geometry-Aware Hybrid GA,5,1,51.9526673428931,51.9526673428931,0.0,0.0,0.0,98.66666666666669,0.0,6,1,50.0,5,0.7853981633974483,0.0,0.7853981633974483,52.738065506290546,1.4892434067452982,9.911752531423705,-0.04299947203820932,-0.04236823458598428
usgs_extension,usgs_southern_cascadia_30m_low,USGS Cascadia 30 m Low,public,survey_grade_cascadia_low,Full Geometry-Aware Hybrid GA,5,1,51.9526673428931,51.9526673428931,0.0,0.0,0.0,98.66666666666669,0.0,6,1,100.0,5,1.5707963267948966,0.0,1.5707963267948966,53.523463669688,2.9347807841600644,10.202640740089425,-0.04236823458597432,-0.041159773670770304
usgs_extension,usgs_southern_cascadia_30m_low,USGS Cascadia 30 m Low,public,survey_grade_cascadia_low,Full Geometry-Aware Hybrid GA,6,1,52.06334510898327,52.06334510898327,0.0,0.0,0.0,100.0,0.0,6,1,25.0,5,0.39269908169872414,0.0,0.39269908169872414,52.45604419068199,0.7486250397975703,9.786804309700132,-0.254851357677593,-0.25295286316523485
usgs_extension,usgs_southern_cascadia_30m_low,USGS Cascadia 30 m Low,public,survey_grade_cascadia_low,Full Geometry-Aware Hybrid GA,6,1,52.06334510898327,52.06334510898327,0.0,0.0,0.0,100.0,0.0,6,1,50.0,5,0.7853981633974483,0.0,0.7853981633974483,52.848743272380716,1.4861245788750956,9.932248414032994,-0.2529528631652409,-0.2492394845279789
usgs_extension,usgs_southern_cascadia_30m_low,USGS Cascadia 30 m Low,public,survey_grade_cascadia_low,Full Geometry-Aware Hybrid GA,6,1,52.06334510898327,52.06334510898327,0.0,0.0,0.0,100.0,0.0,6,1,100.0,5,1.5707963267948966,0.0,1.5707963267948966,53.63414143577817,2.9287246607196598,10.223136622698714,-0.2492394845279849,-0.24213047518351644
usgs_extension,usgs_southern_cascadia_30m_low,USGS Cascadia 30 m Low,public,survey_grade_cascadia_low,Full Geometry-Aware Hybrid GA,7,1,51.96881244873616,51.96881244873616,0.0,0.0,0.0,99.33333333333331,0.0,6,1,25.0,5,0.39269908169872414,0.0,0.39269908169872414,52.36151153043488,0.7499765958254847,9.769298261506224,-0.07417898812054043,-0.07362639776685029
usgs_extension,usgs_southern_cascadia_30m_low,USGS Cascadia 30 m Low,public,survey_grade_cascadia_low,Full Geometry-Aware Hybrid GA,7,1,51.96881244873616,51.96881244873616,0.0,0.0,0.0,99.33333333333331,0.0,6,1,50.0,5,0.7853981633974483,0.0,0.7853981633974483,52.754210612133605,1.4887876328431018,9.914742365839086,-0.07362639776684557,-0.07254555333921897
usgs_extension,usgs_southern_cascadia_30m_low,USGS Cascadia 30 m Low,public,survey_grade_cascadia_low,Full Geometry-Aware Hybrid GA,7,1,51.96881244873616,51.96881244873616,0.0,0.0,0.0,99.33333333333331,0.0,6,1,100.0,5,1.5707963267948966,0.0,1.5707963267948966,53.53960877553106,2.933895788033457,10.205630574504806,-0.07254555333921432,-0.0704763506301682
usgs_extension,usgs_southern_cascadia_30m_low,USGS Cascadia 30 m Low,public,survey_grade_cascadia_low,Full Geometry-Aware Hybrid GA,8,1,52.0464456016317,52.0464456016317,0.0,0.0,0.0,98.66666666666669,0.0,6,1,25.0,5,0.39269908169872414,0.0,0.39269908169872414,52.439144683330426,0.7488662983924621,9.783674771301694,-0.22255274226178684,-0.22089485366451103
usgs_extension,usgs_southern_cascadia_30m_low,USGS Cascadia 30 m Low,public,survey_grade_cascadia_low,Full Geometry-Aware Hybrid GA,8,1,52.0464456016317,52.0464456016317,0.0,0.0,0.0,98.66666666666669,0.0,6,1,50.0,5,0.7853981633974483,0.0,0.7853981633974483,52.83184376502915,1.4865999507617507,9.929118875634556,-0.22089485366451506,-0.21765209048557932
usgs_extension,usgs_southern_cascadia_30m_low,USGS Cascadia 30 m Low,public,survey_grade_cascadia_low,Full Geometry-Aware Hybrid GA,8,1,52.0464456016317,52.0464456016317,0.0,0.0,0.0,98.66666666666669,0.0,6,1,100.0,5,1.5707963267948966,0.0,1.5707963267948966,53.6172419284266,2.9296477593751376,10.220007084300276,-0.2176520904855833,-0.2114440422381914
usgs_extension,usgs_southern_cascadia_30m_low,USGS Cascadia 30 m Low,public,survey_grade_cascadia_low,Full Geometry-Aware Hybrid GA,9,1,51.958180548111535,51.958180548111535,0.0,0.0,0.0,99.33333333333331,0.0,6,1,25.0,5,0.39269908169872414,0.0,0.39269908169872414,52.35087962981026,0.7501289080061776,9.767329391020183,-0.053859125400876916,-0.05345790621593193
usgs_extension,usgs_southern_cascadia_30m_low,USGS Cascadia 30 m Low,public,survey_grade_cascadia_low,Full Geometry-Aware Hybrid GA,9,1,51.958180548111535,51.958180548111535,0.0,0.0,0.0,99.33333333333331,0.0,6,1,50.0,5,0.7853981633974483,0.0,0.7853981633974483,52.74357871150898,1.4890877384208847,9.912773495353045,-0.05345790621591576,-0.05267313768455143
usgs_extension,usgs_southern_cascadia_30m_low,USGS Cascadia 30 m Low,public,survey_grade_cascadia_low,Full Geometry-Aware Hybrid GA,9,1,51.958180548111535,51.958180548111535,0.0,0.0,0.0,99.33333333333331,0.0,6,1,100.0,5,1.5707963267948966,0.0,1.5707963267948966,53.528976874906434,2.9344785170576686,10.203661704018765,-0.05267313768453549,-0.0511707520223808
usgs_extension,usgs_southern_cascadia_30m_low,USGS Cascadia 30 m Low,public,survey_grade_cascadia_low,Full Geometry-Aware Hybrid GA,10,1,51.84408002631985,51.84408002631985,0.0,0.0,0.0,98.0,0.0,6,1,25.0,5,0.39269908169872414,0.0,0.39269908169872414,52.236779108018574,0.7517674106335609,9.746199664762464,0.16421166183722624,0.16298838038521457
usgs_extension,usgs_southern_cascadia_30m_low,USGS Cascadia 30 m Low,public,survey_grade_cascadia_low,Full Geometry-Aware Hybrid GA,10,1,51.84408002631985,51.84408002631985,0.0,0.0,0.0,98.0,0.0,6,1,50.0,5,0.7853981633974483,0.0,0.7853981633974483,52.6294781897173,1.4923160753490023,9.891643769095325,0.16298838038523342,0.1605956912404251
usgs_extension,usgs_southern_cascadia_30m_low,USGS Cascadia 30 m Low,public,survey_grade_cascadia_low,Full Geometry-Aware Hybrid GA,10,1,51.84408002631985,51.84408002631985,0.0,0.0,0.0,98.0,0.0,6,1,100.0,5,1.5707963267948966,0.0,1.5707963267948966,53.41487635311475,2.940746911797915,10.182531977761046,0.16059569124042578,0.15601505157221565
usgs_extension,usgs_southern_cascadia_30m_low,USGS Cascadia 30 m Low,public,survey_grade_cascadia_low,Full Geometry-Aware Hybrid GA,11,1,51.95485455846241,51.95485455846241,0.0,0.0,0.0,98.66666666666669,0.0,6,1,25.0,5,0.39269908169872414,0.0,0.39269908169872414,52.34755364016113,0.7501765687049122,9.766713467011085,-0.04750243947392577,-0.04714857390505389
usgs_extension,usgs_southern_cascadia_30m_low,USGS Cascadia 30 m Low,public,survey_grade_cascadia_low,Full Geometry-Aware Hybrid GA,11,1,51.95485455846241,51.95485455846241,0.0,0.0,0.0,98.66666666666669,0.0,6,1,50.0,5,0.7853981633974483,0.0,0.7853981633974483,52.740252721859854,1.489181645638788,9.912157571343945,-0.047148573905045135,-0.04645642713537578
usgs_extension,usgs_southern_cascadia_30m_low,USGS Cascadia 30 m Low,public,survey_grade_cascadia_low,Full Geometry-Aware Hybrid GA,11,1,51.95485455846241,51.95485455846241,0.0,0.0,0.0,98.66666666666669,0.0,6,1,100.0,5,1.5707963267948966,0.0,1.5707963267948966,53.525650885257306,2.934660860383007,10.203045780009665,-0.04645642713538508,-0.0451313594991576
usgs_extension,usgs_southern_cascadia_30m_low,USGS Cascadia 30 m Low,public,survey_grade_cascadia_low,Full Geometry-Aware Hybrid GA,12,1,51.915019577446074,51.915019577446074,0.0,0.0,0.0,98.66666666666669,0.0,6,1,25.0,5,0.39269908169872414,0.0,0.39269908169872414,52.3077186591448,0.750747866213947,9.759336618674727,0.028630829098733226,0.028417546060239406
usgs_extension,usgs_southern_cascadia_30m_low,USGS Cascadia 30 m Low,public,survey_grade_cascadia_low,Full Geometry-Aware Hybrid GA,12,1,51.915019577446074,51.915019577446074,0.0,0.0,0.0,98.66666666666669,0.0,6,1,50.0,5,0.7853981633974483,0.0,0.7853981633974483,52.70041774084352,1.4903072823059509,9.904780723007589,0.028417546060246147,0.028000373045698752
usgs_extension,usgs_southern_cascadia_30m_low,USGS Cascadia 30 m Low,public,survey_grade_cascadia_low,Full Geometry-Aware Hybrid GA,12,1,51.915019577446074,51.915019577446074,0.0,0.0,0.0,98.66666666666669,0.0,6,1,100.0,5,1.5707963267948966,0.0,1.5707963267948966,53.48581590424097,2.936846526950607,10.195668931673309,0.028000373045705396,0.02720172385090008
usgs_extension,usgs_southern_cascadia_30m_low,USGS Cascadia 30 m Low,public,survey_grade_cascadia_low,Full Geometry-Aware Hybrid GA,13,1,52.004640657214345,52.004640657214345,0.0,0.0,0.0,98.66666666666669,0.0,6,1,25.0,5,0.39269908169872414,0.0,0.39269908169872414,52.39733973891307,0.7494637774655662,9.77593311492811,-0.14265444735142352,-0.14159175461975912
usgs_extension,usgs_southern_cascadia_30m_low,USGS Cascadia 30 m Low,public,survey_grade_cascadia_low,Full Geometry-Aware Hybrid GA,13,1,52.004640657214345,52.004640657214345,0.0,0.0,0.0,98.66666666666669,0.0,6,1,50.0,5,0.7853981633974483,0.0,0.7853981633974483,52.79003882061179,1.487777203700011,9.921377219260972,-0.1415917546197571,-0.13951317053006984
usgs_extension,usgs_southern_cascadia_30m_low,USGS Cascadia 30 m Low,public,survey_grade_cascadia_low,Full Geometry-Aware Hybrid GA,13,1,52.004640657214345,52.004640657214345,0.0,0.0,0.0,98.66666666666669,0.0,6,1,100.0,5,1.5707963267948966,0.0,1.5707963267948966,53.575436984009244,2.93193376521359,10.212265427926692,-0.13951317053006787,-0.13553386349991703
usgs_extension,usgs_southern_cascadia_30m_low,USGS Cascadia 30 m Low,public,survey_grade_cascadia_low,Full Geometry-Aware Hybrid GA,14,1,51.99447946688362,51.99447946688362,0.0,0.0,0.0,98.66666666666669,0.0,6,1,25.0,5,0.39269908169872414,0.0,0.39269908169872414,52.38717854858234,0.7496091459373909,9.774051413015012,-0.12323421385991118,-0.12231619058203635
usgs_extension,usgs_southern_cascadia_30m_low,USGS Cascadia 30 m Low,public,survey_grade_cascadia_low,Full Geometry-Aware Hybrid GA,14,1,51.99447946688362,51.99447946688362,0.0,0.0,0.0,98.66666666666669,0.0,6,1,50.0,5,0.7853981633974483,0.0,0.7853981633974483,52.779877630281064,1.48806363080093,9.919495517347874,-0.12231619058203232,-0.12052057410466459
usgs_extension,usgs_southern_cascadia_30m_low,USGS Cascadia 30 m Low,public,survey_grade_cascadia_low,Full Geometry-Aware Hybrid GA,14,1,51.99447946688362,51.99447946688362,0.0,0.0,0.0,98.66666666666669,0.0,6,1,100.0,5,1.5707963267948966,0.0,1.5707963267948966,53.565275793678516,2.932489945249705,10.210383726013594,-0.1205205741046606,-0.11708298920862512
usgs_extension,usgs_southern_cascadia_30m_low,USGS Cascadia 30 m Low,public,survey_grade_cascadia_low,Full Geometry-Aware Hybrid GA,15,1,52.03302902601543,52.03302902601543,0.0,0.0,0.0,98.66666666666669,0.0,6,1,25.0,5,0.39269908169872414,0.0,0.39269908169872414,52.42572810771415,0.7490579451598322,9.781190220261646,-0.19691076306012772,-0.19544389230655257
usgs_extension,usgs_southern_cascadia_30m_low,USGS Cascadia 30 m Low,public,survey_grade_cascadia_low,Full Geometry-Aware Hybrid GA,15,1,52.03302902601543,52.03302902601543,0.0,0.0,0.0,98.66666666666669,0.0,6,1,50.0,5,0.7853981633974483,0.0,0.7853981633974483,52.81842718941287,1.4869775667134528,9.926634324594506,-0.19544389230652698,-0.19257475231977267
usgs_extension,usgs_southern_cascadia_30m_low,USGS Cascadia 30 m Low,public,survey_grade_cascadia_low,Full Geometry-Aware Hybrid GA,15,1,52.03302902601543,52.03302902601543,0.0,0.0,0.0,98.66666666666669,0.0,6,1,100.0,5,1.5707963267948966,0.0,1.5707963267948966,53.603825352810325,2.930381024966427,10.217522533260226,-0.1925747523197654,-0.1870819801117836
usgs_extension,usgs_southern_cascadia_30m_low,USGS Cascadia 30 m Low,public,survey_grade_cascadia_low,Full Geometry-Aware Hybrid GA,16,1,51.907872852322704,51.907872852322704,0.0,0.0,0.0,98.66666666666669,0.0,6,1,25.0,5,0.39269908169872414,0.0,0.39269908169872414,52.30057193402143,0.7508504537849502,9.758013151059288,0.04228976728196936,0.04197473309166143
usgs_extension,usgs_southern_cascadia_30m_low,USGS Cascadia 30 m Low,public,survey_grade_cascadia_low,Full Geometry-Aware Hybrid GA,16,1,51.907872852322704,51.907872852322704,0.0,0.0,0.0,98.66666666666669,0.0,6,1,50.0,5,0.7853981633974483,0.0,0.7853981633974483,52.69327101572015,1.4905094108944916,9.90345725539215,0.04197473309166682,0.04135853893114987
usgs_extension,usgs_southern_cascadia_30m_low,USGS Cascadia 30 m Low,public,survey_grade_cascadia_low,Full Geometry-Aware Hybrid GA,16,1,51.907872852322704,51.907872852322704,0.0,0.0,0.0,98.66666666666669,0.0,6,1,100.0,5,1.5707963267948966,0.0,1.5707963267948966,53.4786691791176,2.9372389981018125,10.19434546405787,0.04135853893115519,0.04017887736873056
usgs_extension,usgs_southern_cascadia_30m_low,USGS Cascadia 30 m Low,public,survey_grade_cascadia_low,Full Geometry-Aware Hybrid GA,17,1,51.884276011510835,51.884276011510835,0.0,0.0,0.0,98.66666666666669,0.0,6,1,25.0,5,0.39269908169872414,0.0,0.39269908169872414,52.27697509320956,0.7511893735216008,9.753643365723757,0.08738843616949057,0.08673744310425265
usgs_extension,usgs_southern_cascadia_30m_low,USGS Cascadia 30 m Low,public,survey_grade_cascadia_low,Full Geometry-Aware Hybrid GA,17,1,51.884276011510835,51.884276011510835,0.0,0.0,0.0,98.66666666666669,0.0,6,1,50.0,5,0.7853981633974483,0.0,0.7853981633974483,52.66967417490828,1.491177182507824,9.899087470056617,0.08673744310426748,0.0854641269447174
usgs_extension,usgs_southern_cascadia_30m_low,USGS Cascadia 30 m Low,public,survey_grade_cascadia_low,Full Geometry-Aware Hybrid GA,17,1,51.884276011510835,51.884276011510835,0.0,0.0,0.0,98.66666666666669,0.0,6,1,100.0,5,1.5707963267948966,0.0,1.5707963267948966,53.45507233830573,2.9385355927565904,10.18997567872234,0.08546412694471409,0.08302645027313665
usgs_extension,usgs_southern_cascadia_30m_low,USGS Cascadia 30 m Low,public,survey_grade_cascadia_low,Full Geometry-Aware Hybrid GA,18,1,52.019663795619394,52.019663795619394,0.0,0.0,0.0,98.66666666666669,0.0,6,1,25.0,5,0.39269908169872414,0.0,0.39269908169872414,52.41236287731812,0.7492489560486271,9.778715177595712,-0.1713669156848916,-0.170090331749894
usgs_extension,usgs_southern_cascadia_30m_low,USGS Cascadia 30 m Low,public,survey_grade_cascadia_low,Full Geometry-Aware Hybrid GA,18,1,52.019663795619394,52.019663795619394,0.0,0.0,0.0,98.66666666666669,0.0,6,1,50.0,5,0.7853981633974483,0.0,0.7853981633974483,52.80506195901684,1.487353928316594,9.924159281928572,-0.17009033174988253,-0.1675933850997357
usgs_extension,usgs_southern_cascadia_30m_low,USGS Cascadia 30 m Low,public,survey_grade_cascadia_low,Full Geometry-Aware Hybrid GA,18,1,52.019663795619394,52.019663795619394,0.0,0.0,0.0,98.66666666666669,0.0,6,1,100.0,5,1.5707963267948966,0.0,1.5707963267948966,53.59046012241429,2.931111849397816,10.215047490594293,-0.16759338509974236,-0.1628131515705239
usgs_extension,usgs_southern_cascadia_30m_low,USGS Cascadia 30 m Low,public,survey_grade_cascadia_low,Full Geometry-Aware Hybrid GA,19,1,51.99163296877888,51.99163296877888,0.0,0.0,0.0,99.33333333333331,0.0,6,1,25.0,5,0.39269908169872414,0.0,0.39269908169872414,52.3843320504776,0.7496498787467957,9.773524283736357,-0.11779394003096903,-0.11691644363159986
usgs_extension,usgs_southern_cascadia_30m_low,USGS Cascadia 30 m Low,public,survey_grade_cascadia_low,Full Geometry-Aware Hybrid GA,19,1,51.99163296877888,51.99163296877888,0.0,0.0,0.0,99.33333333333331,0.0,6,1,50.0,5,0.7853981633974483,0.0,0.7853981633974483,52.777031132176326,1.4881438886368474,9.918968388069219,-0.11691644363159717,-0.11520009609280199
usgs_extension,usgs_southern_cascadia_30m_low,USGS Cascadia 30 m Low,public,survey_grade_cascadia_low,Full Geometry-Aware Hybrid GA,19,1,51.99163296877888,51.99163296877888,0.0,0.0,0.0,99.33333333333331,0.0,6,1,100.0,5,1.5707963267948966,0.0,1.5707963267948966,53.56242929557378,2.9326457882012122,10.209856596734939,-0.11520009609279934,-0.11191426615635477
usgs_extension,usgs_southern_cascadia_30m_medium,USGS Cascadia 30 m Medium,public,survey_grade_cascadia_medium,Fixed-Spacing,0,1,51.93,51.93,0.0,0.0,0.0,100.0,1.6333333333333329,6,1,25.0,5,0.39269908169872414,0.0,0.39269908169872414,52.32269908169872,0.7505329208754089,9.762110770999527,0.0,0.0
usgs_extension,usgs_southern_cascadia_30m_medium,USGS Cascadia 30 m Medium,public,survey_grade_cascadia_medium,Fixed-Spacing,0,1,51.93,51.93,0.0,0.0,0.0,100.0,1.6333333333333329,6,1,50.0,5,0.7853981633974483,0.0,0.7853981633974483,52.715398163397445,1.4898837735475625,9.907554875332389,0.0,0.0
usgs_extension,usgs_southern_cascadia_30m_medium,USGS Cascadia 30 m Medium,public,survey_grade_cascadia_medium,Fixed-Spacing,0,1,51.93,51.93,0.0,0.0,0.0,100.0,1.6333333333333329,6,1,100.0,5,1.5707963267948966,0.0,1.5707963267948966,53.5007963267949,2.9360241989672815,10.198443083998109,0.0,0.0
usgs_extension,usgs_southern_cascadia_30m_medium,USGS Cascadia 30 m Medium,public,survey_grade_cascadia_medium,Adaptive Spacing w/o GA,0,1,52.11,52.11,0.0,0.0,0.0,100.0,0.0,6,1,25.0,5,0.39269908169872414,0.0,0.39269908169872414,52.50269908169872,0.7479597974337482,9.79544410433286,-0.34401895001429617,-0.3414562087571996
usgs_extension,usgs_southern_cascadia_30m_medium,USGS Cascadia 30 m Medium,public,survey_grade_cascadia_medium,Adaptive Spacing w/o GA,0,1,52.11,52.11,0.0,0.0,0.0,100.0,0.0,6,1,50.0,5,0.7853981633974483,0.0,0.7853981633974483,52.895398163397445,1.4848137846912515,9.940888208665722,-0.3414562087572003,-0.3364435902982058
usgs_extension,usgs_southern_cascadia_30m_medium,USGS Cascadia 30 m Medium,public,survey_grade_cascadia_medium,Adaptive Spacing w/o GA,0,1,52.11,52.11,0.0,0.0,0.0,100.0,0.0,6,1,100.0,5,1.5707963267948966,0.0,1.5707963267948966,53.6807963267949,2.926179256418426,10.231776417331442,-0.3364435902982064,-0.3268472752045355
usgs_extension,usgs_southern_cascadia_30m_medium,USGS Cascadia 30 m Medium,public,survey_grade_cascadia_medium,Full Geometry-Aware Hybrid GA,0,1,52.00652797081012,52.00652797081012,0.0,0.0,0.0,99.33333333333331,0.0,6,1,25.0,5,0.39269908169872414,0.0,0.39269908169872414,52.39922705250884,0.7494367833044628,9.776282617445846,-0.1462615120267882,-0.145171948759474
usgs_extension,usgs_southern_cascadia_30m_medium,USGS Cascadia 30 m Medium,public,survey_grade_cascadia_medium,Full Geometry-Aware Hybrid GA,0,1,52.00652797081012,52.00652797081012,0.0,0.0,0.0,99.33333333333331,0.0,6,1,50.0,5,0.7853981633974483,0.0,0.7853981633974483,52.791926134207564,1.4877240156019504,9.921726721778708,-0.14517194875947198,-0.14304080698662872
usgs_extension,usgs_southern_cascadia_30m_medium,USGS Cascadia 30 m Medium,public,survey_grade_cascadia_medium,Full Geometry-Aware Hybrid GA,0,1,52.00652797081012,52.00652797081012,0.0,0.0,0.0,99.33333333333331,0.0,6,1,100.0,5,1.5707963267948966,0.0,1.5707963267948966,53.57732429760502,2.931830484982083,10.212614930444428,-0.14304080698662672,-0.13896088186788916
usgs_extension,usgs_southern_cascadia_30m_medium,USGS Cascadia 30 m Medium,public,survey_grade_cascadia_medium,Full Geometry-Aware Hybrid GA,1,1,51.93716541470703,51.93716541470703,0.0,0.0,0.0,98.66666666666669,0.0,6,1,25.0,5,0.39269908169872414,0.0,0.39269908169872414,52.329864496405754,0.7504301520323953,9.763437699648978,-0.013694658021833991,-0.013592640777988359
usgs_extension,usgs_southern_cascadia_30m_medium,USGS Cascadia 30 m Medium,public,survey_grade_cascadia_medium,Full Geometry-Aware Hybrid GA,1,1,51.93716541470703,51.93716541470703,0.0,0.0,0.0,98.66666666666669,0.0,6,1,50.0,5,0.7853981633974483,0.0,0.7853981633974483,52.72256357810448,1.4896812865215487,9.90888180398184,-0.013592640777978924,-0.013393099166728142
usgs_extension,usgs_southern_cascadia_30m_medium,USGS Cascadia 30 m Medium,public,survey_grade_cascadia_medium,Full Geometry-Aware Hybrid GA,1,1,51.93716541470703,51.93716541470703,0.0,0.0,0.0,98.66666666666669,0.0,6,1,100.0,5,1.5707963267948966,0.0,1.5707963267948966,53.50796174150193,2.9356310269926675,10.19977001264756,-0.013393099166718846,-0.013011090403919557
usgs_extension,usgs_southern_cascadia_30m_medium,USGS Cascadia 30 m Medium,public,survey_grade_cascadia_medium,Full Geometry-Aware Hybrid GA,2,1,52.00395421932175,52.00395421932175,0.0,0.0,0.0,99.33333333333331,0.0,6,1,25.0,5,0.39269908169872414,0.0,0.39269908169872414,52.39665330102047,0.749473596038005,9.775805996799852,-0.1413425160010836,-0.14028959639557767
usgs_extension,usgs_southern_cascadia_30m_medium,USGS Cascadia 30 m Medium,public,survey_grade_cascadia_medium,Full Geometry-Aware Hybrid GA,2,1,52.00395421932175,52.00395421932175,0.0,0.0,0.0,99.33333333333331,0.0,6,1,50.0,5,0.7853981633974483,0.0,0.7853981633974483,52.789352382719194,1.487796549772699,9.921250101132712,-0.1402895963955716,-0.13823012814615587
usgs_extension,usgs_southern_cascadia_30m_medium,USGS Cascadia 30 m Medium,public,survey_grade_cascadia_medium,Full Geometry-Aware Hybrid GA,2,1,52.00395421932175,52.00395421932175,0.0,0.0,0.0,99.33333333333331,0.0,6,1,100.0,5,1.5707963267948966,0.0,1.5707963267948966,53.57475054611665,2.931971331238901,10.212138309798434,-0.13823012814616784,-0.1342874170844075
usgs_extension,usgs_southern_cascadia_30m_medium,USGS Cascadia 30 m Medium,public,survey_grade_cascadia_medium,Full Geometry-Aware Hybrid GA,3,1,51.977157542138386,51.977157542138386,0.0,0.0,0.0,98.66666666666669,0.0,6,1,25.0,5,0.39269908169872414,0.0,0.39269908169872414,52.36985662383711,0.7498570876743242,9.770843649173301,-0.09012826739834738,-0.08945686418266013
usgs_extension,usgs_southern_cascadia_30m_medium,USGS Cascadia 30 m Medium,public,survey_grade_cascadia_medium,Full Geometry-Aware Hybrid GA,3,1,51.977157542138386,51.977157542138386,0.0,0.0,0.0,98.66666666666669,0.0,6,1,50.0,5,0.7853981633974483,0.0,0.7853981633974483,52.76255570553583,1.488552161462195,9.916287753506163,-0.08945686418267362,-0.08814362659264004
usgs_extension,usgs_southern_cascadia_30m_medium,USGS Cascadia 30 m Medium,public,survey_grade_cascadia_medium,Full Geometry-Aware Hybrid GA,3,1,51.977157542138386,51.977157542138386,0.0,0.0,0.0,98.66666666666669,0.0,6,1,100.0,5,1.5707963267948966,0.0,1.5707963267948966,53.547953868933284,2.933438559836774,10.207175962171883,-0.08814362659265332,-0.0856295230737349
usgs_extension,usgs_southern_cascadia_30m_medium,USGS Cascadia 30 m Medium,public,survey_grade_cascadia_medium,Full Geometry-Aware Hybrid GA,4,1,52.00145457433149,52.00145457433149,0.0,0.0,0.0,99.33333333333331,0.0,6,1,25.0,5,0.39269908169872414,0.0,0.39269908169872414,52.39415365603021,0.7495093522777558,9.775343099579432,-0.13656515352909845,-0.1355478224977172
usgs_extension,usgs_southern_cascadia_30m_medium,USGS Cascadia 30 m Medium,public,survey_grade_cascadia_medium,Full Geometry-Aware Hybrid GA,4,1,52.00145457433149,52.00145457433149,0.0,0.0,0.0,99.33333333333331,0.0,6,1,50.0,5,0.7853981633974483,0.0,0.7853981633974483,52.786852737728935,1.4878670022243852,9.920787203912294,-0.1355478224977233,-0.1335579640628641
usgs_extension,usgs_southern_cascadia_30m_medium,USGS Cascadia 30 m Medium,public,survey_grade_cascadia_medium,Full Geometry-Aware Hybrid GA,4,1,52.00145457433149,52.00145457433149,0.0,0.0,0.0,99.33333333333331,0.0,6,1,100.0,5,1.5707963267948966,0.0,1.5707963267948966,53.57225090112639,2.932108135038003,10.211675412578014,-0.13355796406287007,-0.12974851622859168
usgs_extension,usgs_southern_cascadia_30m_medium,USGS Cascadia 30 m Medium,public,survey_grade_cascadia_medium,Full Geometry-Aware Hybrid GA,5,1,51.9526673428931,51.9526673428931,0.0,0.0,0.0,98.66666666666669,0.0,6,1,25.0,5,0.39269908169872414,0.0,0.39269908169872414,52.34536642459182,0.7502079143231183,9.766308427090843,-0.0433221972316587,-0.042999472038219425
usgs_extension,usgs_southern_cascadia_30m_medium,USGS Cascadia 30 m Medium,public,survey_grade_cascadia_medium,Full Geometry-Aware Hybrid GA,5,1,51.9526673428931,51.9526673428931,0.0,0.0,0.0,98.66666666666669,0.0,6,1,50.0,5,0.7853981633974483,0.0,0.7853981633974483,52.738065506290546,1.4892434067452982,9.911752531423705,-0.04299947203820932,-0.04236823458598428
usgs_extension,usgs_southern_cascadia_30m_medium,USGS Cascadia 30 m Medium,public,survey_grade_cascadia_medium,Full Geometry-Aware Hybrid GA,5,1,51.9526673428931,51.9526673428931,0.0,0.0,0.0,98.66666666666669,0.0,6,1,100.0,5,1.5707963267948966,0.0,1.5707963267948966,53.523463669688,2.9347807841600644,10.202640740089425,-0.04236823458597432,-0.041159773670770304
usgs_extension,usgs_southern_cascadia_30m_medium,USGS Cascadia 30 m Medium,public,survey_grade_cascadia_medium,Full Geometry-Aware Hybrid GA,6,1,52.06334510898327,52.06334510898327,0.0,0.0,0.0,100.0,0.0,6,1,25.0,5,0.39269908169872414,0.0,0.39269908169872414,52.45604419068199,0.7486250397975703,9.786804309700132,-0.254851357677593,-0.25295286316523485
usgs_extension,usgs_southern_cascadia_30m_medium,USGS Cascadia 30 m Medium,public,survey_grade_cascadia_medium,Full Geometry-Aware Hybrid GA,6,1,52.06334510898327,52.06334510898327,0.0,0.0,0.0,100.0,0.0,6,1,50.0,5,0.7853981633974483,0.0,0.7853981633974483,52.848743272380716,1.4861245788750956,9.932248414032994,-0.2529528631652409,-0.2492394845279789
usgs_extension,usgs_southern_cascadia_30m_medium,USGS Cascadia 30 m Medium,public,survey_grade_cascadia_medium,Full Geometry-Aware Hybrid GA,6,1,52.06334510898327,52.06334510898327,0.0,0.0,0.0,100.0,0.0,6,1,100.0,5,1.5707963267948966,0.0,1.5707963267948966,53.63414143577817,2.9287246607196598,10.223136622698714,-0.2492394845279849,-0.24213047518351644
usgs_extension,usgs_southern_cascadia_30m_medium,USGS Cascadia 30 m Medium,public,survey_grade_cascadia_medium,Full Geometry-Aware Hybrid GA,7,1,51.96881244873616,51.96881244873616,0.0,0.0,0.0,99.33333333333331,0.0,6,1,25.0,5,0.39269908169872414,0.0,0.39269908169872414,52.36151153043488,0.7499765958254847,9.769298261506224,-0.07417898812054043,-0.07362639776685029
usgs_extension,usgs_southern_cascadia_30m_medium,USGS Cascadia 30 m Medium,public,survey_grade_cascadia_medium,Full Geometry-Aware Hybrid GA,7,1,51.96881244873616,51.96881244873616,0.0,0.0,0.0,99.33333333333331,0.0,6,1,50.0,5,0.7853981633974483,0.0,0.7853981633974483,52.754210612133605,1.4887876328431018,9.914742365839086,-0.07362639776684557,-0.07254555333921897
usgs_extension,usgs_southern_cascadia_30m_medium,USGS Cascadia 30 m Medium,public,survey_grade_cascadia_medium,Full Geometry-Aware Hybrid GA,7,1,51.96881244873616,51.96881244873616,0.0,0.0,0.0,99.33333333333331,0.0,6,1,100.0,5,1.5707963267948966,0.0,1.5707963267948966,53.53960877553106,2.933895788033457,10.205630574504806,-0.07254555333921432,-0.0704763506301682
usgs_extension,usgs_southern_cascadia_30m_medium,USGS Cascadia 30 m Medium,public,survey_grade_cascadia_medium,Full Geometry-Aware Hybrid GA,8,1,52.0464456016317,52.0464456016317,0.0,0.0,0.0,98.66666666666669,0.0,6,1,25.0,5,0.39269908169872414,0.0,0.39269908169872414,52.439144683330426,0.7488662983924621,9.783674771301694,-0.22255274226178684,-0.22089485366451103
usgs_extension,usgs_southern_cascadia_30m_medium,USGS Cascadia 30 m Medium,public,survey_grade_cascadia_medium,Full Geometry-Aware Hybrid GA,8,1,52.0464456016317,52.0464456016317,0.0,0.0,0.0,98.66666666666669,0.0,6,1,50.0,5,0.7853981633974483,0.0,0.7853981633974483,52.83184376502915,1.4865999507617507,9.929118875634556,-0.22089485366451506,-0.21765209048557932
usgs_extension,usgs_southern_cascadia_30m_medium,USGS Cascadia 30 m Medium,public,survey_grade_cascadia_medium,Full Geometry-Aware Hybrid GA,8,1,52.0464456016317,52.0464456016317,0.0,0.0,0.0,98.66666666666669,0.0,6,1,100.0,5,1.5707963267948966,0.0,1.5707963267948966,53.6172419284266,2.9296477593751376,10.220007084300276,-0.2176520904855833,-0.2114440422381914
usgs_extension,usgs_southern_cascadia_30m_medium,USGS Cascadia 30 m Medium,public,survey_grade_cascadia_medium,Full Geometry-Aware Hybrid GA,9,1,51.958180548111535,51.958180548111535,0.0,0.0,0.0,99.33333333333331,0.0,6,1,25.0,5,0.39269908169872414,0.0,0.39269908169872414,52.35087962981026,0.7501289080061776,9.767329391020183,-0.053859125400876916,-0.05345790621593193
usgs_extension,usgs_southern_cascadia_30m_medium,USGS Cascadia 30 m Medium,public,survey_grade_cascadia_medium,Full Geometry-Aware Hybrid GA,9,1,51.958180548111535,51.958180548111535,0.0,0.0,0.0,99.33333333333331,0.0,6,1,50.0,5,0.7853981633974483,0.0,0.7853981633974483,52.74357871150898,1.4890877384208847,9.912773495353045,-0.05345790621591576,-0.05267313768455143
usgs_extension,usgs_southern_cascadia_30m_medium,USGS Cascadia 30 m Medium,public,survey_grade_cascadia_medium,Full Geometry-Aware Hybrid GA,9,1,51.958180548111535,51.958180548111535,0.0,0.0,0.0,99.33333333333331,0.0,6,1,100.0,5,1.5707963267948966,0.0,1.5707963267948966,53.528976874906434,2.9344785170576686,10.203661704018765,-0.05267313768453549,-0.0511707520223808
usgs_extension,usgs_southern_cascadia_30m_medium,USGS Cascadia 30 m Medium,public,survey_grade_cascadia_medium,Full Geometry-Aware Hybrid GA,10,1,51.84408002631985,51.84408002631985,0.0,0.0,0.0,98.0,0.0,6,1,25.0,5,0.39269908169872414,0.0,0.39269908169872414,52.236779108018574,0.7517674106335609,9.746199664762464,0.16421166183722624,0.16298838038521457
usgs_extension,usgs_southern_cascadia_30m_medium,USGS Cascadia 30 m Medium,public,survey_grade_cascadia_medium,Full Geometry-Aware Hybrid GA,10,1,51.84408002631985,51.84408002631985,0.0,0.0,0.0,98.0,0.0,6,1,50.0,5,0.7853981633974483,0.0,0.7853981633974483,52.6294781897173,1.4923160753490023,9.891643769095325,0.16298838038523342,0.1605956912404251
usgs_extension,usgs_southern_cascadia_30m_medium,USGS Cascadia 30 m Medium,public,survey_grade_cascadia_medium,Full Geometry-Aware Hybrid GA,10,1,51.84408002631985,51.84408002631985,0.0,0.0,0.0,98.0,0.0,6,1,100.0,5,1.5707963267948966,0.0,1.5707963267948966,53.41487635311475,2.940746911797915,10.182531977761046,0.16059569124042578,0.15601505157221565
usgs_extension,usgs_southern_cascadia_30m_medium,USGS Cascadia 30 m Medium,public,survey_grade_cascadia_medium,Full Geometry-Aware Hybrid GA,11,1,51.95485455846241,51.95485455846241,0.0,0.0,0.0,98.66666666666669,0.0,6,1,25.0,5,0.39269908169872414,0.0,0.39269908169872414,52.34755364016113,0.7501765687049122,9.766713467011085,-0.04750243947392577,-0.04714857390505389
usgs_extension,usgs_southern_cascadia_30m_medium,USGS Cascadia 30 m Medium,public,survey_grade_cascadia_medium,Full Geometry-Aware Hybrid GA,11,1,51.95485455846241,51.95485455846241,0.0,0.0,0.0,98.66666666666669,0.0,6,1,50.0,5,0.7853981633974483,0.0,0.7853981633974483,52.740252721859854,1.489181645638788,9.912157571343945,-0.047148573905045135,-0.04645642713537578
usgs_extension,usgs_southern_cascadia_30m_medium,USGS Cascadia 30 m Medium,public,survey_grade_cascadia_medium,Full Geometry-Aware Hybrid GA,11,1,51.95485455846241,51.95485455846241,0.0,0.0,0.0,98.66666666666669,0.0,6,1,100.0,5,1.5707963267948966,0.0,1.5707963267948966,53.525650885257306,2.934660860383007,10.203045780009665,-0.04645642713538508,-0.0451313594991576
usgs_extension,usgs_southern_cascadia_30m_medium,USGS Cascadia 30 m Medium,public,survey_grade_cascadia_medium,Full Geometry-Aware Hybrid GA,12,1,51.915019577446074,51.915019577446074,0.0,0.0,0.0,98.66666666666669,0.0,6,1,25.0,5,0.39269908169872414,0.0,0.39269908169872414,52.3077186591448,0.750747866213947,9.759336618674727,0.028630829098733226,0.028417546060239406
usgs_extension,usgs_southern_cascadia_30m_medium,USGS Cascadia 30 m Medium,public,survey_grade_cascadia_medium,Full Geometry-Aware Hybrid GA,12,1,51.915019577446074,51.915019577446074,0.0,0.0,0.0,98.66666666666669,0.0,6,1,50.0,5,0.7853981633974483,0.0,0.7853981633974483,52.70041774084352,1.4903072823059509,9.904780723007589,0.028417546060246147,0.028000373045698752
usgs_extension,usgs_southern_cascadia_30m_medium,USGS Cascadia 30 m Medium,public,survey_grade_cascadia_medium,Full Geometry-Aware Hybrid GA,12,1,51.915019577446074,51.915019577446074,0.0,0.0,0.0,98.66666666666669,0.0,6,1,100.0,5,1.5707963267948966,0.0,1.5707963267948966,53.48581590424097,2.936846526950607,10.195668931673309,0.028000373045705396,0.02720172385090008
usgs_extension,usgs_southern_cascadia_30m_medium,USGS Cascadia 30 m Medium,public,survey_grade_cascadia_medium,Full Geometry-Aware Hybrid GA,13,1,52.004640657214345,52.004640657214345,0.0,0.0,0.0,98.66666666666669,0.0,6,1,25.0,5,0.39269908169872414,0.0,0.39269908169872414,52.39733973891307,0.7494637774655662,9.77593311492811,-0.14265444735142352,-0.14159175461975912
usgs_extension,usgs_southern_cascadia_30m_medium,USGS Cascadia 30 m Medium,public,survey_grade_cascadia_medium,Full Geometry-Aware Hybrid GA,13,1,52.004640657214345,52.004640657214345,0.0,0.0,0.0,98.66666666666669,0.0,6,1,50.0,5,0.7853981633974483,0.0,0.7853981633974483,52.79003882061179,1.487777203700011,9.921377219260972,-0.1415917546197571,-0.13951317053006984
usgs_extension,usgs_southern_cascadia_30m_medium,USGS Cascadia 30 m Medium,public,survey_grade_cascadia_medium,Full Geometry-Aware Hybrid GA,13,1,52.004640657214345,52.004640657214345,0.0,0.0,0.0,98.66666666666669,0.0,6,1,100.0,5,1.5707963267948966,0.0,1.5707963267948966,53.575436984009244,2.93193376521359,10.212265427926692,-0.13951317053006787,-0.13553386349991703
usgs_extension,usgs_southern_cascadia_30m_medium,USGS Cascadia 30 m Medium,public,survey_grade_cascadia_medium,Full Geometry-Aware Hybrid GA,14,1,51.99447946688362,51.99447946688362,0.0,0.0,0.0,98.66666666666669,0.0,6,1,25.0,5,0.39269908169872414,0.0,0.39269908169872414,52.38717854858234,0.7496091459373909,9.774051413015012,-0.12323421385991118,-0.12231619058203635
usgs_extension,usgs_southern_cascadia_30m_medium,USGS Cascadia 30 m Medium,public,survey_grade_cascadia_medium,Full Geometry-Aware Hybrid GA,14,1,51.99447946688362,51.99447946688362,0.0,0.0,0.0,98.66666666666669,0.0,6,1,50.0,5,0.7853981633974483,0.0,0.7853981633974483,52.779877630281064,1.48806363080093,9.919495517347874,-0.12231619058203232,-0.12052057410466459
usgs_extension,usgs_southern_cascadia_30m_medium,USGS Cascadia 30 m Medium,public,survey_grade_cascadia_medium,Full Geometry-Aware Hybrid GA,14,1,51.99447946688362,51.99447946688362,0.0,0.0,0.0,98.66666666666669,0.0,6,1,100.0,5,1.5707963267948966,0.0,1.5707963267948966,53.565275793678516,2.932489945249705,10.210383726013594,-0.1205205741046606,-0.11708298920862512
usgs_extension,usgs_southern_cascadia_30m_medium,USGS Cascadia 30 m Medium,public,survey_grade_cascadia_medium,Full Geometry-Aware Hybrid GA,15,1,52.03302902601543,52.03302902601543,0.0,0.0,0.0,98.66666666666669,0.0,6,1,25.0,5,0.39269908169872414,0.0,0.39269908169872414,52.42572810771415,0.7490579451598322,9.781190220261646,-0.19691076306012772,-0.19544389230655257
usgs_extension,usgs_southern_cascadia_30m_medium,USGS Cascadia 30 m Medium,public,survey_grade_cascadia_medium,Full Geometry-Aware Hybrid GA,15,1,52.03302902601543,52.03302902601543,0.0,0.0,0.0,98.66666666666669,0.0,6,1,50.0,5,0.7853981633974483,0.0,0.7853981633974483,52.81842718941287,1.4869775667134528,9.926634324594506,-0.19544389230652698,-0.19257475231977267
usgs_extension,usgs_southern_cascadia_30m_medium,USGS Cascadia 30 m Medium,public,survey_grade_cascadia_medium,Full Geometry-Aware Hybrid GA,15,1,52.03302902601543,52.03302902601543,0.0,0.0,0.0,98.66666666666669,0.0,6,1,100.0,5,1.5707963267948966,0.0,1.5707963267948966,53.603825352810325,2.930381024966427,10.217522533260226,-0.1925747523197654,-0.1870819801117836
usgs_extension,usgs_southern_cascadia_30m_medium,USGS Cascadia 30 m Medium,public,survey_grade_cascadia_medium,Full Geometry-Aware Hybrid GA,16,1,51.907872852322704,51.907872852322704,0.0,0.0,0.0,98.66666666666669,0.0,6,1,25.0,5,0.39269908169872414,0.0,0.39269908169872414,52.30057193402143,0.7508504537849502,9.758013151059288,0.04228976728196936,0.04197473309166143
usgs_extension,usgs_southern_cascadia_30m_medium,USGS Cascadia 30 m Medium,public,survey_grade_cascadia_medium,Full Geometry-Aware Hybrid GA,16,1,51.907872852322704,51.907872852322704,0.0,0.0,0.0,98.66666666666669,0.0,6,1,50.0,5,0.7853981633974483,0.0,0.7853981633974483,52.69327101572015,1.4905094108944916,9.90345725539215,0.04197473309166682,0.04135853893114987
usgs_extension,usgs_southern_cascadia_30m_medium,USGS Cascadia 30 m Medium,public,survey_grade_cascadia_medium,Full Geometry-Aware Hybrid GA,16,1,51.907872852322704,51.907872852322704,0.0,0.0,0.0,98.66666666666669,0.0,6,1,100.0,5,1.5707963267948966,0.0,1.5707963267948966,53.4786691791176,2.9372389981018125,10.19434546405787,0.04135853893115519,0.04017887736873056
usgs_extension,usgs_southern_cascadia_30m_medium,USGS Cascadia 30 m Medium,public,survey_grade_cascadia_medium,Full Geometry-Aware Hybrid GA,17,1,51.884276011510835,51.884276011510835,0.0,0.0,0.0,98.66666666666669,0.0,6,1,25.0,5,0.39269908169872414,0.0,0.39269908169872414,52.27697509320956,0.7511893735216008,9.753643365723757,0.08738843616949057,0.08673744310425265
usgs_extension,usgs_southern_cascadia_30m_medium,USGS Cascadia 30 m Medium,public,survey_grade_cascadia_medium,Full Geometry-Aware Hybrid GA,17,1,51.884276011510835,51.884276011510835,0.0,0.0,0.0,98.66666666666669,0.0,6,1,50.0,5,0.7853981633974483,0.0,0.7853981633974483,52.66967417490828,1.491177182507824,9.899087470056617,0.08673744310426748,0.0854641269447174
usgs_extension,usgs_southern_cascadia_30m_medium,USGS Cascadia 30 m Medium,public,survey_grade_cascadia_medium,Full Geometry-Aware Hybrid GA,17,1,51.884276011510835,51.884276011510835,0.0,0.0,0.0,98.66666666666669,0.0,6,1,100.0,5,1.5707963267948966,0.0,1.5707963267948966,53.45507233830573,2.9385355927565904,10.18997567872234,0.08546412694471409,0.08302645027313665
usgs_extension,usgs_southern_cascadia_30m_medium,USGS Cascadia 30 m Medium,public,survey_grade_cascadia_medium,Full Geometry-Aware Hybrid GA,18,1,52.019663795619394,52.019663795619394,0.0,0.0,0.0,98.66666666666669,0.0,6,1,25.0,5,0.39269908169872414,0.0,0.39269908169872414,52.41236287731812,0.7492489560486271,9.778715177595712,-0.1713669156848916,-0.170090331749894
usgs_extension,usgs_southern_cascadia_30m_medium,USGS Cascadia 30 m Medium,public,survey_grade_cascadia_medium,Full Geometry-Aware Hybrid GA,18,1,52.019663795619394,52.019663795619394,0.0,0.0,0.0,98.66666666666669,0.0,6,1,50.0,5,0.7853981633974483,0.0,0.7853981633974483,52.80506195901684,1.487353928316594,9.924159281928572,-0.17009033174988253,-0.1675933850997357
usgs_extension,usgs_southern_cascadia_30m_medium,USGS Cascadia 30 m Medium,public,survey_grade_cascadia_medium,Full Geometry-Aware Hybrid GA,18,1,52.019663795619394,52.019663795619394,0.0,0.0,0.0,98.66666666666669,0.0,6,1,100.0,5,1.5707963267948966,0.0,1.5707963267948966,53.59046012241429,2.931111849397816,10.215047490594293,-0.16759338509974236,-0.1628131515705239
usgs_extension,usgs_southern_cascadia_30m_medium,USGS Cascadia 30 m Medium,public,survey_grade_cascadia_medium,Full Geometry-Aware Hybrid GA,19,1,51.99163296877888,51.99163296877888,0.0,0.0,0.0,99.33333333333331,0.0,6,1,25.0,5,0.39269908169872414,0.0,0.39269908169872414,52.3843320504776,0.7496498787467957,9.773524283736357,-0.11779394003096903,-0.11691644363159986
usgs_extension,usgs_southern_cascadia_30m_medium,USGS Cascadia 30 m Medium,public,survey_grade_cascadia_medium,Full Geometry-Aware Hybrid GA,19,1,51.99163296877888,51.99163296877888,0.0,0.0,0.0,99.33333333333331,0.0,6,1,50.0,5,0.7853981633974483,0.0,0.7853981633974483,52.777031132176326,1.4881438886368474,9.918968388069219,-0.11691644363159717,-0.11520009609280199
usgs_extension,usgs_southern_cascadia_30m_medium,USGS Cascadia 30 m Medium,public,survey_grade_cascadia_medium,Full Geometry-Aware Hybrid GA,19,1,51.99163296877888,51.99163296877888,0.0,0.0,0.0,99.33333333333331,0.0,6,1,100.0,5,1.5707963267948966,0.0,1.5707963267948966,53.56242929557378,2.9326457882012122,10.209856596734939,-0.11520009609279934,-0.11191426615635477
usgs_extension,usgs_southern_cascadia_30m_high,USGS Cascadia 30 m High,public,survey_grade_cascadia_high,Fixed-Spacing,0,1,97.254304852,97.254304852,0.0,0.0,0.0,97.2,29.96000598034999,12,0,25.0,11,0.863937979737193,0.0,0.863937979737193,98.11824283173719,0.8805069830069815,18.330033483606368,0.0,0.0
usgs_extension,usgs_southern_cascadia_30m_high,USGS Cascadia 30 m High,public,survey_grade_cascadia_high,Fixed-Spacing,0,1,97.254304852,97.254304852,0.0,0.0,0.0,97.2,29.96000598034999,12,0,50.0,11,1.727875959474386,0.0,1.727875959474386,98.9821808114744,1.7456434535074257,18.650010513138664,0.0,0.0
usgs_extension,usgs_southern_cascadia_30m_high,USGS Cascadia 30 m High,public,survey_grade_cascadia_high,Fixed-Spacing,0,1,97.254304852,97.254304852,0.0,0.0,0.0,97.2,29.96000598034999,12,0,100.0,11,3.455751918948772,0.0,3.455751918948772,100.71005677094878,3.4313871223490677,19.289964572203246,0.0,0.0
usgs_extension,usgs_southern_cascadia_30m_high,USGS Cascadia 30 m High,public,survey_grade_cascadia_high,Adaptive Spacing w/o GA,0,1,73.89166194729708,73.89166194729708,0.0,0.0,0.0,98.55,2.2372345564469054,12,1,25.0,11,0.863937979737193,0.0,0.863937979737193,74.75559992703427,1.155683294068198,14.003618130883606,23.810702505921842,23.602877521157453
usgs_extension,usgs_southern_cascadia_30m_high,USGS Cascadia 30 m High,public,survey_grade_cascadia_high,Adaptive Spacing w/o GA,0,1,73.89166194729708,73.89166194729708,0.0,0.0,0.0,98.55,2.2372345564469054,12,1,50.0,11,1.727875959474386,0.0,1.727875959474386,75.61953790677147,2.2849596907146146,14.323595160415898,23.60287752115746,23.197924471275062
usgs_extension,usgs_southern_cascadia_30m_high,USGS Cascadia 30 m High,public,survey_grade_cascadia_high,Adaptive Spacing w/o GA,0,1,73.89166194729708,73.89166194729708,0.0,0.0,0.0,98.55,2.2372345564469054,12,1,100.0,11,3.455751918948772,0.0,3.455751918948772,77.34741386624586,4.467831238578554,14.963549219480488,23.19792447127505,22.4283219211149
usgs_extension,usgs_southern_cascadia_30m_high,USGS Cascadia 30 m High,public,survey_grade_cascadia_high,Full Geometry-Aware Hybrid GA,0,1,72.8691042136253,72.8691042136253,0.0,0.0,0.0,98.55,1.5733972802907423,12,1,25.0,11,0.863937979737193,0.0,0.863937979737193,73.7330421933625,1.1717107473628225,13.814255587611056,24.852871326072194,24.635950065416075
usgs_extension,usgs_southern_cascadia_30m_high,USGS Cascadia 30 m High,public,survey_grade_cascadia_high,Full Geometry-Aware Hybrid GA,0,1,72.8691042136253,72.8691042136253,0.0,0.0,0.0,98.55,1.5733972802907423,12,1,50.0,11,1.727875959474386,0.0,1.727875959474386,74.5969801730997,2.3162813768934214,14.134232617143349,24.63595006541609,24.213272656409575
usgs_extension,usgs_southern_cascadia_30m_high,USGS Cascadia 30 m High,public,survey_grade_cascadia_high,Full Geometry-Aware Hybrid GA,0,1,72.8691042136253,72.8691042136253,0.0,0.0,0.0,98.55,1.5733972802907423,12,1,100.0,11,3.455751918948772,0.0,3.455751918948772,76.32485613257408,4.527688742637432,14.774186676207938,24.213272656409572,23.40998543098687
usgs_extension,usgs_southern_cascadia_30m_high,USGS Cascadia 30 m High,public,survey_grade_cascadia_high,Full Geometry-Aware Hybrid GA,1,1,72.82287786481395,72.82287786481395,0.0,0.0,0.0,98.36111111111111,1.6199860002956463,12,1,25.0,11,0.863937979737193,0.0,0.863937979737193,73.68681584455113,1.1724458030046334,13.805695152645987,24.899984225240836,24.682651752964688
usgs_extension,usgs_southern_cascadia_30m_high,USGS Cascadia 30 m High,public,survey_grade_cascadia_high,Full Geometry-Aware Hybrid GA,1,1,72.82287786481395,72.82287786481395,0.0,0.0,0.0,98.36111111111111,1.6199860002956463,12,1,50.0,11,1.727875959474386,0.0,1.727875959474386,74.55075382428834,2.3177176230127547,14.12567218217828,24.682651752964684,24.259173086111954
usgs_extension,usgs_southern_cascadia_30m_high,USGS Cascadia 30 m High,public,survey_grade_cascadia_high,Full Geometry-Aware Hybrid GA,1,1,72.82287786481395,72.82287786481395,0.0,0.0,0.0,98.36111111111111,1.6199860002956463,12,1,100.0,11,3.455751918948772,0.0,3.455751918948772,76.27862978376272,4.530432611001609,14.765626241242868,24.259173086111936,23.454363091365803
usgs_extension,usgs_southern_cascadia_30m_high,USGS Cascadia 30 m High,public,survey_grade_cascadia_high,Full Geometry-Aware Hybrid GA,2,1,72.80812097767209,72.80812097767209,0.0,0.0,0.0,98.56111111111112,1.7080085212686391,12,1,25.0,11,0.863937979737193,0.0,0.863937979737193,73.67205895740928,1.1726806498467026,13.802962395767867,24.915024126808543,24.697560383003815
usgs_extension,usgs_southern_cascadia_30m_high,USGS Cascadia 30 m High,public,survey_grade_cascadia_high,Full Geometry-Aware Hybrid GA,2,1,72.80812097767209,72.80812097767209,0.0,0.0,0.0,98.56111111111112,1.7080085212686391,12,1,50.0,11,1.727875959474386,0.0,1.727875959474386,74.53599693714648,2.3181764925361388,14.12293942530016,24.697560383003825,24.273825929745442
usgs_extension,usgs_southern_cascadia_30m_high,USGS Cascadia 30 m High,public,survey_grade_cascadia_high,Full Geometry-Aware Hybrid GA,2,1,72.80812097767209,72.80812097767209,0.0,0.0,0.0,98.56111111111112,1.7080085212686391,12,1,100.0,11,3.455751918948772,0.0,3.455751918948772,76.26387289662087,4.531309239478567,14.76289348436475,24.273825929745435,23.468529819707324
usgs_extension,usgs_southern_cascadia_30m_high,USGS Cascadia 30 m High,public,survey_grade_cascadia_high,Full Geometry-Aware Hybrid GA,3,1,72.89191814761692,72.89191814761692,0.0,0.0,0.0,98.47777777777776,1.6277879701442524,12,1,25.0,11,0.863937979737193,0.0,0.863937979737193,73.75585612735411,1.1713483174074109,13.818480390202094,24.829619855873386,24.612901539100964
usgs_extension,usgs_southern_cascadia_30m_high,USGS Cascadia 30 m High,public,survey_grade_cascadia_high,Full Geometry-Aware Hybrid GA,3,1,72.89191814761692,72.89191814761692,0.0,0.0,0.0,98.47777777777776,1.6277879701442524,12,1,50.0,11,1.727875959474386,0.0,1.727875959474386,74.61979410709131,2.3155732070161013,14.138457419734387,24.612901539100967,24.1906195721764
usgs_extension,usgs_southern_cascadia_30m_high,USGS Cascadia 30 m High,public,survey_grade_cascadia_high,Full Geometry-Aware Hybrid GA,3,1,72.89191814761692,72.89191814761692,0.0,0.0,0.0,98.47777777777776,1.6277879701442524,12,1,100.0,11,3.455751918948772,0.0,3.455751918948772,76.3476700665657,4.526335795101258,14.778411478798976,24.190619572176384,23.388083873961065
usgs_extension,usgs_southern_cascadia_30m_high,USGS Cascadia 30 m High,public,survey_grade_cascadia_high,Full Geometry-Aware Hybrid GA,4,1,72.8274563288153,72.8274563288153,0.0,0.0,0.0,98.30555555555556,1.7791855028587769,12,1,25.0,11,0.863937979737193,0.0,0.863937979737193,73.69139430855249,1.1723729586657121,13.806543016349943,24.89531795333337,24.67802620929225
usgs_extension,usgs_southern_cascadia_30m_high,USGS Cascadia 30 m High,public,survey_grade_cascadia_high,Full Geometry-Aware Hybrid GA,4,1,72.8274563288153,72.8274563288153,0.0,0.0,0.0,98.30555555555556,1.7791855028587769,12,1,50.0,11,1.727875959474386,0.0,1.727875959474386,74.55533228828969,2.3175752913192786,14.126520045882236,24.67802620929226,24.254626902594474
usgs_extension,usgs_southern_cascadia_30m_high,USGS Cascadia 30 m High,public,survey_grade_cascadia_high,Full Geometry-Aware Hybrid GA,4,1,72.8274563288153,72.8274563288153,0.0,0.0,0.0,98.30555555555556,1.7791855028587769,12,1,100.0,11,3.455751918948772,0.0,3.455751918948772,76.28320824776408,4.530160697652701,14.766474104946825,24.254626902594463,23.449967729721756
usgs_extension,usgs_southern_cascadia_30m_high,USGS Cascadia 30 m High,public,survey_grade_cascadia_high,Full Geometry-Aware Hybrid GA,5,1,72.95644847296327,72.95644847296327,0.0,0.0,0.0,98.50555555555556,1.736070561734954,12,1,25.0,11,0.863937979737193,0.0,0.863937979737193,73.82038645270046,1.1703243795543539,13.830430450451418,24.76385193801838,24.54770765792223
usgs_extension,usgs_southern_cascadia_30m_high,USGS Cascadia 30 m High,public,survey_grade_cascadia_high,Full Geometry-Aware Hybrid GA,5,1,72.95644847296327,72.95644847296327,0.0,0.0,0.0,98.50555555555556,1.736070561734954,12,1,50.0,11,1.727875959474386,0.0,1.727875959474386,74.68432443243766,2.313572456610342,14.150407479983711,24.54770765792223,24.12654421821933
usgs_extension,usgs_southern_cascadia_30m_high,USGS Cascadia 30 m High,public,survey_grade_cascadia_high,Full Geometry-Aware Hybrid GA,5,1,72.95644847296327,72.95644847296327,0.0,0.0,0.0,98.50555555555556,1.736070561734954,12,1,100.0,11,3.455751918948772,0.0,3.455751918948772,76.41220039191205,4.522513291365119,14.790361539048298,24.126544218219312,23.326134251375745
usgs_extension,usgs_southern_cascadia_30m_high,USGS Cascadia 30 m High,public,survey_grade_cascadia_high,Full Geometry-Aware Hybrid GA,6,1,72.93477107272396,72.93477107272396,0.0,0.0,0.0,98.19444444444444,1.770516194005536,12,1,25.0,11,0.863937979737193,0.0,0.863937979737193,73.79870905246115,1.1706681469496263,13.826416117073768,24.78594507749346,24.569607963675853
usgs_extension,usgs_southern_cascadia_30m_high,USGS Cascadia 30 m High,public,survey_grade_cascadia_high,Full Geometry-Aware Hybrid GA,6,1,72.93477107272396,72.93477107272396,0.0,0.0,0.0,98.19444444444444,1.770516194005536,12,1,50.0,11,1.727875959474386,0.0,1.727875959474386,74.66264703219835,2.314244174505677,14.14639314660606,24.569607963675853,24.148068781837253
usgs_extension,usgs_southern_cascadia_30m_high,USGS Cascadia 30 m High,public,survey_grade_cascadia_high,Full Geometry-Aware Hybrid GA,6,1,72.93477107272396,72.93477107272396,0.0,0.0,0.0,98.19444444444444,1.770516194005536,12,1,100.0,11,3.455751918948772,0.0,3.455751918948772,76.39052299167274,4.52379664860454,14.78634720567065,24.148068781837235,23.34694472701256
usgs_extension,usgs_southern_cascadia_30m_high,USGS Cascadia 30 m High,public,survey_grade_cascadia_high,Full Geometry-Aware Hybrid GA,7,1,72.83345975790567,72.83345975790567,0.0,0.0,0.0,98.35,1.840006709566106,12,1,25.0,11,0.863937979737193,0.0,0.863937979737193,73.69739773764286,1.172277456542966,13.80765476247779,24.889199387695516,24.67196104782464
usgs_extension,usgs_southern_cascadia_30m_high,USGS Cascadia 30 m High,public,survey_grade_cascadia_high,Full Geometry-Aware Hybrid GA,7,1,72.83345975790567,72.83345975790567,0.0,0.0,0.0,98.35,1.840006709566106,12,1,50.0,11,1.727875959474386,0.0,1.727875959474386,74.56133571738006,2.3173886879170036,14.127631792010082,24.671961047824656,24.24866580071165
usgs_extension,usgs_southern_cascadia_30m_high,USGS Cascadia 30 m High,public,survey_grade_cascadia_high,Full Geometry-Aware Hybrid GA,7,1,72.83345975790567,72.83345975790567,0.0,0.0,0.0,98.35,1.840006709566106,12,1,100.0,11,3.455751918948772,0.0,3.455751918948772,76.28921167685445,4.529804205588901,14.76758585107467,24.24866580071164,23.44420439032482
usgs_extension,usgs_southern_cascadia_30m_high,USGS Cascadia 30 m High,public,survey_grade_cascadia_high,Full Geometry-Aware Hybrid GA,8,1,72.05220703025746,72.05220703025746,0.0,0.0,0.0,98.53888888888888,1.4185772851411391,12,1,25.0,11,0.863937979737193,0.0,0.863937979737193,72.91614500999465,1.1848377058589323,13.662978331431823,25.685435342499535,25.461247282218917
usgs_extension,usgs_southern_cascadia_30m_high,USGS Cascadia 30 m High,public,survey_grade_cascadia_high,Full Geometry-Aware Hybrid GA,8,1,72.05220703025746,72.05220703025746,0.0,0.0,0.0,98.53888888888888,1.4185772851411391,12,1,50.0,11,1.727875959474386,0.0,1.727875959474386,73.78008298973185,2.3419273731568704,13.982955360964116,25.461247282218917,25.02441030200318
usgs_extension,usgs_southern_cascadia_30m_high,USGS Cascadia 30 m High,public,survey_grade_cascadia_high,Full Geometry-Aware Hybrid GA,8,1,72.05220703025746,72.05220703025746,0.0,0.0,0.0,98.53888888888888,1.4185772851411391,12,1,100.0,11,3.455751918948772,0.0,3.455751918948772,75.50795894920624,4.576672402538964,14.622909420028703,25.024410302003165,24.1942131863723
usgs_extension,usgs_southern_cascadia_30m_high,USGS Cascadia 30 m High,public,survey_grade_cascadia_high,Full Geometry-Aware Hybrid GA,9,1,73.29008914467052,73.29008914467052,0.0,0.0,0.0,98.6,1.893664716167038,12,1,25.0,11,0.863937979737193,0.0,0.863937979737193,74.1540271244077,1.1650587476358771,13.892215760026835,24.42381255076661,24.210636208321908
usgs_extension,usgs_southern_cascadia_30m_high,USGS Cascadia 30 m High,public,survey_grade_cascadia_high,Full Geometry-Aware Hybrid GA,9,1,73.29008914467052,73.29008914467052,0.0,0.0,0.0,98.6,1.893664716167038,12,1,50.0,11,1.727875959474386,0.0,1.727875959474386,75.0179651041449,2.3032828964043937,14.212192789559127,24.210636208321915,23.795255881776356
usgs_extension,usgs_southern_cascadia_30m_high,USGS Cascadia 30 m High,public,survey_grade_cascadia_high,Full Geometry-Aware Hybrid GA,9,1,73.29008914467052,73.29008914467052,0.0,0.0,0.0,98.6,1.893664716167038,12,1,100.0,11,3.455751918948772,0.0,3.455751918948772,76.7458410636193,4.502852364448112,14.852146848623716,23.795255881776345,23.005836568380253
usgs_extension,usgs_southern_cascadia_30m_high,USGS Cascadia 30 m High,public,survey_grade_cascadia_high,Full Geometry-Aware Hybrid GA,10,1,72.61834453794481,72.61834453794481,0.0,0.0,0.0,98.35555555555555,1.681630963814628,12,1,25.0,11,0.863937979737193,0.0,0.863937979737193,73.482282517682,1.1757092323980332,13.767818610633185,25.108440187115217,24.889288265913105
usgs_extension,usgs_southern_cascadia_30m_high,USGS Cascadia 30 m High,public,survey_grade_cascadia_high,Full Geometry-Aware Hybrid GA,10,1,72.61834453794481,72.61834453794481,0.0,0.0,0.0,98.35555555555555,1.681630963814628,12,1,50.0,11,1.727875959474386,0.0,1.727875959474386,74.3462204974192,2.324093878496979,14.087795640165478,24.889288265913112,24.46226434971268
usgs_extension,usgs_southern_cascadia_30m_high,USGS Cascadia 30 m High,public,survey_grade_cascadia_high,Full Geometry-Aware Hybrid GA,10,1,72.61834453794481,72.61834453794481,0.0,0.0,0.0,98.35555555555555,1.681630963814628,12,1,100.0,11,3.455751918948772,0.0,3.455751918948772,76.07409645689359,4.542613162559124,14.727749699230067,24.462264349712672,23.6507167024418
usgs_extension,usgs_southern_cascadia_30m_high,USGS Cascadia 30 m High,public,survey_grade_cascadia_high,Full Geometry-Aware Hybrid GA,11,1,72.81315520307494,72.81315520307494,0.0,0.0,0.0,98.39444444444445,1.9875495407912185,12,1,25.0,11,0.863937979737193,0.0,0.863937979737193,73.67709318281213,1.1726005226530003,13.803894659731359,24.90989335269604,24.692474391402516
usgs_extension,usgs_southern_cascadia_30m_high,USGS Cascadia 30 m High,public,survey_grade_cascadia_high,Full Geometry-Aware Hybrid GA,11,1,72.81315520307494,72.81315520307494,0.0,0.0,0.0,98.39444444444445,1.9875495407912185,12,1,50.0,11,1.727875959474386,0.0,1.727875959474386,74.54103116254933,2.3180199314743315,14.123871689263652,24.69247439140253,24.268827198174566
usgs_extension,usgs_southern_cascadia_30m_high,USGS Cascadia 30 m High,public,survey_grade_cascadia_high,Full Geometry-Aware Hybrid GA,11,1,72.81315520307494,72.81315520307494,0.0,0.0,0.0,98.39444444444445,1.9875495407912185,12,1,100.0,11,3.455751918948772,0.0,3.455751918948772,76.26890712202372,4.531010144697452,14.76382574832824,24.268827198174563,23.463696923514068
usgs_extension,usgs_southern_cascadia_30m_high,USGS Cascadia 30 m High,public,survey_grade_cascadia_high,Full Geometry-Aware Hybrid GA,12,1,72.83533779034457,72.83533779034457,0.0,0.0,0.0,98.48333333333332,1.5408598141880474,12,1,25.0,11,0.863937979737193,0.0,0.863937979737193,73.69927577008175,1.172247584131497,13.80800254626277,24.887285337479476,24.67006370385475
usgs_extension,usgs_southern_cascadia_30m_high,USGS Cascadia 30 m High,public,survey_grade_cascadia_high,Full Geometry-Aware Hybrid GA,12,1,72.83533779034457,72.83533779034457,0.0,0.0,0.0,98.48333333333332,1.5408598141880474,12,1,50.0,11,1.727875959474386,0.0,1.727875959474386,74.56321374981896,2.317330319575424,14.127979575795063,24.670063703854762,24.246801009350076
usgs_extension,usgs_southern_cascadia_30m_high,USGS Cascadia 30 m High,public,survey_grade_cascadia_high,Full Geometry-Aware Hybrid GA,12,1,72.83533779034457,72.83533779034457,0.0,0.0,0.0,98.48333333333332,1.5408598141880474,12,1,100.0,11,3.455751918948772,0.0,3.455751918948772,76.29108970929335,4.529692696901945,14.76793363485965,24.24680100935007,23.442401464333546
usgs_extension,usgs_southern_cascadia_30m_high,USGS Cascadia 30 m High,public,survey_grade_cascadia_high,Full Geometry-Aware Hybrid GA,13,1,73.1180153002585,73.1180153002585,0.0,0.0,0.0,98.43888888888888,1.6062124674236713,12,1,25.0,11,0.863937979737193,0.0,0.863937979737193,73.9819532799957,1.16776854548229,13.860350233283867,24.599186507174593,24.38447946273531
usgs_extension,usgs_southern_cascadia_30m_high,USGS Cascadia 30 m High,public,survey_grade_cascadia_high,Full Geometry-Aware Hybrid GA,13,1,73.1180153002585,73.1180153002585,0.0,0.0,0.0,98.43888888888888,1.6062124674236713,12,1,50.0,11,1.727875959474386,0.0,1.727875959474386,74.8458912597329,2.3085782404250472,14.18032726281616,24.384479462735303,23.96611651866725
usgs_extension,usgs_southern_cascadia_30m_high,USGS Cascadia 30 m High,public,survey_grade_cascadia_high,Full Geometry-Aware Hybrid GA,13,1,73.1180153002585,73.1180153002585,0.0,0.0,0.0,98.43888888888888,1.6062124674236713,12,1,100.0,11,3.455751918948772,0.0,3.455751918948772,76.57376721920728,4.512971014023655,14.82028132188075,23.966116518667228,23.171028819634486
usgs_extension,usgs_southern_cascadia_30m_high,USGS Cascadia 30 m High,public,survey_grade_cascadia_high,Full Geometry-Aware Hybrid GA,14,1,72.95418637617745,72.95418637617745,0.0,0.0,0.0,98.34444444444443,1.8043885549914944,12,1,25.0,11,0.863937979737193,0.0,0.863937979737193,73.81812435591463,1.1703602431995015,13.830011543639229,24.766157418345525,24.549993015516172
usgs_extension,usgs_southern_cascadia_30m_high,USGS Cascadia 30 m High,public,survey_grade_cascadia_high,Full Geometry-Aware Hybrid GA,14,1,72.95418637617745,72.95418637617745,0.0,0.0,0.0,98.34444444444443,1.8043885549914944,12,1,50.0,11,1.727875959474386,0.0,1.727875959474386,74.68206233565184,2.3136425340111826,14.14998857317152,24.54999301551618,24.12879036608019
usgs_extension,usgs_southern_cascadia_30m_high,USGS Cascadia 30 m High,public,survey_grade_cascadia_high,Full Geometry-Aware Hybrid GA,14,1,72.95418637617745,72.95418637617745,0.0,0.0,0.0,98.34444444444443,1.8043885549914944,12,1,100.0,11,3.455751918948772,0.0,3.455751918948772,76.40993829512622,4.522647179220659,14.789942632236109,24.128790366080167,23.328305882176938
usgs_extension,usgs_southern_cascadia_30m_high,USGS Cascadia 30 m High,public,survey_grade_cascadia_high,Full Geometry-Aware Hybrid GA,15,1,73.1571030444804,73.1571030444804,0.0,0.0,0.0,98.42222222222222,2.0223229190098486,12,1,25.0,11,0.863937979737193,0.0,0.863937979737193,74.02104102421758,1.1671518905746503,13.867588704436072,24.559349120065125,24.34498978499589
usgs_extension,usgs_southern_cascadia_30m_high,USGS Cascadia 30 m High,public,survey_grade_cascadia_high,Full Geometry-Aware Hybrid GA,15,1,73.1571030444804,73.1571030444804,0.0,0.0,0.0,98.42222222222222,2.0223229190098486,12,1,50.0,11,1.727875959474386,0.0,1.727875959474386,74.88497900395478,2.3073732308626735,14.187565733968363,24.344989784995896,23.92730436278614
usgs_extension,usgs_southern_cascadia_30m_high,USGS Cascadia 30 m High,public,survey_grade_cascadia_high,Full Geometry-Aware Hybrid GA,15,1,73.1571030444804,73.1571030444804,0.0,0.0,0.0,98.42222222222222,2.0223229190098486,12,1,100.0,11,3.455751918948772,0.0,3.455751918948772,76.61285496342917,4.51066850412814,14.827519793032952,23.927304362786124,23.13350427610768
usgs_extension,usgs_southern_cascadia_30m_high,USGS Cascadia 30 m High,public,survey_grade_cascadia_high,Full Geometry-Aware Hybrid GA,16,1,72.86601720047472,72.86601720047472,0.0,0.0,0.0,98.57777777777775,1.6849787312957163,12,1,25.0,11,0.863937979737193,0.0,0.863937979737193,73.7299551802119,1.1717598059371424,13.813683918509092,24.856017543392745,24.639068821868296
usgs_extension,usgs_southern_cascadia_30m_high,USGS Cascadia 30 m High,public,survey_grade_cascadia_high,Full Geometry-Aware Hybrid GA,16,1,72.86601720047472,72.86601720047472,0.0,0.0,0.0,98.57777777777775,1.6849787312957163,12,1,50.0,11,1.727875959474386,0.0,1.727875959474386,74.5938931599491,2.316377234486691,14.133660948041385,24.639068821868296,24.216337904558156
usgs_extension,usgs_southern_cascadia_30m_high,USGS Cascadia 30 m High,public,survey_grade_cascadia_high,Full Geometry-Aware Hybrid GA,16,1,72.86601720047472,72.86601720047472,0.0,0.0,0.0,98.57777777777775,1.6849787312957163,12,1,100.0,11,3.455751918948772,0.0,3.455751918948772,76.3217691194235,4.527871875639346,14.773615007105974,24.216337904558138,23.412948988021014
usgs_extension,usgs_southern_cascadia_30m_high,USGS Cascadia 30 m High,public,survey_grade_cascadia_high,Full Geometry-Aware Hybrid GA,17,1,73.00941769395924,73.00941769395924,0.0,0.0,0.0,98.42777777777778,1.720388523343908,12,1,25.0,11,0.863937979737193,0.0,0.863937979737193,73.87335567369642,1.1694852248938916,13.84023956545067,24.709866848735036,24.49419376222736
usgs_extension,usgs_southern_cascadia_30m_high,USGS Cascadia 30 m High,public,survey_grade_cascadia_high,Full Geometry-Aware Hybrid GA,17,1,73.00941769395924,73.00941769395924,0.0,0.0,0.0,98.42777777777778,1.720388523343908,12,1,50.0,11,1.727875959474386,0.0,1.727875959474386,74.73729365343362,2.3119327380073025,14.160216594982963,24.49419376222736,24.073948456987228
usgs_extension,usgs_southern_cascadia_30m_high,USGS Cascadia 30 m High,public,survey_grade_cascadia_high,Full Geometry-Aware Hybrid GA,17,1,73.00941769395924,73.00941769395924,0.0,0.0,0.0,98.42777777777778,1.720388523343908,12,1,100.0,11,3.455751918948772,0.0,3.455751918948772,76.46516961290801,4.519380440065629,14.80017065404755,24.07394845698721,23.275283380382508
usgs_extension,usgs_southern_cascadia_30m_high,USGS Cascadia 30 m High,public,survey_grade_cascadia_high,Full Geometry-Aware Hybrid GA,18,1,73.37333893638746,73.37333893638746,0.0,0.0,0.0,98.47222222222224,1.897883570326418,12,1,25.0,11,0.863937979737193,0.0,0.863937979737193,74.23727691612464,1.1637522490396495,13.907632388122565,24.338966155932876,24.126530371256646
usgs_extension,usgs_southern_cascadia_30m_high,USGS Cascadia 30 m High,public,survey_grade_cascadia_high,Full Geometry-Aware Hybrid GA,18,1,73.37333893638746,73.37333893638746,0.0,0.0,0.0,98.47222222222224,1.897883570326418,12,1,50.0,11,1.727875959474386,0.0,1.727875959474386,75.10121489586184,2.30072970440002,14.227609417654858,24.126530371256656,23.712593043142192
usgs_extension,usgs_southern_cascadia_30m_high,USGS Cascadia 30 m High,public,survey_grade_cascadia_high,Full Geometry-Aware Hybrid GA,18,1,73.37333893638746,73.37333893638746,0.0,0.0,0.0,98.47222222222224,1.897883570326418,12,1,100.0,11,3.455751918948772,0.0,3.455751918948772,76.82909085533623,4.497973203217658,14.867563476719447,23.71259304314219,22.925916110060978
usgs_extension,usgs_southern_cascadia_30m_high,USGS Cascadia 30 m High,public,survey_grade_cascadia_high,Full Geometry-Aware Hybrid GA,19,1,73.03307620106013,73.03307620106013,0.0,0.0,0.0,98.40555555555557,1.7226591781908376,12,1,25.0,11,0.863937979737193,0.0,0.863937979737193,73.89701418079731,1.1691108082167867,13.844620770469355,24.68575460781215,24.47029197818205
usgs_extension,usgs_southern_cascadia_30m_high,USGS Cascadia 30 m High,public,survey_grade_cascadia_high,Full Geometry-Aware Hybrid GA,19,1,73.03307620106013,73.03307620106013,0.0,0.0,0.0,98.40555555555557,1.7226591781908376,12,1,50.0,11,1.727875959474386,0.0,1.727875959474386,74.76095216053452,2.3112011144054327,14.164597800001648,24.470291978182058,24.05045675431179
usgs_extension,usgs_southern_cascadia_30m_high,USGS Cascadia 30 m High,public,survey_grade_cascadia_high,Full Geometry-Aware Hybrid GA,19,1,73.03307620106013,73.03307620106013,0.0,0.0,0.0,98.40555555555557,1.7226591781908376,12,1,100.0,11,3.455751918948772,0.0,3.455751918948772,76.4888281200089,4.517982565410455,14.804551859066237,24.050456754311778,23.252571026493584
segmented_diagnostic,synthetic_complex,Complex Terrain,synthetic,complex_relief,Fixed-Spacing,0,1,342.37612472999996,342.37612472999996,0.0,0.0,0.0,96.1888888888889,28.497640907255647,45,0,25.0,44,3.455751918948772,0.0,3.455751918948772,345.8318766489487,0.9992577758980499,64.6828941792403,0.0,0.0
segmented_diagnostic,synthetic_complex,Complex Terrain,synthetic,complex_relief,Fixed-Spacing,0,1,342.37612472999996,342.37612472999996,0.0,0.0,0.0,96.1888888888889,28.497640907255647,45,0,50.0,44,6.911503837897544,0.0,6.911503837897544,349.2876285678975,1.9787428103981721,65.96280229736946,0.0,0.0
segmented_diagnostic,synthetic_complex,Complex Terrain,synthetic,complex_relief,Fixed-Spacing,0,1,342.37612472999996,342.37612472999996,0.0,0.0,0.0,96.1888888888889,28.497640907255647,45,0,100.0,44,13.823007675795088,0.0,13.823007675795088,356.19913240579507,3.8806966155233114,68.5226185336278,0.0,0.0
segmented_diagnostic,synthetic_complex,Complex Terrain,synthetic,complex_relief,Full Geometry-Aware Hybrid GA,0,1,254.22902417037488,254.22902417037488,0.0,0.0,0.0,96.77777777777776,7.1816500440496585,40,0,25.0,39,3.063052837250048,0.0,3.063052837250048,257.2920770076249,1.1904963700686644,48.213912934236106,25.60197761387966,25.461107536975113
segmented_diagnostic,synthetic_complex,Complex Terrain,synthetic,complex_relief,Full Geometry-Aware Hybrid GA,0,1,254.22902417037488,254.22902417037488,0.0,0.0,0.0,96.77777777777776,7.1816500440496585,40,0,50.0,39,6.126105674500096,0.0,6.126105674500096,260.35512984487497,2.3529805916058413,49.348376948032424,25.461107536975103,25.18756749362604
segmented_diagnostic,synthetic_complex,Complex Terrain,synthetic,complex_relief,Full Geometry-Aware Hybrid GA,0,1,254.22902417037488,254.22902417037488,0.0,0.0,0.0,96.77777777777776,7.1816500440496585,40,0,100.0,39,12.252211349000191,0.0,12.252211349000191,266.4812355193751,4.597776396946106,51.61730497562505,25.187567493626023,24.671143514030174
segmented_diagnostic,synthetic_complex,Complex Terrain,synthetic,complex_relief,Full Geometry-Aware Hybrid GA,1,1,254.44241904242028,254.44241904242028,0.0,0.0,0.0,96.75555555555556,7.253829204521381,40,0,25.0,39,3.063052837250048,0.0,3.063052837250048,257.5054718796703,1.1895098053222655,48.25343050313341,25.540272812658575,25.40001322541293
segmented_diagnostic,synthetic_complex,Complex Terrain,synthetic,complex_relief,Full Geometry-Aware Hybrid GA,1,1,254.44241904242028,254.44241904242028,0.0,0.0,0.0,96.75555555555556,7.253829204521381,40,0,50.0,39,6.126105674500096,0.0,6.126105674500096,260.56852471692036,2.351053597573018,49.38789451692972,25.400013225412927,25.127658624504402
segmented_diagnostic,synthetic_complex,Complex Terrain,synthetic,complex_relief,Full Geometry-Aware Hybrid GA,1,1,254.44241904242028,254.44241904242028,0.0,0.0,0.0,96.75555555555556,7.253829204521381,40,0,100.0,39,12.252211349000191,0.0,12.252211349000191,266.69463039142045,4.594097500582578,51.65682254452234,25.127658624504402,24.6134726751992
segmented_diagnostic,synthetic_complex,Complex Terrain,synthetic,complex_relief,Full Geometry-Aware Hybrid GA,2,1,253.95113045509456,253.95113045509456,0.0,0.0,0.0,96.77777777777776,7.289344557660367,40,0,25.0,39,3.063052837250048,0.0,3.063052837250048,257.0141832923446,1.1917835809730128,48.162451135110125,25.68233276158121,25.540667673822696
segmented_diagnostic,synthetic_complex,Complex Terrain,synthetic,complex_relief,Full Geometry-Aware Hybrid GA,2,1,253.95113045509456,253.95113045509456,0.0,0.0,0.0,96.77777777777776,7.289344557660367,40,0,50.0,39,6.126105674500096,0.0,6.126105674500096,260.07723612959467,2.3554947621203954,49.29691514890644,25.540667673822686,25.265583886704647
segmented_diagnostic,synthetic_complex,Complex Terrain,synthetic,complex_relief,Full Geometry-Aware Hybrid GA,2,1,253.95113045509456,253.95113045509456,0.0,0.0,0.0,96.77777777777776,7.289344557660367,40,0,100.0,39,12.252211349000191,0.0,12.252211349000191,266.20334180409475,4.602576085621374,51.565843176499065,25.26558388670465,24.74624542961259
segmented_diagnostic,synthetic_complex,Complex Terrain,synthetic,complex_relief,Full Geometry-Aware Hybrid GA,3,1,254.15162391577033,254.15162391577033,0.0,0.0,0.0,96.85555555555555,7.168997130913669,40,0,25.0,39,3.063052837250048,0.0,3.063052837250048,257.2146767530204,1.1908546105987627,48.199579553753786,25.624358504662354,25.48326699762417
segmented_diagnostic,synthetic_complex,Complex Terrain,synthetic,complex_relief,Full Geometry-Aware Hybrid GA,3,1,254.15162391577033,254.15162391577033,0.0,0.0,0.0,96.85555555555555,7.168997130913669,40,0,50.0,39,6.126105674500096,0.0,6.126105674500096,260.27772959027044,2.3536803106988136,49.3340435675501,25.483266997624156,25.20929698355539
segmented_diagnostic,synthetic_complex,Complex Terrain,synthetic,complex_relief,Full Geometry-Aware Hybrid GA,3,1,254.15162391577033,254.15162391577033,0.0,0.0,0.0,96.85555555555555,7.168997130913669,40,0,100.0,39,12.252211349000191,0.0,12.252211349000191,266.4038352647705,4.599112222548559,51.602971595142726,25.209296983555383,24.692061250084425
segmented_diagnostic,synthetic_complex,Complex Terrain,synthetic,complex_relief,Full Geometry-Aware Hybrid GA,4,1,253.96656181690068,253.96656181690068,0.0,0.0,0.0,96.83333333333334,7.130317438507888,40,0,25.0,39,3.063052837250048,0.0,3.063052837250048,257.02961465415075,1.1917120295151882,48.165308794703854,25.67787066226415,25.53624972124035
segmented_diagnostic,synthetic_complex,Complex Terrain,synthetic,complex_relief,Full Geometry-Aware Hybrid GA,4,1,253.96656181690068,253.96656181690068,0.0,0.0,0.0,96.83333333333334,7.130317438507888,40,0,50.0,39,6.126105674500096,0.0,6.126105674500096,260.0926674914008,2.3553550100379654,49.29977280850017,25.53624972124034,25.261251657790467
segmented_diagnostic,synthetic_complex,Complex Terrain,synthetic,complex_relief,Full Geometry-Aware Hybrid GA,4,1,253.96656181690068,253.96656181690068,0.0,0.0,0.0,96.83333333333334,7.130317438507888,40,0,100.0,39,12.252211349000191,0.0,12.252211349000191,266.21877316590087,4.602309297460747,51.56870083609279,25.261251657790474,24.742075040834585
segmented_diagnostic,synthetic_complex,Complex Terrain,synthetic,complex_relief,Full Geometry-Aware Hybrid GA,5,1,254.21352552575192,254.21352552575192,0.0,0.0,0.0,96.82777777777778,7.258357366498742,40,0,25.0,39,3.063052837250048,0.0,3.063052837250048,257.276578363002,1.1905680869745794,48.21104281486149,25.606459168551005,25.465544752426016
segmented_diagnostic,synthetic_complex,Complex Terrain,synthetic,complex_relief,Full Geometry-Aware Hybrid GA,5,1,254.21352552575192,254.21352552575192,0.0,0.0,0.0,96.82777777777778,7.258357366498742,40,0,50.0,39,6.126105674500096,0.0,6.126105674500096,260.33963120025203,2.3531206702017347,49.34550682865781,25.465544752426013,25.191918611642027
segmented_diagnostic,synthetic_complex,Complex Terrain,synthetic,complex_relief,Full Geometry-Aware Hybrid GA,5,1,254.21352552575192,254.21352552575192,0.0,0.0,0.0,96.82777777777778,7.258357366498742,40,0,100.0,39,12.252211349000191,0.0,12.252211349000191,266.4657368747521,4.598043820830572,51.614434856250426,25.191918611642038,24.675332086265218
segmented_diagnostic,synthetic_complex,Complex Terrain,synthetic,complex_relief,Full Geometry-Aware Hybrid GA,6,1,253.89466953185936,253.89466953185936,0.0,0.0,0.0,96.83888888888887,7.164614630419034,40,0,25.0,39,3.063052837250048,0.0,3.063052837250048,256.95772236910943,1.1920454497374846,48.151995408585094,25.69865888044055,25.556832266730456
segmented_diagnostic,synthetic_complex,Complex Terrain,synthetic,complex_relief,Full Geometry-Aware Hybrid GA,6,1,253.89466953185936,253.89466953185936,0.0,0.0,0.0,96.83888888888887,7.164614630419034,40,0,50.0,39,6.126105674500096,0.0,6.126105674500096,260.0207752063595,2.356006234362717,49.28645942238141,25.55683226673045,25.28143483020746
segmented_diagnostic,synthetic_complex,Complex Terrain,synthetic,complex_relief,Full Geometry-Aware Hybrid GA,6,1,253.89466953185936,253.89466953185936,0.0,0.0,0.0,96.83888888888887,7.164614630419034,40,0,100.0,39,12.252211349000191,0.0,12.252211349000191,266.14688088085956,4.6035524851726075,51.55538744997403,25.281434830207473,24.76150422553836
segmented_diagnostic,synthetic_complex,Complex Terrain,synthetic,complex_relief,Full Geometry-Aware Hybrid GA,7,1,254.43716742387988,254.43716742387988,0.0,0.0,0.0,96.83333333333334,7.177219796421664,40,0,25.0,39,3.063052837250048,0.0,3.063052837250048,257.5002202611299,1.1895340649199515,48.25245798118147,25.54179135935568,25.401516748043257
segmented_diagnostic,synthetic_complex,Complex Terrain,synthetic,complex_relief,Full Geometry-Aware Hybrid GA,7,1,254.43716742387988,254.43716742387988,0.0,0.0,0.0,96.83333333333334,7.177219796421664,40,0,50.0,39,6.126105674500096,0.0,6.126105674500096,260.56327309837997,2.351100982749431,49.38692199497779,25.40151674804324,25.129132973558804
segmented_diagnostic,synthetic_complex,Complex Terrain,synthetic,complex_relief,Full Geometry-Aware Hybrid GA,7,1,254.43716742387988,254.43716742387988,0.0,0.0,0.0,96.83333333333334,7.177219796421664,40,0,100.0,39,12.252211349000191,0.0,12.252211349000191,266.6893787728801,4.59418796705605,51.65585002257043,25.12913297355879,24.61489194663501
segmented_diagnostic,synthetic_complex,Complex Terrain,synthetic,complex_relief,Full Geometry-Aware Hybrid GA,8,1,254.3709748624365,254.3709748624365,0.0,0.0,0.0,96.87777777777778,7.143894284648808,40,0,25.0,39,3.063052837250048,0.0,3.063052837250048,257.43402769968657,1.189839923113543,48.24020009943271,25.560931457742438,25.420467479769627
segmented_diagnostic,synthetic_complex,Complex Terrain,synthetic,complex_relief,Full Geometry-Aware Hybrid GA,8,1,254.3709748624365,254.3709748624365,0.0,0.0,0.0,96.87777777777778,7.143894284648808,40,0,50.0,39,6.126105674500096,0.0,6.126105674500096,260.4970805369366,2.3516983997951018,49.374664113229024,25.420467479769627,25.147715995082827
segmented_diagnostic,synthetic_complex,Complex Terrain,synthetic,complex_relief,Full Geometry-Aware Hybrid GA,8,1,254.3709748624365,254.3709748624365,0.0,0.0,0.0,96.87777777777778,7.143894284648808,40,0,100.0,39,12.252211349000191,0.0,12.252211349000191,266.6231862114367,4.595328532036962,51.643592140821646,25.147715995082827,24.632780757674485
segmented_diagnostic,synthetic_complex,Complex Terrain,synthetic,complex_relief,Full Geometry-Aware Hybrid GA,9,1,254.1767276015955,254.1767276015955,0.0,0.0,0.0,96.85555555555555,7.256809983665045,40,0,25.0,39,3.063052837250048,0.0,3.063052837250048,257.23978043884557,1.1907383966914233,48.204228384462155,25.617099576980955,25.476079887697566
segmented_diagnostic,synthetic_complex,Complex Terrain,synthetic,complex_relief,Full Geometry-Aware Hybrid GA,9,1,254.1767276015955,254.1767276015955,0.0,0.0,0.0,96.85555555555555,7.256809983665045,40,0,50.0,39,6.126105674500096,0.0,6.126105674500096,260.3028332760956,2.3534533210410022,49.338692398258466,25.476079887697562,25.20224932859463
segmented_diagnostic,synthetic_complex,Complex Terrain,synthetic,complex_relief,Full Geometry-Aware Hybrid GA,9,1,254.1767276015955,254.1767276015955,0.0,0.0,0.0,96.85555555555555,7.256809983665045,40,0,100.0,39,12.252211349000191,0.0,12.252211349000191,266.4289389505957,4.598678881227739,51.607620425851096,25.20224932859463,24.685276876095436
segmented_diagnostic,synthetic_complex,Complex Terrain,synthetic,complex_relief,Full Geometry-Aware Hybrid GA,10,1,254.19009535184844,254.19009535184844,0.0,0.0,0.0,96.81111111111112,7.18880705505634,40,0,25.0,39,3.063052837250048,0.0,3.063052837250048,257.2531481890985,1.1906765218665063,48.20670389376825,25.613234187132434,25.472252740910918
segmented_diagnostic,synthetic_complex,Complex Terrain,synthetic,complex_relief,Full Geometry-Aware Hybrid GA,10,1,254.19009535184844,254.19009535184844,0.0,0.0,0.0,96.81111111111112,7.18880705505634,40,0,50.0,39,6.126105674500096,0.0,6.126105674500096,260.31620102634855,2.353332466572077,49.34116790756456,25.4722527409109,25.198496441785885
segmented_diagnostic,synthetic_complex,Complex Terrain,synthetic,complex_relief,Full Geometry-Aware Hybrid GA,10,1,254.19009535184844,254.19009535184844,0.0,0.0,0.0,96.81111111111112,7.18880705505634,40,0,100.0,39,12.252211349000191,0.0,12.252211349000191,266.44230670084863,4.598448159644748,51.61009593515719,25.198496441785878,24.68166418679799
segmented_diagnostic,synthetic_complex,Complex Terrain,synthetic,complex_relief,Full Geometry-Aware Hybrid GA,11,1,254.26729921678591,254.26729921678591,0.0,0.0,0.0,96.87222222222222,7.184406546667336,40,0,25.0,39,3.063052837250048,0.0,3.063052837250048,257.330352054036,1.1903192968884009,48.22100090579371,25.59091008396254,25.450149506034258
segmented_diagnostic,synthetic_complex,Complex Terrain,synthetic,complex_relief,Full Geometry-Aware Hybrid GA,11,1,254.26729921678591,254.26729921678591,0.0,0.0,0.0,96.87222222222222,7.184406546667336,40,0,50.0,39,6.126105674500096,0.0,6.126105674500096,260.393404891286,2.352634728616778,49.35546491959002,25.450149506034244,25.176822086653118
segmented_diagnostic,synthetic_complex,Complex Terrain,synthetic,complex_relief,Full Geometry-Aware Hybrid GA,11,1,254.26729921678591,254.26729921678591,0.0,0.0,0.0,96.87222222222222,7.184406546667336,40,0,100.0,39,12.252211349000191,0.0,12.252211349000191,266.5195105657861,4.597116107181177,51.62439294718265,25.17682208665311,24.660799525856227
segmented_diagnostic,synthetic_complex,Complex Terrain,synthetic,complex_relief,Full Geometry-Aware Hybrid GA,12,1,254.02695276035664,254.02695276035664,0.0,0.0,0.0,96.85,7.130568909510201,40,0,25.0,39,3.063052837250048,0.0,3.063052837250048,257.0900055976067,1.1914320940364715,48.17649230275125,25.660408147229063,25.518959975335648
segmented_diagnostic,synthetic_complex,Complex Terrain,synthetic,complex_relief,Full Geometry-Aware Hybrid GA,12,1,254.02695276035664,254.02695276035664,0.0,0.0,0.0,96.85,7.130568909510201,40,0,50.0,39,6.126105674500096,0.0,6.126105674500096,260.15305843485675,2.3548082468667553,49.31095631654757,25.518959975335637,25.244297393177845
segmented_diagnostic,synthetic_complex,Complex Terrain,synthetic,complex_relief,Full Geometry-Aware Hybrid GA,12,1,254.02695276035664,254.02695276035664,0.0,0.0,0.0,96.85,7.130568909510201,40,0,100.0,39,12.252211349000191,0.0,12.252211349000191,266.2791641093568,4.601265513950762,51.57988434414019,25.24429739317785,24.72575414083583
segmented_diagnostic,synthetic_complex,Complex Terrain,synthetic,complex_relief,Full Geometry-Aware Hybrid GA,13,1,254.0715268342336,254.0715268342336,0.0,0.0,0.0,96.83333333333334,7.112604711978355,40,0,25.0,39,3.063052837250048,0.0,3.063052837250048,257.13457967148366,1.191225560235196,48.18474676087662,25.64751920410766,25.506198551731913
segmented_diagnostic,synthetic_complex,Complex Terrain,synthetic,complex_relief,Full Geometry-Aware Hybrid GA,13,1,254.0715268342336,254.0715268342336,0.0,0.0,0.0,96.83333333333334,7.112604711978355,40,0,50.0,39,6.126105674500096,0.0,6.126105674500096,260.1976325087337,2.3544048481280737,49.31921077467293,25.506198551731913,25.23178358564106
segmented_diagnostic,synthetic_complex,Complex Terrain,synthetic,complex_relief,Full Geometry-Aware Hybrid GA,13,1,254.0715268342336,254.0715268342336,0.0,0.0,0.0,96.83333333333334,7.112604711978355,40,0,100.0,39,12.252211349000191,0.0,12.252211349000191,266.3237381832338,4.60049540930164,51.588138802265554,25.231783585641065,24.713707814670823
segmented_diagnostic,synthetic_complex,Complex Terrain,synthetic,complex_relief,Full Geometry-Aware Hybrid GA,14,1,254.0656904704764,254.0656904704764,0.0,0.0,0.0,96.8,7.170139758957924,40,0,25.0,39,3.063052837250048,0.0,3.063052837250048,257.12874330772644,1.1912525989302754,48.18366595277343,25.649206834471233,25.507869485163237
segmented_diagnostic,synthetic_complex,Complex Terrain,synthetic,complex_relief,Full Geometry-Aware Hybrid GA,14,1,254.0656904704764,254.0656904704764,0.0,0.0,0.0,96.8,7.170139758957924,40,0,50.0,39,6.126105674500096,0.0,6.126105674500096,260.1917961449765,2.3544576597975,49.31812996656974,25.507869485163237,25.233422097143826
segmented_diagnostic,synthetic_complex,Complex Terrain,synthetic,complex_relief,Full Geometry-Aware Hybrid GA,14,1,254.0656904704764,254.0656904704764,0.0,0.0,0.0,96.8,7.170139758957924,40,0,100.0,39,12.252211349000191,0.0,12.252211349000191,266.31790181947656,4.6005962292784,51.587057994162365,25.23342209714383,24.71528511589824
segmented_diagnostic,synthetic_complex,Complex Terrain,synthetic,complex_relief,Full Geometry-Aware Hybrid GA,15,1,253.93747253992493,253.93747253992493,0.0,0.0,0.0,96.78888888888888,7.150220325030137,40,0,25.0,39,3.063052837250048,0.0,3.063052837250048,257.000525377175,1.1918469165596837,48.159921891560195,25.686282054891585,25.544577893954347
segmented_diagnostic,synthetic_complex,Complex Terrain,synthetic,complex_relief,Full Geometry-Aware Hybrid GA,15,1,253.93747253992493,253.93747253992493,0.0,0.0,0.0,96.78888888888888,7.150220325030137,40,0,50.0,39,6.126105674500096,0.0,6.126105674500096,260.06357821442504,2.3556184670538753,49.294385905356506,25.544577893954333,25.26941823494615
segmented_diagnostic,synthetic_complex,Complex Terrain,synthetic,complex_relief,Full Geometry-Aware Hybrid GA,15,1,253.93747253992493,253.93747253992493,0.0,0.0,0.0,96.78888888888888,7.150220325030137,40,0,100.0,39,12.252211349000191,0.0,12.252211349000191,266.1896838889251,4.602812239002004,51.563313932949136,25.26941823494615,24.7499365371681
segmented_diagnostic,synthetic_complex,Complex Terrain,synthetic,complex_relief,Full Geometry-Aware Hybrid GA,16,1,254.18437263100196,254.18437263100196,0.0,0.0,0.0,96.78333333333332,7.2172962446455475,40,0,25.0,39,3.063052837250048,0.0,3.063052837250048,257.247425468252,1.190703009631508,48.20564413064853,25.6148889567569,25.473891138717892
segmented_diagnostic,synthetic_complex,Complex Terrain,synthetic,complex_relief,Full Geometry-Aware Hybrid GA,16,1,254.18437263100196,254.18437263100196,0.0,0.0,0.0,96.78333333333332,7.2172962446455475,40,0,50.0,39,6.126105674500096,0.0,6.126105674500096,260.31047830550204,2.3533842027328835,49.34010814444485,25.47389113871788,25.200103048968725
segmented_diagnostic,synthetic_complex,Complex Terrain,synthetic,complex_relief,Full Geometry-Aware Hybrid GA,16,1,254.18437263100196,254.18437263100196,0.0,0.0,0.0,96.78333333333332,7.2172962446455475,40,0,100.0,39,12.252211349000191,0.0,12.252211349000191,266.4365839800022,4.5985469284953,51.60903617203747,25.20010304896872,24.683210775562983
segmented_diagnostic,synthetic_complex,Complex Terrain,synthetic,complex_relief,Full Geometry-Aware Hybrid GA,17,1,253.82151992663327,253.82151992663327,0.0,0.0,0.0,96.84444444444443,7.064497485068287,40,0,25.0,39,3.063052837250048,0.0,3.063052837250048,256.88457276388334,1.1923848926753056,48.138449185395075,25.719810662611387,25.577774779216806
segmented_diagnostic,synthetic_complex,Complex Terrain,synthetic,complex_relief,Full Geometry-Aware Hybrid GA,17,1,253.82151992663327,253.82151992663327,0.0,0.0,0.0,96.84444444444443,7.064497485068287,40,0,50.0,39,6.126105674500096,0.0,6.126105674500096,259.9476256011334,2.3566692176292703,49.272913199191386,25.577774779216796,25.301970985007188
segmented_diagnostic,synthetic_complex,Complex Terrain,synthetic,complex_relief,Full Geometry-Aware Hybrid GA,17,1,253.82151992663327,253.82151992663327,0.0,0.0,0.0,96.84444444444443,7.064497485068287,40,0,100.0,39,12.252211349000191,0.0,12.252211349000191,266.07373127563346,4.604818104462845,51.54184122678401,25.301970985007188,24.781273206175563
segmented_diagnostic,synthetic_complex,Complex Terrain,synthetic,complex_relief,Full Geometry-Aware Hybrid GA,18,1,253.85086626927256,253.85086626927256,0.0,0.0,0.0,96.80555555555556,7.075188686800435,40,0,25.0,39,3.063052837250048,0.0,3.063052837250048,256.9139191065226,1.1922486908854608,48.14388369329124,25.711324937430813,25.569373009374686
segmented_diagnostic,synthetic_complex,Complex Terrain,synthetic,complex_relief,Full Geometry-Aware Hybrid GA,18,1,253.85086626927256,253.85086626927256,0.0,0.0,0.0,96.80555555555556,7.075188686800435,40,0,50.0,39,6.126105674500096,0.0,6.126105674500096,259.97697194377264,2.3564031955203473,49.27834770708755,25.56937300937468,25.293732238764022
segmented_diagnostic,synthetic_complex,Complex Terrain,synthetic,complex_relief,Full Geometry-Aware Hybrid GA,18,1,253.85086626927256,253.85086626927256,0.0,0.0,0.0,96.80555555555556,7.075188686800435,40,0,100.0,39,12.252211349000191,0.0,12.252211349000191,266.1030776182728,4.604310276552343,51.54727573468018,25.29373223876401,24.7733422367928
segmented_diagnostic,synthetic_complex,Complex Terrain,synthetic,complex_relief,Full Geometry-Aware Hybrid GA,19,1,254.3673793101404,254.3673793101404,0.0,0.0,0.0,96.8,7.186504875253653,40,0,25.0,39,3.063052837250048,0.0,3.063052837250048,257.43043214739043,1.1898565417068923,48.2395342564149,25.56197113989405,25.42149687560335
segmented_diagnostic,synthetic_complex,Complex Terrain,synthetic,complex_relief,Full Geometry-Aware Hybrid GA,19,1,254.3673793101404,254.3673793101404,0.0,0.0,0.0,96.8,7.186504875253653,40,0,50.0,39,6.126105674500096,0.0,6.126105674500096,260.4934849846405,2.3517308599335256,49.37399827021122,25.42149687560333,25.1487254170519
segmented_diagnostic,synthetic_complex,Complex Terrain,synthetic,complex_relief,Full Geometry-Aware Hybrid GA,19,1,254.3673793101404,254.3673793101404,0.0,0.0,0.0,96.8,7.186504875253653,40,0,100.0,39,12.252211349000191,0.0,12.252211349000191,266.6195906591406,4.59539050326726,51.642926297803854,25.148725417051875,24.63375247041991
segmented_diagnostic,synthetic_complex,Complex Terrain,synthetic,complex_relief,Full Geometry-Aware Hybrid GA,20,1,254.19200900851249,254.19200900851249,0.0,0.0,0.0,96.9,7.14601519007153,40,0,25.0,39,3.063052837250048,0.0,3.063052837250048,257.25506184576255,1.1906676647188785,48.20705827463197,25.61268083829641,25.471704866750034
segmented_diagnostic,synthetic_complex,Complex Terrain,synthetic,complex_relief,Full Geometry-Aware Hybrid GA,20,1,254.19200900851249,254.19200900851249,0.0,0.0,0.0,96.9,7.14601519007153,40,0,50.0,39,6.126105674500096,0.0,6.126105674500096,260.3181146830126,2.3533151666989474,49.34152228842828,25.471704866750027,25.197959198292015
segmented_diagnostic,synthetic_complex,Complex Terrain,synthetic,complex_relief,Full Geometry-Aware Hybrid GA,20,1,254.19200900851249,254.19200900851249,0.0,0.0,0.0,96.9,7.14601519007153,40,0,100.0,39,12.252211349000191,0.0,12.252211349000191,266.4442203575127,4.5984151326533835,51.6104503160209,25.197959198292015,24.681147013240857
segmented_diagnostic,synthetic_complex,Complex Terrain,synthetic,complex_relief,Full Geometry-Aware Hybrid GA,21,1,254.0704812669889,254.0704812669889,0.0,0.0,0.0,96.88888888888889,7.1700832078651855,40,0,25.0,39,3.063052837250048,0.0,3.063052837250048,257.13353410423895,1.1912304040469188,48.184553137312776,25.647821538078393,25.5064978944968
segmented_diagnostic,synthetic_complex,Complex Terrain,synthetic,complex_relief,Full Geometry-Aware Hybrid GA,21,1,254.0704812669889,254.0704812669889,0.0,0.0,0.0,96.88888888888889,7.1700832078651855,40,0,50.0,39,6.126105674500096,0.0,6.126105674500096,260.196586941489,2.3544143090077068,49.31901715110909,25.506497894496782,25.232077120113672
segmented_diagnostic,synthetic_complex,Complex Terrain,synthetic,complex_relief,Full Geometry-Aware Hybrid GA,21,1,254.0704812669889,254.0704812669889,0.0,0.0,0.0,96.88888888888889,7.1700832078651855,40,0,100.0,39,12.252211349000191,0.0,12.252211349000191,266.3226926159891,4.600513470576336,51.58794517870172,25.23207712011365,24.71399038350426
segmented_diagnostic,synthetic_complex,Complex Terrain,synthetic,complex_relief,Full Geometry-Aware Hybrid GA,22,1,253.77841703513977,253.77841703513977,0.0,0.0,0.0,96.75555555555556,7.219534140182707,40,0,25.0,39,3.063052837250048,0.0,3.063052837250048,256.84146987238984,1.1925849975753164,48.13046716845184,25.73227420180597,25.590115007718516
segmented_diagnostic,synthetic_complex,Complex Terrain,synthetic,complex_relief,Full Geometry-Aware Hybrid GA,22,1,253.77841703513977,253.77841703513977,0.0,0.0,0.0,96.75555555555556,7.219534140182707,40,0,50.0,39,6.126105674500096,0.0,6.126105674500096,259.9045227096399,2.357060050603297,49.26493118224815,25.590115007718513,25.314071770093992
segmented_diagnostic,synthetic_complex,Complex Terrain,synthetic,complex_relief,Full Geometry-Aware Hybrid GA,22,1,253.77841703513977,253.77841703513977,0.0,0.0,0.0,96.75555555555556,7.219534140182707,40,0,100.0,39,12.252211349000191,0.0,12.252211349000191,266.03062838413996,4.6055641876349585,51.53385920984077,25.314071770094,24.792921939271366
segmented_diagnostic,synthetic_complex,Complex Terrain,synthetic,complex_relief,Full Geometry-Aware Hybrid GA,23,1,254.014596456539,254.014596456539,0.0,0.0,0.0,96.82777777777778,7.133212561262309,40,0,25.0,39,3.063052837250048,0.0,3.063052837250048,257.0776492937891,1.191489359601846,48.174204098340574,25.663981069406557,25.522497548042793
segmented_diagnostic,synthetic_complex,Complex Terrain,synthetic,complex_relief,Full Geometry-Aware Hybrid GA,23,1,254.014596456539,254.014596456539,0.0,0.0,0.0,96.82777777777778,7.133212561262309,40,0,50.0,39,6.126105674500096,0.0,6.126105674500096,260.1407021310391,2.354920096822922,49.30866811213689,25.52249754804277,25.247766324652833
segmented_diagnostic,synthetic_complex,Complex Terrain,synthetic,complex_relief,Full Geometry-Aware Hybrid GA,23,1,254.014596456539,254.014596456539,0.0,0.0,0.0,96.82777777777778,7.133212561262309,40,0,100.0,39,12.252211349000191,0.0,12.252211349000191,266.2668078055392,4.601479039005215,51.57759613972952,25.247766324652826,24.72909348258843
segmented_diagnostic,synthetic_complex,Complex Terrain,synthetic,complex_relief,Full Geometry-Aware Hybrid GA,24,1,254.1505821382982,254.1505821382982,0.0,0.0,0.0,96.85,7.217479508344632,40,0,25.0,39,3.063052837250048,0.0,3.063052837250048,257.21363497554825,1.1908594338481449,48.19938663199969,25.624659742790616,25.483565255388523
segmented_diagnostic,synthetic_complex,Complex Terrain,synthetic,complex_relief,Full Geometry-Aware Hybrid GA,24,1,254.1505821382982,254.1505821382982,0.0,0.0,0.0,96.85,7.217479508344632,40,0,50.0,39,6.126105674500096,0.0,6.126105674500096,260.2766878127983,2.353689731485381,49.333850645796,25.48356525538852,25.209589454080263
segmented_diagnostic,synthetic_complex,Complex Terrain,synthetic,complex_relief,Full Geometry-Aware Hybrid GA,24,1,254.1505821382982,254.1505821382982,0.0,0.0,0.0,96.85,7.217479508344632,40,0,100.0,39,12.252211349000191,0.0,12.252211349000191,266.40279348729837,4.599130207538291,51.60277867338862,25.209589454080263,24.692342794716307
segmented_diagnostic,synthetic_complex,Complex Terrain,synthetic,complex_relief,Full Geometry-Aware Hybrid GA,25,1,254.5876409802319,254.5876409802319,0.0,0.0,0.0,96.87777777777778,7.230109637863301,40,0,25.0,39,3.063052837250048,0.0,3.063052837250048,257.65069381748197,1.188839351397165,48.28032345458,25.498280750151554,25.358436620364817
segmented_diagnostic,synthetic_complex,Complex Terrain,synthetic,complex_relief,Full Geometry-Aware Hybrid GA,25,1,254.5876409802319,254.5876409802319,0.0,0.0,0.0,96.87777777777778,7.230109637863301,40,0,50.0,39,6.126105674500096,0.0,6.126105674500096,260.713746654732,2.3497440212130467,49.41478746837632,25.3584366203648,25.086888750408754
segmented_diagnostic,synthetic_complex,Complex Terrain,synthetic,complex_relief,Full Geometry-Aware Hybrid GA,25,1,254.5876409802319,254.5876409802319,0.0,0.0,0.0,96.87777777777778,7.230109637863301,40,0,100.0,39,12.252211349000191,0.0,12.252211349000191,266.8398523292321,4.591597260323462,51.68371549596895,25.086888750408754,24.57422585127141
segmented_diagnostic,synthetic_complex,Complex Terrain,synthetic,complex_relief,Full Geometry-Aware Hybrid GA,26,1,254.1403356175347,254.1403356175347,0.0,0.0,0.0,96.9,7.150215970517375,40,0,25.0,39,3.063052837250048,0.0,3.063052837250048,257.2033884547848,1.1909068755478387,48.1974891281546,25.627622604647875,25.48649880353779
segmented_diagnostic,synthetic_complex,Complex Terrain,synthetic,complex_relief,Full Geometry-Aware Hybrid GA,26,1,254.1403356175347,254.1403356175347,0.0,0.0,0.0,96.9,7.150215970517375,40,0,50.0,39,6.126105674500096,0.0,6.126105674500096,260.2664412920348,2.353782394721504,49.33195314195091,25.48649880353778,25.21246608117766
segmented_diagnostic,synthetic_complex,Complex Terrain,synthetic,complex_relief,Full Geometry-Aware Hybrid GA,26,1,254.1403356175347,254.1403356175347,0.0,0.0,0.0,96.9,7.150215970517375,40,0,100.0,39,12.252211349000191,0.0,12.252211349000191,266.3925469665349,4.59930710844525,51.600881169543534,25.21246608117766,24.695111958950967
segmented_diagnostic,synthetic_complex,Complex Terrain,synthetic,complex_relief,Full Geometry-Aware Hybrid GA,27,1,254.3078964397326,254.3078964397326,0.0,0.0,0.0,96.82222222222222,7.154576508508706,40,0,25.0,39,3.063052837250048,0.0,3.063052837250048,257.3709492769826,1.19013153809896,48.22851891004309,25.57917107848392,25.438526642919086
segmented_diagnostic,synthetic_complex,Complex Terrain,synthetic,complex_relief,Full Geometry-Aware Hybrid GA,27,1,254.3078964397326,254.3078964397326,0.0,0.0,0.0,96.82222222222222,7.154576508508706,40,0,50.0,39,6.126105674500096,0.0,6.126105674500096,260.43400211423267,2.352267992953177,49.362982923839404,25.43852664291908,25.165424747565712
segmented_diagnostic,synthetic_complex,Complex Terrain,synthetic,complex_relief,Full Geometry-Aware Hybrid GA,27,1,254.3078964397326,254.3078964397326,0.0,0.0,0.0,96.82222222222222,7.154576508508706,40,0,100.0,39,12.252211349000191,0.0,12.252211349000191,266.5601077887328,4.596415964353867,51.63191095143203,25.1654247475657,24.64982795995541
segmented_diagnostic,synthetic_complex,Complex Terrain,synthetic,complex_relief,Full Geometry-Aware Hybrid GA,28,1,253.87943564917947,253.87943564917947,0.0,0.0,0.0,96.89444444444445,7.0579624365977605,40,0,25.0,39,3.063052837250048,0.0,3.063052837250048,256.9424884864295,1.1921161250105288,48.14917431919992,25.703063877119153,25.561193681631515
segmented_diagnostic,synthetic_complex,Complex Terrain,synthetic,complex_relief,Full Geometry-Aware Hybrid GA,28,1,253.87943564917947,253.87943564917947,0.0,0.0,0.0,96.89444444444445,7.0579624365977605,40,0,50.0,39,6.126105674500096,0.0,6.126105674500096,260.00554132367955,2.3561442741998095,49.28363833299624,25.56119368163151,25.285711618468298
segmented_diagnostic,synthetic_complex,Complex Terrain,synthetic,complex_relief,Full Geometry-Aware Hybrid GA,28,1,253.87943564917947,253.87943564917947,0.0,0.0,0.0,96.89444444444445,7.0579624365977605,40,0,100.0,39,12.252211349000191,0.0,12.252211349000191,266.1316469981797,4.603816001290517,51.55256636058887,25.285711618468294,24.76562124477307
segmented_diagnostic,synthetic_complex,Complex Terrain,synthetic,complex_relief,Full Geometry-Aware Hybrid GA,29,1,254.49489178664749,254.49489178664749,0.0,0.0,0.0,96.87222222222222,7.164988273680624,40,0,25.0,39,3.063052837250048,0.0,3.063052837250048,257.5579446238975,1.1892674643459016,48.2631476779903,25.525099907044535,25.384990436188374
segmented_diagnostic,synthetic_complex,Complex Terrain,synthetic,complex_relief,Full Geometry-Aware Hybrid GA,29,1,254.49489178664749,254.49489178664749,0.0,0.0,0.0,96.87222222222222,7.164988273680624,40,0,50.0,39,6.126105674500096,0.0,6.126105674500096,260.62099746114757,2.3505802426427107,49.397611691786615,25.38499043618837,25.112927329716335
segmented_diagnostic,synthetic_complex,Complex Terrain,synthetic,complex_relief,Full Geometry-Aware Hybrid GA,29,1,254.49489178664749,254.49489178664749,0.0,0.0,0.0,96.87222222222222,7.164988273680624,40,0,100.0,39,12.252211349000191,0.0,12.252211349000191,266.74710313564765,4.593193779791352,51.66653971937923,25.112927329716346,24.599291700997057
segmented_diagnostic,synthetic_complex,Complex Terrain,synthetic,complex_relief,Coverage-Preserving Segmented Hybrid,0,4,265.3380185434049,242.7474994004861,22.224,0.3665191429188091,100.0,97.08888888888887,1.3765398925157497,100,1,25.0,96,7.5398223686155035,0.09162978572970229,7.631452154345205,272.6029515548313,2.799475248091808,51.8952599461438,21.174718132895407,19.76973107860815
segmented_diagnostic,synthetic_complex,Complex Terrain,synthetic,complex_relief,Coverage-Preserving Segmented Hybrid,0,4,265.3380185434049,242.7474994004861,22.224,0.3665191429188091,100.0,97.08888888888887,1.3765398925157497,100,1,50.0,96,15.079644737231007,0.18325957145940458,15.26290430869041,280.2344037091765,5.4464777010498855,54.721723707012394,19.769731078608146,17.041541897630015
segmented_diagnostic,synthetic_complex,Complex Terrain,synthetic,complex_relief,Coverage-Preserving Segmented Hybrid,0,4,265.3380185434049,242.7474994004861,22.224,0.3665191429188091,100.0,97.08888888888887,1.3765398925157497,100,1,100.0,96,30.159289474462014,0.36651914291880916,30.52580861738082,295.49730801786694,10.330316990750761,60.374651228749585,17.04154189763,11.890916429119777
segmented_diagnostic,synthetic_complex,Complex Terrain,synthetic,complex_relief,Transition-Aware Segmented Hybrid,0,4,265.3380185434049,242.7474994004861,22.224,0.3665191429188091,100.0,97.08888888888887,1.3765398925157497,100,1,25.0,96,7.5398223686155035,0.09162978572970229,7.631452154345205,272.6029515548313,2.799475248091808,51.8952599461438,21.174718132895407,19.76973107860815
segmented_diagnostic,synthetic_complex,Complex Terrain,synthetic,complex_relief,Transition-Aware Segmented Hybrid,0,4,265.3380185434049,242.7474994004861,22.224,0.3665191429188091,100.0,97.08888888888887,1.3765398925157497,100,1,50.0,96,15.079644737231007,0.18325957145940458,15.26290430869041,280.2344037091765,5.4464777010498855,54.721723707012394,19.769731078608146,17.041541897630015
segmented_diagnostic,synthetic_complex,Complex Terrain,synthetic,complex_relief,Transition-Aware Segmented Hybrid,0,4,265.3380185434049,242.7474994004861,22.224,0.3665191429188091,100.0,97.08888888888887,1.3765398925157497,100,1,100.0,96,30.159289474462014,0.36651914291880916,30.52580861738082,295.49730801786694,10.330316990750761,60.374651228749585,17.04154189763,11.890916429119777
segmented_diagnostic,synthetic_complex,Complex Terrain,synthetic,complex_relief,Coverage-Preserving Segmented Hybrid,1,4,265.3395607843999,242.74904164148109,22.224,0.3665191429188091,100.0,97.25,1.3947562796097284,100,1,25.0,96,7.5398223686155035,0.09162978572970229,7.631452154345205,272.6044937958263,2.7994594102549777,51.89554554632805,21.17427218181365,19.769289539638887
segmented_diagnostic,synthetic_complex,Complex Terrain,synthetic,complex_relief,Coverage-Preserving Segmented Hybrid,1,4,265.3395607843999,242.74904164148109,22.224,0.3665191429188091,100.0,97.25,1.3947562796097284,100,1,50.0,96,15.079644737231007,0.18325957145940458,15.26290430869041,280.2359459501715,5.446447727089334,54.72200930719665,19.769289539638855,17.041108926054658
segmented_diagnostic,synthetic_complex,Complex Terrain,synthetic,complex_relief,Coverage-Preserving Segmented Hybrid,1,4,265.3395607843999,242.74904164148109,22.224,0.3665191429188091,100.0,97.25,1.3947562796097284,100,1,100.0,96,30.159289474462014,0.36651914291880916,30.52580861738082,295.4988502588619,10.33026307569038,60.374936828933826,17.041108926054648,11.890499632169583
segmented_diagnostic,synthetic_complex,Complex Terrain,synthetic,complex_relief,Transition-Aware Segmented Hybrid,1,4,265.3395607843999,242.74904164148109,22.224,0.3665191429188091,100.0,97.25,1.3947562796097284,100,1,25.0,96,7.5398223686155035,0.09162978572970229,7.631452154345205,272.6044937958263,2.7994594102549777,51.89554554632805,21.17427218181365,19.769289539638887
segmented_diagnostic,synthetic_complex,Complex Terrain,synthetic,complex_relief,Transition-Aware Segmented Hybrid,1,4,265.3395607843999,242.74904164148109,22.224,0.3665191429188091,100.0,97.25,1.3947562796097284,100,1,50.0,96,15.079644737231007,0.18325957145940458,15.26290430869041,280.2359459501715,5.446447727089334,54.72200930719665,19.769289539638855,17.041108926054658
segmented_diagnostic,synthetic_complex,Complex Terrain,synthetic,complex_relief,Transition-Aware Segmented Hybrid,1,4,265.3395607843999,242.74904164148109,22.224,0.3665191429188091,100.0,97.25,1.3947562796097284,100,1,100.0,96,30.159289474462014,0.36651914291880916,30.52580861738082,295.4988502588619,10.33026307569038,60.374936828933826,17.041108926054648,11.890499632169583
segmented_diagnostic,synthetic_complex,Complex Terrain,synthetic,complex_relief,Coverage-Preserving Segmented Hybrid,2,4,265.3380185434049,242.7474994004861,22.224,0.3665191429188091,100.0,97.08888888888887,1.3765398925157497,100,1,25.0,96,7.5398223686155035,0.09162978572970229,7.631452154345205,272.6029515548313,2.799475248091808,51.8952599461438,21.174718132895407,19.76973107860815
segmented_diagnostic,synthetic_complex,Complex Terrain,synthetic,complex_relief,Coverage-Preserving Segmented Hybrid,2,4,265.3380185434049,242.7474994004861,22.224,0.3665191429188091,100.0,97.08888888888887,1.3765398925157497,100,1,50.0,96,15.079644737231007,0.18325957145940458,15.26290430869041,280.2344037091765,5.4464777010498855,54.721723707012394,19.769731078608146,17.041541897630015
segmented_diagnostic,synthetic_complex,Complex Terrain,synthetic,complex_relief,Coverage-Preserving Segmented Hybrid,2,4,265.3380185434049,242.7474994004861,22.224,0.3665191429188091,100.0,97.08888888888887,1.3765398925157497,100,1,100.0,96,30.159289474462014,0.36651914291880916,30.52580861738082,295.49730801786694,10.330316990750761,60.374651228749585,17.04154189763,11.890916429119777
segmented_diagnostic,synthetic_complex,Complex Terrain,synthetic,complex_relief,Transition-Aware Segmented Hybrid,2,4,265.3380185434049,242.7474994004861,22.224,0.3665191429188091,100.0,97.08888888888887,1.3765398925157497,100,1,25.0,96,7.5398223686155035,0.09162978572970229,7.631452154345205,272.6029515548313,2.799475248091808,51.8952599461438,21.174718132895407,19.76973107860815
segmented_diagnostic,synthetic_complex,Complex Terrain,synthetic,complex_relief,Transition-Aware Segmented Hybrid,2,4,265.3380185434049,242.7474994004861,22.224,0.3665191429188091,100.0,97.08888888888887,1.3765398925157497,100,1,50.0,96,15.079644737231007,0.18325957145940458,15.26290430869041,280.2344037091765,5.4464777010498855,54.721723707012394,19.769731078608146,17.041541897630015
segmented_diagnostic,synthetic_complex,Complex Terrain,synthetic,complex_relief,Transition-Aware Segmented Hybrid,2,4,265.3380185434049,242.7474994004861,22.224,0.3665191429188091,100.0,97.08888888888887,1.3765398925157497,100,1,100.0,96,30.159289474462014,0.36651914291880916,30.52580861738082,295.49730801786694,10.330316990750761,60.374651228749585,17.04154189763,11.890916429119777
segmented_diagnostic,synthetic_complex,Complex Terrain,synthetic,complex_relief,Coverage-Preserving Segmented Hybrid,3,4,265.4067130361567,242.81619389323788,22.224,0.3665191429188091,100.0,97.2,1.4047935863847718,100,1,25.0,96,7.5398223686155035,0.09162978572970229,7.631452154345205,272.67164604758307,2.7987699729562143,51.907981148505236,21.154854581444507,19.750064051455375
segmented_diagnostic,synthetic_complex,Complex Terrain,synthetic,complex_relief,Coverage-Preserving Segmented Hybrid,3,4,265.4067130361567,242.81619389323788,22.224,0.3665191429188091,100.0,97.2,1.4047935863847718,100,1,50.0,96,15.079644737231007,0.18325957145940458,15.26290430869041,280.30309820192826,5.4451429208588795,54.73444490937383,19.75006405145536,17.02225647930578
segmented_diagnostic,synthetic_complex,Complex Terrain,synthetic,complex_relief,Coverage-Preserving Segmented Hybrid,3,4,265.4067130361567,242.81619389323788,22.224,0.3665191429188091,100.0,97.2,1.4047935863847718,100,1,100.0,96,30.159289474462014,0.36651914291880916,30.52580861738082,295.5660025106187,10.327916051943129,60.38737243111101,17.02225647930576,11.872351460889346
segmented_diagnostic,synthetic_complex,Complex Terrain,synthetic,complex_relief,Transition-Aware Segmented Hybrid,3,4,265.4067130361567,242.81619389323788,22.224,0.3665191429188091,100.0,97.2,1.4047935863847718,100,1,25.0,96,7.5398223686155035,0.09162978572970229,7.631452154345205,272.67164604758307,2.7987699729562143,51.907981148505236,21.154854581444507,19.750064051455375
segmented_diagnostic,synthetic_complex,Complex Terrain,synthetic,complex_relief,Transition-Aware Segmented Hybrid,3,4,265.4067130361567,242.81619389323788,22.224,0.3665191429188091,100.0,97.2,1.4047935863847718,100,1,50.0,96,15.079644737231007,0.18325957145940458,15.26290430869041,280.30309820192826,5.4451429208588795,54.73444490937383,19.75006405145536,17.02225647930578
segmented_diagnostic,synthetic_complex,Complex Terrain,synthetic,complex_relief,Transition-Aware Segmented Hybrid,3,4,265.4067130361567,242.81619389323788,22.224,0.3665191429188091,100.0,97.2,1.4047935863847718,100,1,100.0,96,30.159289474462014,0.36651914291880916,30.52580861738082,295.5660025106187,10.327916051943129,60.38737243111101,17.02225647930576,11.872351460889346
segmented_diagnostic,synthetic_complex,Complex Terrain,synthetic,complex_relief,Coverage-Preserving Segmented Hybrid,4,4,265.3184929825603,242.7279738396415,22.224,0.3665191429188091,100.0,97.31111111111112,1.404137298642118,100,1,25.0,96,7.5398223686155035,0.09162978572970229,7.631452154345205,272.5834259939867,2.799675778715012,51.89164410154295,21.180364101981255,19.775321188090313
segmented_diagnostic,synthetic_complex,Complex Terrain,synthetic,complex_relief,Coverage-Preserving Segmented Hybrid,4,4,265.3184929825603,242.7279738396415,22.224,0.3665191429188091,100.0,97.31111111111112,1.404137298642118,100,1,50.0,96,15.079644737231007,0.18325957145940458,15.26290430869041,280.2148781483319,5.44685721527284,54.718107862411536,19.775321188090313,17.047023539517447
segmented_diagnostic,synthetic_complex,Complex Terrain,synthetic,complex_relief,Coverage-Preserving Segmented Hybrid,4,4,265.3184929825603,242.7279738396415,22.224,0.3665191429188091,100.0,97.31111111111112,1.404137298642118,100,1,100.0,96,30.159289474462014,0.36651914291880916,30.52580861738082,295.47778245702233,10.330999631696791,60.371035384148726,17.04702353951743,11.896193291969208
segmented_diagnostic,synthetic_complex,Complex Terrain,synthetic,complex_relief,Transition-Aware Segmented Hybrid,4,4,265.3184929825603,242.7279738396415,22.224,0.3665191429188091,100.0,97.31111111111112,1.404137298642118,100,1,25.0,96,7.5398223686155035,0.09162978572970229,7.631452154345205,272.5834259939867,2.799675778715012,51.89164410154295,21.180364101981255,19.775321188090313
segmented_diagnostic,synthetic_complex,Complex Terrain,synthetic,complex_relief,Transition-Aware Segmented Hybrid,4,4,265.3184929825603,242.7279738396415,22.224,0.3665191429188091,100.0,97.31111111111112,1.404137298642118,100,1,50.0,96,15.079644737231007,0.18325957145940458,15.26290430869041,280.2148781483319,5.44685721527284,54.718107862411536,19.775321188090313,17.047023539517447
segmented_diagnostic,synthetic_complex,Complex Terrain,synthetic,complex_relief,Transition-Aware Segmented Hybrid,4,4,265.3184929825603,242.7279738396415,22.224,0.3665191429188091,100.0,97.31111111111112,1.404137298642118,100,1,100.0,96,30.159289474462014,0.36651914291880916,30.52580861738082,295.47778245702233,10.330999631696791,60.371035384148726,17.04702353951743,11.896193291969208
segmented_diagnostic,synthetic_complex,Complex Terrain,synthetic,complex_relief,Coverage-Preserving Segmented Hybrid,5,4,265.3380185434049,242.7474994004861,22.224,0.3665191429188091,100.0,97.08888888888887,1.3765398925157497,100,1,25.0,96,7.5398223686155035,0.09162978572970229,7.631452154345205,272.6029515548313,2.799475248091808,51.8952599461438,21.174718132895407,19.76973107860815
segmented_diagnostic,synthetic_complex,Complex Terrain,synthetic,complex_relief,Coverage-Preserving Segmented Hybrid,5,4,265.3380185434049,242.7474994004861,22.224,0.3665191429188091,100.0,97.08888888888887,1.3765398925157497,100,1,50.0,96,15.079644737231007,0.18325957145940458,15.26290430869041,280.2344037091765,5.4464777010498855,54.721723707012394,19.769731078608146,17.041541897630015
segmented_diagnostic,synthetic_complex,Complex Terrain,synthetic,complex_relief,Coverage-Preserving Segmented Hybrid,5,4,265.3380185434049,242.7474994004861,22.224,0.3665191429188091,100.0,97.08888888888887,1.3765398925157497,100,1,100.0,96,30.159289474462014,0.36651914291880916,30.52580861738082,295.49730801786694,10.330316990750761,60.374651228749585,17.04154189763,11.890916429119777
segmented_diagnostic,synthetic_complex,Complex Terrain,synthetic,complex_relief,Transition-Aware Segmented Hybrid,5,4,265.3380185434049,242.7474994004861,22.224,0.3665191429188091,100.0,97.08888888888887,1.3765398925157497,100,1,25.0,96,7.5398223686155035,0.09162978572970229,7.631452154345205,272.6029515548313,2.799475248091808,51.8952599461438,21.174718132895407,19.76973107860815
segmented_diagnostic,synthetic_complex,Complex Terrain,synthetic,complex_relief,Transition-Aware Segmented Hybrid,5,4,265.3380185434049,242.7474994004861,22.224,0.3665191429188091,100.0,97.08888888888887,1.3765398925157497,100,1,50.0,96,15.079644737231007,0.18325957145940458,15.26290430869041,280.2344037091765,5.4464777010498855,54.721723707012394,19.769731078608146,17.041541897630015
segmented_diagnostic,synthetic_complex,Complex Terrain,synthetic,complex_relief,Transition-Aware Segmented Hybrid,5,4,265.3380185434049,242.7474994004861,22.224,0.3665191429188091,100.0,97.08888888888887,1.3765398925157497,100,1,100.0,96,30.159289474462014,0.36651914291880916,30.52580861738082,295.49730801786694,10.330316990750761,60.374651228749585,17.04154189763,11.890916429119777
segmented_diagnostic,synthetic_complex,Complex Terrain,synthetic,complex_relief,Coverage-Preserving Segmented Hybrid,6,4,265.38439164062765,242.79387249770883,22.224,0.3665191429188091,100.0,97.15555555555557,1.3897112888266678,100,1,25.0,96,7.5398223686155035,0.09162978572970229,7.631452154345205,272.649324652054,2.7989991040998214,51.9038475567406,21.161308988061194,19.756454600018618
segmented_diagnostic,synthetic_complex,Complex Terrain,synthetic,complex_relief,Coverage-Preserving Segmented Hybrid,6,4,265.38439164062765,242.79387249770883,22.224,0.3665191429188091,100.0,97.15555555555557,1.3897112888266678,100,1,50.0,96,15.079644737231007,0.18325957145940458,15.26290430869041,280.2807768063992,5.445576568825157,54.73031131760919,19.756454600018607,17.02852302896812
segmented_diagnostic,synthetic_complex,Complex Terrain,synthetic,complex_relief,Coverage-Preserving Segmented Hybrid,6,4,265.38439164062765,242.79387249770883,22.224,0.3665191429188091,100.0,97.15555555555557,1.3897112888266678,100,1,100.0,96,30.159289474462014,0.36651914291880916,30.52580861738082,295.54368111508967,10.328696083843376,60.38323883934638,17.028523028968102,11.878383909521764
segmented_diagnostic,synthetic_complex,Complex Terrain,synthetic,complex_relief,Transition-Aware Segmented Hybrid,6,4,265.38439164062765,242.79387249770883,22.224,0.3665191429188091,100.0,97.15555555555557,1.3897112888266678,100,1,25.0,96,7.5398223686155035,0.09162978572970229,7.631452154345205,272.649324652054,2.7989991040998214,51.9038475567406,21.161308988061194,19.756454600018618
segmented_diagnostic,synthetic_complex,Complex Terrain,synthetic,complex_relief,Transition-Aware Segmented Hybrid,6,4,265.38439164062765,242.79387249770883,22.224,0.3665191429188091,100.0,97.15555555555557,1.3897112888266678,100,1,50.0,96,15.079644737231007,0.18325957145940458,15.26290430869041,280.2807768063992,5.445576568825157,54.73031131760919,19.756454600018607,17.02852302896812
segmented_diagnostic,synthetic_complex,Complex Terrain,synthetic,complex_relief,Transition-Aware Segmented Hybrid,6,4,265.38439164062765,242.79387249770883,22.224,0.3665191429188091,100.0,97.15555555555557,1.3897112888266678,100,1,100.0,96,30.159289474462014,0.36651914291880916,30.52580861738082,295.54368111508967,10.328696083843376,60.38323883934638,17.028523028968102,11.878383909521764
segmented_diagnostic,synthetic_complex,Complex Terrain,synthetic,complex_relief,Coverage-Preserving Segmented Hybrid,7,4,265.27093177123083,242.680412628312,22.224,0.3665191429188091,100.0,97.22222222222224,1.3807806592897542,100,1,25.0,96,7.5398223686155035,0.09162978572970229,7.631452154345205,272.5358647826572,2.8001643601773885,51.88283646981527,21.194116799329556,19.788937820183612
segmented_diagnostic,synthetic_complex,Complex Terrain,synthetic,complex_relief,Coverage-Preserving Segmented Hybrid,7,4,265.27093177123083,242.680412628312,22.224,0.3665191429188091,100.0,97.22222222222224,1.3807806592897542,100,1,50.0,96,15.079644737231007,0.18325957145940458,15.26290430869041,280.1673169370024,5.447781873901581,54.70930023068386,19.78893782018361,17.06037596152034
segmented_diagnostic,synthetic_complex,Complex Terrain,synthetic,complex_relief,Coverage-Preserving Segmented Hybrid,7,4,265.27093177123083,242.680412628312,22.224,0.3665191429188091,100.0,97.22222222222224,1.3807806592897542,100,1,100.0,96,30.159289474462014,0.36651914291880916,30.52580861738082,295.43022124569285,10.332662815830954,60.362227752421056,17.06037596152033,11.909046904274389
segmented_diagnostic,synthetic_complex,Complex Terrain,synthetic,complex_relief,Transition-Aware Segmented Hybrid,7,4,265.27093177123083,242.680412628312,22.224,0.3665191429188091,100.0,97.22222222222224,1.3807806592897542,100,1,25.0,96,7.5398223686155035,0.09162978572970229,7.631452154345205,272.5358647826572,2.8001643601773885,51.88283646981527,21.194116799329556,19.788937820183612
segmented_diagnostic,synthetic_complex,Complex Terrain,synthetic,complex_relief,Transition-Aware Segmented Hybrid,7,4,265.27093177123083,242.680412628312,22.224,0.3665191429188091,100.0,97.22222222222224,1.3807806592897542,100,1,50.0,96,15.079644737231007,0.18325957145940458,15.26290430869041,280.1673169370024,5.447781873901581,54.70930023068386,19.78893782018361,17.06037596152034
segmented_diagnostic,synthetic_complex,Complex Terrain,synthetic,complex_relief,Transition-Aware Segmented Hybrid,7,4,265.27093177123083,242.680412628312,22.224,0.3665191429188091,100.0,97.22222222222224,1.3807806592897542,100,1,100.0,96,30.159289474462014,0.36651914291880916,30.52580861738082,295.43022124569285,10.332662815830954,60.362227752421056,17.06037596152033,11.909046904274389
segmented_diagnostic,synthetic_complex,Complex Terrain,synthetic,complex_relief,Coverage-Preserving Segmented Hybrid,8,4,265.2478520673307,242.6573329244119,22.224,0.3665191429188091,100.0,97.13333333333334,1.3987178732963637,100,1,25.0,96,7.5398223686155035,0.09162978572970229,7.631452154345205,272.5127850787571,2.800401512222515,51.8785624505745,21.200790476760268,19.795545470158153
segmented_diagnostic,synthetic_complex,Complex Terrain,synthetic,complex_relief,Coverage-Preserving Segmented Hybrid,8,4,265.2478520673307,242.6573329244119,22.224,0.3665191429188091,100.0,97.13333333333334,1.3987178732963637,100,1,50.0,96,15.079644737231007,0.18325957145940458,15.26290430869041,280.14423723310233,5.448230689817994,54.705026211443105,19.795545470158128,17.066855400070395
segmented_diagnostic,synthetic_complex,Complex Terrain,synthetic,complex_relief,Coverage-Preserving Segmented Hybrid,8,4,265.2478520673307,242.6573329244119,22.224,0.3665191429188091,100.0,97.13333333333334,1.3987178732963637,100,1,100.0,96,30.159289474462014,0.36651914291880916,30.52580861738082,295.4071415417927,10.333470090824525,60.35795373318028,17.0668554000704,11.915284288852266
segmented_diagnostic,synthetic_complex,Complex Terrain,synthetic,complex_relief,Transition-Aware Segmented Hybrid,8,4,265.2478520673307,242.6573329244119,22.224,0.3665191429188091,100.0,97.13333333333334,1.3987178732963637,100,1,25.0,96,7.5398223686155035,0.09162978572970229,7.631452154345205,272.5127850787571,2.800401512222515,51.8785624505745,21.200790476760268,19.795545470158153
segmented_diagnostic,synthetic_complex,Complex Terrain,synthetic,complex_relief,Transition-Aware Segmented Hybrid,8,4,265.2478520673307,242.6573329244119,22.224,0.3665191429188091,100.0,97.13333333333334,1.3987178732963637,100,1,50.0,96,15.079644737231007,0.18325957145940458,15.26290430869041,280.14423723310233,5.448230689817994,54.705026211443105,19.795545470158128,17.066855400070395
segmented_diagnostic,synthetic_complex,Complex Terrain,synthetic,complex_relief,Transition-Aware Segmented Hybrid,8,4,265.2478520673307,242.6573329244119,22.224,0.3665191429188091,100.0,97.13333333333334,1.3987178732963637,100,1,100.0,96,30.159289474462014,0.36651914291880916,30.52580861738082,295.4071415417927,10.333470090824525,60.35795373318028,17.0668554000704,11.915284288852266
segmented_diagnostic,synthetic_complex,Complex Terrain,synthetic,complex_relief,Coverage-Preserving Segmented Hybrid,9,4,265.2794683183347,242.68894917541587,22.224,0.3665191429188091,100.0,97.17222222222222,1.414178056210581,100,1,25.0,96,7.5398223686155035,0.09162978572970229,7.631452154345205,272.54440132976106,2.8000766543399447,51.88441731187154,21.19164838976981,19.786493832362208
segmented_diagnostic,synthetic_complex,Complex Terrain,synthetic,complex_relief,Coverage-Preserving Segmented Hybrid,9,4,265.2794683183347,242.68894917541587,22.224,0.3665191429188091,100.0,97.17222222222222,1.414178056210581,100,1,50.0,96,15.079644737231007,0.18325957145940458,15.26290430869041,280.17585348410626,5.447615887982382,54.71088107274012,19.786493832362208,17.05797939557528
segmented_diagnostic,synthetic_complex,Complex Terrain,synthetic,complex_relief,Coverage-Preserving Segmented Hybrid,9,4,265.2794683183347,242.68894917541587,22.224,0.3665191429188091,100.0,97.17222222222222,1.414178056210581,100,1,100.0,96,30.159289474462014,0.36651914291880916,30.52580861738082,295.4387577927967,10.332364258987923,60.36380859447732,17.05797939557526,11.906739867430069
segmented_diagnostic,synthetic_complex,Complex Terrain,synthetic,complex_relief,Transition-Aware Segmented Hybrid,9,4,265.2794683183347,242.68894917541587,22.224,0.3665191429188091,100.0,97.17222222222222,1.414178056210581,100,1,25.0,96,7.5398223686155035,0.09162978572970229,7.631452154345205,272.54440132976106,2.8000766543399447,51.88441731187154,21.19164838976981,19.786493832362208
segmented_diagnostic,synthetic_complex,Complex Terrain,synthetic,complex_relief,Transition-Aware Segmented Hybrid,9,4,265.2794683183347,242.68894917541587,22.224,0.3665191429188091,100.0,97.17222222222222,1.414178056210581,100,1,50.0,96,15.079644737231007,0.18325957145940458,15.26290430869041,280.17585348410626,5.447615887982382,54.71088107274012,19.786493832362208,17.05797939557528
segmented_diagnostic,synthetic_complex,Complex Terrain,synthetic,complex_relief,Transition-Aware Segmented Hybrid,9,4,265.2794683183347,242.68894917541587,22.224,0.3665191429188091,100.0,97.17222222222222,1.414178056210581,100,1,100.0,96,30.159289474462014,0.36651914291880916,30.52580861738082,295.4387577927967,10.332364258987923,60.36380859447732,17.05797939557526,11.906739867430069
segmented_diagnostic,synthetic_complex,Complex Terrain,synthetic,complex_relief,Coverage-Preserving Segmented Hybrid,10,4,265.3336580314443,242.7431388885255,22.224,0.3665191429188091,100.0,97.22777777777776,1.3928417073267572,100,1,25.0,96,7.5398223686155035,0.09162978572970229,7.631452154345205,272.5985910428707,2.799520028753572,51.89445244392887,21.175979009134714,19.770979480098497
segmented_diagnostic,synthetic_complex,Complex Terrain,synthetic,complex_relief,Coverage-Preserving Segmented Hybrid,10,4,265.3336580314443,242.7431388885255,22.224,0.3665191429188091,100.0,97.22777777777776,1.3928417073267572,100,1,50.0,96,15.079644737231007,0.18325957145940458,15.26290430869041,280.2300431972159,5.446562450817925,54.72091620479746,19.770979480098486,17.042766075783167
segmented_diagnostic,synthetic_complex,Complex Terrain,synthetic,complex_relief,Coverage-Preserving Segmented Hybrid,10,4,265.3336580314443,242.7431388885255,22.224,0.3665191429188091,100.0,97.22777777777776,1.3928417073267572,100,1,100.0,96,30.159289474462014,0.36651914291880916,30.52580861738082,295.49294750590633,10.330469432530423,60.37384372653465,17.04276607578315,11.892094875349962
segmented_diagnostic,synthetic_complex,Complex Terrain,synthetic,complex_relief,Transition-Aware Segmented Hybrid,10,4,265.3336580314443,242.7431388885255,22.224,0.3665191429188091,100.0,97.22777777777776,1.3928417073267572,100,1,25.0,96,7.5398223686155035,0.09162978572970229,7.631452154345205,272.5985910428707,2.799520028753572,51.89445244392887,21.175979009134714,19.770979480098497
segmented_diagnostic,synthetic_complex,Complex Terrain,synthetic,complex_relief,Transition-Aware Segmented Hybrid,10,4,265.3336580314443,242.7431388885255,22.224,0.3665191429188091,100.0,97.22777777777776,1.3928417073267572,100,1,50.0,96,15.079644737231007,0.18325957145940458,15.26290430869041,280.2300431972159,5.446562450817925,54.72091620479746,19.770979480098486,17.042766075783167
segmented_diagnostic,synthetic_complex,Complex Terrain,synthetic,complex_relief,Transition-Aware Segmented Hybrid,10,4,265.3336580314443,242.7431388885255,22.224,0.3665191429188091,100.0,97.22777777777776,1.3928417073267572,100,1,100.0,96,30.159289474462014,0.36651914291880916,30.52580861738082,295.49294750590633,10.330469432530423,60.37384372653465,17.04276607578315,11.892094875349962
segmented_diagnostic,synthetic_complex,Complex Terrain,synthetic,complex_relief,Coverage-Preserving Segmented Hybrid,11,4,265.3380185434049,242.7474994004861,22.224,0.3665191429188091,100.0,97.08888888888887,1.3765398925157497,100,1,25.0,96,7.5398223686155035,0.09162978572970229,7.631452154345205,272.6029515548313,2.799475248091808,51.8952599461438,21.174718132895407,19.76973107860815
segmented_diagnostic,synthetic_complex,Complex Terrain,synthetic,complex_relief,Coverage-Preserving Segmented Hybrid,11,4,265.3380185434049,242.7474994004861,22.224,0.3665191429188091,100.0,97.08888888888887,1.3765398925157497,100,1,50.0,96,15.079644737231007,0.18325957145940458,15.26290430869041,280.2344037091765,5.4464777010498855,54.721723707012394,19.769731078608146,17.041541897630015
segmented_diagnostic,synthetic_complex,Complex Terrain,synthetic,complex_relief,Coverage-Preserving Segmented Hybrid,11,4,265.3380185434049,242.7474994004861,22.224,0.3665191429188091,100.0,97.08888888888887,1.3765398925157497,100,1,100.0,96,30.159289474462014,0.36651914291880916,30.52580861738082,295.49730801786694,10.330316990750761,60.374651228749585,17.04154189763,11.890916429119777
segmented_diagnostic,synthetic_complex,Complex Terrain,synthetic,complex_relief,Transition-Aware Segmented Hybrid,11,4,265.3380185434049,242.7474994004861,22.224,0.3665191429188091,100.0,97.08888888888887,1.3765398925157497,100,1,25.0,96,7.5398223686155035,0.09162978572970229,7.631452154345205,272.6029515548313,2.799475248091808,51.8952599461438,21.174718132895407,19.76973107860815
segmented_diagnostic,synthetic_complex,Complex Terrain,synthetic,complex_relief,Transition-Aware Segmented Hybrid,11,4,265.3380185434049,242.7474994004861,22.224,0.3665191429188091,100.0,97.08888888888887,1.3765398925157497,100,1,50.0,96,15.079644737231007,0.18325957145940458,15.26290430869041,280.2344037091765,5.4464777010498855,54.721723707012394,19.769731078608146,17.041541897630015
segmented_diagnostic,synthetic_complex,Complex Terrain,synthetic,complex_relief,Transition-Aware Segmented Hybrid,11,4,265.3380185434049,242.7474994004861,22.224,0.3665191429188091,100.0,97.08888888888887,1.3765398925157497,100,1,100.0,96,30.159289474462014,0.36651914291880916,30.52580861738082,295.49730801786694,10.330316990750761,60.374651228749585,17.04154189763,11.890916429119777
segmented_diagnostic,synthetic_complex,Complex Terrain,synthetic,complex_relief,Coverage-Preserving Segmented Hybrid,12,4,265.3223442032229,242.7318250603041,22.224,0.3665191429188091,100.0,97.15555555555557,1.3766089713180418,100,1,25.0,96,7.5398223686155035,0.09162978572970229,7.631452154345205,272.5872772146493,2.799636223790374,51.89235729055454,21.179250491315884,19.77421859517044
segmented_diagnostic,synthetic_complex,Complex Terrain,synthetic,complex_relief,Coverage-Preserving Segmented Hybrid,12,4,265.3223442032229,242.7318250603041,22.224,0.3665191429188091,100.0,97.15555555555557,1.3766089713180418,100,1,50.0,96,15.079644737231007,0.18325957145940458,15.26290430869041,280.21872936899456,5.446782355719014,54.71882105142314,19.77421859517041,17.04594234074061
segmented_diagnostic,synthetic_complex,Complex Terrain,synthetic,complex_relief,Coverage-Preserving Segmented Hybrid,12,4,265.3223442032229,242.7318250603041,22.224,0.3665191429188091,100.0,97.15555555555557,1.3766089713180418,100,1,100.0,96,30.159289474462014,0.36651914291880916,30.52580861738082,295.48163367768495,10.330864980487672,60.371748573160325,17.045942340740606,11.895152483799789
segmented_diagnostic,synthetic_complex,Complex Terrain,synthetic,complex_relief,Transition-Aware Segmented Hybrid,12,4,265.3223442032229,242.7318250603041,22.224,0.3665191429188091,100.0,97.15555555555557,1.3766089713180418,100,1,25.0,96,7.5398223686155035,0.09162978572970229,7.631452154345205,272.5872772146493,2.799636223790374,51.89235729055454,21.179250491315884,19.77421859517044
segmented_diagnostic,synthetic_complex,Complex Terrain,synthetic,complex_relief,Transition-Aware Segmented Hybrid,12,4,265.3223442032229,242.7318250603041,22.224,0.3665191429188091,100.0,97.15555555555557,1.3766089713180418,100,1,50.0,96,15.079644737231007,0.18325957145940458,15.26290430869041,280.21872936899456,5.446782355719014,54.71882105142314,19.77421859517041,17.04594234074061
segmented_diagnostic,synthetic_complex,Complex Terrain,synthetic,complex_relief,Transition-Aware Segmented Hybrid,12,4,265.3223442032229,242.7318250603041,22.224,0.3665191429188091,100.0,97.15555555555557,1.3766089713180418,100,1,100.0,96,30.159289474462014,0.36651914291880916,30.52580861738082,295.48163367768495,10.330864980487672,60.371748573160325,17.045942340740606,11.895152483799789
segmented_diagnostic,synthetic_complex,Complex Terrain,synthetic,complex_relief,Coverage-Preserving Segmented Hybrid,13,4,265.23532556558024,242.64480642266145,22.224,0.3665191429188091,100.0,97.21666666666668,1.3904531204189037,100,1,25.0,96,7.5398223686155035,0.09162978572970229,7.631452154345205,272.50025857700666,2.8005302432359382,51.87624272802813,21.204412613005136,19.79913177002275
segmented_diagnostic,synthetic_complex,Complex Terrain,synthetic,complex_relief,Coverage-Preserving Segmented Hybrid,13,4,265.23532556558024,242.64480642266145,22.224,0.3665191429188091,100.0,97.21666666666668,1.3904531204189037,100,1,50.0,96,15.079644737231007,0.18325957145940458,15.26290430869041,280.13171073135186,5.448474315472137,54.70270648889672,19.799131770022747,17.070372113226277
segmented_diagnostic,synthetic_complex,Complex Terrain,synthetic,complex_relief,Coverage-Preserving Segmented Hybrid,13,4,265.23532556558024,242.64480642266145,22.224,0.3665191429188091,100.0,97.21666666666668,1.3904531204189037,100,1,100.0,96,30.159289474462014,0.36651914291880916,30.52580861738082,295.3946150400423,10.333908291876913,60.35563401063391,17.07037211322627,11.918669627293804
segmented_diagnostic,synthetic_complex,Complex Terrain,synthetic,complex_relief,Transition-Aware Segmented Hybrid,13,4,265.23532556558024,242.64480642266145,22.224,0.3665191429188091,100.0,97.21666666666668,1.3904531204189037,100,1,25.0,96,7.5398223686155035,0.09162978572970229,7.631452154345205,272.50025857700666,2.8005302432359382,51.87624272802813,21.204412613005136,19.79913177002275
segmented_diagnostic,synthetic_complex,Complex Terrain,synthetic,complex_relief,Transition-Aware Segmented Hybrid,13,4,265.23532556558024,242.64480642266145,22.224,0.3665191429188091,100.0,97.21666666666668,1.3904531204189037,100,1,50.0,96,15.079644737231007,0.18325957145940458,15.26290430869041,280.13171073135186,5.448474315472137,54.70270648889672,19.799131770022747,17.070372113226277
segmented_diagnostic,synthetic_complex,Complex Terrain,synthetic,complex_relief,Transition-Aware Segmented Hybrid,13,4,265.23532556558024,242.64480642266145,22.224,0.3665191429188091,100.0,97.21666666666668,1.3904531204189037,100,1,100.0,96,30.159289474462014,0.36651914291880916,30.52580861738082,295.3946150400423,10.333908291876913,60.35563401063391,17.07037211322627,11.918669627293804
segmented_diagnostic,synthetic_complex,Complex Terrain,synthetic,complex_relief,Coverage-Preserving Segmented Hybrid,14,4,265.40097753533007,242.81045839241125,22.224,0.3665191429188091,100.0,97.15555555555557,1.412804662084817,100,1,25.0,96,7.5398223686155035,0.09162978572970229,7.631452154345205,272.66591054675644,2.798828844809543,51.90691901872253,21.15651304650048,19.751706108132304
segmented_diagnostic,synthetic_complex,Complex Terrain,synthetic,complex_relief,Coverage-Preserving Segmented Hybrid,14,4,265.40097753533007,242.81045839241125,22.224,0.3665191429188091,100.0,97.15555555555557,1.412804662084817,100,1,50.0,96,15.079644737231007,0.18325957145940458,15.26290430869041,280.29736270110163,5.445254340464911,54.73338277959112,19.751706108132304,17.02386667436378
segmented_diagnostic,synthetic_complex,Complex Terrain,synthetic,complex_relief,Coverage-Preserving Segmented Hybrid,14,4,265.40097753533007,242.81045839241125,22.224,0.3665191429188091,100.0,97.15555555555557,1.412804662084817,100,1,100.0,96,30.159289474462014,0.36651914291880916,30.52580861738082,295.5602670097921,10.328116470530013,60.38631030132831,17.02386667436376,11.873901503496347
segmented_diagnostic,synthetic_complex,Complex Terrain,synthetic,complex_relief,Transition-Aware Segmented Hybrid,14,4,265.40097753533007,242.81045839241125,22.224,0.3665191429188091,100.0,97.15555555555557,1.412804662084817,100,1,25.0,96,7.5398223686155035,0.09162978572970229,7.631452154345205,272.66591054675644,2.798828844809543,51.90691901872253,21.15651304650048,19.751706108132304
segmented_diagnostic,synthetic_complex,Complex Terrain,synthetic,complex_relief,Transition-Aware Segmented Hybrid,14,4,265.40097753533007,242.81045839241125,22.224,0.3665191429188091,100.0,97.15555555555557,1.412804662084817,100,1,50.0,96,15.079644737231007,0.18325957145940458,15.26290430869041,280.29736270110163,5.445254340464911,54.73338277959112,19.751706108132304,17.02386667436378
segmented_diagnostic,synthetic_complex,Complex Terrain,synthetic,complex_relief,Transition-Aware Segmented Hybrid,14,4,265.40097753533007,242.81045839241125,22.224,0.3665191429188091,100.0,97.15555555555557,1.412804662084817,100,1,100.0,96,30.159289474462014,0.36651914291880916,30.52580861738082,295.5602670097921,10.328116470530013,60.38631030132831,17.02386667436376,11.873901503496347
segmented_diagnostic,synthetic_complex,Complex Terrain,synthetic,complex_relief,Coverage-Preserving Segmented Hybrid,15,4,265.3450610970754,242.7545419541566,22.224,0.3665191429188091,100.0,97.15,1.4025501565170528,100,1,25.0,96,7.5398223686155035,0.09162978572970229,7.631452154345205,272.6099941085018,2.7994029269916654,51.896564122749446,21.1726817232565,19.767714816623908
segmented_diagnostic,synthetic_complex,Complex Terrain,synthetic,complex_relief,Coverage-Preserving Segmented Hybrid,15,4,265.3450610970754,242.7545419541566,22.224,0.3665191429188091,100.0,97.15,1.4025501565170528,100,1,50.0,96,15.079644737231007,0.18325957145940458,15.26290430869041,280.24144626284703,5.446340829391405,54.72302788361805,19.767714816623887,17.03956475815104
segmented_diagnostic,synthetic_complex,Complex Terrain,synthetic,complex_relief,Coverage-Preserving Segmented Hybrid,15,4,265.3450610970754,242.7545419541566,22.224,0.3665191429188091,100.0,97.15,1.4025501565170528,100,1,100.0,96,30.159289474462014,0.36651914291880916,30.52580861738082,295.50435057153743,10.330070795350593,60.37595540535523,17.039564758151045,11.889013150124384
segmented_diagnostic,synthetic_complex,Complex Terrain,synthetic,complex_relief,Transition-Aware Segmented Hybrid,15,4,265.3450610970754,242.7545419541566,22.224,0.3665191429188091,100.0,97.15,1.4025501565170528,100,1,25.0,96,7.5398223686155035,0.09162978572970229,7.631452154345205,272.6099941085018,2.7994029269916654,51.896564122749446,21.1726817232565,19.767714816623908
segmented_diagnostic,synthetic_complex,Complex Terrain,synthetic,complex_relief,Transition-Aware Segmented Hybrid,15,4,265.3450610970754,242.7545419541566,22.224,0.3665191429188091,100.0,97.15,1.4025501565170528,100,1,50.0,96,15.079644737231007,0.18325957145940458,15.26290430869041,280.24144626284703,5.446340829391405,54.72302788361805,19.767714816623887,17.03956475815104
segmented_diagnostic,synthetic_complex,Complex Terrain,synthetic,complex_relief,Transition-Aware Segmented Hybrid,15,4,265.3450610970754,242.7545419541566,22.224,0.3665191429188091,100.0,97.15,1.4025501565170528,100,1,100.0,96,30.159289474462014,0.36651914291880916,30.52580861738082,295.50435057153743,10.330070795350593,60.37595540535523,17.039564758151045,11.889013150124384
segmented_diagnostic,synthetic_complex,Complex Terrain,synthetic,complex_relief,Coverage-Preserving Segmented Hybrid,16,4,265.2370073829093,242.6464882399905,22.224,0.3665191429188091,100.0,97.01666666666668,1.3723237899742955,100,1,25.0,96,7.5398223686155035,0.09162978572970229,7.631452154345205,272.5019403943357,2.8005129590276616,51.876554175681655,21.203926302331485,19.798650270767848
segmented_diagnostic,synthetic_complex,Complex Terrain,synthetic,complex_relief,Coverage-Preserving Segmented Hybrid,16,4,265.2370073829093,242.6464882399905,22.224,0.3665191429188091,100.0,97.01666666666668,1.3723237899742955,100,1,50.0,96,15.079644737231007,0.18325957145940458,15.26290430869041,280.13339254868094,5.448441604846541,54.703017936550246,19.79865027076783,17.069899956734023
segmented_diagnostic,synthetic_complex,Complex Terrain,synthetic,complex_relief,Coverage-Preserving Segmented Hybrid,16,4,265.2370073829093,242.6464882399905,22.224,0.3665191429188091,100.0,97.01666666666668,1.3723237899742955,100,1,100.0,96,30.159289474462014,0.36651914291880916,30.52580861738082,295.39629685737134,10.333849456521742,60.35594545828743,17.06989995673401,11.91821510926723
segmented_diagnostic,synthetic_complex,Complex Terrain,synthetic,complex_relief,Transition-Aware Segmented Hybrid,16,4,265.2370073829093,242.6464882399905,22.224,0.3665191429188091,100.0,97.01666666666668,1.3723237899742955,100,1,25.0,96,7.5398223686155035,0.09162978572970229,7.631452154345205,272.5019403943357,2.8005129590276616,51.876554175681655,21.203926302331485,19.798650270767848
segmented_diagnostic,synthetic_complex,Complex Terrain,synthetic,complex_relief,Transition-Aware Segmented Hybrid,16,4,265.2370073829093,242.6464882399905,22.224,0.3665191429188091,100.0,97.01666666666668,1.3723237899742955,100,1,50.0,96,15.079644737231007,0.18325957145940458,15.26290430869041,280.13339254868094,5.448441604846541,54.703017936550246,19.79865027076783,17.069899956734023
segmented_diagnostic,synthetic_complex,Complex Terrain,synthetic,complex_relief,Transition-Aware Segmented Hybrid,16,4,265.2370073829093,242.6464882399905,22.224,0.3665191429188091,100.0,97.01666666666668,1.3723237899742955,100,1,100.0,96,30.159289474462014,0.36651914291880916,30.52580861738082,295.39629685737134,10.333849456521742,60.35594545828743,17.06989995673401,11.91821510926723
segmented_diagnostic,synthetic_complex,Complex Terrain,synthetic,complex_relief,Coverage-Preserving Segmented Hybrid,17,4,265.3380185434049,242.7474994004861,22.224,0.3665191429188091,100.0,97.08888888888887,1.3765398925157497,100,1,25.0,96,7.5398223686155035,0.09162978572970229,7.631452154345205,272.6029515548313,2.799475248091808,51.8952599461438,21.174718132895407,19.76973107860815
segmented_diagnostic,synthetic_complex,Complex Terrain,synthetic,complex_relief,Coverage-Preserving Segmented Hybrid,17,4,265.3380185434049,242.7474994004861,22.224,0.3665191429188091,100.0,97.08888888888887,1.3765398925157497,100,1,50.0,96,15.079644737231007,0.18325957145940458,15.26290430869041,280.2344037091765,5.4464777010498855,54.721723707012394,19.769731078608146,17.041541897630015
segmented_diagnostic,synthetic_complex,Complex Terrain,synthetic,complex_relief,Coverage-Preserving Segmented Hybrid,17,4,265.3380185434049,242.7474994004861,22.224,0.3665191429188091,100.0,97.08888888888887,1.3765398925157497,100,1,100.0,96,30.159289474462014,0.36651914291880916,30.52580861738082,295.49730801786694,10.330316990750761,60.374651228749585,17.04154189763,11.890916429119777
segmented_diagnostic,synthetic_complex,Complex Terrain,synthetic,complex_relief,Transition-Aware Segmented Hybrid,17,4,265.3380185434049,242.7474994004861,22.224,0.3665191429188091,100.0,97.08888888888887,1.3765398925157497,100,1,25.0,96,7.5398223686155035,0.09162978572970229,7.631452154345205,272.6029515548313,2.799475248091808,51.8952599461438,21.174718132895407,19.76973107860815
segmented_diagnostic,synthetic_complex,Complex Terrain,synthetic,complex_relief,Transition-Aware Segmented Hybrid,17,4,265.3380185434049,242.7474994004861,22.224,0.3665191429188091,100.0,97.08888888888887,1.3765398925157497,100,1,50.0,96,15.079644737231007,0.18325957145940458,15.26290430869041,280.2344037091765,5.4464777010498855,54.721723707012394,19.769731078608146,17.041541897630015
segmented_diagnostic,synthetic_complex,Complex Terrain,synthetic,complex_relief,Transition-Aware Segmented Hybrid,17,4,265.3380185434049,242.7474994004861,22.224,0.3665191429188091,100.0,97.08888888888887,1.3765398925157497,100,1,100.0,96,30.159289474462014,0.36651914291880916,30.52580861738082,295.49730801786694,10.330316990750761,60.374651228749585,17.04154189763,11.890916429119777
segmented_diagnostic,synthetic_complex,Complex Terrain,synthetic,complex_relief,Coverage-Preserving Segmented Hybrid,18,4,265.3380185434049,242.7474994004861,22.224,0.3665191429188091,100.0,97.08888888888887,1.3765398925157497,100,1,25.0,96,7.5398223686155035,0.09162978572970229,7.631452154345205,272.6029515548313,2.799475248091808,51.8952599461438,21.174718132895407,19.76973107860815
segmented_diagnostic,synthetic_complex,Complex Terrain,synthetic,complex_relief,Coverage-Preserving Segmented Hybrid,18,4,265.3380185434049,242.7474994004861,22.224,0.3665191429188091,100.0,97.08888888888887,1.3765398925157497,100,1,50.0,96,15.079644737231007,0.18325957145940458,15.26290430869041,280.2344037091765,5.4464777010498855,54.721723707012394,19.769731078608146,17.041541897630015
segmented_diagnostic,synthetic_complex,Complex Terrain,synthetic,complex_relief,Coverage-Preserving Segmented Hybrid,18,4,265.3380185434049,242.7474994004861,22.224,0.3665191429188091,100.0,97.08888888888887,1.3765398925157497,100,1,100.0,96,30.159289474462014,0.36651914291880916,30.52580861738082,295.49730801786694,10.330316990750761,60.374651228749585,17.04154189763,11.890916429119777
segmented_diagnostic,synthetic_complex,Complex Terrain,synthetic,complex_relief,Transition-Aware Segmented Hybrid,18,4,265.3380185434049,242.7474994004861,22.224,0.3665191429188091,100.0,97.08888888888887,1.3765398925157497,100,1,25.0,96,7.5398223686155035,0.09162978572970229,7.631452154345205,272.6029515548313,2.799475248091808,51.8952599461438,21.174718132895407,19.76973107860815
segmented_diagnostic,synthetic_complex,Complex Terrain,synthetic,complex_relief,Transition-Aware Segmented Hybrid,18,4,265.3380185434049,242.7474994004861,22.224,0.3665191429188091,100.0,97.08888888888887,1.3765398925157497,100,1,50.0,96,15.079644737231007,0.18325957145940458,15.26290430869041,280.2344037091765,5.4464777010498855,54.721723707012394,19.769731078608146,17.041541897630015
segmented_diagnostic,synthetic_complex,Complex Terrain,synthetic,complex_relief,Transition-Aware Segmented Hybrid,18,4,265.3380185434049,242.7474994004861,22.224,0.3665191429188091,100.0,97.08888888888887,1.3765398925157497,100,1,100.0,96,30.159289474462014,0.36651914291880916,30.52580861738082,295.49730801786694,10.330316990750761,60.374651228749585,17.04154189763,11.890916429119777
segmented_diagnostic,synthetic_complex,Complex Terrain,synthetic,complex_relief,Coverage-Preserving Segmented Hybrid,19,4,265.3672436777605,242.7767245348417,22.224,0.3665191429188091,100.0,97.15555555555557,1.4014026511273512,100,1,25.0,96,7.5398223686155035,0.09162978572970229,7.631452154345205,272.6321766891869,2.799175154972778,51.90067200806151,21.16626745604086,19.761364010333942
segmented_diagnostic,synthetic_complex,Complex Terrain,synthetic,complex_relief,Coverage-Preserving Segmented Hybrid,19,4,265.3672436777605,242.7767245348417,22.224,0.3665191429188091,100.0,97.15555555555557,1.4014026511273512,100,1,50.0,96,15.079644737231007,0.18325957145940458,15.26290430869041,280.26362884353216,5.445909757063593,54.72713576893011,19.761364010333928,17.033337179623466
segmented_diagnostic,synthetic_complex,Complex Terrain,synthetic,complex_relief,Coverage-Preserving Segmented Hybrid,19,4,265.3672436777605,242.7767245348417,22.224,0.3665191429188091,100.0,97.15555555555557,1.4014026511273512,100,1,100.0,96,30.159289474462014,0.36651914291880916,30.52580861738082,295.52653315222256,10.32929540768419,60.380063290667294,17.033337179623466,11.883018216772486
segmented_diagnostic,synthetic_complex,Complex Terrain,synthetic,complex_relief,Transition-Aware Segmented Hybrid,19,4,265.3672436777605,242.7767245348417,22.224,0.3665191429188091,100.0,97.15555555555557,1.4014026511273512,100,1,25.0,96,7.5398223686155035,0.09162978572970229,7.631452154345205,272.6321766891869,2.799175154972778,51.90067200806151,21.16626745604086,19.761364010333942
segmented_diagnostic,synthetic_complex,Complex Terrain,synthetic,complex_relief,Transition-Aware Segmented Hybrid,19,4,265.3672436777605,242.7767245348417,22.224,0.3665191429188091,100.0,97.15555555555557,1.4014026511273512,100,1,50.0,96,15.079644737231007,0.18325957145940458,15.26290430869041,280.26362884353216,5.445909757063593,54.72713576893011,19.761364010333928,17.033337179623466
segmented_diagnostic,synthetic_complex,Complex Terrain,synthetic,complex_relief,Transition-Aware Segmented Hybrid,19,4,265.3672436777605,242.7767245348417,22.224,0.3665191429188091,100.0,97.15555555555557,1.4014026511273512,100,1,100.0,96,30.159289474462014,0.36651914291880916,30.52580861738082,295.52653315222256,10.32929540768419,60.380063290667294,17.033337179623466,11.883018216772486
segmented_diagnostic,synthetic_complex,Complex Terrain,synthetic,complex_relief,Coverage-Preserving Segmented Hybrid,20,4,265.42287324917356,242.8323541062547,22.224,0.3665191429188091,100.0,97.33333333333331,1.3995794606968697,100,1,25.0,96,7.5398223686155035,0.09162978572970229,7.631452154345205,272.6878062605999,2.798604110318026,51.910973780545405,21.150181729082412,19.745437430958344
segmented_diagnostic,synthetic_complex,Complex Terrain,synthetic,complex_relief,Coverage-Preserving Segmented Hybrid,20,4,265.42287324917356,242.8323541062547,22.224,0.3665191429188091,100.0,97.33333333333331,1.3995794606968697,100,1,50.0,96,15.079644737231007,0.18325957145940458,15.26290430869041,280.3192584149451,5.4448290121035345,54.737437541413996,19.745437430958347,17.017719631361274
segmented_diagnostic,synthetic_complex,Complex Terrain,synthetic,complex_relief,Coverage-Preserving Segmented Hybrid,20,4,265.42287324917356,242.8323541062547,22.224,0.3665191429188091,100.0,97.33333333333331,1.3995794606968697,100,1,100.0,96,30.159289474462014,0.36651914291880916,30.52580861738082,295.5821627236356,10.327351399049729,60.390365063151194,17.017719631361263,11.867984097084191
segmented_diagnostic,synthetic_complex,Complex Terrain,synthetic,complex_relief,Transition-Aware Segmented Hybrid,20,4,265.42287324917356,242.8323541062547,22.224,0.3665191429188091,100.0,97.33333333333331,1.3995794606968697,100,1,25.0,96,7.5398223686155035,0.09162978572970229,7.631452154345205,272.6878062605999,2.798604110318026,51.910973780545405,21.150181729082412,19.745437430958344
segmented_diagnostic,synthetic_complex,Complex Terrain,synthetic,complex_relief,Transition-Aware Segmented Hybrid,20,4,265.42287324917356,242.8323541062547,22.224,0.3665191429188091,100.0,97.33333333333331,1.3995794606968697,100,1,50.0,96,15.079644737231007,0.18325957145940458,15.26290430869041,280.3192584149451,5.4448290121035345,54.737437541413996,19.745437430958347,17.017719631361274
segmented_diagnostic,synthetic_complex,Complex Terrain,synthetic,complex_relief,Transition-Aware Segmented Hybrid,20,4,265.42287324917356,242.8323541062547,22.224,0.3665191429188091,100.0,97.33333333333331,1.3995794606968697,100,1,100.0,96,30.159289474462014,0.36651914291880916,30.52580861738082,295.5821627236356,10.327351399049729,60.390365063151194,17.017719631361263,11.867984097084191
segmented_diagnostic,synthetic_complex,Complex Terrain,synthetic,complex_relief,Coverage-Preserving Segmented Hybrid,21,4,265.3409156708284,242.75039652790957,22.224,0.3665191429188091,100.0,97.18888888888888,1.4050985433644223,100,1,25.0,96,7.5398223686155035,0.09162978572970229,7.631452154345205,272.60584868225476,2.799445496578582,51.89579645122222,21.17388040577449,19.76890163971983
segmented_diagnostic,synthetic_complex,Complex Terrain,synthetic,complex_relief,Coverage-Preserving Segmented Hybrid,21,4,265.3409156708284,242.75039652790957,22.224,0.3665191429188091,100.0,97.18888888888888,1.4050985433644223,100,1,50.0,96,15.079644737231007,0.18325957145940458,15.26290430869041,280.23730083659996,5.446421394698583,54.72226021209081,19.768901639719818,17.040728552745126
segmented_diagnostic,synthetic_complex,Complex Terrain,synthetic,complex_relief,Coverage-Preserving Segmented Hybrid,21,4,265.3409156708284,242.75039652790957,22.224,0.3665191429188091,100.0,97.18888888888888,1.4050985433644223,100,1,100.0,96,30.159289474462014,0.36651914291880916,30.52580861738082,295.5002051452904,10.330215710805348,60.375187733828,17.040728552745104,11.890133468558876
segmented_diagnostic,synthetic_complex,Complex Terrain,synthetic,complex_relief,Transition-Aware Segmented Hybrid,21,4,265.3409156708284,242.75039652790957,22.224,0.3665191429188091,100.0,97.18888888888888,1.4050985433644223,100,1,25.0,96,7.5398223686155035,0.09162978572970229,7.631452154345205,272.60584868225476,2.799445496578582,51.89579645122222,21.17388040577449,19.76890163971983
segmented_diagnostic,synthetic_complex,Complex Terrain,synthetic,complex_relief,Transition-Aware Segmented Hybrid,21,4,265.3409156708284,242.75039652790957,22.224,0.3665191429188091,100.0,97.18888888888888,1.4050985433644223,100,1,50.0,96,15.079644737231007,0.18325957145940458,15.26290430869041,280.23730083659996,5.446421394698583,54.72226021209081,19.768901639719818,17.040728552745126
segmented_diagnostic,synthetic_complex,Complex Terrain,synthetic,complex_relief,Transition-Aware Segmented Hybrid,21,4,265.3409156708284,242.75039652790957,22.224,0.3665191429188091,100.0,97.18888888888888,1.4050985433644223,100,1,100.0,96,30.159289474462014,0.36651914291880916,30.52580861738082,295.5002051452904,10.330215710805348,60.375187733828,17.040728552745104,11.890133468558876
segmented_diagnostic,synthetic_complex,Complex Terrain,synthetic,complex_relief,Coverage-Preserving Segmented Hybrid,22,4,265.3380185434049,242.7474994004861,22.224,0.3665191429188091,100.0,97.08888888888887,1.3765398925157497,100,1,25.0,96,7.5398223686155035,0.09162978572970229,7.631452154345205,272.6029515548313,2.799475248091808,51.8952599461438,21.174718132895407,19.76973107860815
segmented_diagnostic,synthetic_complex,Complex Terrain,synthetic,complex_relief,Coverage-Preserving Segmented Hybrid,22,4,265.3380185434049,242.7474994004861,22.224,0.3665191429188091,100.0,97.08888888888887,1.3765398925157497,100,1,50.0,96,15.079644737231007,0.18325957145940458,15.26290430869041,280.2344037091765,5.4464777010498855,54.721723707012394,19.769731078608146,17.041541897630015
segmented_diagnostic,synthetic_complex,Complex Terrain,synthetic,complex_relief,Coverage-Preserving Segmented Hybrid,22,4,265.3380185434049,242.7474994004861,22.224,0.3665191429188091,100.0,97.08888888888887,1.3765398925157497,100,1,100.0,96,30.159289474462014,0.36651914291880916,30.52580861738082,295.49730801786694,10.330316990750761,60.374651228749585,17.04154189763,11.890916429119777
segmented_diagnostic,synthetic_complex,Complex Terrain,synthetic,complex_relief,Transition-Aware Segmented Hybrid,22,4,265.3380185434049,242.7474994004861,22.224,0.3665191429188091,100.0,97.08888888888887,1.3765398925157497,100,1,25.0,96,7.5398223686155035,0.09162978572970229,7.631452154345205,272.6029515548313,2.799475248091808,51.8952599461438,21.174718132895407,19.76973107860815
segmented_diagnostic,synthetic_complex,Complex Terrain,synthetic,complex_relief,Transition-Aware Segmented Hybrid,22,4,265.3380185434049,242.7474994004861,22.224,0.3665191429188091,100.0,97.08888888888887,1.3765398925157497,100,1,50.0,96,15.079644737231007,0.18325957145940458,15.26290430869041,280.2344037091765,5.4464777010498855,54.721723707012394,19.769731078608146,17.041541897630015
segmented_diagnostic,synthetic_complex,Complex Terrain,synthetic,complex_relief,Transition-Aware Segmented Hybrid,22,4,265.3380185434049,242.7474994004861,22.224,0.3665191429188091,100.0,97.08888888888887,1.3765398925157497,100,1,100.0,96,30.159289474462014,0.36651914291880916,30.52580861738082,295.49730801786694,10.330316990750761,60.374651228749585,17.04154189763,11.890916429119777
segmented_diagnostic,synthetic_complex,Complex Terrain,synthetic,complex_relief,Coverage-Preserving Segmented Hybrid,23,4,265.2454170290074,242.65489788608855,22.224,0.3665191429188091,100.0,97.28333333333332,1.3841534652969754,100,1,25.0,96,7.5398223686155035,0.09162978572970229,7.631452154345205,272.51035004043376,2.8004265354372366,51.878111517551666,21.201494587193032,19.79624261432363
segmented_diagnostic,synthetic_complex,Complex Terrain,synthetic,complex_relief,Coverage-Preserving Segmented Hybrid,23,4,265.2454170290074,242.65489788608855,22.224,0.3665191429188091,100.0,97.28333333333332,1.3841534652969754,100,1,50.0,96,15.079644737231007,0.18325957145940458,15.26290430869041,280.14180219477896,5.44827804672946,54.70457527842026,19.796242614323624,17.06753901721088
segmented_diagnostic,synthetic_complex,Complex Terrain,synthetic,complex_relief,Coverage-Preserving Segmented Hybrid,23,4,265.2454170290074,242.65489788608855,22.224,0.3665191429188091,100.0,97.28333333333332,1.3841534652969754,100,1,100.0,96,30.159289474462014,0.36651914291880916,30.52580861738082,295.4047065034694,10.333555270224617,60.35750280015745,17.067539017210866,11.915942367939849
segmented_diagnostic,synthetic_complex,Complex Terrain,synthetic,complex_relief,Transition-Aware Segmented Hybrid,23,4,265.2454170290074,242.65489788608855,22.224,0.3665191429188091,100.0,97.28333333333332,1.3841534652969754,100,1,25.0,96,7.5398223686155035,0.09162978572970229,7.631452154345205,272.51035004043376,2.8004265354372366,51.878111517551666,21.201494587193032,19.79624261432363
segmented_diagnostic,synthetic_complex,Complex Terrain,synthetic,complex_relief,Transition-Aware Segmented Hybrid,23,4,265.2454170290074,242.65489788608855,22.224,0.3665191429188091,100.0,97.28333333333332,1.3841534652969754,100,1,50.0,96,15.079644737231007,0.18325957145940458,15.26290430869041,280.14180219477896,5.44827804672946,54.70457527842026,19.796242614323624,17.06753901721088
segmented_diagnostic,synthetic_complex,Complex Terrain,synthetic,complex_relief,Transition-Aware Segmented Hybrid,23,4,265.2454170290074,242.65489788608855,22.224,0.3665191429188091,100.0,97.28333333333332,1.3841534652969754,100,1,100.0,96,30.159289474462014,0.36651914291880916,30.52580861738082,295.4047065034694,10.333555270224617,60.35750280015745,17.067539017210866,11.915942367939849
segmented_diagnostic,synthetic_complex,Complex Terrain,synthetic,complex_relief,Coverage-Preserving Segmented Hybrid,24,4,265.4758884463801,242.8853693034613,22.224,0.3665191429188091,100.0,97.18888888888888,1.422031157841024,100,1,25.0,96,7.5398223686155035,0.09162978572970229,7.631452154345205,272.7408214578065,2.7980601193304704,51.920791409657724,21.134851968934143,19.730259339073474
segmented_diagnostic,synthetic_complex,Complex Terrain,synthetic,complex_relief,Coverage-Preserving Segmented Hybrid,24,4,265.4758884463801,242.8853693034613,22.224,0.3665191429188091,100.0,97.18888888888888,1.422031157841024,100,1,50.0,96,15.079644737231007,0.18325957145940458,15.26290430869041,280.37227361215173,5.443799457076163,54.74725517052632,19.73025933907345,17.002836047325427
segmented_diagnostic,synthetic_complex,Complex Terrain,synthetic,complex_relief,Coverage-Preserving Segmented Hybrid,24,4,265.4758884463801,242.8853693034613,22.224,0.3665191429188091,100.0,97.18888888888888,1.422031157841024,100,1,100.0,96,30.159289474462014,0.36651914291880916,30.52580861738082,295.6351779208421,10.325499432125858,60.40018269226351,17.002836047325427,11.85365652274098
segmented_diagnostic,synthetic_complex,Complex Terrain,synthetic,complex_relief,Transition-Aware Segmented Hybrid,24,4,265.4758884463801,242.8853693034613,22.224,0.3665191429188091,100.0,97.18888888888888,1.422031157841024,100,1,25.0,96,7.5398223686155035,0.09162978572970229,7.631452154345205,272.7408214578065,2.7980601193304704,51.920791409657724,21.134851968934143,19.730259339073474
segmented_diagnostic,synthetic_complex,Complex Terrain,synthetic,complex_relief,Transition-Aware Segmented Hybrid,24,4,265.4758884463801,242.8853693034613,22.224,0.3665191429188091,100.0,97.18888888888888,1.422031157841024,100,1,50.0,96,15.079644737231007,0.18325957145940458,15.26290430869041,280.37227361215173,5.443799457076163,54.74725517052632,19.73025933907345,17.002836047325427
segmented_diagnostic,synthetic_complex,Complex Terrain,synthetic,complex_relief,Transition-Aware Segmented Hybrid,24,4,265.4758884463801,242.8853693034613,22.224,0.3665191429188091,100.0,97.18888888888888,1.422031157841024,100,1,100.0,96,30.159289474462014,0.36651914291880916,30.52580861738082,295.6351779208421,10.325499432125858,60.40018269226351,17.002836047325427,11.85365652274098
segmented_diagnostic,synthetic_complex,Complex Terrain,synthetic,complex_relief,Coverage-Preserving Segmented Hybrid,25,4,265.39399994441015,242.80348080149133,22.224,0.3665191429188091,100.0,97.20555555555556,1.4067796832683404,100,1,25.0,96,7.5398223686155035,0.09162978572970229,7.631452154345205,272.6589329558365,2.7989004693938626,51.90562687225587,21.158530671650457,19.753703771476
segmented_diagnostic,synthetic_complex,Complex Terrain,synthetic,complex_relief,Coverage-Preserving Segmented Hybrid,25,4,265.39399994441015,242.80348080149133,22.224,0.3665191429188091,100.0,97.20555555555556,1.4067796832683404,100,1,50.0,96,15.079644737231007,0.18325957145940458,15.26290430869041,280.2903851101818,5.445389895443821,54.73209063312448,19.753703771475966,17.02582557608056
segmented_diagnostic,synthetic_complex,Complex Terrain,synthetic,complex_relief,Coverage-Preserving Segmented Hybrid,25,4,265.39399994441015,242.80348080149133,22.224,0.3665191429188091,100.0,97.20555555555556,1.4067796832683404,100,1,100.0,96,30.159289474462014,0.36651914291880916,30.52580861738082,295.55328941887217,10.328360302604581,60.385018154861655,17.025825576080557,11.875787226042135
segmented_diagnostic,synthetic_complex,Complex Terrain,synthetic,complex_relief,Transition-Aware Segmented Hybrid,25,4,265.39399994441015,242.80348080149133,22.224,0.3665191429188091,100.0,97.20555555555556,1.4067796832683404,100,1,25.0,96,7.5398223686155035,0.09162978572970229,7.631452154345205,272.6589329558365,2.7989004693938626,51.90562687225587,21.158530671650457,19.753703771476
segmented_diagnostic,synthetic_complex,Complex Terrain,synthetic,complex_relief,Transition-Aware Segmented Hybrid,25,4,265.39399994441015,242.80348080149133,22.224,0.3665191429188091,100.0,97.20555555555556,1.4067796832683404,100,1,50.0,96,15.079644737231007,0.18325957145940458,15.26290430869041,280.2903851101818,5.445389895443821,54.73209063312448,19.753703771475966,17.02582557608056
segmented_diagnostic,synthetic_complex,Complex Terrain,synthetic,complex_relief,Transition-Aware Segmented Hybrid,25,4,265.39399994441015,242.80348080149133,22.224,0.3665191429188091,100.0,97.20555555555556,1.4067796832683404,100,1,100.0,96,30.159289474462014,0.36651914291880916,30.52580861738082,295.55328941887217,10.328360302604581,60.385018154861655,17.025825576080557,11.875787226042135
segmented_diagnostic,synthetic_complex,Complex Terrain,synthetic,complex_relief,Coverage-Preserving Segmented Hybrid,26,4,265.45000250261,242.8594833596912,22.224,0.3665191429188091,100.0,97.21111111111112,1.4120389447922548,100,1,25.0,96,7.5398223686155035,0.09162978572970229,7.631452154345205,272.7149355140364,2.7983257095768486,51.915997716366974,21.1423370926367,19.737670407102474
segmented_diagnostic,synthetic_complex,Complex Terrain,synthetic,complex_relief,Coverage-Preserving Segmented Hybrid,26,4,265.45000250261,242.8594833596912,22.224,0.3665191429188091,100.0,97.21111111111112,1.4120389447922548,100,1,50.0,96,15.079644737231007,0.18325957145940458,15.26290430869041,280.3463876683817,5.444302113407187,54.74246147723557,19.73767040710245,17.010103314821343
segmented_diagnostic,synthetic_complex,Complex Terrain,synthetic,complex_relief,Coverage-Preserving Segmented Hybrid,26,4,265.45000250261,242.8594833596912,22.224,0.3665191429188091,100.0,97.21111111111112,1.4120389447922548,100,1,100.0,96,30.159289474462014,0.36651914291880916,30.52580861738082,295.6092919770721,10.326403616483223,60.39538899897276,17.010103314821336,11.860652305145878
segmented_diagnostic,synthetic_complex,Complex Terrain,synthetic,complex_relief,Transition-Aware Segmented Hybrid,26,4,265.45000250261,242.8594833596912,22.224,0.3665191429188091,100.0,97.21111111111112,1.4120389447922548,100,1,25.0,96,7.5398223686155035,0.09162978572970229,7.631452154345205,272.7149355140364,2.7983257095768486,51.915997716366974,21.1423370926367,19.737670407102474
segmented_diagnostic,synthetic_complex,Complex Terrain,synthetic,complex_relief,Transition-Aware Segmented Hybrid,26,4,265.45000250261,242.8594833596912,22.224,0.3665191429188091,100.0,97.21111111111112,1.4120389447922548,100,1,50.0,96,15.079644737231007,0.18325957145940458,15.26290430869041,280.3463876683817,5.444302113407187,54.74246147723557,19.73767040710245,17.010103314821343
segmented_diagnostic,synthetic_complex,Complex Terrain,synthetic,complex_relief,Transition-Aware Segmented Hybrid,26,4,265.45000250261,242.8594833596912,22.224,0.3665191429188091,100.0,97.21111111111112,1.4120389447922548,100,1,100.0,96,30.159289474462014,0.36651914291880916,30.52580861738082,295.6092919770721,10.326403616483223,60.39538899897276,17.010103314821336,11.860652305145878
segmented_diagnostic,synthetic_complex,Complex Terrain,synthetic,complex_relief,Coverage-Preserving Segmented Hybrid,27,4,265.32330084060777,242.73278169768895,22.224,0.3665191429188091,100.0,97.31111111111112,1.3734911118364015,100,1,25.0,96,7.5398223686155035,0.09162978572970229,7.631452154345205,272.58823385203414,2.799626398580247,51.892534445625806,21.178973872111747,19.77394471275761
segmented_diagnostic,synthetic_complex,Complex Terrain,synthetic,complex_relief,Coverage-Preserving Segmented Hybrid,27,4,265.32330084060777,242.73278169768895,22.224,0.3665191429188091,100.0,97.31111111111112,1.3734911118364015,100,1,50.0,96,15.079644737231007,0.18325957145940458,15.26290430869041,280.21968600637933,5.446763761038167,54.71899820649439,19.7739447127576,17.04567377260057
segmented_diagnostic,synthetic_complex,Complex Terrain,synthetic,complex_relief,Coverage-Preserving Segmented Hybrid,27,4,265.32330084060777,242.73278169768895,22.224,0.3665191429188091,100.0,97.31111111111112,1.3734911118364015,100,1,100.0,96,30.159289474462014,0.36651914291880916,30.52580861738082,295.4825903150698,10.33083153387531,60.37192572823158,17.04567377260054,11.894893948625494
segmented_diagnostic,synthetic_complex,Complex Terrain,synthetic,complex_relief,Transition-Aware Segmented Hybrid,27,4,265.32330084060777,242.73278169768895,22.224,0.3665191429188091,100.0,97.31111111111112,1.3734911118364015,100,1,25.0,96,7.5398223686155035,0.09162978572970229,7.631452154345205,272.58823385203414,2.799626398580247,51.892534445625806,21.178973872111747,19.77394471275761
segmented_diagnostic,synthetic_complex,Complex Terrain,synthetic,complex_relief,Transition-Aware Segmented Hybrid,27,4,265.32330084060777,242.73278169768895,22.224,0.3665191429188091,100.0,97.31111111111112,1.3734911118364015,100,1,50.0,96,15.079644737231007,0.18325957145940458,15.26290430869041,280.21968600637933,5.446763761038167,54.71899820649439,19.7739447127576,17.04567377260057
segmented_diagnostic,synthetic_complex,Complex Terrain,synthetic,complex_relief,Transition-Aware Segmented Hybrid,27,4,265.32330084060777,242.73278169768895,22.224,0.3665191429188091,100.0,97.31111111111112,1.3734911118364015,100,1,100.0,96,30.159289474462014,0.36651914291880916,30.52580861738082,295.4825903150698,10.33083153387531,60.37192572823158,17.04567377260054,11.894893948625494
segmented_diagnostic,synthetic_complex,Complex Terrain,synthetic,complex_relief,Coverage-Preserving Segmented Hybrid,28,4,265.39024490462594,242.79972576170712,22.224,0.3665191429188091,100.0,97.13333333333334,1.424088334200297,100,1,25.0,96,7.5398223686155035,0.09162978572970229,7.631452154345205,272.6551779160523,2.7989390161865364,51.90493149451807,21.15961647086035,19.754778828098978
segmented_diagnostic,synthetic_complex,Complex Terrain,synthetic,complex_relief,Coverage-Preserving Segmented Hybrid,28,4,265.39024490462594,242.79972576170712,22.224,0.3665191429188091,100.0,97.13333333333334,1.424088334200297,100,1,50.0,96,15.079644737231007,0.18325957145940458,15.26290430869041,280.28663007039756,5.445462848105505,54.73139525538666,19.75477882809896,17.026879772860564
segmented_diagnostic,synthetic_complex,Complex Terrain,synthetic,complex_relief,Coverage-Preserving Segmented Hybrid,28,4,265.39024490462594,242.79972576170712,22.224,0.3665191429188091,100.0,97.13333333333334,1.424088334200297,100,1,100.0,96,30.159289474462014,0.36651914291880916,30.52580861738082,295.54953437908796,10.328491527321018,60.38432277712384,17.026879772860557,11.87680204093493
segmented_diagnostic,synthetic_complex,Complex Terrain,synthetic,complex_relief,Transition-Aware Segmented Hybrid,28,4,265.39024490462594,242.79972576170712,22.224,0.3665191429188091,100.0,97.13333333333334,1.424088334200297,100,1,25.0,96,7.5398223686155035,0.09162978572970229,7.631452154345205,272.6551779160523,2.7989390161865364,51.90493149451807,21.15961647086035,19.754778828098978
segmented_diagnostic,synthetic_complex,Complex Terrain,synthetic,complex_relief,Transition-Aware Segmented Hybrid,28,4,265.39024490462594,242.79972576170712,22.224,0.3665191429188091,100.0,97.13333333333334,1.424088334200297,100,1,50.0,96,15.079644737231007,0.18325957145940458,15.26290430869041,280.28663007039756,5.445462848105505,54.73139525538666,19.75477882809896,17.026879772860564
segmented_diagnostic,synthetic_complex,Complex Terrain,synthetic,complex_relief,Transition-Aware Segmented Hybrid,28,4,265.39024490462594,242.79972576170712,22.224,0.3665191429188091,100.0,97.13333333333334,1.424088334200297,100,1,100.0,96,30.159289474462014,0.36651914291880916,30.52580861738082,295.54953437908796,10.328491527321018,60.38432277712384,17.026879772860557,11.87680204093493
segmented_diagnostic,synthetic_complex,Complex Terrain,synthetic,complex_relief,Coverage-Preserving Segmented Hybrid,29,4,265.20041747386966,242.60989833095084,22.224,0.3665191429188091,100.0,97.28333333333332,1.3516066834227294,100,1,25.0,96,7.5398223686155035,0.09162978572970229,7.631452154345205,272.465350485296,2.8008890454337045,51.86977826660023,21.21450656155866,19.809125851935644
segmented_diagnostic,synthetic_complex,Complex Terrain,synthetic,complex_relief,Coverage-Preserving Segmented Hybrid,29,4,265.20041747386966,242.60989833095084,22.224,0.3665191429188091,100.0,97.28333333333332,1.3516066834227294,100,1,50.0,96,15.079644737231007,0.18325957145940458,15.26290430869041,280.0968026396413,5.449153351574281,54.696242027468834,19.80912585193561,17.08017227513988
segmented_diagnostic,synthetic_complex,Complex Terrain,synthetic,complex_relief,Coverage-Preserving Segmented Hybrid,29,4,265.20041747386966,242.60989833095084,22.224,0.3665191429188091,100.0,97.28333333333332,1.3516066834227294,100,1,100.0,96,30.159289474462014,0.36651914291880916,30.52580861738082,295.3597069483317,10.33512963998194,60.34916954920601,17.080172275139876,11.928103682159543
segmented_diagnostic,synthetic_complex,Complex Terrain,synthetic,complex_relief,Transition-Aware Segmented Hybrid,29,4,265.20041747386966,242.60989833095084,22.224,0.3665191429188091,100.0,97.28333333333332,1.3516066834227294,100,1,25.0,96,7.5398223686155035,0.09162978572970229,7.631452154345205,272.465350485296,2.8008890454337045,51.86977826660023,21.21450656155866,19.809125851935644
segmented_diagnostic,synthetic_complex,Complex Terrain,synthetic,complex_relief,Transition-Aware Segmented Hybrid,29,4,265.20041747386966,242.60989833095084,22.224,0.3665191429188091,100.0,97.28333333333332,1.3516066834227294,100,1,50.0,96,15.079644737231007,0.18325957145940458,15.26290430869041,280.0968026396413,5.449153351574281,54.696242027468834,19.80912585193561,17.08017227513988
segmented_diagnostic,synthetic_complex,Complex Terrain,synthetic,complex_relief,Transition-Aware Segmented Hybrid,29,4,265.20041747386966,242.60989833095084,22.224,0.3665191429188091,100.0,97.28333333333332,1.3516066834227294,100,1,100.0,96,30.159289474462014,0.36651914291880916,30.52580861738082,295.3597069483317,10.33512963998194,60.34916954920601,17.080172275139876,11.928103682159543
segmented_diagnostic,gebco_monterey_canyon_complex,GEBCO Monterey Canyon,public,complex_relief,Fixed-Spacing,0,1,6700.516576082025,6700.516576082025,0.0,0.0,0.0,99.33333333333331,0.8148148148148147,73,1,25.0,72,5.654866776461628,0.0,5.654866776461628,6706.171442858486,0.08432332553149367,1242.9307980805459,0.0,0.0
segmented_diagnostic,gebco_monterey_canyon_complex,GEBCO Monterey Canyon,public,complex_relief,Fixed-Spacing,0,1,6700.516576082025,6700.516576082025,0.0,0.0,0.0,99.33333333333331,0.8148148148148147,73,1,50.0,72,11.309733552923255,0.0,11.309733552923255,6711.826309634947,0.16850456241228903,1245.0251931829391,0.0,0.0
segmented_diagnostic,gebco_monterey_canyon_complex,GEBCO Monterey Canyon,public,complex_relief,Fixed-Spacing,0,1,6700.516576082025,6700.516576082025,0.0,0.0,0.0,99.33333333333331,0.8148148148148147,73,1,100.0,72,22.61946710584651,0.0,22.61946710584651,6723.136043187871,0.3364422043603504,1249.2139833877256,0.0,0.0
segmented_diagnostic,gebco_monterey_canyon_complex,GEBCO Monterey Canyon,public,complex_relief,Full Geometry-Aware Hybrid GA,0,1,6656.620000000051,6656.620000000051,0.0,0.0,0.0,100.0,0.0,59,1,25.0,58,4.5553093477052,0.0,4.5553093477052,6661.175309347756,0.06838596998509626,1234.394559017678,0.6709660481264189,0.6867831319370654
segmented_diagnostic,gebco_monterey_canyon_complex,GEBCO Monterey Canyon,public,complex_relief,Full Geometry-Aware Hybrid GA,0,1,6656.620000000051,6656.620000000051,0.0,0.0,0.0,100.0,0.0,59,1,50.0,58,9.1106186954104,0.0,9.1106186954104,6665.730618695461,0.13667847107198916,1236.0817106279392,0.6867831319370573,0.7183374765401896
segmented_diagnostic,gebco_monterey_canyon_complex,GEBCO Monterey Canyon,public,complex_relief,Full Geometry-Aware Hybrid GA,0,1,6656.620000000051,6656.620000000051,0.0,0.0,0.0,100.0,0.0,59,1,100.0,58,18.2212373908208,0.0,18.2212373908208,6674.841237390871,0.272983832016105,1239.4560138484617,0.7183374765401903,0.7811287472784662
segmented_diagnostic,gebco_monterey_canyon_complex,GEBCO Monterey Canyon,public,complex_relief,Full Geometry-Aware Hybrid GA,1,1,6656.620000000051,6656.620000000051,0.0,0.0,0.0,100.0,0.0,59,1,25.0,58,4.5553093477052,0.0,4.5553093477052,6661.175309347756,0.06838596998509626,1234.394559017678,0.6709660481264189,0.6867831319370654
segmented_diagnostic,gebco_monterey_canyon_complex,GEBCO Monterey Canyon,public,complex_relief,Full Geometry-Aware Hybrid GA,1,1,6656.620000000051,6656.620000000051,0.0,0.0,0.0,100.0,0.0,59,1,50.0,58,9.1106186954104,0.0,9.1106186954104,6665.730618695461,0.13667847107198916,1236.0817106279392,0.6867831319370573,0.7183374765401896
segmented_diagnostic,gebco_monterey_canyon_complex,GEBCO Monterey Canyon,public,complex_relief,Full Geometry-Aware Hybrid GA,1,1,6656.620000000051,6656.620000000051,0.0,0.0,0.0,100.0,0.0,59,1,100.0,58,18.2212373908208,0.0,18.2212373908208,6674.841237390871,0.272983832016105,1239.4560138484617,0.7183374765401903,0.7811287472784662
segmented_diagnostic,gebco_monterey_canyon_complex,GEBCO Monterey Canyon,public,complex_relief,Full Geometry-Aware Hybrid GA,2,1,6656.620000000051,6656.620000000051,0.0,0.0,0.0,100.0,0.0,59,1,25.0,58,4.5553093477052,0.0,4.5553093477052,6661.175309347756,0.06838596998509626,1234.394559017678,0.6709660481264189,0.6867831319370654
segmented_diagnostic,gebco_monterey_canyon_complex,GEBCO Monterey Canyon,public,complex_relief,Full Geometry-Aware Hybrid GA,2,1,6656.620000000051,6656.620000000051,0.0,0.0,0.0,100.0,0.0,59,1,50.0,58,9.1106186954104,0.0,9.1106186954104,6665.730618695461,0.13667847107198916,1236.0817106279392,0.6867831319370573,0.7183374765401896
segmented_diagnostic,gebco_monterey_canyon_complex,GEBCO Monterey Canyon,public,complex_relief,Full Geometry-Aware Hybrid GA,2,1,6656.620000000051,6656.620000000051,0.0,0.0,0.0,100.0,0.0,59,1,100.0,58,18.2212373908208,0.0,18.2212373908208,6674.841237390871,0.272983832016105,1239.4560138484617,0.7183374765401903,0.7811287472784662
segmented_diagnostic,gebco_monterey_canyon_complex,GEBCO Monterey Canyon,public,complex_relief,Full Geometry-Aware Hybrid GA,3,1,6656.620000000051,6656.620000000051,0.0,0.0,0.0,100.0,0.0,59,1,25.0,58,4.5553093477052,0.0,4.5553093477052,6661.175309347756,0.06838596998509626,1234.394559017678,0.6709660481264189,0.6867831319370654
segmented_diagnostic,gebco_monterey_canyon_complex,GEBCO Monterey Canyon,public,complex_relief,Full Geometry-Aware Hybrid GA,3,1,6656.620000000051,6656.620000000051,0.0,0.0,0.0,100.0,0.0,59,1,50.0,58,9.1106186954104,0.0,9.1106186954104,6665.730618695461,0.13667847107198916,1236.0817106279392,0.6867831319370573,0.7183374765401896
segmented_diagnostic,gebco_monterey_canyon_complex,GEBCO Monterey Canyon,public,complex_relief,Full Geometry-Aware Hybrid GA,3,1,6656.620000000051,6656.620000000051,0.0,0.0,0.0,100.0,0.0,59,1,100.0,58,18.2212373908208,0.0,18.2212373908208,6674.841237390871,0.272983832016105,1239.4560138484617,0.7183374765401903,0.7811287472784662
segmented_diagnostic,gebco_monterey_canyon_complex,GEBCO Monterey Canyon,public,complex_relief,Full Geometry-Aware Hybrid GA,4,1,6656.547473748718,6656.547473748718,0.0,0.0,0.0,99.16666666666669,0.0076847443328576,59,1,25.0,58,4.5553093477052,0.0,4.5553093477052,6661.102783096424,0.06838671457322353,1234.3811282303943,0.6720475333218153,0.6878637059564989
segmented_diagnostic,gebco_monterey_canyon_complex,GEBCO Monterey Canyon,public,complex_relief,Full Geometry-Aware Hybrid GA,4,1,6656.547473748718,6656.547473748718,0.0,0.0,0.0,99.16666666666669,0.0076847443328576,59,1,50.0,58,9.1106186954104,0.0,9.1106186954104,6665.658092444129,0.13667995821354476,1236.0682798406554,0.6878637059565057,0.719416232806116
segmented_diagnostic,gebco_monterey_canyon_complex,GEBCO Monterey Canyon,public,complex_relief,Full Geometry-Aware Hybrid GA,4,1,6656.547473748718,6656.547473748718,0.0,0.0,0.0,99.16666666666669,0.0076847443328576,59,1,100.0,58,18.2212373908208,0.0,18.2212373908208,6674.768711139539,0.2729867981854012,1239.4425830611779,0.7194162328061133,0.7822038863228915
segmented_diagnostic,gebco_monterey_canyon_complex,GEBCO Monterey Canyon,public,complex_relief,Full Geometry-Aware Hybrid GA,5,1,6656.486502297005,6656.486502297005,0.0,0.0,0.0,100.0,0.1267211997303698,59,1,25.0,58,4.5553093477052,0.0,4.5553093477052,6661.041811644711,0.06838734054696508,1234.3698372208178,0.6729567175297152,0.6887721241559666
segmented_diagnostic,gebco_monterey_canyon_complex,GEBCO Monterey Canyon,public,complex_relief,Full Geometry-Aware Hybrid GA,5,1,6656.486502297005,6656.486502297005,0.0,0.0,0.0,100.0,0.1267211997303698,59,1,50.0,58,9.1106186954104,0.0,9.1106186954104,6665.5971209924155,0.13668120845044343,1236.0569888310788,0.68877212415597,0.7203231228544762
segmented_diagnostic,gebco_monterey_canyon_complex,GEBCO Monterey Canyon,public,complex_relief,Full Geometry-Aware Hybrid GA,5,1,6656.486502297005,6656.486502297005,0.0,0.0,0.0,100.0,0.1267211997303698,59,1,100.0,58,18.2212373908208,0.0,18.2212373908208,6674.707739687826,0.2729892918378626,1239.4312920516013,0.7203231228544702,0.7831077354413536
segmented_diagnostic,gebco_monterey_canyon_complex,GEBCO Monterey Canyon,public,complex_relief,Full Geometry-Aware Hybrid GA,6,1,6656.577842791205,6656.577842791205,0.0,0.0,0.0,100.0,0.1285949962071296,59,1,25.0,58,4.5553093477052,0.0,4.5553093477052,6661.13315213891,0.06838640278857774,1234.3867521271509,0.6715946811580291,0.6874112353310027
segmented_diagnostic,gebco_monterey_canyon_complex,GEBCO Monterey Canyon,public,complex_relief,Full Geometry-Aware Hybrid GA,6,1,6656.577842791205,6656.577842791205,0.0,0.0,0.0,100.0,0.1285949962071296,59,1,50.0,58,9.1106186954104,0.0,9.1106186954104,6665.688461486615,0.13667933549625427,1236.073903737412,0.6874112353309979,0.718964523331693
segmented_diagnostic,gebco_monterey_canyon_complex,GEBCO Monterey Canyon,public,complex_relief,Full Geometry-Aware Hybrid GA,6,1,6656.577842791205,6656.577842791205,0.0,0.0,0.0,100.0,0.1285949962071296,59,1,100.0,58,18.2212373908208,0.0,18.2212373908208,6674.799080182025,0.27298555614836423,1239.4482069579344,0.7189645233316788,0.7817536914938753
segmented_diagnostic,gebco_monterey_canyon_complex,GEBCO Monterey Canyon,public,complex_relief,Full Geometry-Aware Hybrid GA,7,1,6656.613021799817,6656.613021799817,0.0,0.0,0.0,99.16666666666669,0.0108656185086585,59,1,25.0,58,4.5553093477052,0.0,4.5553093477052,6661.168331147523,0.06838604162583074,1234.3932667583756,0.6710701045212374,0.6868871006619786
segmented_diagnostic,gebco_monterey_canyon_complex,GEBCO Monterey Canyon,public,complex_relief,Full Geometry-Aware Hybrid GA,7,1,6656.613021799817,6656.613021799817,0.0,0.0,0.0,99.16666666666669,0.0108656185086585,59,1,50.0,58,9.1106186954104,0.0,9.1106186954104,6665.723640495227,0.13667861415769,1236.0804183686366,0.6868871006619894,0.7184412703677862
segmented_diagnostic,gebco_monterey_canyon_complex,GEBCO Monterey Canyon,public,complex_relief,Full Geometry-Aware Hybrid GA,7,1,6656.613021799817,6656.613021799817,0.0,0.0,0.0,99.16666666666669,0.0108656185086585,59,1,100.0,58,18.2212373908208,0.0,18.2212373908208,6674.834259190638,0.27298411740683776,1239.4547215891591,0.7184412703677875,0.7812321930707588
segmented_diagnostic,gebco_monterey_canyon_complex,GEBCO Monterey Canyon,public,complex_relief,Full Geometry-Aware Hybrid GA,8,1,6656.5705483833935,6656.5705483833935,0.0,0.0,0.0,99.16666666666669,0.1161039283629213,59,1,25.0,58,4.5553093477052,0.0,4.5553093477052,6661.125857731099,0.06838647767656535,1234.3854013108896,0.6717034527257293,0.6875199152561724
segmented_diagnostic,gebco_monterey_canyon_complex,GEBCO Monterey Canyon,public,complex_relief,Full Geometry-Aware Hybrid GA,8,1,6656.5705483833935,6656.5705483833935,0.0,0.0,0.0,99.16666666666669,0.1161039283629213,59,1,50.0,58,9.1106186954104,0.0,9.1106186954104,6665.681167078804,0.1366794850675865,1236.0725529211509,0.687519915256171,0.7190730204342766
segmented_diagnostic,gebco_monterey_canyon_complex,GEBCO Monterey Canyon,public,complex_relief,Full Geometry-Aware Hybrid GA,8,1,6656.5705483833935,6656.5705483833935,0.0,0.0,0.0,99.16666666666669,0.1161039283629213,59,1,100.0,58,18.2212373908208,0.0,18.2212373908208,6674.791785774214,0.27298585447496926,1239.4468561416732,0.719073020434284,0.7818618247904304
segmented_diagnostic,gebco_monterey_canyon_complex,GEBCO Monterey Canyon,public,complex_relief,Full Geometry-Aware Hybrid GA,9,1,6656.531270035219,6656.531270035219,0.0,0.0,0.0,99.16666666666669,0.1988817126044793,59,1,25.0,58,4.5553093477052,0.0,4.5553093477052,6661.086579382924,0.06838688093027608,1234.378127542709,0.6722891572295503,0.6881051262905897
segmented_diagnostic,gebco_monterey_canyon_complex,GEBCO Monterey Canyon,public,complex_relief,Full Geometry-Aware Hybrid GA,9,1,6656.531270035219,6656.531270035219,0.0,0.0,0.0,99.16666666666669,0.1988817126044793,59,1,50.0,58,9.1106186954104,0.0,9.1106186954104,6665.641888730629,0.1366802904730512,1236.0652791529703,0.6881051262905864,0.7196572470202417
segmented_diagnostic,gebco_monterey_canyon_complex,GEBCO Monterey Canyon,public,complex_relief,Full Geometry-Aware Hybrid GA,9,1,6656.531270035219,6656.531270035219,0.0,0.0,0.0,99.16666666666669,0.1988817126044793,59,1,100.0,58,18.2212373908208,0.0,18.2212373908208,6674.752507426039,0.27298746089160075,1239.4395823734926,0.7196572470202471,0.7824440923824737
segmented_diagnostic,gebco_monterey_canyon_complex,GEBCO Monterey Canyon,public,complex_relief,Full Geometry-Aware Hybrid GA,10,1,6656.620000000051,6656.620000000051,0.0,0.0,0.0,100.0,0.0,59,1,25.0,58,4.5553093477052,0.0,4.5553093477052,6661.175309347756,0.06838596998509626,1234.394559017678,0.6709660481264189,0.6867831319370654
segmented_diagnostic,gebco_monterey_canyon_complex,GEBCO Monterey Canyon,public,complex_relief,Full Geometry-Aware Hybrid GA,10,1,6656.620000000051,6656.620000000051,0.0,0.0,0.0,100.0,0.0,59,1,50.0,58,9.1106186954104,0.0,9.1106186954104,6665.730618695461,0.13667847107198916,1236.0817106279392,0.6867831319370573,0.7183374765401896
segmented_diagnostic,gebco_monterey_canyon_complex,GEBCO Monterey Canyon,public,complex_relief,Full Geometry-Aware Hybrid GA,10,1,6656.620000000051,6656.620000000051,0.0,0.0,0.0,100.0,0.0,59,1,100.0,58,18.2212373908208,0.0,18.2212373908208,6674.841237390871,0.272983832016105,1239.4560138484617,0.7183374765401903,0.7811287472784662
segmented_diagnostic,gebco_monterey_canyon_complex,GEBCO Monterey Canyon,public,complex_relief,Full Geometry-Aware Hybrid GA,11,1,6656.605018589165,6656.605018589165,0.0,0.0,0.0,99.16666666666669,0.0207736906864401,59,1,25.0,58,4.5553093477052,0.0,4.5553093477052,6661.160327936871,0.06838612378987872,1234.3917846823288,0.6711894455002121,0.6870063410934756
segmented_diagnostic,gebco_monterey_canyon_complex,GEBCO Monterey Canyon,public,complex_relief,Full Geometry-Aware Hybrid GA,11,1,6656.605018589165,6656.605018589165,0.0,0.0,0.0,99.16666666666669,0.0207736906864401,59,1,50.0,58,9.1106186954104,0.0,9.1106186954104,6665.715637284576,0.1366787782612612,1236.0789362925898,0.6870063410934668,0.7185603102117151
segmented_diagnostic,gebco_monterey_canyon_complex,GEBCO Monterey Canyon,public,complex_relief,Full Geometry-Aware Hybrid GA,11,1,6656.605018589165,6656.605018589165,0.0,0.0,0.0,99.16666666666669,0.0207736906864401,59,1,100.0,58,18.2212373908208,0.0,18.2212373908208,6674.826255979986,0.2729844447186377,1239.4532395131123,0.7185603102116969,0.7813508337573464
segmented_diagnostic,gebco_monterey_canyon_complex,GEBCO Monterey Canyon,public,complex_relief,Full Geometry-Aware Hybrid GA,12,1,6656.612269000877,6656.612269000877,0.0,0.0,0.0,99.16666666666669,0.1539267079611943,59,1,25.0,58,4.5553093477052,0.0,4.5553093477052,6661.1675783485825,0.06838604935434667,1234.3931273511641,0.6710813299864153,0.6868983166694731
segmented_diagnostic,gebco_monterey_canyon_complex,GEBCO Monterey Canyon,public,complex_relief,Full Geometry-Aware Hybrid GA,12,1,6656.612269000877,6656.612269000877,0.0,0.0,0.0,99.16666666666669,0.1539267079611943,59,1,50.0,58,9.1106186954104,0.0,9.1106186954104,6665.722887696287,0.1366786295936026,1236.0802789614254,0.6868983166694568,0.7184524675075709
segmented_diagnostic,gebco_monterey_canyon_complex,GEBCO Monterey Canyon,public,complex_relief,Full Geometry-Aware Hybrid GA,12,1,6656.612269000877,6656.612269000877,0.0,0.0,0.0,99.16666666666669,0.1539267079611943,59,1,100.0,58,18.2212373908208,0.0,18.2212373908208,6674.8335063916975,0.2729841481944453,1239.4545821819477,0.7184524675075634,0.7812433526649769
segmented_diagnostic,gebco_monterey_canyon_complex,GEBCO Monterey Canyon,public,complex_relief,Full Geometry-Aware Hybrid GA,13,1,6656.600344672872,6656.600344672872,0.0,0.0,0.0,100.0,0.1836010765531075,59,1,25.0,58,4.5553093477052,0.0,4.5553093477052,6661.1556540205775,0.06838617177419778,1234.3909191422745,0.6712591412473812,0.6870759781203825
segmented_diagnostic,gebco_monterey_canyon_complex,GEBCO Monterey Canyon,public,complex_relief,Full Geometry-Aware Hybrid GA,13,1,6656.600344672872,6656.600344672872,0.0,0.0,0.0,100.0,0.1836010765531075,59,1,50.0,58,9.1106186954104,0.0,9.1106186954104,6665.710963368282,0.13667887409877535,1236.0780707525355,0.687075978120379,0.7186298300944477
segmented_diagnostic,gebco_monterey_canyon_complex,GEBCO Monterey Canyon,public,complex_relief,Full Geometry-Aware Hybrid GA,13,1,6656.600344672872,6656.600344672872,0.0,0.0,0.0,100.0,0.1836010765531075,59,1,100.0,58,18.2212373908208,0.0,18.2212373908208,6674.821582063692,0.27298463587077987,1239.452373973058,0.7186298300944348,0.7814201205301333
segmented_diagnostic,gebco_monterey_canyon_complex,GEBCO Monterey Canyon,public,complex_relief,Full Geometry-Aware Hybrid GA,14,1,6656.620000000051,6656.620000000051,0.0,0.0,0.0,100.0,0.0,59,1,25.0,58,4.5553093477052,0.0,4.5553093477052,6661.175309347756,0.06838596998509626,1234.394559017678,0.6709660481264189,0.6867831319370654
segmented_diagnostic,gebco_monterey_canyon_complex,GEBCO Monterey Canyon,public,complex_relief,Full Geometry-Aware Hybrid GA,14,1,6656.620000000051,6656.620000000051,0.0,0.0,0.0,100.0,0.0,59,1,50.0,58,9.1106186954104,0.0,9.1106186954104,6665.730618695461,0.13667847107198916,1236.0817106279392,0.6867831319370573,0.7183374765401896
segmented_diagnostic,gebco_monterey_canyon_complex,GEBCO Monterey Canyon,public,complex_relief,Full Geometry-Aware Hybrid GA,14,1,6656.620000000051,6656.620000000051,0.0,0.0,0.0,100.0,0.0,59,1,100.0,58,18.2212373908208,0.0,18.2212373908208,6674.841237390871,0.272983832016105,1239.4560138484617,0.7183374765401903,0.7811287472784662
segmented_diagnostic,gebco_monterey_canyon_complex,GEBCO Monterey Canyon,public,complex_relief,Full Geometry-Aware Hybrid GA,15,1,6656.5126207799085,6656.5126207799085,0.0,0.0,0.0,99.16666666666669,0.0898657962900674,59,1,25.0,58,4.5553093477052,0.0,4.5553093477052,6661.067930127614,0.06838707239573112,1234.3746739769108,0.672567248171143,0.6883829829342272
segmented_diagnostic,gebco_monterey_canyon_complex,GEBCO Monterey Canyon,public,complex_relief,Full Geometry-Aware Hybrid GA,15,1,6656.5126207799085,6656.5126207799085,0.0,0.0,0.0,99.16666666666669,0.0898657962900674,59,1,50.0,58,9.1106186954104,0.0,9.1106186954104,6665.623239475319,0.1366806728807483,1236.061825587172,0.688382982934217,0.7199346362503707
segmented_diagnostic,gebco_monterey_canyon_complex,GEBCO Monterey Canyon,public,complex_relief,Full Geometry-Aware Hybrid GA,15,1,6656.5126207799085,6656.5126207799085,0.0,0.0,0.0,99.16666666666669,0.0898657962900674,59,1,100.0,58,18.2212373908208,0.0,18.2212373908208,6674.733858170729,0.27298822362056685,1239.4361288076943,0.7199346362503694,0.7827205514874955
segmented_diagnostic,gebco_monterey_canyon_complex,GEBCO Monterey Canyon,public,complex_relief,Full Geometry-Aware Hybrid GA,16,1,6656.457284226268,6656.457284226268,0.0,0.0,0.0,99.16666666666669,0.1706374865906993,59,1,25.0,58,4.5553093477052,0.0,4.5553093477052,6661.012593573973,0.06838764052330133,1234.3644264669774,0.673392406819594,0.6892074463676865
segmented_diagnostic,gebco_monterey_canyon_complex,GEBCO Monterey Canyon,public,complex_relief,Full Geometry-Aware Hybrid GA,16,1,6656.457284226268,6656.457284226268,0.0,0.0,0.0,99.16666666666669,0.1706374865906993,59,1,50.0,58,9.1106186954104,0.0,9.1106186954104,6665.567902921678,0.1366818075833718,1236.0515780772384,0.6892074463676832,0.7207577127623734
segmented_diagnostic,gebco_monterey_canyon_complex,GEBCO Monterey Canyon,public,complex_relief,Full Geometry-Aware Hybrid GA,16,1,6656.457284226268,6656.457284226268,0.0,0.0,0.0,99.16666666666669,0.1706374865906993,59,1,100.0,58,18.2212373908208,0.0,18.2212373908208,6674.678521617088,0.2729904868348072,1239.425881297761,0.7207577127623606,0.7835408681081587
segmented_diagnostic,gebco_monterey_canyon_complex,GEBCO Monterey Canyon,public,complex_relief,Full Geometry-Aware Hybrid GA,17,1,6656.584803088315,6656.584803088315,0.0,0.0,0.0,100.0,0.0230722099478987,59,1,25.0,58,4.5553093477052,0.0,4.5553093477052,6661.140112436021,0.06838633133088826,1234.3880410710603,0.6714908917280986,0.6873075333460291
segmented_diagnostic,gebco_monterey_canyon_complex,GEBCO Monterey Canyon,public,complex_relief,Full Geometry-Aware Hybrid GA,17,1,6656.584803088315,6656.584803088315,0.0,0.0,0.0,100.0,0.0230722099478987,59,1,50.0,58,9.1106186954104,0.0,9.1106186954104,6665.695421783726,0.13667919277614424,1236.0751926813216,0.6873075333460298,0.7188609957953233
segmented_diagnostic,gebco_monterey_canyon_complex,GEBCO Monterey Canyon,public,complex_relief,Full Geometry-Aware Hybrid GA,17,1,6656.584803088315,6656.584803088315,0.0,0.0,0.0,100.0,0.0230722099478987,59,1,100.0,58,18.2212373908208,0.0,18.2212373908208,6674.806040479136,0.27298527148682256,1239.4494959018439,0.7188609957953328,0.7816505110999156
segmented_diagnostic,gebco_monterey_canyon_complex,GEBCO Monterey Canyon,public,complex_relief,Full Geometry-Aware Hybrid GA,18,1,6656.48129046351,6656.48129046351,0.0,0.0,0.0,99.16666666666669,0.4644609658001172,59,1,25.0,58,4.5553093477052,0.0,4.5553093477052,6661.036599811216,0.06838739405566852,1234.3688720664666,0.6730344345033954,0.6888497756513432
segmented_diagnostic,gebco_monterey_canyon_complex,GEBCO Monterey Canyon,public,complex_relief,Full Geometry-Aware Hybrid GA,18,1,6656.48129046351,6656.48129046351,0.0,0.0,0.0,99.16666666666669,0.4644609658001172,59,1,50.0,58,9.1106186954104,0.0,9.1106186954104,6665.59190915892,0.13668131532162758,1236.0560236767278,0.688849775651327,0.7204006437236332
segmented_diagnostic,gebco_monterey_canyon_complex,GEBCO Monterey Canyon,public,complex_relief,Full Geometry-Aware Hybrid GA,18,1,6656.48129046351,6656.48129046351,0.0,0.0,0.0,99.16666666666669,0.4644609658001172,59,1,100.0,58,18.2212373908208,0.0,18.2212373908208,6674.702527854331,0.2729895049971351,1239.4303268972503,0.7204006437236258,0.7831849963721318
segmented_diagnostic,gebco_monterey_canyon_complex,GEBCO Monterey Canyon,public,complex_relief,Full Geometry-Aware Hybrid GA,19,1,6656.588120938873,6656.588120938873,0.0,0.0,0.0,100.0,0.0020717069371155,59,1,25.0,58,4.5553093477052,0.0,4.5553093477052,6661.143430286578,0.06838629726832379,1234.3886554878304,0.6714414171421057,0.6872581004434872
segmented_diagnostic,gebco_monterey_canyon_complex,GEBCO Monterey Canyon,public,complex_relief,Full Geometry-Aware Hybrid GA,19,1,6656.588120938873,6656.588120938873,0.0,0.0,0.0,100.0,0.0020717069371155,59,1,50.0,58,9.1106186954104,0.0,9.1106186954104,6665.698739634283,0.13667912474409635,1236.0758070980914,0.6872581004435042,0.7188116460493733
segmented_diagnostic,gebco_monterey_canyon_complex,GEBCO Monterey Canyon,public,complex_relief,Full Geometry-Aware Hybrid GA,19,1,6656.588120938873,6656.588120938873,0.0,0.0,0.0,100.0,0.0020717069371155,59,1,100.0,58,18.2212373908208,0.0,18.2212373908208,6674.809358329693,0.2729851357939081,1239.450110318614,0.7188116460493807,0.7816013268305873
segmented_diagnostic,gebco_monterey_canyon_complex,GEBCO Monterey Canyon,public,complex_relief,Full Geometry-Aware Hybrid GA,20,1,6656.613750279538,6656.613750279538,0.0,0.0,0.0,100.0,0.1633368187681569,59,1,25.0,58,4.5553093477052,0.0,4.5553093477052,6661.169059627244,0.0683860341469867,1234.3934016620274,0.6710592416954455,0.6868762469883888
segmented_diagnostic,gebco_monterey_canyon_complex,GEBCO Monterey Canyon,public,complex_relief,Full Geometry-Aware Hybrid GA,20,1,6656.613750279538,6656.613750279538,0.0,0.0,0.0,100.0,0.1633368187681569,59,1,50.0,58,9.1106186954104,0.0,9.1106186954104,6665.724368974948,0.1366785992204389,1236.0805532722886,0.686876246988376,0.7184304349523475
segmented_diagnostic,gebco_monterey_canyon_complex,GEBCO Monterey Canyon,public,complex_relief,Full Geometry-Aware Hybrid GA,20,1,6656.613750279538,6656.613750279538,0.0,0.0,0.0,100.0,0.1633368187681569,59,1,100.0,58,18.2212373908208,0.0,18.2212373908208,6674.834987670359,0.2729840876138325,1239.4548564928111,0.7184304349523435,0.7812213939879922
segmented_diagnostic,gebco_monterey_canyon_complex,GEBCO Monterey Canyon,public,complex_relief,Full Geometry-Aware Hybrid GA,21,1,6656.527943908932,6656.527943908932,0.0,0.0,0.0,99.16666666666669,0.0169686501126002,59,1,25.0,58,4.5553093477052,0.0,4.5553093477052,6661.083253256637,0.06838691507838587,1234.3775115933968,0.6723387552202269,0.6881546824938197
segmented_diagnostic,gebco_monterey_canyon_complex,GEBCO Monterey Canyon,public,complex_relief,Full Geometry-Aware Hybrid GA,21,1,6656.527943908932,6656.527943908932,0.0,0.0,0.0,99.16666666666669,0.0169686501126002,59,1,50.0,58,9.1106186954104,0.0,9.1106186954104,6665.638562604342,0.1366803586759552,1236.064663203658,0.6881546824938245,0.7197067198594804
segmented_diagnostic,gebco_monterey_canyon_complex,GEBCO Monterey Canyon,public,complex_relief,Full Geometry-Aware Hybrid GA,21,1,6656.527943908932,6656.527943908932,0.0,0.0,0.0,99.16666666666669,0.0169686501126002,59,1,100.0,58,18.2212373908208,0.0,18.2212373908208,6674.749181299752,0.27298759692529206,1239.4389664241803,0.719706719859494,0.7824933993323233
segmented_diagnostic,gebco_monterey_canyon_complex,GEBCO Monterey Canyon,public,complex_relief,Full Geometry-Aware Hybrid GA,22,1,6656.615851782803,6656.615851782803,0.0,0.0,0.0,99.16666666666669,0.0154493116121926,59,1,25.0,58,4.5553093477052,0.0,4.5553093477052,6661.171161130508,0.06838601257218094,1234.3937908292985,0.6710279048398,0.6868449365347639
segmented_diagnostic,gebco_monterey_canyon_complex,GEBCO Monterey Canyon,public,complex_relief,Full Geometry-Aware Hybrid GA,22,1,6656.615851782803,6656.615851782803,0.0,0.0,0.0,99.16666666666669,0.0154493116121926,59,1,50.0,58,9.1106186954104,0.0,9.1106186954104,6665.726470478213,0.1366785561297835,1236.0809424395597,0.6868449365347463,0.7183991771695127
segmented_diagnostic,gebco_monterey_canyon_complex,GEBCO Monterey Canyon,public,complex_relief,Full Geometry-Aware Hybrid GA,22,1,6656.615851782803,6656.615851782803,0.0,0.0,0.0,99.16666666666669,0.0154493116121926,59,1,100.0,58,18.2212373908208,0.0,18.2212373908208,6674.837089173623,0.2729840016676224,1239.4552456600823,0.718399177169504,0.7811902410169002
segmented_diagnostic,gebco_monterey_canyon_complex,GEBCO Monterey Canyon,public,complex_relief,Full Geometry-Aware Hybrid GA,23,1,6656.510042181976,6656.510042181976,0.0,0.0,0.0,99.16666666666669,0.2562049573380404,59,1,25.0,58,4.5553093477052,0.0,4.5553093477052,6661.065351529682,0.06838709886938873,1234.3741964587753,0.6726056992897036,0.6884214016568363
segmented_diagnostic,gebco_monterey_canyon_complex,GEBCO Monterey Canyon,public,complex_relief,Full Geometry-Aware Hybrid GA,23,1,6656.510042181976,6656.510042181976,0.0,0.0,0.0,99.16666666666669,0.2562049573380404,59,1,50.0,58,9.1106186954104,0.0,9.1106186954104,6665.620660877386,0.13668072575571952,1236.0613480690365,0.6884214016568331,0.7199729903445813
segmented_diagnostic,gebco_monterey_canyon_complex,GEBCO Monterey Canyon,public,complex_relief,Full Geometry-Aware Hybrid GA,23,1,6656.510042181976,6656.510042181976,0.0,0.0,0.0,99.16666666666669,0.2562049573380404,59,1,100.0,58,18.2212373908208,0.0,18.2212373908208,6674.731279572797,0.2729883290820213,1239.4356512895588,0.7199729903445867,0.7827587769750334
segmented_diagnostic,gebco_monterey_canyon_complex,GEBCO Monterey Canyon,public,complex_relief,Full Geometry-Aware Hybrid GA,24,1,6656.616931942976,6656.616931942976,0.0,0.0,0.0,100.0,0.1698371938817,59,1,25.0,58,4.5553093477052,0.0,4.5553093477052,6661.172241290682,0.06838600148286443,1234.3939908589605,0.6710117978824542,0.6868288431478842
segmented_diagnostic,gebco_monterey_canyon_complex,GEBCO Monterey Canyon,public,complex_relief,Full Geometry-Aware Hybrid GA,24,1,6656.616931942976,6656.616931942976,0.0,0.0,0.0,100.0,0.1698371938817,59,1,50.0,58,9.1106186954104,0.0,9.1106186954104,6665.727550638387,0.13667853398145358,1236.0811424692215,0.6868288431478795,0.718383110855124
segmented_diagnostic,gebco_monterey_canyon_complex,GEBCO Monterey Canyon,public,complex_relief,Full Geometry-Aware Hybrid GA,24,1,6656.616931942976,6656.616931942976,0.0,0.0,0.0,100.0,0.1698371938817,59,1,100.0,58,18.2212373908208,0.0,18.2212373908208,6674.838169333797,0.27298395749180276,1239.455445689744,0.7183831108551099,0.7811742285751235
segmented_diagnostic,gebco_monterey_canyon_complex,GEBCO Monterey Canyon,public,complex_relief,Full Geometry-Aware Hybrid GA,25,1,6656.577344124685,6656.577344124685,0.0,0.0,0.0,99.16666666666669,0.1024526033457609,59,1,25.0,58,4.5553093477052,0.0,4.5553093477052,6661.13265347239,0.06838640790812892,1234.3866597814992,0.6716021170925879,0.6874186650006013
segmented_diagnostic,gebco_monterey_canyon_complex,GEBCO Monterey Canyon,public,complex_relief,Full Geometry-Aware Hybrid GA,25,1,6656.577344124685,6656.577344124685,0.0,0.0,0.0,99.16666666666669,0.1024526033457609,59,1,50.0,58,9.1106186954104,0.0,9.1106186954104,6665.687962820095,0.13667934572136667,1236.0738113917605,0.6874186650006122,0.7189719405030014
segmented_diagnostic,gebco_monterey_canyon_complex,GEBCO Monterey Canyon,public,complex_relief,Full Geometry-Aware Hybrid GA,25,1,6656.577344124685,6656.577344124685,0.0,0.0,0.0,99.16666666666669,0.1024526033457609,59,1,100.0,58,18.2212373908208,0.0,18.2212373908208,6674.798581515505,0.2729855765428009,1239.4481146122828,0.718971940503021,0.781761083794383
segmented_diagnostic,gebco_monterey_canyon_complex,GEBCO Monterey Canyon,public,complex_relief,Full Geometry-Aware Hybrid GA,26,1,6656.613752629179,6656.613752629179,0.0,0.0,0.0,99.16666666666669,0.0,59,1,25.0,58,4.5553093477052,0.0,4.5553093477052,6661.169061976884,0.06838603412286443,1234.393402097146,0.671059206658458,0.6868762119809181
segmented_diagnostic,gebco_monterey_canyon_complex,GEBCO Monterey Canyon,public,complex_relief,Full Geometry-Aware Hybrid GA,26,1,6656.613752629179,6656.613752629179,0.0,0.0,0.0,99.16666666666669,0.0,59,1,50.0,58,9.1106186954104,0.0,9.1106186954104,6665.724371324589,0.13667859917226025,1236.0805537074073,0.6868762119809079,0.7184304000037667
segmented_diagnostic,gebco_monterey_canyon_complex,GEBCO Monterey Canyon,public,complex_relief,Full Geometry-Aware Hybrid GA,26,1,6656.613752629179,6656.613752629179,0.0,0.0,0.0,99.16666666666669,0.0,59,1,100.0,58,18.2212373908208,0.0,18.2212373908208,6674.834990019999,0.2729840875177381,1239.4548569279295,0.7184304000037653,0.7812213591566172
segmented_diagnostic,gebco_monterey_canyon_complex,GEBCO Monterey Canyon,public,complex_relief,Full Geometry-Aware Hybrid GA,27,1,6656.620000000051,6656.620000000051,0.0,0.0,0.0,100.0,0.0,59,1,25.0,58,4.5553093477052,0.0,4.5553093477052,6661.175309347756,0.06838596998509626,1234.394559017678,0.6709660481264189,0.6867831319370654
segmented_diagnostic,gebco_monterey_canyon_complex,GEBCO Monterey Canyon,public,complex_relief,Full Geometry-Aware Hybrid GA,27,1,6656.620000000051,6656.620000000051,0.0,0.0,0.0,100.0,0.0,59,1,50.0,58,9.1106186954104,0.0,9.1106186954104,6665.730618695461,0.13667847107198916,1236.0817106279392,0.6867831319370573,0.7183374765401896
segmented_diagnostic,gebco_monterey_canyon_complex,GEBCO Monterey Canyon,public,complex_relief,Full Geometry-Aware Hybrid GA,27,1,6656.620000000051,6656.620000000051,0.0,0.0,0.0,100.0,0.0,59,1,100.0,58,18.2212373908208,0.0,18.2212373908208,6674.841237390871,0.272983832016105,1239.4560138484617,0.7183374765401903,0.7811287472784662
segmented_diagnostic,gebco_monterey_canyon_complex,GEBCO Monterey Canyon,public,complex_relief,Full Geometry-Aware Hybrid GA,28,1,6656.584292441113,6656.584292441113,0.0,0.0,0.0,99.16666666666669,0.0023932671604159,59,1,25.0,58,4.5553093477052,0.0,4.5553093477052,6661.139601788818,0.06838633657342795,1234.3879465067635,0.6714985063142599,0.687315141516736
segmented_diagnostic,gebco_monterey_canyon_complex,GEBCO Monterey Canyon,public,complex_relief,Full Geometry-Aware Hybrid GA,28,1,6656.584292441113,6656.584292441113,0.0,0.0,0.0,99.16666666666669,0.0023932671604159,59,1,50.0,58,9.1106186954104,0.0,9.1106186954104,6665.694911136523,0.1366792032468976,1236.0750981170247,0.6873151415167286,0.7188685911674817
segmented_diagnostic,gebco_monterey_canyon_complex,GEBCO Monterey Canyon,public,complex_relief,Full Geometry-Aware Hybrid GA,28,1,6656.584292441113,6656.584292441113,0.0,0.0,0.0,99.16666666666669,0.0023932671604159,59,1,100.0,58,18.2212373908208,0.0,18.2212373908208,6674.805529831933,0.27298529237120106,1239.449401337547,0.7188685911674829,0.7816580810037228
segmented_diagnostic,gebco_monterey_canyon_complex,GEBCO Monterey Canyon,public,complex_relief,Full Geometry-Aware Hybrid GA,29,1,6656.534730854428,6656.534730854428,0.0,0.0,0.0,99.16666666666669,0.0456204549153473,59,1,25.0,58,4.5553093477052,0.0,4.5553093477052,6661.090040202133,0.06838684539936,1234.3787684351553,0.6722375507467969,0.6880535632874692
segmented_diagnostic,gebco_monterey_canyon_complex,GEBCO Monterey Canyon,public,complex_relief,Full Geometry-Aware Hybrid GA,29,1,6656.534730854428,6656.534730854428,0.0,0.0,0.0,99.16666666666669,0.0456204549153473,59,1,50.0,58,9.1106186954104,0.0,9.1106186954104,6665.645349549838,0.13668021950831336,1236.0659200454165,0.688053563287472,0.7196057707569734
segmented_diagnostic,gebco_monterey_canyon_complex,GEBCO Monterey Canyon,public,complex_relief,Full Geometry-Aware Hybrid GA,29,1,6656.534730854428,6656.534730854428,0.0,0.0,0.0,99.16666666666669,0.0456204549153473,59,1,100.0,58,18.2212373908208,0.0,18.2212373908208,6674.755968245248,0.2729873193493102,1239.4402232659388,0.719605770756985,0.782392788726357
segmented_diagnostic,gebco_monterey_canyon_complex,GEBCO Monterey Canyon,public,complex_relief,Coverage-Preserving Segmented Hybrid,0,1,6656.620000000051,6656.620000000051,0.0,0.0,0.0,100.0,0.0,59,1,25.0,58,4.5553093477052,0.0,4.5553093477052,6661.175309347756,0.06838596998509626,1234.394559017678,0.6709660481264189,0.6867831319370654
segmented_diagnostic,gebco_monterey_canyon_complex,GEBCO Monterey Canyon,public,complex_relief,Coverage-Preserving Segmented Hybrid,0,1,6656.620000000051,6656.620000000051,0.0,0.0,0.0,100.0,0.0,59,1,50.0,58,9.1106186954104,0.0,9.1106186954104,6665.730618695461,0.13667847107198916,1236.0817106279392,0.6867831319370573,0.7183374765401896
segmented_diagnostic,gebco_monterey_canyon_complex,GEBCO Monterey Canyon,public,complex_relief,Coverage-Preserving Segmented Hybrid,0,1,6656.620000000051,6656.620000000051,0.0,0.0,0.0,100.0,0.0,59,1,100.0,58,18.2212373908208,0.0,18.2212373908208,6674.841237390871,0.272983832016105,1239.4560138484617,0.7183374765401903,0.7811287472784662
segmented_diagnostic,gebco_monterey_canyon_complex,GEBCO Monterey Canyon,public,complex_relief,Transition-Aware Segmented Hybrid,0,1,6656.620000000051,6656.620000000051,0.0,0.0,0.0,100.0,0.0,59,1,25.0,58,4.5553093477052,0.0,4.5553093477052,6661.175309347756,0.06838596998509626,1234.394559017678,0.6709660481264189,0.6867831319370654
segmented_diagnostic,gebco_monterey_canyon_complex,GEBCO Monterey Canyon,public,complex_relief,Transition-Aware Segmented Hybrid,0,1,6656.620000000051,6656.620000000051,0.0,0.0,0.0,100.0,0.0,59,1,50.0,58,9.1106186954104,0.0,9.1106186954104,6665.730618695461,0.13667847107198916,1236.0817106279392,0.6867831319370573,0.7183374765401896
segmented_diagnostic,gebco_monterey_canyon_complex,GEBCO Monterey Canyon,public,complex_relief,Transition-Aware Segmented Hybrid,0,1,6656.620000000051,6656.620000000051,0.0,0.0,0.0,100.0,0.0,59,1,100.0,58,18.2212373908208,0.0,18.2212373908208,6674.841237390871,0.272983832016105,1239.4560138484617,0.7183374765401903,0.7811287472784662
segmented_diagnostic,gebco_monterey_canyon_complex,GEBCO Monterey Canyon,public,complex_relief,Coverage-Preserving Segmented Hybrid,1,2,5787.715957168784,5697.428332838894,90.2876243298906,0.0,100.0,100.0,0.0,86,1,25.0,84,6.597344572538566,0.0,6.597344572538566,5794.313301741323,0.11385895496116707,1074.2427122803447,13.597298382346256,13.571800301409029
segmented_diagnostic,gebco_monterey_canyon_complex,GEBCO Monterey Canyon,public,complex_relief,Coverage-Preserving Segmented Hybrid,1,2,5787.715957168784,5697.428332838894,90.2876243298906,0.0,100.0,100.0,0.0,86,1,50.0,84,13.194689145077133,0.0,13.194689145077133,5800.910646313861,0.2274589275644434,1076.6861732331367,13.571800301409024,13.520932818992948
segmented_diagnostic,gebco_monterey_canyon_complex,GEBCO Monterey Canyon,public,complex_relief,Coverage-Preserving Segmented Hybrid,1,2,5787.715957168784,5697.428332838894,90.2876243298906,0.0,100.0,100.0,0.0,86,1,100.0,84,26.389378290154266,0.0,26.389378290154266,5814.1053354589385,0.4538854521470621,1081.5730951387206,13.520932818992945,13.419709551631984
segmented_diagnostic,gebco_monterey_canyon_complex,GEBCO Monterey Canyon,public,complex_relief,Transition-Aware Segmented Hybrid,1,2,5787.715957168784,5697.428332838894,90.2876243298906,0.0,100.0,100.0,0.0,86,1,25.0,84,6.597344572538566,0.0,6.597344572538566,5794.313301741323,0.11385895496116707,1074.2427122803447,13.597298382346256,13.571800301409029
segmented_diagnostic,gebco_monterey_canyon_complex,GEBCO Monterey Canyon,public,complex_relief,Transition-Aware Segmented Hybrid,1,2,5787.715957168784,5697.428332838894,90.2876243298906,0.0,100.0,100.0,0.0,86,1,50.0,84,13.194689145077133,0.0,13.194689145077133,5800.910646313861,0.2274589275644434,1076.6861732331367,13.571800301409024,13.520932818992948
segmented_diagnostic,gebco_monterey_canyon_complex,GEBCO Monterey Canyon,public,complex_relief,Transition-Aware Segmented Hybrid,1,2,5787.715957168784,5697.428332838894,90.2876243298906,0.0,100.0,100.0,0.0,86,1,100.0,84,26.389378290154266,0.0,26.389378290154266,5814.1053354589385,0.4538854521470621,1081.5730951387206,13.520932818992945,13.419709551631984
segmented_diagnostic,gebco_monterey_canyon_complex,GEBCO Monterey Canyon,public,complex_relief,Coverage-Preserving Segmented Hybrid,2,1,6656.620000000051,6656.620000000051,0.0,0.0,0.0,100.0,0.0,59,1,25.0,58,4.5553093477052,0.0,4.5553093477052,6661.175309347756,0.06838596998509626,1234.394559017678,0.6709660481264189,0.6867831319370654
segmented_diagnostic,gebco_monterey_canyon_complex,GEBCO Monterey Canyon,public,complex_relief,Coverage-Preserving Segmented Hybrid,2,1,6656.620000000051,6656.620000000051,0.0,0.0,0.0,100.0,0.0,59,1,50.0,58,9.1106186954104,0.0,9.1106186954104,6665.730618695461,0.13667847107198916,1236.0817106279392,0.6867831319370573,0.7183374765401896
segmented_diagnostic,gebco_monterey_canyon_complex,GEBCO Monterey Canyon,public,complex_relief,Coverage-Preserving Segmented Hybrid,2,1,6656.620000000051,6656.620000000051,0.0,0.0,0.0,100.0,0.0,59,1,100.0,58,18.2212373908208,0.0,18.2212373908208,6674.841237390871,0.272983832016105,1239.4560138484617,0.7183374765401903,0.7811287472784662
segmented_diagnostic,gebco_monterey_canyon_complex,GEBCO Monterey Canyon,public,complex_relief,Transition-Aware Segmented Hybrid,2,1,6656.620000000051,6656.620000000051,0.0,0.0,0.0,100.0,0.0,59,1,25.0,58,4.5553093477052,0.0,4.5553093477052,6661.175309347756,0.06838596998509626,1234.394559017678,0.6709660481264189,0.6867831319370654
segmented_diagnostic,gebco_monterey_canyon_complex,GEBCO Monterey Canyon,public,complex_relief,Transition-Aware Segmented Hybrid,2,1,6656.620000000051,6656.620000000051,0.0,0.0,0.0,100.0,0.0,59,1,50.0,58,9.1106186954104,0.0,9.1106186954104,6665.730618695461,0.13667847107198916,1236.0817106279392,0.6867831319370573,0.7183374765401896
segmented_diagnostic,gebco_monterey_canyon_complex,GEBCO Monterey Canyon,public,complex_relief,Transition-Aware Segmented Hybrid,2,1,6656.620000000051,6656.620000000051,0.0,0.0,0.0,100.0,0.0,59,1,100.0,58,18.2212373908208,0.0,18.2212373908208,6674.841237390871,0.272983832016105,1239.4560138484617,0.7183374765401903,0.7811287472784662
segmented_diagnostic,gebco_monterey_canyon_complex,GEBCO Monterey Canyon,public,complex_relief,Coverage-Preserving Segmented Hybrid,3,1,6656.620000000051,6656.620000000051,0.0,0.0,0.0,100.0,0.0,59,1,25.0,58,4.5553093477052,0.0,4.5553093477052,6661.175309347756,0.06838596998509626,1234.394559017678,0.6709660481264189,0.6867831319370654
segmented_diagnostic,gebco_monterey_canyon_complex,GEBCO Monterey Canyon,public,complex_relief,Coverage-Preserving Segmented Hybrid,3,1,6656.620000000051,6656.620000000051,0.0,0.0,0.0,100.0,0.0,59,1,50.0,58,9.1106186954104,0.0,9.1106186954104,6665.730618695461,0.13667847107198916,1236.0817106279392,0.6867831319370573,0.7183374765401896
segmented_diagnostic,gebco_monterey_canyon_complex,GEBCO Monterey Canyon,public,complex_relief,Coverage-Preserving Segmented Hybrid,3,1,6656.620000000051,6656.620000000051,0.0,0.0,0.0,100.0,0.0,59,1,100.0,58,18.2212373908208,0.0,18.2212373908208,6674.841237390871,0.272983832016105,1239.4560138484617,0.7183374765401903,0.7811287472784662
segmented_diagnostic,gebco_monterey_canyon_complex,GEBCO Monterey Canyon,public,complex_relief,Transition-Aware Segmented Hybrid,3,1,6656.620000000051,6656.620000000051,0.0,0.0,0.0,100.0,0.0,59,1,25.0,58,4.5553093477052,0.0,4.5553093477052,6661.175309347756,0.06838596998509626,1234.394559017678,0.6709660481264189,0.6867831319370654
segmented_diagnostic,gebco_monterey_canyon_complex,GEBCO Monterey Canyon,public,complex_relief,Transition-Aware Segmented Hybrid,3,1,6656.620000000051,6656.620000000051,0.0,0.0,0.0,100.0,0.0,59,1,50.0,58,9.1106186954104,0.0,9.1106186954104,6665.730618695461,0.13667847107198916,1236.0817106279392,0.6867831319370573,0.7183374765401896
segmented_diagnostic,gebco_monterey_canyon_complex,GEBCO Monterey Canyon,public,complex_relief,Transition-Aware Segmented Hybrid,3,1,6656.620000000051,6656.620000000051,0.0,0.0,0.0,100.0,0.0,59,1,100.0,58,18.2212373908208,0.0,18.2212373908208,6674.841237390871,0.272983832016105,1239.4560138484617,0.7183374765401903,0.7811287472784662
segmented_diagnostic,gebco_monterey_canyon_complex,GEBCO Monterey Canyon,public,complex_relief,Coverage-Preserving Segmented Hybrid,4,4,5900.121819914997,5629.206587047765,270.86287298967176,0.0523598775598298,100.0,100.0,0.0,86,1,25.0,82,6.440264939859076,0.01308996938995745,6.453354909249033,5906.522814946686,0.10925810517346293,1094.9955870103583,11.924070756696205,11.90212772091925
segmented_diagnostic,gebco_monterey_canyon_complex,GEBCO Monterey Canyon,public,complex_relief,Coverage-Preserving Segmented Hybrid,4,4,5900.121819914997,5629.206587047765,270.86287298967176,0.0523598775598298,100.0,100.0,0.0,86,1,50.0,82,12.880529879718152,0.0261799387799149,12.906709818498067,5912.976169855935,0.21827772424140393,1097.3857184582284,11.902127720919246,11.858352387815266
segmented_diagnostic,gebco_monterey_canyon_complex,GEBCO Monterey Canyon,public,complex_relief,Coverage-Preserving Segmented Hybrid,4,4,5900.121819914997,5629.206587047765,270.86287298967176,0.0523598775598298,100.0,100.0,0.0,86,1,100.0,82,25.761059759436304,0.0523598775598298,25.813419636996134,5925.882879674434,0.4356046206302058,1102.1659813539684,11.85835238781526,11.77124207615575
segmented_diagnostic,gebco_monterey_canyon_complex,GEBCO Monterey Canyon,public,complex_relief,Transition-Aware Segmented Hybrid,4,4,5900.121819914997,5629.206587047765,270.86287298967176,0.0523598775598298,100.0,100.0,0.0,86,1,25.0,82,6.440264939859076,0.01308996938995745,6.453354909249033,5906.522814946686,0.10925810517346293,1094.9955870103583,11.924070756696205,11.90212772091925
segmented_diagnostic,gebco_monterey_canyon_complex,GEBCO Monterey Canyon,public,complex_relief,Transition-Aware Segmented Hybrid,4,4,5900.121819914997,5629.206587047765,270.86287298967176,0.0523598775598298,100.0,100.0,0.0,86,1,50.0,82,12.880529879718152,0.0261799387799149,12.906709818498067,5912.976169855935,0.21827772424140393,1097.3857184582284,11.902127720919246,11.858352387815266
segmented_diagnostic,gebco_monterey_canyon_complex,GEBCO Monterey Canyon,public,complex_relief,Transition-Aware Segmented Hybrid,4,4,5900.121819914997,5629.206587047765,270.86287298967176,0.0523598775598298,100.0,100.0,0.0,86,1,100.0,82,25.761059759436304,0.0523598775598298,25.813419636996134,5925.882879674434,0.4356046206302058,1102.1659813539684,11.85835238781526,11.77124207615575
segmented_diagnostic,gebco_monterey_canyon_complex,GEBCO Monterey Canyon,public,complex_relief,Coverage-Preserving Segmented Hybrid,5,1,6656.486502297005,6656.486502297005,0.0,0.0,0.0,100.0,0.1267211997303698,59,1,25.0,58,4.5553093477052,0.0,4.5553093477052,6661.041811644711,0.06838734054696508,1234.3698372208178,0.6729567175297152,0.6887721241559666
segmented_diagnostic,gebco_monterey_canyon_complex,GEBCO Monterey Canyon,public,complex_relief,Coverage-Preserving Segmented Hybrid,5,1,6656.486502297005,6656.486502297005,0.0,0.0,0.0,100.0,0.1267211997303698,59,1,50.0,58,9.1106186954104,0.0,9.1106186954104,6665.5971209924155,0.13668120845044343,1236.0569888310788,0.68877212415597,0.7203231228544762
segmented_diagnostic,gebco_monterey_canyon_complex,GEBCO Monterey Canyon,public,complex_relief,Coverage-Preserving Segmented Hybrid,5,1,6656.486502297005,6656.486502297005,0.0,0.0,0.0,100.0,0.1267211997303698,59,1,100.0,58,18.2212373908208,0.0,18.2212373908208,6674.707739687826,0.2729892918378626,1239.4312920516013,0.7203231228544702,0.7831077354413536
segmented_diagnostic,gebco_monterey_canyon_complex,GEBCO Monterey Canyon,public,complex_relief,Transition-Aware Segmented Hybrid,5,1,6656.486502297005,6656.486502297005,0.0,0.0,0.0,100.0,0.1267211997303698,59,1,25.0,58,4.5553093477052,0.0,4.5553093477052,6661.041811644711,0.06838734054696508,1234.3698372208178,0.6729567175297152,0.6887721241559666
segmented_diagnostic,gebco_monterey_canyon_complex,GEBCO Monterey Canyon,public,complex_relief,Transition-Aware Segmented Hybrid,5,1,6656.486502297005,6656.486502297005,0.0,0.0,0.0,100.0,0.1267211997303698,59,1,50.0,58,9.1106186954104,0.0,9.1106186954104,6665.5971209924155,0.13668120845044343,1236.0569888310788,0.68877212415597,0.7203231228544762
segmented_diagnostic,gebco_monterey_canyon_complex,GEBCO Monterey Canyon,public,complex_relief,Transition-Aware Segmented Hybrid,5,1,6656.486502297005,6656.486502297005,0.0,0.0,0.0,100.0,0.1267211997303698,59,1,100.0,58,18.2212373908208,0.0,18.2212373908208,6674.707739687826,0.2729892918378626,1239.4312920516013,0.7203231228544702,0.7831077354413536
segmented_diagnostic,gebco_monterey_canyon_complex,GEBCO Monterey Canyon,public,complex_relief,Coverage-Preserving Segmented Hybrid,6,1,6656.577842791205,6656.577842791205,0.0,0.0,0.0,100.0,0.1285949962071296,59,1,25.0,58,4.5553093477052,0.0,4.5553093477052,6661.13315213891,0.06838640278857774,1234.3867521271509,0.6715946811580291,0.6874112353310027
segmented_diagnostic,gebco_monterey_canyon_complex,GEBCO Monterey Canyon,public,complex_relief,Coverage-Preserving Segmented Hybrid,6,1,6656.577842791205,6656.577842791205,0.0,0.0,0.0,100.0,0.1285949962071296,59,1,50.0,58,9.1106186954104,0.0,9.1106186954104,6665.688461486615,0.13667933549625427,1236.073903737412,0.6874112353309979,0.718964523331693
segmented_diagnostic,gebco_monterey_canyon_complex,GEBCO Monterey Canyon,public,complex_relief,Coverage-Preserving Segmented Hybrid,6,1,6656.577842791205,6656.577842791205,0.0,0.0,0.0,100.0,0.1285949962071296,59,1,100.0,58,18.2212373908208,0.0,18.2212373908208,6674.799080182025,0.27298555614836423,1239.4482069579344,0.7189645233316788,0.7817536914938753
segmented_diagnostic,gebco_monterey_canyon_complex,GEBCO Monterey Canyon,public,complex_relief,Transition-Aware Segmented Hybrid,6,1,6656.577842791205,6656.577842791205,0.0,0.0,0.0,100.0,0.1285949962071296,59,1,25.0,58,4.5553093477052,0.0,4.5553093477052,6661.13315213891,0.06838640278857774,1234.3867521271509,0.6715946811580291,0.6874112353310027
segmented_diagnostic,gebco_monterey_canyon_complex,GEBCO Monterey Canyon,public,complex_relief,Transition-Aware Segmented Hybrid,6,1,6656.577842791205,6656.577842791205,0.0,0.0,0.0,100.0,0.1285949962071296,59,1,50.0,58,9.1106186954104,0.0,9.1106186954104,6665.688461486615,0.13667933549625427,1236.073903737412,0.6874112353309979,0.718964523331693
segmented_diagnostic,gebco_monterey_canyon_complex,GEBCO Monterey Canyon,public,complex_relief,Transition-Aware Segmented Hybrid,6,1,6656.577842791205,6656.577842791205,0.0,0.0,0.0,100.0,0.1285949962071296,59,1,100.0,58,18.2212373908208,0.0,18.2212373908208,6674.799080182025,0.27298555614836423,1239.4482069579344,0.7189645233316788,0.7817536914938753
segmented_diagnostic,gebco_monterey_canyon_complex,GEBCO Monterey Canyon,public,complex_relief,Coverage-Preserving Segmented Hybrid,7,2,5787.715957168784,5697.428332838894,90.2876243298906,0.0,100.0,100.0,0.0,86,1,25.0,84,6.597344572538566,0.0,6.597344572538566,5794.313301741323,0.11385895496116707,1074.2427122803447,13.597298382346256,13.571800301409029
segmented_diagnostic,gebco_monterey_canyon_complex,GEBCO Monterey Canyon,public,complex_relief,Coverage-Preserving Segmented Hybrid,7,2,5787.715957168784,5697.428332838894,90.2876243298906,0.0,100.0,100.0,0.0,86,1,50.0,84,13.194689145077133,0.0,13.194689145077133,5800.910646313861,0.2274589275644434,1076.6861732331367,13.571800301409024,13.520932818992948
segmented_diagnostic,gebco_monterey_canyon_complex,GEBCO Monterey Canyon,public,complex_relief,Coverage-Preserving Segmented Hybrid,7,2,5787.715957168784,5697.428332838894,90.2876243298906,0.0,100.0,100.0,0.0,86,1,100.0,84,26.389378290154266,0.0,26.389378290154266,5814.1053354589385,0.4538854521470621,1081.5730951387206,13.520932818992945,13.419709551631984
segmented_diagnostic,gebco_monterey_canyon_complex,GEBCO Monterey Canyon,public,complex_relief,Transition-Aware Segmented Hybrid,7,2,5787.715957168784,5697.428332838894,90.2876243298906,0.0,100.0,100.0,0.0,86,1,25.0,84,6.597344572538566,0.0,6.597344572538566,5794.313301741323,0.11385895496116707,1074.2427122803447,13.597298382346256,13.571800301409029
segmented_diagnostic,gebco_monterey_canyon_complex,GEBCO Monterey Canyon,public,complex_relief,Transition-Aware Segmented Hybrid,7,2,5787.715957168784,5697.428332838894,90.2876243298906,0.0,100.0,100.0,0.0,86,1,50.0,84,13.194689145077133,0.0,13.194689145077133,5800.910646313861,0.2274589275644434,1076.6861732331367,13.571800301409024,13.520932818992948
segmented_diagnostic,gebco_monterey_canyon_complex,GEBCO Monterey Canyon,public,complex_relief,Transition-Aware Segmented Hybrid,7,2,5787.715957168784,5697.428332838894,90.2876243298906,0.0,100.0,100.0,0.0,86,1,100.0,84,26.389378290154266,0.0,26.389378290154266,5814.1053354589385,0.4538854521470621,1081.5730951387206,13.520932818992945,13.419709551631984
segmented_diagnostic,gebco_monterey_canyon_complex,GEBCO Monterey Canyon,public,complex_relief,Coverage-Preserving Segmented Hybrid,8,4,5892.401031853451,5621.485798986219,270.86287298967176,0.0523598775598298,100.0,99.32777777777778,0.0,86,1,25.0,82,6.440264939859076,0.01308996938995745,6.453354909249033,5898.80202688514,0.10940111025656382,1093.5658114434052,12.039200352283387,12.017160317195819
segmented_diagnostic,gebco_monterey_canyon_complex,GEBCO Monterey Canyon,public,complex_relief,Coverage-Preserving Segmented Hybrid,8,4,5892.401031853451,5621.485798986219,270.86287298967176,0.0523598775598298,100.0,99.32777777777778,0.0,86,1,50.0,82,12.880529879718152,0.0261799387799149,12.906709818498067,5905.255381794389,0.21856311004412807,1095.9559428912755,12.017160317195803,11.973191474990493
segmented_diagnostic,gebco_monterey_canyon_complex,GEBCO Monterey Canyon,public,complex_relief,Coverage-Preserving Segmented Hybrid,8,4,5892.401031853451,5621.485798986219,270.86287298967176,0.0523598775598298,100.0,99.32777777777778,0.0,86,1,100.0,82,25.761059759436304,0.0523598775598298,25.813419636996134,5918.162091612888,0.43617290701750877,1100.7362057870155,11.973191474990493,11.88569609171804
segmented_diagnostic,gebco_monterey_canyon_complex,GEBCO Monterey Canyon,public,complex_relief,Transition-Aware Segmented Hybrid,8,4,5892.401031853451,5621.485798986219,270.86287298967176,0.0523598775598298,100.0,99.32777777777778,0.0,86,1,25.0,82,6.440264939859076,0.01308996938995745,6.453354909249033,5898.80202688514,0.10940111025656382,1093.5658114434052,12.039200352283387,12.017160317195819
segmented_diagnostic,gebco_monterey_canyon_complex,GEBCO Monterey Canyon,public,complex_relief,Transition-Aware Segmented Hybrid,8,4,5892.401031853451,5621.485798986219,270.86287298967176,0.0523598775598298,100.0,99.32777777777778,0.0,86,1,50.0,82,12.880529879718152,0.0261799387799149,12.906709818498067,5905.255381794389,0.21856311004412807,1095.9559428912755,12.017160317195803,11.973191474990493
segmented_diagnostic,gebco_monterey_canyon_complex,GEBCO Monterey Canyon,public,complex_relief,Transition-Aware Segmented Hybrid,8,4,5892.401031853451,5621.485798986219,270.86287298967176,0.0523598775598298,100.0,99.32777777777778,0.0,86,1,100.0,82,25.761059759436304,0.0523598775598298,25.813419636996134,5918.162091612888,0.43617290701750877,1100.7362057870155,11.973191474990493,11.88569609171804
segmented_diagnostic,gebco_monterey_canyon_complex,GEBCO Monterey Canyon,public,complex_relief,Coverage-Preserving Segmented Hybrid,9,3,5862.077427974529,5681.502179314748,180.5752486597812,0.0,100.0,100.0,0.0,99,1,25.0,96,7.5398223686155035,0.0,7.5398223686155035,5869.617250343144,0.12845509420865076,1088.3624208725482,12.474393171176715,12.435799116627981
segmented_diagnostic,gebco_monterey_canyon_complex,GEBCO Monterey Canyon,public,complex_relief,Coverage-Preserving Segmented Hybrid,9,3,5862.077427974529,5681.502179314748,180.5752486597812,0.0,100.0,100.0,0.0,99,1,50.0,96,15.079644737231007,0.0,15.079644737231007,5877.1570727117605,0.25658059756897317,1091.154947675739,12.435799116627976,12.358805777562361
segmented_diagnostic,gebco_monterey_canyon_complex,GEBCO Monterey Canyon,public,complex_relief,Coverage-Preserving Segmented Hybrid,9,3,5862.077427974529,5681.502179314748,180.5752486597812,0.0,100.0,100.0,0.0,99,1,100.0,96,30.159289474462014,0.0,30.159289474462014,5892.236717448991,0.5118478927560687,1096.740001282121,12.358805777562361,12.205593607919162
segmented_diagnostic,gebco_monterey_canyon_complex,GEBCO Monterey Canyon,public,complex_relief,Transition-Aware Segmented Hybrid,9,3,5862.077427974529,5681.502179314748,180.5752486597812,0.0,100.0,100.0,0.0,99,1,25.0,96,7.5398223686155035,0.0,7.5398223686155035,5869.617250343144,0.12845509420865076,1088.3624208725482,12.474393171176715,12.435799116627981
segmented_diagnostic,gebco_monterey_canyon_complex,GEBCO Monterey Canyon,public,complex_relief,Transition-Aware Segmented Hybrid,9,3,5862.077427974529,5681.502179314748,180.5752486597812,0.0,100.0,100.0,0.0,99,1,50.0,96,15.079644737231007,0.0,15.079644737231007,5877.1570727117605,0.25658059756897317,1091.154947675739,12.435799116627976,12.358805777562361
segmented_diagnostic,gebco_monterey_canyon_complex,GEBCO Monterey Canyon,public,complex_relief,Transition-Aware Segmented Hybrid,9,3,5862.077427974529,5681.502179314748,180.5752486597812,0.0,100.0,100.0,0.0,99,1,100.0,96,30.159289474462014,0.0,30.159289474462014,5892.236717448991,0.5118478927560687,1096.740001282121,12.358805777562361,12.205593607919162
segmented_diagnostic,gebco_monterey_canyon_complex,GEBCO Monterey Canyon,public,complex_relief,Coverage-Preserving Segmented Hybrid,10,2,5787.715957168784,5697.428332838894,90.2876243298906,0.0,100.0,100.0,0.0,86,1,25.0,84,6.597344572538566,0.0,6.597344572538566,5794.313301741323,0.11385895496116707,1074.2427122803447,13.597298382346256,13.571800301409029
segmented_diagnostic,gebco_monterey_canyon_complex,GEBCO Monterey Canyon,public,complex_relief,Coverage-Preserving Segmented Hybrid,10,2,5787.715957168784,5697.428332838894,90.2876243298906,0.0,100.0,100.0,0.0,86,1,50.0,84,13.194689145077133,0.0,13.194689145077133,5800.910646313861,0.2274589275644434,1076.6861732331367,13.571800301409024,13.520932818992948
segmented_diagnostic,gebco_monterey_canyon_complex,GEBCO Monterey Canyon,public,complex_relief,Coverage-Preserving Segmented Hybrid,10,2,5787.715957168784,5697.428332838894,90.2876243298906,0.0,100.0,100.0,0.0,86,1,100.0,84,26.389378290154266,0.0,26.389378290154266,5814.1053354589385,0.4538854521470621,1081.5730951387206,13.520932818992945,13.419709551631984
segmented_diagnostic,gebco_monterey_canyon_complex,GEBCO Monterey Canyon,public,complex_relief,Transition-Aware Segmented Hybrid,10,2,5787.715957168784,5697.428332838894,90.2876243298906,0.0,100.0,100.0,0.0,86,1,25.0,84,6.597344572538566,0.0,6.597344572538566,5794.313301741323,0.11385895496116707,1074.2427122803447,13.597298382346256,13.571800301409029
segmented_diagnostic,gebco_monterey_canyon_complex,GEBCO Monterey Canyon,public,complex_relief,Transition-Aware Segmented Hybrid,10,2,5787.715957168784,5697.428332838894,90.2876243298906,0.0,100.0,100.0,0.0,86,1,50.0,84,13.194689145077133,0.0,13.194689145077133,5800.910646313861,0.2274589275644434,1076.6861732331367,13.571800301409024,13.520932818992948
segmented_diagnostic,gebco_monterey_canyon_complex,GEBCO Monterey Canyon,public,complex_relief,Transition-Aware Segmented Hybrid,10,2,5787.715957168784,5697.428332838894,90.2876243298906,0.0,100.0,100.0,0.0,86,1,100.0,84,26.389378290154266,0.0,26.389378290154266,5814.1053354589385,0.4538854521470621,1081.5730951387206,13.520932818992945,13.419709551631984
segmented_diagnostic,gebco_monterey_canyon_complex,GEBCO Monterey Canyon,public,complex_relief,Coverage-Preserving Segmented Hybrid,11,1,6656.605018589165,6656.605018589165,0.0,0.0,0.0,99.16666666666669,0.0207736906864401,59,1,25.0,58,4.5553093477052,0.0,4.5553093477052,6661.160327936871,0.06838612378987872,1234.3917846823288,0.6711894455002121,0.6870063410934756
segmented_diagnostic,gebco_monterey_canyon_complex,GEBCO Monterey Canyon,public,complex_relief,Coverage-Preserving Segmented Hybrid,11,1,6656.605018589165,6656.605018589165,0.0,0.0,0.0,99.16666666666669,0.0207736906864401,59,1,50.0,58,9.1106186954104,0.0,9.1106186954104,6665.715637284576,0.1366787782612612,1236.0789362925898,0.6870063410934668,0.7185603102117151
segmented_diagnostic,gebco_monterey_canyon_complex,GEBCO Monterey Canyon,public,complex_relief,Coverage-Preserving Segmented Hybrid,11,1,6656.605018589165,6656.605018589165,0.0,0.0,0.0,99.16666666666669,0.0207736906864401,59,1,100.0,58,18.2212373908208,0.0,18.2212373908208,6674.826255979986,0.2729844447186377,1239.4532395131123,0.7185603102116969,0.7813508337573464
segmented_diagnostic,gebco_monterey_canyon_complex,GEBCO Monterey Canyon,public,complex_relief,Transition-Aware Segmented Hybrid,11,1,6656.605018589165,6656.605018589165,0.0,0.0,0.0,99.16666666666669,0.0207736906864401,59,1,25.0,58,4.5553093477052,0.0,4.5553093477052,6661.160327936871,0.06838612378987872,1234.3917846823288,0.6711894455002121,0.6870063410934756
segmented_diagnostic,gebco_monterey_canyon_complex,GEBCO Monterey Canyon,public,complex_relief,Transition-Aware Segmented Hybrid,11,1,6656.605018589165,6656.605018589165,0.0,0.0,0.0,99.16666666666669,0.0207736906864401,59,1,50.0,58,9.1106186954104,0.0,9.1106186954104,6665.715637284576,0.1366787782612612,1236.0789362925898,0.6870063410934668,0.7185603102117151
segmented_diagnostic,gebco_monterey_canyon_complex,GEBCO Monterey Canyon,public,complex_relief,Transition-Aware Segmented Hybrid,11,1,6656.605018589165,6656.605018589165,0.0,0.0,0.0,99.16666666666669,0.0207736906864401,59,1,100.0,58,18.2212373908208,0.0,18.2212373908208,6674.826255979986,0.2729844447186377,1239.4532395131123,0.7185603102116969,0.7813508337573464
segmented_diagnostic,gebco_monterey_canyon_complex,GEBCO Monterey Canyon,public,complex_relief,Coverage-Preserving Segmented Hybrid,12,1,6656.612269000877,6656.612269000877,0.0,0.0,0.0,99.16666666666669,0.1539267079611943,59,1,25.0,58,4.5553093477052,0.0,4.5553093477052,6661.1675783485825,0.06838604935434667,1234.3931273511641,0.6710813299864153,0.6868983166694731
segmented_diagnostic,gebco_monterey_canyon_complex,GEBCO Monterey Canyon,public,complex_relief,Coverage-Preserving Segmented Hybrid,12,1,6656.612269000877,6656.612269000877,0.0,0.0,0.0,99.16666666666669,0.1539267079611943,59,1,50.0,58,9.1106186954104,0.0,9.1106186954104,6665.722887696287,0.1366786295936026,1236.0802789614254,0.6868983166694568,0.7184524675075709
segmented_diagnostic,gebco_monterey_canyon_complex,GEBCO Monterey Canyon,public,complex_relief,Coverage-Preserving Segmented Hybrid,12,1,6656.612269000877,6656.612269000877,0.0,0.0,0.0,99.16666666666669,0.1539267079611943,59,1,100.0,58,18.2212373908208,0.0,18.2212373908208,6674.8335063916975,0.2729841481944453,1239.4545821819477,0.7184524675075634,0.7812433526649769
segmented_diagnostic,gebco_monterey_canyon_complex,GEBCO Monterey Canyon,public,complex_relief,Transition-Aware Segmented Hybrid,12,1,6656.612269000877,6656.612269000877,0.0,0.0,0.0,99.16666666666669,0.1539267079611943,59,1,25.0,58,4.5553093477052,0.0,4.5553093477052,6661.1675783485825,0.06838604935434667,1234.3931273511641,0.6710813299864153,0.6868983166694731
segmented_diagnostic,gebco_monterey_canyon_complex,GEBCO Monterey Canyon,public,complex_relief,Transition-Aware Segmented Hybrid,12,1,6656.612269000877,6656.612269000877,0.0,0.0,0.0,99.16666666666669,0.1539267079611943,59,1,50.0,58,9.1106186954104,0.0,9.1106186954104,6665.722887696287,0.1366786295936026,1236.0802789614254,0.6868983166694568,0.7184524675075709
segmented_diagnostic,gebco_monterey_canyon_complex,GEBCO Monterey Canyon,public,complex_relief,Transition-Aware Segmented Hybrid,12,1,6656.612269000877,6656.612269000877,0.0,0.0,0.0,99.16666666666669,0.1539267079611943,59,1,100.0,58,18.2212373908208,0.0,18.2212373908208,6674.8335063916975,0.2729841481944453,1239.4545821819477,0.7184524675075634,0.7812433526649769
segmented_diagnostic,gebco_monterey_canyon_complex,GEBCO Monterey Canyon,public,complex_relief,Coverage-Preserving Segmented Hybrid,13,1,6656.600344672872,6656.600344672872,0.0,0.0,0.0,100.0,0.1836010765531075,59,1,25.0,58,4.5553093477052,0.0,4.5553093477052,6661.1556540205775,0.06838617177419778,1234.3909191422745,0.6712591412473812,0.6870759781203825
segmented_diagnostic,gebco_monterey_canyon_complex,GEBCO Monterey Canyon,public,complex_relief,Coverage-Preserving Segmented Hybrid,13,1,6656.600344672872,6656.600344672872,0.0,0.0,0.0,100.0,0.1836010765531075,59,1,50.0,58,9.1106186954104,0.0,9.1106186954104,6665.710963368282,0.13667887409877535,1236.0780707525355,0.687075978120379,0.7186298300944477
segmented_diagnostic,gebco_monterey_canyon_complex,GEBCO Monterey Canyon,public,complex_relief,Coverage-Preserving Segmented Hybrid,13,1,6656.600344672872,6656.600344672872,0.0,0.0,0.0,100.0,0.1836010765531075,59,1,100.0,58,18.2212373908208,0.0,18.2212373908208,6674.821582063692,0.27298463587077987,1239.452373973058,0.7186298300944348,0.7814201205301333
segmented_diagnostic,gebco_monterey_canyon_complex,GEBCO Monterey Canyon,public,complex_relief,Transition-Aware Segmented Hybrid,13,1,6656.600344672872,6656.600344672872,0.0,0.0,0.0,100.0,0.1836010765531075,59,1,25.0,58,4.5553093477052,0.0,4.5553093477052,6661.1556540205775,0.06838617177419778,1234.3909191422745,0.6712591412473812,0.6870759781203825
segmented_diagnostic,gebco_monterey_canyon_complex,GEBCO Monterey Canyon,public,complex_relief,Transition-Aware Segmented Hybrid,13,1,6656.600344672872,6656.600344672872,0.0,0.0,0.0,100.0,0.1836010765531075,59,1,50.0,58,9.1106186954104,0.0,9.1106186954104,6665.710963368282,0.13667887409877535,1236.0780707525355,0.687075978120379,0.7186298300944477
segmented_diagnostic,gebco_monterey_canyon_complex,GEBCO Monterey Canyon,public,complex_relief,Transition-Aware Segmented Hybrid,13,1,6656.600344672872,6656.600344672872,0.0,0.0,0.0,100.0,0.1836010765531075,59,1,100.0,58,18.2212373908208,0.0,18.2212373908208,6674.821582063692,0.27298463587077987,1239.452373973058,0.7186298300944348,0.7814201205301333
segmented_diagnostic,gebco_monterey_canyon_complex,GEBCO Monterey Canyon,public,complex_relief,Coverage-Preserving Segmented Hybrid,14,1,6656.620000000051,6656.620000000051,0.0,0.0,0.0,100.0,0.0,59,1,25.0,58,4.5553093477052,0.0,4.5553093477052,6661.175309347756,0.06838596998509626,1234.394559017678,0.6709660481264189,0.6867831319370654
segmented_diagnostic,gebco_monterey_canyon_complex,GEBCO Monterey Canyon,public,complex_relief,Coverage-Preserving Segmented Hybrid,14,1,6656.620000000051,6656.620000000051,0.0,0.0,0.0,100.0,0.0,59,1,50.0,58,9.1106186954104,0.0,9.1106186954104,6665.730618695461,0.13667847107198916,1236.0817106279392,0.6867831319370573,0.7183374765401896
segmented_diagnostic,gebco_monterey_canyon_complex,GEBCO Monterey Canyon,public,complex_relief,Coverage-Preserving Segmented Hybrid,14,1,6656.620000000051,6656.620000000051,0.0,0.0,0.0,100.0,0.0,59,1,100.0,58,18.2212373908208,0.0,18.2212373908208,6674.841237390871,0.272983832016105,1239.4560138484617,0.7183374765401903,0.7811287472784662
segmented_diagnostic,gebco_monterey_canyon_complex,GEBCO Monterey Canyon,public,complex_relief,Transition-Aware Segmented Hybrid,14,1,6656.620000000051,6656.620000000051,0.0,0.0,0.0,100.0,0.0,59,1,25.0,58,4.5553093477052,0.0,4.5553093477052,6661.175309347756,0.06838596998509626,1234.394559017678,0.6709660481264189,0.6867831319370654
segmented_diagnostic,gebco_monterey_canyon_complex,GEBCO Monterey Canyon,public,complex_relief,Transition-Aware Segmented Hybrid,14,1,6656.620000000051,6656.620000000051,0.0,0.0,0.0,100.0,0.0,59,1,50.0,58,9.1106186954104,0.0,9.1106186954104,6665.730618695461,0.13667847107198916,1236.0817106279392,0.6867831319370573,0.7183374765401896
segmented_diagnostic,gebco_monterey_canyon_complex,GEBCO Monterey Canyon,public,complex_relief,Transition-Aware Segmented Hybrid,14,1,6656.620000000051,6656.620000000051,0.0,0.0,0.0,100.0,0.0,59,1,100.0,58,18.2212373908208,0.0,18.2212373908208,6674.841237390871,0.272983832016105,1239.4560138484617,0.7183374765401903,0.7811287472784662
segmented_diagnostic,gebco_monterey_canyon_complex,GEBCO Monterey Canyon,public,complex_relief,Coverage-Preserving Segmented Hybrid,15,5,6004.504973742528,5643.3544764229655,361.1504973195624,0.0,100.0,99.40555555555557,0.0,125,1,25.0,120,9.42477796076938,0.0,9.42477796076938,6013.929751703297,0.15671579732204294,1115.4360240118642,10.322457411857085,10.257592318540294
segmented_diagnostic,gebco_monterey_canyon_complex,GEBCO Monterey Canyon,public,complex_relief,Coverage-Preserving Segmented Hybrid,15,5,6004.504973742528,5643.3544764229655,361.1504973195624,0.0,100.0,99.40555555555557,0.0,125,1,50.0,120,18.84955592153876,0.0,18.84955592153876,6023.354529664067,0.3129411664000132,1118.9266825158527,10.25759231854029,10.128189482231466
segmented_diagnostic,gebco_monterey_canyon_complex,GEBCO Monterey Canyon,public,complex_relief,Coverage-Preserving Segmented Hybrid,15,5,6004.504973742528,5643.3544764229655,361.1504973195624,0.0,100.0,99.40555555555557,0.0,125,1,100.0,120,37.69911184307752,0.0,37.69911184307752,6042.204085585606,0.623929799607617,1125.90799952383,10.128189482231447,9.870685527350872
segmented_diagnostic,gebco_monterey_canyon_complex,GEBCO Monterey Canyon,public,complex_relief,Transition-Aware Segmented Hybrid,15,5,6004.504973742528,5643.3544764229655,361.1504973195624,0.0,100.0,99.40555555555557,0.0,125,1,25.0,120,9.42477796076938,0.0,9.42477796076938,6013.929751703297,0.15671579732204294,1115.4360240118642,10.322457411857085,10.257592318540294
segmented_diagnostic,gebco_monterey_canyon_complex,GEBCO Monterey Canyon,public,complex_relief,Transition-Aware Segmented Hybrid,15,5,6004.504973742528,5643.3544764229655,361.1504973195624,0.0,100.0,99.40555555555557,0.0,125,1,50.0,120,18.84955592153876,0.0,18.84955592153876,6023.354529664067,0.3129411664000132,1118.9266825158527,10.25759231854029,10.128189482231466
segmented_diagnostic,gebco_monterey_canyon_complex,GEBCO Monterey Canyon,public,complex_relief,Transition-Aware Segmented Hybrid,15,5,6004.504973742528,5643.3544764229655,361.1504973195624,0.0,100.0,99.40555555555557,0.0,125,1,100.0,120,37.69911184307752,0.0,37.69911184307752,6042.204085585606,0.623929799607617,1125.90799952383,10.128189482231447,9.870685527350872
segmented_diagnostic,gebco_monterey_canyon_complex,GEBCO Monterey Canyon,public,complex_relief,Coverage-Preserving Segmented Hybrid,16,1,6656.457284226268,6656.457284226268,0.0,0.0,0.0,99.16666666666669,0.1706374865906993,59,1,25.0,58,4.5553093477052,0.0,4.5553093477052,6661.012593573973,0.06838764052330133,1234.3644264669774,0.673392406819594,0.6892074463676865
segmented_diagnostic,gebco_monterey_canyon_complex,GEBCO Monterey Canyon,public,complex_relief,Coverage-Preserving Segmented Hybrid,16,1,6656.457284226268,6656.457284226268,0.0,0.0,0.0,99.16666666666669,0.1706374865906993,59,1,50.0,58,9.1106186954104,0.0,9.1106186954104,6665.567902921678,0.1366818075833718,1236.0515780772384,0.6892074463676832,0.7207577127623734
segmented_diagnostic,gebco_monterey_canyon_complex,GEBCO Monterey Canyon,public,complex_relief,Coverage-Preserving Segmented Hybrid,16,1,6656.457284226268,6656.457284226268,0.0,0.0,0.0,99.16666666666669,0.1706374865906993,59,1,100.0,58,18.2212373908208,0.0,18.2212373908208,6674.678521617088,0.2729904868348072,1239.425881297761,0.7207577127623606,0.7835408681081587
segmented_diagnostic,gebco_monterey_canyon_complex,GEBCO Monterey Canyon,public,complex_relief,Transition-Aware Segmented Hybrid,16,1,6656.457284226268,6656.457284226268,0.0,0.0,0.0,99.16666666666669,0.1706374865906993,59,1,25.0,58,4.5553093477052,0.0,4.5553093477052,6661.012593573973,0.06838764052330133,1234.3644264669774,0.673392406819594,0.6892074463676865
segmented_diagnostic,gebco_monterey_canyon_complex,GEBCO Monterey Canyon,public,complex_relief,Transition-Aware Segmented Hybrid,16,1,6656.457284226268,6656.457284226268,0.0,0.0,0.0,99.16666666666669,0.1706374865906993,59,1,50.0,58,9.1106186954104,0.0,9.1106186954104,6665.567902921678,0.1366818075833718,1236.0515780772384,0.6892074463676832,0.7207577127623734
segmented_diagnostic,gebco_monterey_canyon_complex,GEBCO Monterey Canyon,public,complex_relief,Transition-Aware Segmented Hybrid,16,1,6656.457284226268,6656.457284226268,0.0,0.0,0.0,99.16666666666669,0.1706374865906993,59,1,100.0,58,18.2212373908208,0.0,18.2212373908208,6674.678521617088,0.2729904868348072,1239.425881297761,0.7207577127623606,0.7835408681081587
segmented_diagnostic,gebco_monterey_canyon_complex,GEBCO Monterey Canyon,public,complex_relief,Coverage-Preserving Segmented Hybrid,17,1,6656.584803088315,6656.584803088315,0.0,0.0,0.0,100.0,0.0230722099478987,59,1,25.0,58,4.5553093477052,0.0,4.5553093477052,6661.140112436021,0.06838633133088826,1234.3880410710603,0.6714908917280986,0.6873075333460291
segmented_diagnostic,gebco_monterey_canyon_complex,GEBCO Monterey Canyon,public,complex_relief,Coverage-Preserving Segmented Hybrid,17,1,6656.584803088315,6656.584803088315,0.0,0.0,0.0,100.0,0.0230722099478987,59,1,50.0,58,9.1106186954104,0.0,9.1106186954104,6665.695421783726,0.13667919277614424,1236.0751926813216,0.6873075333460298,0.7188609957953233
segmented_diagnostic,gebco_monterey_canyon_complex,GEBCO Monterey Canyon,public,complex_relief,Coverage-Preserving Segmented Hybrid,17,1,6656.584803088315,6656.584803088315,0.0,0.0,0.0,100.0,0.0230722099478987,59,1,100.0,58,18.2212373908208,0.0,18.2212373908208,6674.806040479136,0.27298527148682256,1239.4494959018439,0.7188609957953328,0.7816505110999156
segmented_diagnostic,gebco_monterey_canyon_complex,GEBCO Monterey Canyon,public,complex_relief,Transition-Aware Segmented Hybrid,17,1,6656.584803088315,6656.584803088315,0.0,0.0,0.0,100.0,0.0230722099478987,59,1,25.0,58,4.5553093477052,0.0,4.5553093477052,6661.140112436021,0.06838633133088826,1234.3880410710603,0.6714908917280986,0.6873075333460291
segmented_diagnostic,gebco_monterey_canyon_complex,GEBCO Monterey Canyon,public,complex_relief,Transition-Aware Segmented Hybrid,17,1,6656.584803088315,6656.584803088315,0.0,0.0,0.0,100.0,0.0230722099478987,59,1,50.0,58,9.1106186954104,0.0,9.1106186954104,6665.695421783726,0.13667919277614424,1236.0751926813216,0.6873075333460298,0.7188609957953233
segmented_diagnostic,gebco_monterey_canyon_complex,GEBCO Monterey Canyon,public,complex_relief,Transition-Aware Segmented Hybrid,17,1,6656.584803088315,6656.584803088315,0.0,0.0,0.0,100.0,0.0230722099478987,59,1,100.0,58,18.2212373908208,0.0,18.2212373908208,6674.806040479136,0.27298527148682256,1239.4494959018439,0.7188609957953328,0.7816505110999156
segmented_diagnostic,gebco_monterey_canyon_complex,GEBCO Monterey Canyon,public,complex_relief,Coverage-Preserving Segmented Hybrid,18,1,6656.48129046351,6656.48129046351,0.0,0.0,0.0,99.16666666666669,0.4644609658001172,59,1,25.0,58,4.5553093477052,0.0,4.5553093477052,6661.036599811216,0.06838739405566852,1234.3688720664666,0.6730344345033954,0.6888497756513432
segmented_diagnostic,gebco_monterey_canyon_complex,GEBCO Monterey Canyon,public,complex_relief,Coverage-Preserving Segmented Hybrid,18,1,6656.48129046351,6656.48129046351,0.0,0.0,0.0,99.16666666666669,0.4644609658001172,59,1,50.0,58,9.1106186954104,0.0,9.1106186954104,6665.59190915892,0.13668131532162758,1236.0560236767278,0.688849775651327,0.7204006437236332
segmented_diagnostic,gebco_monterey_canyon_complex,GEBCO Monterey Canyon,public,complex_relief,Coverage-Preserving Segmented Hybrid,18,1,6656.48129046351,6656.48129046351,0.0,0.0,0.0,99.16666666666669,0.4644609658001172,59,1,100.0,58,18.2212373908208,0.0,18.2212373908208,6674.702527854331,0.2729895049971351,1239.4303268972503,0.7204006437236258,0.7831849963721318
segmented_diagnostic,gebco_monterey_canyon_complex,GEBCO Monterey Canyon,public,complex_relief,Transition-Aware Segmented Hybrid,18,1,6656.48129046351,6656.48129046351,0.0,0.0,0.0,99.16666666666669,0.4644609658001172,59,1,25.0,58,4.5553093477052,0.0,4.5553093477052,6661.036599811216,0.06838739405566852,1234.3688720664666,0.6730344345033954,0.6888497756513432
segmented_diagnostic,gebco_monterey_canyon_complex,GEBCO Monterey Canyon,public,complex_relief,Transition-Aware Segmented Hybrid,18,1,6656.48129046351,6656.48129046351,0.0,0.0,0.0,99.16666666666669,0.4644609658001172,59,1,50.0,58,9.1106186954104,0.0,9.1106186954104,6665.59190915892,0.13668131532162758,1236.0560236767278,0.688849775651327,0.7204006437236332
segmented_diagnostic,gebco_monterey_canyon_complex,GEBCO Monterey Canyon,public,complex_relief,Transition-Aware Segmented Hybrid,18,1,6656.48129046351,6656.48129046351,0.0,0.0,0.0,99.16666666666669,0.4644609658001172,59,1,100.0,58,18.2212373908208,0.0,18.2212373908208,6674.702527854331,0.2729895049971351,1239.4303268972503,0.7204006437236258,0.7831849963721318
segmented_diagnostic,gebco_monterey_canyon_complex,GEBCO Monterey Canyon,public,complex_relief,Coverage-Preserving Segmented Hybrid,19,1,6656.588120938873,6656.588120938873,0.0,0.0,0.0,100.0,0.0020717069371155,59,1,25.0,58,4.5553093477052,0.0,4.5553093477052,6661.143430286578,0.06838629726832379,1234.3886554878304,0.6714414171421057,0.6872581004434872
segmented_diagnostic,gebco_monterey_canyon_complex,GEBCO Monterey Canyon,public,complex_relief,Coverage-Preserving Segmented Hybrid,19,1,6656.588120938873,6656.588120938873,0.0,0.0,0.0,100.0,0.0020717069371155,59,1,50.0,58,9.1106186954104,0.0,9.1106186954104,6665.698739634283,0.13667912474409635,1236.0758070980914,0.6872581004435042,0.7188116460493733
segmented_diagnostic,gebco_monterey_canyon_complex,GEBCO Monterey Canyon,public,complex_relief,Coverage-Preserving Segmented Hybrid,19,1,6656.588120938873,6656.588120938873,0.0,0.0,0.0,100.0,0.0020717069371155,59,1,100.0,58,18.2212373908208,0.0,18.2212373908208,6674.809358329693,0.2729851357939081,1239.450110318614,0.7188116460493807,0.7816013268305873
segmented_diagnostic,gebco_monterey_canyon_complex,GEBCO Monterey Canyon,public,complex_relief,Transition-Aware Segmented Hybrid,19,1,6656.588120938873,6656.588120938873,0.0,0.0,0.0,100.0,0.0020717069371155,59,1,25.0,58,4.5553093477052,0.0,4.5553093477052,6661.143430286578,0.06838629726832379,1234.3886554878304,0.6714414171421057,0.6872581004434872
segmented_diagnostic,gebco_monterey_canyon_complex,GEBCO Monterey Canyon,public,complex_relief,Transition-Aware Segmented Hybrid,19,1,6656.588120938873,6656.588120938873,0.0,0.0,0.0,100.0,0.0020717069371155,59,1,50.0,58,9.1106186954104,0.0,9.1106186954104,6665.698739634283,0.13667912474409635,1236.0758070980914,0.6872581004435042,0.7188116460493733
segmented_diagnostic,gebco_monterey_canyon_complex,GEBCO Monterey Canyon,public,complex_relief,Transition-Aware Segmented Hybrid,19,1,6656.588120938873,6656.588120938873,0.0,0.0,0.0,100.0,0.0020717069371155,59,1,100.0,58,18.2212373908208,0.0,18.2212373908208,6674.809358329693,0.2729851357939081,1239.450110318614,0.7188116460493807,0.7816013268305873
segmented_diagnostic,gebco_monterey_canyon_complex,GEBCO Monterey Canyon,public,complex_relief,Coverage-Preserving Segmented Hybrid,20,2,5787.715957168784,5697.428332838894,90.2876243298906,0.0,100.0,100.0,0.0,86,1,25.0,84,6.597344572538566,0.0,6.597344572538566,5794.313301741323,0.11385895496116707,1074.2427122803447,13.597298382346256,13.571800301409029
segmented_diagnostic,gebco_monterey_canyon_complex,GEBCO Monterey Canyon,public,complex_relief,Coverage-Preserving Segmented Hybrid,20,2,5787.715957168784,5697.428332838894,90.2876243298906,0.0,100.0,100.0,0.0,86,1,50.0,84,13.194689145077133,0.0,13.194689145077133,5800.910646313861,0.2274589275644434,1076.6861732331367,13.571800301409024,13.520932818992948
segmented_diagnostic,gebco_monterey_canyon_complex,GEBCO Monterey Canyon,public,complex_relief,Coverage-Preserving Segmented Hybrid,20,2,5787.715957168784,5697.428332838894,90.2876243298906,0.0,100.0,100.0,0.0,86,1,100.0,84,26.389378290154266,0.0,26.389378290154266,5814.1053354589385,0.4538854521470621,1081.5730951387206,13.520932818992945,13.419709551631984
segmented_diagnostic,gebco_monterey_canyon_complex,GEBCO Monterey Canyon,public,complex_relief,Transition-Aware Segmented Hybrid,20,2,5787.715957168784,5697.428332838894,90.2876243298906,0.0,100.0,100.0,0.0,86,1,25.0,84,6.597344572538566,0.0,6.597344572538566,5794.313301741323,0.11385895496116707,1074.2427122803447,13.597298382346256,13.571800301409029
segmented_diagnostic,gebco_monterey_canyon_complex,GEBCO Monterey Canyon,public,complex_relief,Transition-Aware Segmented Hybrid,20,2,5787.715957168784,5697.428332838894,90.2876243298906,0.0,100.0,100.0,0.0,86,1,50.0,84,13.194689145077133,0.0,13.194689145077133,5800.910646313861,0.2274589275644434,1076.6861732331367,13.571800301409024,13.520932818992948
segmented_diagnostic,gebco_monterey_canyon_complex,GEBCO Monterey Canyon,public,complex_relief,Transition-Aware Segmented Hybrid,20,2,5787.715957168784,5697.428332838894,90.2876243298906,0.0,100.0,100.0,0.0,86,1,100.0,84,26.389378290154266,0.0,26.389378290154266,5814.1053354589385,0.4538854521470621,1081.5730951387206,13.520932818992945,13.419709551631984
segmented_diagnostic,gebco_monterey_canyon_complex,GEBCO Monterey Canyon,public,complex_relief,Coverage-Preserving Segmented Hybrid,21,5,6003.678314958532,5642.527817638969,361.1504973195624,0.0,100.0,99.45555555555556,0.0,125,1,25.0,120,9.42477796076938,0.0,9.42477796076938,6013.103092919301,0.1567373420200874,1115.2829390518648,10.334784248279922,10.269908769322255
segmented_diagnostic,gebco_monterey_canyon_complex,GEBCO Monterey Canyon,public,complex_relief,Coverage-Preserving Segmented Hybrid,21,5,6003.678314958532,5642.527817638969,361.1504973195624,0.0,100.0,99.45555555555556,0.0,125,1,50.0,120,18.84955592153876,0.0,18.84955592153876,6022.527870880071,0.3129841210478994,1118.7735975558535,10.26990876932224,10.140485214144155
segmented_diagnostic,gebco_monterey_canyon_complex,GEBCO Monterey Canyon,public,complex_relief,Coverage-Preserving Segmented Hybrid,21,5,6003.678314958532,5642.527817638969,361.1504973195624,0.0,100.0,99.45555555555556,0.0,125,1,100.0,120,37.69911184307752,0.0,37.69911184307752,6041.3774268016095,0.624015173689222,1125.7549145638307,10.140485214144142,9.882940029944919
segmented_diagnostic,gebco_monterey_canyon_complex,GEBCO Monterey Canyon,public,complex_relief,Transition-Aware Segmented Hybrid,21,5,6003.678314958532,5642.527817638969,361.1504973195624,0.0,100.0,99.45555555555556,0.0,125,1,25.0,120,9.42477796076938,0.0,9.42477796076938,6013.103092919301,0.1567373420200874,1115.2829390518648,10.334784248279922,10.269908769322255
segmented_diagnostic,gebco_monterey_canyon_complex,GEBCO Monterey Canyon,public,complex_relief,Transition-Aware Segmented Hybrid,21,5,6003.678314958532,5642.527817638969,361.1504973195624,0.0,100.0,99.45555555555556,0.0,125,1,50.0,120,18.84955592153876,0.0,18.84955592153876,6022.527870880071,0.3129841210478994,1118.7735975558535,10.26990876932224,10.140485214144155
segmented_diagnostic,gebco_monterey_canyon_complex,GEBCO Monterey Canyon,public,complex_relief,Transition-Aware Segmented Hybrid,21,5,6003.678314958532,5642.527817638969,361.1504973195624,0.0,100.0,99.45555555555556,0.0,125,1,100.0,120,37.69911184307752,0.0,37.69911184307752,6041.3774268016095,0.624015173689222,1125.7549145638307,10.140485214144142,9.882940029944919
segmented_diagnostic,gebco_monterey_canyon_complex,GEBCO Monterey Canyon,public,complex_relief,Coverage-Preserving Segmented Hybrid,22,1,6656.615851782803,6656.615851782803,0.0,0.0,0.0,99.16666666666669,0.0154493116121926,59,1,25.0,58,4.5553093477052,0.0,4.5553093477052,6661.171161130508,0.06838601257218094,1234.3937908292985,0.6710279048398,0.6868449365347639
segmented_diagnostic,gebco_monterey_canyon_complex,GEBCO Monterey Canyon,public,complex_relief,Coverage-Preserving Segmented Hybrid,22,1,6656.615851782803,6656.615851782803,0.0,0.0,0.0,99.16666666666669,0.0154493116121926,59,1,50.0,58,9.1106186954104,0.0,9.1106186954104,6665.726470478213,0.1366785561297835,1236.0809424395597,0.6868449365347463,0.7183991771695127
segmented_diagnostic,gebco_monterey_canyon_complex,GEBCO Monterey Canyon,public,complex_relief,Coverage-Preserving Segmented Hybrid,22,1,6656.615851782803,6656.615851782803,0.0,0.0,0.0,99.16666666666669,0.0154493116121926,59,1,100.0,58,18.2212373908208,0.0,18.2212373908208,6674.837089173623,0.2729840016676224,1239.4552456600823,0.718399177169504,0.7811902410169002
segmented_diagnostic,gebco_monterey_canyon_complex,GEBCO Monterey Canyon,public,complex_relief,Transition-Aware Segmented Hybrid,22,1,6656.615851782803,6656.615851782803,0.0,0.0,0.0,99.16666666666669,0.0154493116121926,59,1,25.0,58,4.5553093477052,0.0,4.5553093477052,6661.171161130508,0.06838601257218094,1234.3937908292985,0.6710279048398,0.6868449365347639
segmented_diagnostic,gebco_monterey_canyon_complex,GEBCO Monterey Canyon,public,complex_relief,Transition-Aware Segmented Hybrid,22,1,6656.615851782803,6656.615851782803,0.0,0.0,0.0,99.16666666666669,0.0154493116121926,59,1,50.0,58,9.1106186954104,0.0,9.1106186954104,6665.726470478213,0.1366785561297835,1236.0809424395597,0.6868449365347463,0.7183991771695127
segmented_diagnostic,gebco_monterey_canyon_complex,GEBCO Monterey Canyon,public,complex_relief,Transition-Aware Segmented Hybrid,22,1,6656.615851782803,6656.615851782803,0.0,0.0,0.0,99.16666666666669,0.0154493116121926,59,1,100.0,58,18.2212373908208,0.0,18.2212373908208,6674.837089173623,0.2729840016676224,1239.4552456600823,0.718399177169504,0.7811902410169002
segmented_diagnostic,gebco_monterey_canyon_complex,GEBCO Monterey Canyon,public,complex_relief,Coverage-Preserving Segmented Hybrid,23,5,6002.592112569224,5641.4416152496615,361.1504973195624,0.0,100.0,99.45,0.0,125,1,25.0,120,9.42477796076938,0.0,9.42477796076938,6012.016890529993,0.15676566005020873,1115.0817904612525,10.350981304954704,10.286092179607282
segmented_diagnostic,gebco_monterey_canyon_complex,GEBCO Monterey Canyon,public,complex_relief,Coverage-Preserving Segmented Hybrid,23,5,6002.592112569224,5641.4416152496615,361.1504973195624,0.0,100.0,99.45,0.0,125,1,50.0,120,18.84955592153876,0.0,18.84955592153876,6021.441668490763,0.31304057996900403,1118.5724489652412,10.286092179607286,10.156641400518028
segmented_diagnostic,gebco_monterey_canyon_complex,GEBCO Monterey Canyon,public,complex_relief,Coverage-Preserving Segmented Hybrid,23,5,6002.592112569224,5641.4416152496615,361.1504973195624,0.0,100.0,99.45,0.0,125,1,100.0,120,37.69911184307752,0.0,37.69911184307752,6040.291224412302,0.6241273879430458,1125.5537659732183,10.156641400518035,9.899042042353297
segmented_diagnostic,gebco_monterey_canyon_complex,GEBCO Monterey Canyon,public,complex_relief,Transition-Aware Segmented Hybrid,23,5,6002.592112569224,5641.4416152496615,361.1504973195624,0.0,100.0,99.45,0.0,125,1,25.0,120,9.42477796076938,0.0,9.42477796076938,6012.016890529993,0.15676566005020873,1115.0817904612525,10.350981304954704,10.286092179607282
segmented_diagnostic,gebco_monterey_canyon_complex,GEBCO Monterey Canyon,public,complex_relief,Transition-Aware Segmented Hybrid,23,5,6002.592112569224,5641.4416152496615,361.1504973195624,0.0,100.0,99.45,0.0,125,1,50.0,120,18.84955592153876,0.0,18.84955592153876,6021.441668490763,0.31304057996900403,1118.5724489652412,10.286092179607286,10.156641400518028
segmented_diagnostic,gebco_monterey_canyon_complex,GEBCO Monterey Canyon,public,complex_relief,Transition-Aware Segmented Hybrid,23,5,6002.592112569224,5641.4416152496615,361.1504973195624,0.0,100.0,99.45,0.0,125,1,100.0,120,37.69911184307752,0.0,37.69911184307752,6040.291224412302,0.6241273879430458,1125.5537659732183,10.156641400518035,9.899042042353297
segmented_diagnostic,gebco_monterey_canyon_complex,GEBCO Monterey Canyon,public,complex_relief,Coverage-Preserving Segmented Hybrid,24,1,6656.616931942976,6656.616931942976,0.0,0.0,0.0,100.0,0.1698371938817,59,1,25.0,58,4.5553093477052,0.0,4.5553093477052,6661.172241290682,0.06838600148286443,1234.3939908589605,0.6710117978824542,0.6868288431478842
segmented_diagnostic,gebco_monterey_canyon_complex,GEBCO Monterey Canyon,public,complex_relief,Coverage-Preserving Segmented Hybrid,24,1,6656.616931942976,6656.616931942976,0.0,0.0,0.0,100.0,0.1698371938817,59,1,50.0,58,9.1106186954104,0.0,9.1106186954104,6665.727550638387,0.13667853398145358,1236.0811424692215,0.6868288431478795,0.718383110855124
segmented_diagnostic,gebco_monterey_canyon_complex,GEBCO Monterey Canyon,public,complex_relief,Coverage-Preserving Segmented Hybrid,24,1,6656.616931942976,6656.616931942976,0.0,0.0,0.0,100.0,0.1698371938817,59,1,100.0,58,18.2212373908208,0.0,18.2212373908208,6674.838169333797,0.27298395749180276,1239.455445689744,0.7183831108551099,0.7811742285751235
segmented_diagnostic,gebco_monterey_canyon_complex,GEBCO Monterey Canyon,public,complex_relief,Transition-Aware Segmented Hybrid,24,1,6656.616931942976,6656.616931942976,0.0,0.0,0.0,100.0,0.1698371938817,59,1,25.0,58,4.5553093477052,0.0,4.5553093477052,6661.172241290682,0.06838600148286443,1234.3939908589605,0.6710117978824542,0.6868288431478842
segmented_diagnostic,gebco_monterey_canyon_complex,GEBCO Monterey Canyon,public,complex_relief,Transition-Aware Segmented Hybrid,24,1,6656.616931942976,6656.616931942976,0.0,0.0,0.0,100.0,0.1698371938817,59,1,50.0,58,9.1106186954104,0.0,9.1106186954104,6665.727550638387,0.13667853398145358,1236.0811424692215,0.6868288431478795,0.718383110855124
segmented_diagnostic,gebco_monterey_canyon_complex,GEBCO Monterey Canyon,public,complex_relief,Transition-Aware Segmented Hybrid,24,1,6656.616931942976,6656.616931942976,0.0,0.0,0.0,100.0,0.1698371938817,59,1,100.0,58,18.2212373908208,0.0,18.2212373908208,6674.838169333797,0.27298395749180276,1239.455445689744,0.7183831108551099,0.7811742285751235
segmented_diagnostic,gebco_monterey_canyon_complex,GEBCO Monterey Canyon,public,complex_relief,Coverage-Preserving Segmented Hybrid,25,3,5856.063635451723,5675.488386791942,180.5752486597812,0.0,100.0,99.30555555555556,0.0,99,1,25.0,96,7.5398223686155035,0.0,7.5398223686155035,5863.603457820338,0.1285868395237331,1087.248755590547,12.564068667457242,12.52539905925721
segmented_diagnostic,gebco_monterey_canyon_complex,GEBCO Monterey Canyon,public,complex_relief,Coverage-Preserving Segmented Hybrid,25,3,5856.063635451723,5675.488386791942,180.5752486597812,0.0,100.0,99.30555555555556,0.0,99,1,50.0,96,15.079644737231007,0.0,15.079644737231007,5871.143280188954,0.2568434122211661,1090.041282393738,12.525399059257206,12.448254994180546
segmented_diagnostic,gebco_monterey_canyon_complex,GEBCO Monterey Canyon,public,complex_relief,Coverage-Preserving Segmented Hybrid,25,3,5856.063635451723,5675.488386791942,180.5752486597812,0.0,100.0,99.30555555555556,0.0,99,1,100.0,96,30.159289474462014,0.0,30.159289474462014,5886.2229249261845,0.5123708337098059,1095.6263360001199,12.448254994180546,12.294742888731811
segmented_diagnostic,gebco_monterey_canyon_complex,GEBCO Monterey Canyon,public,complex_relief,Transition-Aware Segmented Hybrid,25,3,5856.063635451723,5675.488386791942,180.5752486597812,0.0,100.0,99.30555555555556,0.0,99,1,25.0,96,7.5398223686155035,0.0,7.5398223686155035,5863.603457820338,0.1285868395237331,1087.248755590547,12.564068667457242,12.52539905925721
segmented_diagnostic,gebco_monterey_canyon_complex,GEBCO Monterey Canyon,public,complex_relief,Transition-Aware Segmented Hybrid,25,3,5856.063635451723,5675.488386791942,180.5752486597812,0.0,100.0,99.30555555555556,0.0,99,1,50.0,96,15.079644737231007,0.0,15.079644737231007,5871.143280188954,0.2568434122211661,1090.041282393738,12.525399059257206,12.448254994180546
segmented_diagnostic,gebco_monterey_canyon_complex,GEBCO Monterey Canyon,public,complex_relief,Transition-Aware Segmented Hybrid,25,3,5856.063635451723,5675.488386791942,180.5752486597812,0.0,100.0,99.30555555555556,0.0,99,1,100.0,96,30.159289474462014,0.0,30.159289474462014,5886.2229249261845,0.5123708337098059,1095.6263360001199,12.448254994180546,12.294742888731811
segmented_diagnostic,gebco_monterey_canyon_complex,GEBCO Monterey Canyon,public,complex_relief,Coverage-Preserving Segmented Hybrid,26,4,5900.091648194979,5629.176415327747,270.86287298967176,0.0523598775598298,100.0,99.33333333333331,0.0,86,1,25.0,82,6.440264939859076,0.01308996938995745,6.453354909249033,5906.4926432266675,0.10925866328893993,1094.9899996547992,11.924520666458807,11.902577251622626
segmented_diagnostic,gebco_monterey_canyon_complex,GEBCO Monterey Canyon,public,complex_relief,Coverage-Preserving Segmented Hybrid,26,4,5900.091648194979,5629.176415327747,270.86287298967176,0.0523598775598298,100.0,99.33333333333331,0.0,86,1,50.0,82,12.880529879718152,0.0261799387799149,12.906709818498067,5912.945998135917,0.21827883803719778,1097.3801311026693,11.90257725162261,11.858801162313139
segmented_diagnostic,gebco_monterey_canyon_complex,GEBCO Monterey Canyon,public,complex_relief,Coverage-Preserving Segmented Hybrid,26,4,5900.091648194979,5629.176415327747,270.86287298967176,0.0523598775598298,100.0,99.33333333333331,0.0,86,1,100.0,82,25.761059759436304,0.0523598775598298,25.813419636996134,5925.852707954416,0.4356068385288442,1102.1603939984093,11.858801162313119,11.771689345849605
segmented_diagnostic,gebco_monterey_canyon_complex,GEBCO Monterey Canyon,public,complex_relief,Transition-Aware Segmented Hybrid,26,4,5900.091648194979,5629.176415327747,270.86287298967176,0.0523598775598298,100.0,99.33333333333331,0.0,86,1,25.0,82,6.440264939859076,0.01308996938995745,6.453354909249033,5906.4926432266675,0.10925866328893993,1094.9899996547992,11.924520666458807,11.902577251622626
segmented_diagnostic,gebco_monterey_canyon_complex,GEBCO Monterey Canyon,public,complex_relief,Transition-Aware Segmented Hybrid,26,4,5900.091648194979,5629.176415327747,270.86287298967176,0.0523598775598298,100.0,99.33333333333331,0.0,86,1,50.0,82,12.880529879718152,0.0261799387799149,12.906709818498067,5912.945998135917,0.21827883803719778,1097.3801311026693,11.90257725162261,11.858801162313139
segmented_diagnostic,gebco_monterey_canyon_complex,GEBCO Monterey Canyon,public,complex_relief,Transition-Aware Segmented Hybrid,26,4,5900.091648194979,5629.176415327747,270.86287298967176,0.0523598775598298,100.0,99.33333333333331,0.0,86,1,100.0,82,25.761059759436304,0.0523598775598298,25.813419636996134,5925.852707954416,0.4356068385288442,1102.1603939984093,11.858801162313119,11.771689345849605
segmented_diagnostic,gebco_monterey_canyon_complex,GEBCO Monterey Canyon,public,complex_relief,Coverage-Preserving Segmented Hybrid,27,1,6656.620000000051,6656.620000000051,0.0,0.0,0.0,100.0,0.0,59,1,25.0,58,4.5553093477052,0.0,4.5553093477052,6661.175309347756,0.06838596998509626,1234.394559017678,0.6709660481264189,0.6867831319370654
segmented_diagnostic,gebco_monterey_canyon_complex,GEBCO Monterey Canyon,public,complex_relief,Coverage-Preserving Segmented Hybrid,27,1,6656.620000000051,6656.620000000051,0.0,0.0,0.0,100.0,0.0,59,1,50.0,58,9.1106186954104,0.0,9.1106186954104,6665.730618695461,0.13667847107198916,1236.0817106279392,0.6867831319370573,0.7183374765401896
segmented_diagnostic,gebco_monterey_canyon_complex,GEBCO Monterey Canyon,public,complex_relief,Coverage-Preserving Segmented Hybrid,27,1,6656.620000000051,6656.620000000051,0.0,0.0,0.0,100.0,0.0,59,1,100.0,58,18.2212373908208,0.0,18.2212373908208,6674.841237390871,0.272983832016105,1239.4560138484617,0.7183374765401903,0.7811287472784662
segmented_diagnostic,gebco_monterey_canyon_complex,GEBCO Monterey Canyon,public,complex_relief,Transition-Aware Segmented Hybrid,27,1,6656.620000000051,6656.620000000051,0.0,0.0,0.0,100.0,0.0,59,1,25.0,58,4.5553093477052,0.0,4.5553093477052,6661.175309347756,0.06838596998509626,1234.394559017678,0.6709660481264189,0.6867831319370654
segmented_diagnostic,gebco_monterey_canyon_complex,GEBCO Monterey Canyon,public,complex_relief,Transition-Aware Segmented Hybrid,27,1,6656.620000000051,6656.620000000051,0.0,0.0,0.0,100.0,0.0,59,1,50.0,58,9.1106186954104,0.0,9.1106186954104,6665.730618695461,0.13667847107198916,1236.0817106279392,0.6867831319370573,0.7183374765401896
segmented_diagnostic,gebco_monterey_canyon_complex,GEBCO Monterey Canyon,public,complex_relief,Transition-Aware Segmented Hybrid,27,1,6656.620000000051,6656.620000000051,0.0,0.0,0.0,100.0,0.0,59,1,100.0,58,18.2212373908208,0.0,18.2212373908208,6674.841237390871,0.272983832016105,1239.4560138484617,0.7183374765401903,0.7811287472784662
segmented_diagnostic,gebco_monterey_canyon_complex,GEBCO Monterey Canyon,public,complex_relief,Coverage-Preserving Segmented Hybrid,28,2,5787.715957168784,5697.428332838894,90.2876243298906,0.0,100.0,100.0,0.0,86,1,25.0,84,6.597344572538566,0.0,6.597344572538566,5794.313301741323,0.11385895496116707,1074.2427122803447,13.597298382346256,13.571800301409029
segmented_diagnostic,gebco_monterey_canyon_complex,GEBCO Monterey Canyon,public,complex_relief,Coverage-Preserving Segmented Hybrid,28,2,5787.715957168784,5697.428332838894,90.2876243298906,0.0,100.0,100.0,0.0,86,1,50.0,84,13.194689145077133,0.0,13.194689145077133,5800.910646313861,0.2274589275644434,1076.6861732331367,13.571800301409024,13.520932818992948
segmented_diagnostic,gebco_monterey_canyon_complex,GEBCO Monterey Canyon,public,complex_relief,Coverage-Preserving Segmented Hybrid,28,2,5787.715957168784,5697.428332838894,90.2876243298906,0.0,100.0,100.0,0.0,86,1,100.0,84,26.389378290154266,0.0,26.389378290154266,5814.1053354589385,0.4538854521470621,1081.5730951387206,13.520932818992945,13.419709551631984
segmented_diagnostic,gebco_monterey_canyon_complex,GEBCO Monterey Canyon,public,complex_relief,Transition-Aware Segmented Hybrid,28,2,5787.715957168784,5697.428332838894,90.2876243298906,0.0,100.0,100.0,0.0,86,1,25.0,84,6.597344572538566,0.0,6.597344572538566,5794.313301741323,0.11385895496116707,1074.2427122803447,13.597298382346256,13.571800301409029
segmented_diagnostic,gebco_monterey_canyon_complex,GEBCO Monterey Canyon,public,complex_relief,Transition-Aware Segmented Hybrid,28,2,5787.715957168784,5697.428332838894,90.2876243298906,0.0,100.0,100.0,0.0,86,1,50.0,84,13.194689145077133,0.0,13.194689145077133,5800.910646313861,0.2274589275644434,1076.6861732331367,13.571800301409024,13.520932818992948
segmented_diagnostic,gebco_monterey_canyon_complex,GEBCO Monterey Canyon,public,complex_relief,Transition-Aware Segmented Hybrid,28,2,5787.715957168784,5697.428332838894,90.2876243298906,0.0,100.0,100.0,0.0,86,1,100.0,84,26.389378290154266,0.0,26.389378290154266,5814.1053354589385,0.4538854521470621,1081.5730951387206,13.520932818992945,13.419709551631984
segmented_diagnostic,gebco_monterey_canyon_complex,GEBCO Monterey Canyon,public,complex_relief,Coverage-Preserving Segmented Hybrid,29,3,5862.077427974529,5681.502179314748,180.5752486597812,0.0,100.0,100.0,0.0,99,1,25.0,96,7.5398223686155035,0.0,7.5398223686155035,5869.617250343144,0.12845509420865076,1088.3624208725482,12.474393171176715,12.435799116627981
segmented_diagnostic,gebco_monterey_canyon_complex,GEBCO Monterey Canyon,public,complex_relief,Coverage-Preserving Segmented Hybrid,29,3,5862.077427974529,5681.502179314748,180.5752486597812,0.0,100.0,100.0,0.0,99,1,50.0,96,15.079644737231007,0.0,15.079644737231007,5877.1570727117605,0.25658059756897317,1091.154947675739,12.435799116627976,12.358805777562361
segmented_diagnostic,gebco_monterey_canyon_complex,GEBCO Monterey Canyon,public,complex_relief,Coverage-Preserving Segmented Hybrid,29,3,5862.077427974529,5681.502179314748,180.5752486597812,0.0,100.0,100.0,0.0,99,1,100.0,96,30.159289474462014,0.0,30.159289474462014,5892.236717448991,0.5118478927560687,1096.740001282121,12.358805777562361,12.205593607919162
segmented_diagnostic,gebco_monterey_canyon_complex,GEBCO Monterey Canyon,public,complex_relief,Transition-Aware Segmented Hybrid,29,3,5862.077427974529,5681.502179314748,180.5752486597812,0.0,100.0,100.0,0.0,99,1,25.0,96,7.5398223686155035,0.0,7.5398223686155035,5869.617250343144,0.12845509420865076,1088.3624208725482,12.474393171176715,12.435799116627981
segmented_diagnostic,gebco_monterey_canyon_complex,GEBCO Monterey Canyon,public,complex_relief,Transition-Aware Segmented Hybrid,29,3,5862.077427974529,5681.502179314748,180.5752486597812,0.0,100.0,100.0,0.0,99,1,50.0,96,15.079644737231007,0.0,15.079644737231007,5877.1570727117605,0.25658059756897317,1091.154947675739,12.435799116627976,12.358805777562361
segmented_diagnostic,gebco_monterey_canyon_complex,GEBCO Monterey Canyon,public,complex_relief,Transition-Aware Segmented Hybrid,29,3,5862.077427974529,5681.502179314748,180.5752486597812,0.0,100.0,100.0,0.0,99,1,100.0,96,30.159289474462014,0.0,30.159289474462014,5892.236717448991,0.5118478927560687,1096.740001282121,12.358805777562361,12.205593607919162
segmented_diagnostic,gebco_mariana_trench_complex,GEBCO Mariana Trench,public,complex_relief,Fixed-Spacing,0,1,32015.95814679676,32015.95814679676,0.0,0.0,0.0,99.33333333333331,0.6814814814814812,146,1,25.0,145,11.388273369262999,0.0,11.388273369262999,32027.34642016602,0.0355579673066276,5933.099017321349,0.0,0.0
segmented_diagnostic,gebco_mariana_trench_complex,GEBCO Mariana Trench,public,complex_relief,Fixed-Spacing,0,1,32015.95814679676,32015.95814679676,0.0,0.0,0.0,99.33333333333331,0.6814814814814812,146,1,50.0,145,22.776546738525997,0.0,22.776546738525997,32038.734693535283,0.07109065622095809,5937.316896347002,0.0,0.0
segmented_diagnostic,gebco_mariana_trench_complex,GEBCO Mariana Trench,public,complex_relief,Fixed-Spacing,0,1,32015.95814679676,32015.95814679676,0.0,0.0,0.0,99.33333333333331,0.6814814814814812,146,1,100.0,145,45.553093477051995,0.0,45.553093477051995,32061.51124027381,0.14208030661957957,5945.752654398308,0.0,0.0
segmented_diagnostic,gebco_mariana_trench_complex,GEBCO Mariana Trench,public,complex_relief,Full Geometry-Aware Hybrid GA,0,1,31797.663364969383,31797.663364969383,0.0,0.0,0.0,99.33333333333331,0.0,145,1,25.0,144,11.309733552923255,0.0,11.309733552923255,31808.973098522307,0.035555167146998065,5892.64496890282,0.6818339514578555,0.681836731536501
segmented_diagnostic,gebco_mariana_trench_complex,GEBCO Mariana Trench,public,complex_relief,Full Geometry-Aware Hybrid GA,0,1,31797.663364969383,31797.663364969383,0.0,0.0,0.0,99.33333333333331,0.0,145,1,50.0,144,22.61946710584651,0.0,22.61946710584651,31820.28283207523,0.0710850598821385,5896.833759107606,0.6818367315365038,0.6818422857689007
segmented_diagnostic,gebco_mariana_trench_complex,GEBCO Mariana Trench,public,complex_relief,Full Geometry-Aware Hybrid GA,0,1,31797.663364969383,31797.663364969383,0.0,0.0,0.0,99.33333333333331,0.0,145,1,100.0,144,45.23893421169302,0.0,45.23893421169302,31842.902299181074,0.14206912983825742,5905.211339517179,0.6818422857688956,0.681853370592847
segmented_diagnostic,gebco_mariana_trench_complex,GEBCO Mariana Trench,public,complex_relief,Full Geometry-Aware Hybrid GA,1,1,31797.599408904407,31797.599408904407,0.0,0.0,0.0,98.66666666666669,0.243893693189,145,1,25.0,144,11.309733552923255,0.0,11.309733552923255,31808.90914245733,0.03555523863541567,5892.633125187084,0.6820336435089454,0.6820363526063938
segmented_diagnostic,gebco_mariana_trench_complex,GEBCO Mariana Trench,public,complex_relief,Full Geometry-Aware Hybrid GA,1,1,31797.599408904407,31797.599408904407,0.0,0.0,0.0,98.66666666666669,0.243893693189,145,1,50.0,144,22.61946710584651,0.0,22.61946710584651,31820.218876010254,0.07108520275735648,5896.82191539187,0.6820363526063989,0.6820417650276794
segmented_diagnostic,gebco_mariana_trench_complex,GEBCO Mariana Trench,public,complex_relief,Full Geometry-Aware Hybrid GA,1,1,31797.599408904407,31797.599408904407,0.0,0.0,0.0,98.66666666666669,0.243893693189,145,1,100.0,144,45.23893421169302,0.0,45.23893421169302,31842.8383431161,0.14206941518287405,5905.199495801442,0.6820417650276765,0.6820525668330122
segmented_diagnostic,gebco_mariana_trench_complex,GEBCO Mariana Trench,public,complex_relief,Full Geometry-Aware Hybrid GA,2,1,31797.600305684107,31797.600305684107,0.0,0.0,0.0,98.66666666666669,0.0675819743292635,145,1,25.0,144,11.309733552923255,0.0,11.309733552923255,31808.91003923703,0.035555237633016774,5892.6332912574,0.6820308434652311,0.6820335535579525
segmented_diagnostic,gebco_mariana_trench_complex,GEBCO Mariana Trench,public,complex_relief,Full Geometry-Aware Hybrid GA,2,1,31797.600305684107,31797.600305684107,0.0,0.0,0.0,98.66666666666669,0.0675819743292635,145,1,50.0,144,22.61946710584651,0.0,22.61946710584651,31820.219772789955,0.07108520075398356,5896.822081462185,0.6820335535579695,0.6820389679676863
segmented_diagnostic,gebco_mariana_trench_complex,GEBCO Mariana Trench,public,complex_relief,Full Geometry-Aware Hybrid GA,2,1,31797.600305684107,31797.600305684107,0.0,0.0,0.0,98.66666666666669,0.0675819743292635,145,1,100.0,144,45.23893421169302,0.0,45.23893421169302,31842.8392398958,0.14206941118181854,5905.199661871758,0.6820389679676954,0.6820497737414521
segmented_diagnostic,gebco_mariana_trench_complex,GEBCO Mariana Trench,public,complex_relief,Full Geometry-Aware Hybrid GA,3,1,31797.524033058944,31797.524033058944,0.0,0.0,0.0,98.66666666666669,0.1510969654006748,145,1,25.0,144,11.309733552923255,0.0,11.309733552923255,31808.833766611868,0.03555532288893444,5892.6191666971845,0.682268991903015,0.6822716173450916
segmented_diagnostic,gebco_mariana_trench_complex,GEBCO Mariana Trench,public,complex_relief,Full Geometry-Aware Hybrid GA,3,1,31797.524033058944,31797.524033058944,0.0,0.0,0.0,98.66666666666669,0.1510969654006748,145,1,50.0,144,22.61946710584651,0.0,22.61946710584651,31820.14350016479,0.0710853711446316,5896.80795690197,0.6822716173451098,0.682276862633946
segmented_diagnostic,gebco_mariana_trench_complex,GEBCO Mariana Trench,public,complex_relief,Full Geometry-Aware Hybrid GA,3,1,31797.524033058944,31797.524033058944,0.0,0.0,0.0,98.66666666666669,0.1510969654006748,145,1,100.0,144,45.23893421169302,0.0,45.23893421169302,31842.762967270635,0.14206975147914003,5905.185537311542,0.6822768626339563,0.6822873308857929
segmented_diagnostic,gebco_mariana_trench_complex,GEBCO Mariana Trench,public,complex_relief,Full Geometry-Aware Hybrid GA,4,1,31797.663364969383,31797.663364969383,0.0,0.0,0.0,99.33333333333331,0.0,145,1,25.0,144,11.309733552923255,0.0,11.309733552923255,31808.973098522307,0.035555167146998065,5892.64496890282,0.6818339514578555,0.681836731536501
segmented_diagnostic,gebco_mariana_trench_complex,GEBCO Mariana Trench,public,complex_relief,Full Geometry-Aware Hybrid GA,4,1,31797.663364969383,31797.663364969383,0.0,0.0,0.0,99.33333333333331,0.0,145,1,50.0,144,22.61946710584651,0.0,22.61946710584651,31820.28283207523,0.0710850598821385,5896.833759107606,0.6818367315365038,0.6818422857689007
segmented_diagnostic,gebco_mariana_trench_complex,GEBCO Mariana Trench,public,complex_relief,Full Geometry-Aware Hybrid GA,4,1,31797.663364969383,31797.663364969383,0.0,0.0,0.0,99.33333333333331,0.0,145,1,100.0,144,45.23893421169302,0.0,45.23893421169302,31842.902299181074,0.14206912983825742,5905.211339517179,0.6818422857688956,0.681853370592847
segmented_diagnostic,gebco_mariana_trench_complex,GEBCO Mariana Trench,public,complex_relief,Full Geometry-Aware Hybrid GA,5,1,31797.663364969383,31797.663364969383,0.0,0.0,0.0,99.33333333333331,0.0,145,1,25.0,144,11.309733552923255,0.0,11.309733552923255,31808.973098522307,0.035555167146998065,5892.64496890282,0.6818339514578555,0.681836731536501
segmented_diagnostic,gebco_mariana_trench_complex,GEBCO Mariana Trench,public,complex_relief,Full Geometry-Aware Hybrid GA,5,1,31797.663364969383,31797.663364969383,0.0,0.0,0.0,99.33333333333331,0.0,145,1,50.0,144,22.61946710584651,0.0,22.61946710584651,31820.28283207523,0.0710850598821385,5896.833759107606,0.6818367315365038,0.6818422857689007
segmented_diagnostic,gebco_mariana_trench_complex,GEBCO Mariana Trench,public,complex_relief,Full Geometry-Aware Hybrid GA,5,1,31797.663364969383,31797.663364969383,0.0,0.0,0.0,99.33333333333331,0.0,145,1,100.0,144,45.23893421169302,0.0,45.23893421169302,31842.902299181074,0.14206912983825742,5905.211339517179,0.6818422857688956,0.681853370592847
segmented_diagnostic,gebco_mariana_trench_complex,GEBCO Mariana Trench,public,complex_relief,Full Geometry-Aware Hybrid GA,6,1,31797.663364969383,31797.663364969383,0.0,0.0,0.0,99.33333333333331,0.0,145,1,25.0,144,11.309733552923255,0.0,11.309733552923255,31808.973098522307,0.035555167146998065,5892.64496890282,0.6818339514578555,0.681836731536501
segmented_diagnostic,gebco_mariana_trench_complex,GEBCO Mariana Trench,public,complex_relief,Full Geometry-Aware Hybrid GA,6,1,31797.663364969383,31797.663364969383,0.0,0.0,0.0,99.33333333333331,0.0,145,1,50.0,144,22.61946710584651,0.0,22.61946710584651,31820.28283207523,0.0710850598821385,5896.833759107606,0.6818367315365038,0.6818422857689007
segmented_diagnostic,gebco_mariana_trench_complex,GEBCO Mariana Trench,public,complex_relief,Full Geometry-Aware Hybrid GA,6,1,31797.663364969383,31797.663364969383,0.0,0.0,0.0,99.33333333333331,0.0,145,1,100.0,144,45.23893421169302,0.0,45.23893421169302,31842.902299181074,0.14206912983825742,5905.211339517179,0.6818422857688956,0.681853370592847
segmented_diagnostic,gebco_mariana_trench_complex,GEBCO Mariana Trench,public,complex_relief,Full Geometry-Aware Hybrid GA,7,1,31797.663364969383,31797.663364969383,0.0,0.0,0.0,99.33333333333331,0.0,145,1,25.0,144,11.309733552923255,0.0,11.309733552923255,31808.973098522307,0.035555167146998065,5892.64496890282,0.6818339514578555,0.681836731536501
segmented_diagnostic,gebco_mariana_trench_complex,GEBCO Mariana Trench,public,complex_relief,Full Geometry-Aware Hybrid GA,7,1,31797.663364969383,31797.663364969383,0.0,0.0,0.0,99.33333333333331,0.0,145,1,50.0,144,22.61946710584651,0.0,22.61946710584651,31820.28283207523,0.0710850598821385,5896.833759107606,0.6818367315365038,0.6818422857689007
segmented_diagnostic,gebco_mariana_trench_complex,GEBCO Mariana Trench,public,complex_relief,Full Geometry-Aware Hybrid GA,7,1,31797.663364969383,31797.663364969383,0.0,0.0,0.0,99.33333333333331,0.0,145,1,100.0,144,45.23893421169302,0.0,45.23893421169302,31842.902299181074,0.14206912983825742,5905.211339517179,0.6818422857688956,0.681853370592847
segmented_diagnostic,gebco_mariana_trench_complex,GEBCO Mariana Trench,public,complex_relief,Full Geometry-Aware Hybrid GA,8,1,31797.431054071098,31797.431054071098,0.0,0.0,0.0,98.66666666666669,0.2073924250950493,145,1,25.0,144,11.309733552923255,0.0,11.309733552923255,31808.74078762402,0.03555542681942187,5892.601948366101,0.6825593031471208,0.6825618253971238
segmented_diagnostic,gebco_mariana_trench_complex,GEBCO Mariana Trench,public,complex_relief,Full Geometry-Aware Hybrid GA,8,1,31797.431054071098,31797.431054071098,0.0,0.0,0.0,98.66666666666669,0.2073924250950493,145,1,50.0,144,22.61946710584651,0.0,22.61946710584651,31820.050521176945,0.07108557885787377,5896.790738570887,0.6825618253971312,0.6825668645217333
segmented_diagnostic,gebco_mariana_trench_complex,GEBCO Mariana Trench,public,complex_relief,Full Geometry-Aware Hybrid GA,8,1,31797.431054071098,31797.431054071098,0.0,0.0,0.0,98.66666666666669,0.2073924250950493,145,1,100.0,144,45.23893421169302,0.0,45.23893421169302,31842.66998828279,0.14207016631563774,5905.168318980459,0.6825668645217327,0.6825769213225995
segmented_diagnostic,gebco_mariana_trench_complex,GEBCO Mariana Trench,public,complex_relief,Full Geometry-Aware Hybrid GA,9,1,31797.663364969383,31797.663364969383,0.0,0.0,0.0,99.33333333333331,0.0,145,1,25.0,144,11.309733552923255,0.0,11.309733552923255,31808.973098522307,0.035555167146998065,5892.64496890282,0.6818339514578555,0.681836731536501
segmented_diagnostic,gebco_mariana_trench_complex,GEBCO Mariana Trench,public,complex_relief,Full Geometry-Aware Hybrid GA,9,1,31797.663364969383,31797.663364969383,0.0,0.0,0.0,99.33333333333331,0.0,145,1,50.0,144,22.61946710584651,0.0,22.61946710584651,31820.28283207523,0.0710850598821385,5896.833759107606,0.6818367315365038,0.6818422857689007
segmented_diagnostic,gebco_mariana_trench_complex,GEBCO Mariana Trench,public,complex_relief,Full Geometry-Aware Hybrid GA,9,1,31797.663364969383,31797.663364969383,0.0,0.0,0.0,99.33333333333331,0.0,145,1,100.0,144,45.23893421169302,0.0,45.23893421169302,31842.902299181074,0.14206912983825742,5905.211339517179,0.6818422857688956,0.681853370592847
segmented_diagnostic,gebco_mariana_trench_complex,GEBCO Mariana Trench,public,complex_relief,Full Geometry-Aware Hybrid GA,10,1,31797.604842665045,31797.604842665045,0.0,0.0,0.0,99.33333333333331,0.2527729830907059,145,1,25.0,144,11.309733552923255,0.0,11.309733552923255,31808.91457621797,0.03555523256168889,5892.634131439055,0.6820166775056846,0.6820193926337468
segmented_diagnostic,gebco_mariana_trench_complex,GEBCO Mariana Trench,public,complex_relief,Full Geometry-Aware Hybrid GA,10,1,31797.604842665045,31797.604842665045,0.0,0.0,0.0,99.33333333333331,0.2527729830907059,145,1,50.0,144,22.61946710584651,0.0,22.61946710584651,31820.224309770892,0.07108519061853644,5896.82292164384,0.6820193926337598,0.6820248171034228
segmented_diagnostic,gebco_mariana_trench_complex,GEBCO Mariana Trench,public,complex_relief,Full Geometry-Aware Hybrid GA,10,1,31797.604842665045,31797.604842665045,0.0,0.0,0.0,99.33333333333331,0.2527729830907059,145,1,100.0,144,45.23893421169302,0.0,45.23893421169302,31842.843776876736,0.1420693909397128,5905.200502053413,0.6820248171034279,0.6820356429542391
segmented_diagnostic,gebco_mariana_trench_complex,GEBCO Mariana Trench,public,complex_relief,Full Geometry-Aware Hybrid GA,11,1,31797.64246314625,31797.64246314625,0.0,0.0,0.0,98.66666666666669,0.3314146523339606,145,1,25.0,144,11.309733552923255,0.0,11.309733552923255,31808.952196699174,0.03555519051047796,5892.641098194833,0.6818992138834664,0.6819019707643685
segmented_diagnostic,gebco_mariana_trench_complex,GEBCO Mariana Trench,public,complex_relief,Full Geometry-Aware Hybrid GA,11,1,31797.64246314625,31797.64246314625,0.0,0.0,0.0,98.66666666666669,0.3314146523339606,145,1,50.0,144,22.61946710584651,0.0,22.61946710584651,31820.261930252098,0.07108510657588829,5896.8298883996185,0.6819019707643714,0.6819074786507207
segmented_diagnostic,gebco_mariana_trench_complex,GEBCO Mariana Trench,public,complex_relief,Full Geometry-Aware Hybrid GA,11,1,31797.64246314625,31797.64246314625,0.0,0.0,0.0,98.66666666666669,0.3314146523339606,145,1,100.0,144,45.23893421169302,0.0,45.23893421169302,31842.88139735794,0.1420692230931293,5905.207468809192,0.6819074786507155,0.6819184709798375
segmented_diagnostic,gebco_mariana_trench_complex,GEBCO Mariana Trench,public,complex_relief,Full Geometry-Aware Hybrid GA,12,1,31797.663364969383,31797.663364969383,0.0,0.0,0.0,99.33333333333331,0.0,145,1,25.0,144,11.309733552923255,0.0,11.309733552923255,31808.973098522307,0.035555167146998065,5892.64496890282,0.6818339514578555,0.681836731536501
segmented_diagnostic,gebco_mariana_trench_complex,GEBCO Mariana Trench,public,complex_relief,Full Geometry-Aware Hybrid GA,12,1,31797.663364969383,31797.663364969383,0.0,0.0,0.0,99.33333333333331,0.0,145,1,50.0,144,22.61946710584651,0.0,22.61946710584651,31820.28283207523,0.0710850598821385,5896.833759107606,0.6818367315365038,0.6818422857689007
segmented_diagnostic,gebco_mariana_trench_complex,GEBCO Mariana Trench,public,complex_relief,Full Geometry-Aware Hybrid GA,12,1,31797.663364969383,31797.663364969383,0.0,0.0,0.0,99.33333333333331,0.0,145,1,100.0,144,45.23893421169302,0.0,45.23893421169302,31842.902299181074,0.14206912983825742,5905.211339517179,0.6818422857688956,0.681853370592847
segmented_diagnostic,gebco_mariana_trench_complex,GEBCO Mariana Trench,public,complex_relief,Full Geometry-Aware Hybrid GA,13,1,31797.614388561506,31797.614388561506,0.0,0.0,0.0,99.33333333333331,0.1796362662893698,145,1,25.0,144,11.309733552923255,0.0,11.309733552923255,31808.92412211443,0.03555522189152075,5892.635899197658,0.6819868720502611,0.6819895977727853
segmented_diagnostic,gebco_mariana_trench_complex,GEBCO Mariana Trench,public,complex_relief,Full Geometry-Aware Hybrid GA,13,1,31797.614388561506,31797.614388561506,0.0,0.0,0.0,99.33333333333331,0.1796362662893698,145,1,50.0,144,22.61946710584651,0.0,22.61946710584651,31820.233855667353,0.07108516929336729,5896.824689402443,0.681989597772783,0.6819950434087764
segmented_diagnostic,gebco_mariana_trench_complex,GEBCO Mariana Trench,public,complex_relief,Full Geometry-Aware Hybrid GA,13,1,31797.614388561506,31797.614388561506,0.0,0.0,0.0,99.33333333333331,0.1796362662893698,145,1,100.0,144,45.23893421169302,0.0,45.23893421169302,31842.853322773197,0.14206934834994606,5905.202269812016,0.6819950434087662,0.682005911502131
segmented_diagnostic,gebco_mariana_trench_complex,GEBCO Mariana Trench,public,complex_relief,Full Geometry-Aware Hybrid GA,14,1,31797.60001422984,31797.60001422984,0.0,0.0,0.0,98.66666666666669,0.2109602051927934,145,1,25.0,144,11.309733552923255,0.0,11.309733552923255,31808.909747782764,0.03555523795879738,5892.633237284387,0.6820317534821385,0.6820344632513942
segmented_diagnostic,gebco_mariana_trench_complex,GEBCO Mariana Trench,public,complex_relief,Full Geometry-Aware Hybrid GA,14,1,31797.60001422984,31797.60001422984,0.0,0.0,0.0,98.66666666666669,0.2109602051927934,145,1,50.0,144,22.61946710584651,0.0,22.61946710584651,31820.219481335687,0.07108520140508168,5896.822027489173,0.6820344632514084,0.6820398770148804
segmented_diagnostic,gebco_mariana_trench_complex,GEBCO Mariana Trench,public,complex_relief,Full Geometry-Aware Hybrid GA,14,1,31797.60001422984,31797.60001422984,0.0,0.0,0.0,98.66666666666669,0.2109602051927934,145,1,100.0,144,45.23893421169302,0.0,45.23893421169302,31842.83894844153,0.14206941248216542,5905.199607898745,0.6820398770148867,0.6820506814989018
segmented_diagnostic,gebco_mariana_trench_complex,GEBCO Mariana Trench,public,complex_relief,Full Geometry-Aware Hybrid GA,15,1,31797.534485820084,31797.534485820084,0.0,0.0,0.0,98.66666666666669,0.5094416067437306,145,1,25.0,144,11.309733552923255,0.0,11.309733552923255,31808.844219373008,0.035555311205036244,5892.621102393692,0.6822363549152264,0.6822389919582239
segmented_diagnostic,gebco_mariana_trench_complex,GEBCO Mariana Trench,public,complex_relief,Full Geometry-Aware Hybrid GA,15,1,31797.534485820084,31797.534485820084,0.0,0.0,0.0,98.66666666666669,0.5094416067437306,145,1,50.0,144,22.61946710584651,0.0,22.61946710584651,31820.15395292593,0.07108534779344335,5896.809892598478,0.6822389919582454,0.6822442604242032
segmented_diagnostic,gebco_mariana_trench_complex,GEBCO Mariana Trench,public,complex_relief,Full Geometry-Aware Hybrid GA,15,1,31797.534485820084,31797.534485820084,0.0,0.0,0.0,98.66666666666669,0.5094416067437306,145,1,100.0,144,45.23893421169302,0.0,45.23893421169302,31842.773420031775,0.1420697048430899,5905.18747300805,0.6822442604242168,0.6822547749316495
segmented_diagnostic,gebco_mariana_trench_complex,GEBCO Mariana Trench,public,complex_relief,Full Geometry-Aware Hybrid GA,16,1,31797.663364969383,31797.663364969383,0.0,0.0,0.0,99.33333333333331,0.0,145,1,25.0,144,11.309733552923255,0.0,11.309733552923255,31808.973098522307,0.035555167146998065,5892.64496890282,0.6818339514578555,0.681836731536501
segmented_diagnostic,gebco_mariana_trench_complex,GEBCO Mariana Trench,public,complex_relief,Full Geometry-Aware Hybrid GA,16,1,31797.663364969383,31797.663364969383,0.0,0.0,0.0,99.33333333333331,0.0,145,1,50.0,144,22.61946710584651,0.0,22.61946710584651,31820.28283207523,0.0710850598821385,5896.833759107606,0.6818367315365038,0.6818422857689007
segmented_diagnostic,gebco_mariana_trench_complex,GEBCO Mariana Trench,public,complex_relief,Full Geometry-Aware Hybrid GA,16,1,31797.663364969383,31797.663364969383,0.0,0.0,0.0,99.33333333333331,0.0,145,1,100.0,144,45.23893421169302,0.0,45.23893421169302,31842.902299181074,0.14206912983825742,5905.211339517179,0.6818422857688956,0.681853370592847
segmented_diagnostic,gebco_mariana_trench_complex,GEBCO Mariana Trench,public,complex_relief,Full Geometry-Aware Hybrid GA,17,1,31797.663364969383,31797.663364969383,0.0,0.0,0.0,99.33333333333331,0.0,145,1,25.0,144,11.309733552923255,0.0,11.309733552923255,31808.973098522307,0.035555167146998065,5892.64496890282,0.6818339514578555,0.681836731536501
segmented_diagnostic,gebco_mariana_trench_complex,GEBCO Mariana Trench,public,complex_relief,Full Geometry-Aware Hybrid GA,17,1,31797.663364969383,31797.663364969383,0.0,0.0,0.0,99.33333333333331,0.0,145,1,50.0,144,22.61946710584651,0.0,22.61946710584651,31820.28283207523,0.0710850598821385,5896.833759107606,0.6818367315365038,0.6818422857689007
segmented_diagnostic,gebco_mariana_trench_complex,GEBCO Mariana Trench,public,complex_relief,Full Geometry-Aware Hybrid GA,17,1,31797.663364969383,31797.663364969383,0.0,0.0,0.0,99.33333333333331,0.0,145,1,100.0,144,45.23893421169302,0.0,45.23893421169302,31842.902299181074,0.14206912983825742,5905.211339517179,0.6818422857688956,0.681853370592847
segmented_diagnostic,gebco_mariana_trench_complex,GEBCO Mariana Trench,public,complex_relief,Full Geometry-Aware Hybrid GA,18,1,31797.59532354147,31797.59532354147,0.0,0.0,0.0,99.33333333333331,0.0900430284320947,145,1,25.0,144,11.309733552923255,0.0,11.309733552923255,31808.905057094395,0.035555243201937335,5892.632368638392,0.6820463993672752,0.6820491039306166
segmented_diagnostic,gebco_mariana_trench_complex,GEBCO Mariana Trench,public,complex_relief,Full Geometry-Aware Hybrid GA,18,1,31797.59532354147,31797.59532354147,0.0,0.0,0.0,99.33333333333331,0.0900430284320947,145,1,50.0,144,22.61946710584651,0.0,22.61946710584651,31820.21479064732,0.07108521188390873,5896.821158843178,0.6820491039306171,0.6820545072933418
segmented_diagnostic,gebco_mariana_trench_complex,GEBCO Mariana Trench,public,complex_relief,Full Geometry-Aware Hybrid GA,18,1,31797.59532354147,31797.59532354147,0.0,0.0,0.0,99.33333333333331,0.0900430284320947,145,1,100.0,144,45.23893421169302,0.0,45.23893421169302,31842.834257753162,0.14206943341005568,5905.198739252751,0.6820545072933344,0.6820652910200953
segmented_diagnostic,gebco_mariana_trench_complex,GEBCO Mariana Trench,public,complex_relief,Full Geometry-Aware Hybrid GA,19,1,31797.58683425197,31797.58683425197,0.0,0.0,0.0,98.66666666666669,0.125430939927828,145,1,25.0,144,11.309733552923255,0.0,11.309733552923255,31808.896567804895,0.035555252691067275,5892.6307965477445,0.6820729057452558,0.6820756008868117
segmented_diagnostic,gebco_mariana_trench_complex,GEBCO Mariana Trench,public,complex_relief,Full Geometry-Aware Hybrid GA,19,1,31797.58683425197,31797.58683425197,0.0,0.0,0.0,98.66666666666669,0.125430939927828,145,1,50.0,144,22.61946710584651,0.0,22.61946710584651,31820.20630135782,0.07108523084868026,5896.81958675253,0.6820756008868186,0.6820809854260588
segmented_diagnostic,gebco_mariana_trench_complex,GEBCO Mariana Trench,public,complex_relief,Full Geometry-Aware Hybrid GA,19,1,31797.58683425197,31797.58683425197,0.0,0.0,0.0,98.66666666666669,0.125430939927828,145,1,100.0,144,45.23893421169302,0.0,45.23893421169302,31842.825768463663,0.14206947128573158,5905.197167162102,0.6820809854260577,0.6820917315859905
segmented_diagnostic,gebco_mariana_trench_complex,GEBCO Mariana Trench,public,complex_relief,Full Geometry-Aware Hybrid GA,20,1,31797.663364969383,31797.663364969383,0.0,0.0,0.0,99.33333333333331,0.0,145,1,25.0,144,11.309733552923255,0.0,11.309733552923255,31808.973098522307,0.035555167146998065,5892.64496890282,0.6818339514578555,0.681836731536501
segmented_diagnostic,gebco_mariana_trench_complex,GEBCO Mariana Trench,public,complex_relief,Full Geometry-Aware Hybrid GA,20,1,31797.663364969383,31797.663364969383,0.0,0.0,0.0,99.33333333333331,0.0,145,1,50.0,144,22.61946710584651,0.0,22.61946710584651,31820.28283207523,0.0710850598821385,5896.833759107606,0.6818367315365038,0.6818422857689007
segmented_diagnostic,gebco_mariana_trench_complex,GEBCO Mariana Trench,public,complex_relief,Full Geometry-Aware Hybrid GA,20,1,31797.663364969383,31797.663364969383,0.0,0.0,0.0,99.33333333333331,0.0,145,1,100.0,144,45.23893421169302,0.0,45.23893421169302,31842.902299181074,0.14206912983825742,5905.211339517179,0.6818422857688956,0.681853370592847
segmented_diagnostic,gebco_mariana_trench_complex,GEBCO Mariana Trench,public,complex_relief,Full Geometry-Aware Hybrid GA,21,1,31797.663364969383,31797.663364969383,0.0,0.0,0.0,99.33333333333331,0.0,145,1,25.0,144,11.309733552923255,0.0,11.309733552923255,31808.973098522307,0.035555167146998065,5892.64496890282,0.6818339514578555,0.681836731536501
segmented_diagnostic,gebco_mariana_trench_complex,GEBCO Mariana Trench,public,complex_relief,Full Geometry-Aware Hybrid GA,21,1,31797.663364969383,31797.663364969383,0.0,0.0,0.0,99.33333333333331,0.0,145,1,50.0,144,22.61946710584651,0.0,22.61946710584651,31820.28283207523,0.0710850598821385,5896.833759107606,0.6818367315365038,0.6818422857689007
segmented_diagnostic,gebco_mariana_trench_complex,GEBCO Mariana Trench,public,complex_relief,Full Geometry-Aware Hybrid GA,21,1,31797.663364969383,31797.663364969383,0.0,0.0,0.0,99.33333333333331,0.0,145,1,100.0,144,45.23893421169302,0.0,45.23893421169302,31842.902299181074,0.14206912983825742,5905.211339517179,0.6818422857688956,0.681853370592847
segmented_diagnostic,gebco_mariana_trench_complex,GEBCO Mariana Trench,public,complex_relief,Full Geometry-Aware Hybrid GA,22,1,31797.60184678029,31797.60184678029,0.0,0.0,0.0,98.66666666666669,0.2941686704459256,145,1,25.0,144,11.309733552923255,0.0,11.309733552923255,31808.911580333213,0.03555523591041646,5892.633576645581,0.6820260316517198,0.6820287434548229
segmented_diagnostic,gebco_mariana_trench_complex,GEBCO Mariana Trench,public,complex_relief,Full Geometry-Aware Hybrid GA,22,1,31797.60184678029,31797.60184678029,0.0,0.0,0.0,98.66666666666669,0.2941686704459256,145,1,50.0,144,22.61946710584651,0.0,22.61946710584651,31820.221313886137,0.07108519731123153,5896.822366850367,0.6820287434548331,0.6820341612816614
segmented_diagnostic,gebco_mariana_trench_complex,GEBCO Mariana Trench,public,complex_relief,Full Geometry-Aware Hybrid GA,22,1,31797.60184678029,31797.60184678029,0.0,0.0,0.0,98.66666666666669,0.2941686704459256,145,1,100.0,144,45.23893421169302,0.0,45.23893421169302,31842.84078099198,0.1420694043060932,5905.199947259939,0.6820341612816636,0.6820449738750921
segmented_diagnostic,gebco_mariana_trench_complex,GEBCO Mariana Trench,public,complex_relief,Full Geometry-Aware Hybrid GA,23,1,31797.555371018865,31797.555371018865,0.0,0.0,0.0,98.66666666666669,0.1821839840786269,145,1,25.0,144,11.309733552923255,0.0,11.309733552923255,31808.86510457179,0.035555287859980085,5892.624970023095,0.6821711443963563,0.6821738046186695
segmented_diagnostic,gebco_mariana_trench_complex,GEBCO Mariana Trench,public,complex_relief,Full Geometry-Aware Hybrid GA,23,1,31797.555371018865,31797.555371018865,0.0,0.0,0.0,98.66666666666669,0.1821839840786269,145,1,50.0,144,22.61946710584651,0.0,22.61946710584651,31820.174838124713,0.07108530113651496,5896.813760227881,0.6821738046186683,0.6821791193938195
segmented_diagnostic,gebco_mariana_trench_complex,GEBCO Mariana Trench,public,complex_relief,Full Geometry-Aware Hybrid GA,23,1,31797.555371018865,31797.555371018865,0.0,0.0,0.0,98.66666666666669,0.1821839840786269,145,1,100.0,144,45.23893421169302,0.0,45.23893421169302,31842.794305230556,0.1420696116617567,5905.191340637453,0.6821791193938257,0.682189726322529
segmented_diagnostic,gebco_mariana_trench_complex,GEBCO Mariana Trench,public,complex_relief,Full Geometry-Aware Hybrid GA,24,1,31797.589606382964,31797.589606382964,0.0,0.0,0.0,98.66666666666669,0.3415232042620307,145,1,25.0,144,11.309733552923255,0.0,11.309733552923255,31808.899339935888,0.03555524959244331,5892.631309905336,0.6820642502326942,0.6820669484508767
segmented_diagnostic,gebco_mariana_trench_complex,GEBCO Mariana Trench,public,complex_relief,Full Geometry-Aware Hybrid GA,24,1,31797.589606382964,31797.589606382964,0.0,0.0,0.0,98.66666666666669,0.3415232042620307,145,1,50.0,144,22.61946710584651,0.0,22.61946710584651,31820.20907348881,0.07108522465583687,5896.8201001101215,0.6820669484508874,0.6820723391368274
segmented_diagnostic,gebco_mariana_trench_complex,GEBCO Mariana Trench,public,complex_relief,Full Geometry-Aware Hybrid GA,24,1,31797.589606382964,31797.589606382964,0.0,0.0,0.0,98.66666666666669,0.3415232042620307,145,1,100.0,144,45.23893421169302,0.0,45.23893421169302,31842.828540594655,0.14206945891763484,5905.197680519694,0.6820723391368302,0.682083097564004
segmented_diagnostic,gebco_mariana_trench_complex,GEBCO Mariana Trench,public,complex_relief,Full Geometry-Aware Hybrid GA,25,1,31797.60714193183,31797.60714193183,0.0,0.0,0.0,98.66666666666669,0.3232944875249144,145,1,25.0,144,11.309733552923255,0.0,11.309733552923255,31808.916875484752,0.035555229991624485,5892.634557229199,0.6820094984320471,0.682012216111943
segmented_diagnostic,gebco_mariana_trench_complex,GEBCO Mariana Trench,public,complex_relief,Full Geometry-Aware Hybrid GA,25,1,31797.60714193183,31797.60714193183,0.0,0.0,0.0,98.66666666666669,0.3232944875249144,145,1,50.0,144,22.61946710584651,0.0,22.61946710584651,31820.226609037676,0.07108518548206084,5896.823347433986,0.6820122161119474,0.6820176456798158
segmented_diagnostic,gebco_mariana_trench_complex,GEBCO Mariana Trench,public,complex_relief,Full Geometry-Aware Hybrid GA,25,1,31797.60714193183,31797.60714193183,0.0,0.0,0.0,98.66666666666669,0.3232944875249144,145,1,100.0,144,45.23893421169302,0.0,45.23893421169302,31842.84607614352,0.14206938068135114,5905.200927843558,0.6820176456798277,0.6820284817053718
segmented_diagnostic,gebco_mariana_trench_complex,GEBCO Mariana Trench,public,complex_relief,Full Geometry-Aware Hybrid GA,26,1,31797.663364969383,31797.663364969383,0.0,0.0,0.0,99.33333333333331,0.0,145,1,25.0,144,11.309733552923255,0.0,11.309733552923255,31808.973098522307,0.035555167146998065,5892.64496890282,0.6818339514578555,0.681836731536501
segmented_diagnostic,gebco_mariana_trench_complex,GEBCO Mariana Trench,public,complex_relief,Full Geometry-Aware Hybrid GA,26,1,31797.663364969383,31797.663364969383,0.0,0.0,0.0,99.33333333333331,0.0,145,1,50.0,144,22.61946710584651,0.0,22.61946710584651,31820.28283207523,0.0710850598821385,5896.833759107606,0.6818367315365038,0.6818422857689007
segmented_diagnostic,gebco_mariana_trench_complex,GEBCO Mariana Trench,public,complex_relief,Full Geometry-Aware Hybrid GA,26,1,31797.663364969383,31797.663364969383,0.0,0.0,0.0,99.33333333333331,0.0,145,1,100.0,144,45.23893421169302,0.0,45.23893421169302,31842.902299181074,0.14206912983825742,5905.211339517179,0.6818422857688956,0.681853370592847
segmented_diagnostic,gebco_mariana_trench_complex,GEBCO Mariana Trench,public,complex_relief,Full Geometry-Aware Hybrid GA,27,1,31797.663364969383,31797.663364969383,0.0,0.0,0.0,99.33333333333331,0.0,145,1,25.0,144,11.309733552923255,0.0,11.309733552923255,31808.973098522307,0.035555167146998065,5892.64496890282,0.6818339514578555,0.681836731536501
segmented_diagnostic,gebco_mariana_trench_complex,GEBCO Mariana Trench,public,complex_relief,Full Geometry-Aware Hybrid GA,27,1,31797.663364969383,31797.663364969383,0.0,0.0,0.0,99.33333333333331,0.0,145,1,50.0,144,22.61946710584651,0.0,22.61946710584651,31820.28283207523,0.0710850598821385,5896.833759107606,0.6818367315365038,0.6818422857689007
segmented_diagnostic,gebco_mariana_trench_complex,GEBCO Mariana Trench,public,complex_relief,Full Geometry-Aware Hybrid GA,27,1,31797.663364969383,31797.663364969383,0.0,0.0,0.0,99.33333333333331,0.0,145,1,100.0,144,45.23893421169302,0.0,45.23893421169302,31842.902299181074,0.14206912983825742,5905.211339517179,0.6818422857688956,0.681853370592847
segmented_diagnostic,gebco_mariana_trench_complex,GEBCO Mariana Trench,public,complex_relief,Full Geometry-Aware Hybrid GA,28,1,31797.530375739338,31797.530375739338,0.0,0.0,0.0,98.66666666666669,0.1715860956046013,145,1,25.0,144,11.309733552923255,0.0,11.309733552923255,31808.84010929226,0.03555531579920565,5892.620341267627,0.6822491879507601,0.6822518204322319
segmented_diagnostic,gebco_mariana_trench_complex,GEBCO Mariana Trench,public,complex_relief,Full Geometry-Aware Hybrid GA,28,1,31797.530375739338,31797.530375739338,0.0,0.0,0.0,98.66666666666669,0.1715860956046013,145,1,50.0,144,22.61946710584651,0.0,22.61946710584651,31820.149842845185,0.07108535697525176,5896.809131472413,0.6822518204322346,0.6822570797848282
segmented_diagnostic,gebco_mariana_trench_complex,GEBCO Mariana Trench,public,complex_relief,Full Geometry-Aware Hybrid GA,28,1,31797.530375739338,31797.530375739338,0.0,0.0,0.0,98.66666666666669,0.1715860956046013,145,1,100.0,144,45.23893421169302,0.0,45.23893421169302,31842.76930995103,0.14206972318062683,5905.1867118819855,0.6822570797848384,0.682267576104329
segmented_diagnostic,gebco_mariana_trench_complex,GEBCO Mariana Trench,public,complex_relief,Full Geometry-Aware Hybrid GA,29,1,31797.516703800113,31797.516703800113,0.0,0.0,0.0,98.66666666666669,0.0878578442014756,145,1,25.0,144,11.309733552923255,0.0,11.309733552923255,31808.826437353036,0.035555331081445554,5892.61780942703,0.6822918762804316,0.6822944935881919
segmented_diagnostic,gebco_mariana_trench_complex,GEBCO Mariana Trench,public,complex_relief,Full Geometry-Aware Hybrid GA,29,1,31797.516703800113,31797.516703800113,0.0,0.0,0.0,98.66666666666669,0.0878578442014756,145,1,50.0,144,22.61946710584651,0.0,22.61946710584651,31820.13617090596,0.07108538751800855,5896.8065996318155,0.6822944935881993,0.6822997226257282
segmented_diagnostic,gebco_mariana_trench_complex,GEBCO Mariana Trench,public,complex_relief,Full Geometry-Aware Hybrid GA,29,1,31797.516703800113,31797.516703800113,0.0,0.0,0.0,98.66666666666669,0.0878578442014756,145,1,100.0,144,45.23893421169302,0.0,45.23893421169302,31842.755638011804,0.1420697841793872,5905.184180041388,0.6822997226257277,0.6823101584441101
segmented_diagnostic,gebco_mariana_trench_complex,GEBCO Mariana Trench,public,complex_relief,Coverage-Preserving Segmented Hybrid,0,1,31797.663364969383,31797.663364969383,0.0,0.0,0.0,99.33333333333331,0.0,145,1,25.0,144,11.309733552923255,0.0,11.309733552923255,31808.973098522307,0.035555167146998065,5892.64496890282,0.6818339514578555,0.681836731536501
segmented_diagnostic,gebco_mariana_trench_complex,GEBCO Mariana Trench,public,complex_relief,Coverage-Preserving Segmented Hybrid,0,1,31797.663364969383,31797.663364969383,0.0,0.0,0.0,99.33333333333331,0.0,145,1,50.0,144,22.61946710584651,0.0,22.61946710584651,31820.28283207523,0.0710850598821385,5896.833759107606,0.6818367315365038,0.6818422857689007
segmented_diagnostic,gebco_mariana_trench_complex,GEBCO Mariana Trench,public,complex_relief,Coverage-Preserving Segmented Hybrid,0,1,31797.663364969383,31797.663364969383,0.0,0.0,0.0,99.33333333333331,0.0,145,1,100.0,144,45.23893421169302,0.0,45.23893421169302,31842.902299181074,0.14206912983825742,5905.211339517179,0.6818422857688956,0.681853370592847
segmented_diagnostic,gebco_mariana_trench_complex,GEBCO Mariana Trench,public,complex_relief,Transition-Aware Segmented Hybrid,0,1,31797.663364969383,31797.663364969383,0.0,0.0,0.0,99.33333333333331,0.0,145,1,25.0,144,11.309733552923255,0.0,11.309733552923255,31808.973098522307,0.035555167146998065,5892.64496890282,0.6818339514578555,0.681836731536501
segmented_diagnostic,gebco_mariana_trench_complex,GEBCO Mariana Trench,public,complex_relief,Transition-Aware Segmented Hybrid,0,1,31797.663364969383,31797.663364969383,0.0,0.0,0.0,99.33333333333331,0.0,145,1,50.0,144,22.61946710584651,0.0,22.61946710584651,31820.28283207523,0.0710850598821385,5896.833759107606,0.6818367315365038,0.6818422857689007
segmented_diagnostic,gebco_mariana_trench_complex,GEBCO Mariana Trench,public,complex_relief,Transition-Aware Segmented Hybrid,0,1,31797.663364969383,31797.663364969383,0.0,0.0,0.0,99.33333333333331,0.0,145,1,100.0,144,45.23893421169302,0.0,45.23893421169302,31842.902299181074,0.14206912983825742,5905.211339517179,0.6818422857688956,0.681853370592847
segmented_diagnostic,gebco_mariana_trench_complex,GEBCO Mariana Trench,public,complex_relief,Coverage-Preserving Segmented Hybrid,1,1,31797.599408904407,31797.599408904407,0.0,0.0,0.0,98.66666666666669,0.243893693189,145,1,25.0,144,11.309733552923255,0.0,11.309733552923255,31808.90914245733,0.03555523863541567,5892.633125187084,0.6820336435089454,0.6820363526063938
segmented_diagnostic,gebco_mariana_trench_complex,GEBCO Mariana Trench,public,complex_relief,Coverage-Preserving Segmented Hybrid,1,1,31797.599408904407,31797.599408904407,0.0,0.0,0.0,98.66666666666669,0.243893693189,145,1,50.0,144,22.61946710584651,0.0,22.61946710584651,31820.218876010254,0.07108520275735648,5896.82191539187,0.6820363526063989,0.6820417650276794
segmented_diagnostic,gebco_mariana_trench_complex,GEBCO Mariana Trench,public,complex_relief,Coverage-Preserving Segmented Hybrid,1,1,31797.599408904407,31797.599408904407,0.0,0.0,0.0,98.66666666666669,0.243893693189,145,1,100.0,144,45.23893421169302,0.0,45.23893421169302,31842.8383431161,0.14206941518287405,5905.199495801442,0.6820417650276765,0.6820525668330122
segmented_diagnostic,gebco_mariana_trench_complex,GEBCO Mariana Trench,public,complex_relief,Transition-Aware Segmented Hybrid,1,1,31797.599408904407,31797.599408904407,0.0,0.0,0.0,98.66666666666669,0.243893693189,145,1,25.0,144,11.309733552923255,0.0,11.309733552923255,31808.90914245733,0.03555523863541567,5892.633125187084,0.6820336435089454,0.6820363526063938
segmented_diagnostic,gebco_mariana_trench_complex,GEBCO Mariana Trench,public,complex_relief,Transition-Aware Segmented Hybrid,1,1,31797.599408904407,31797.599408904407,0.0,0.0,0.0,98.66666666666669,0.243893693189,145,1,50.0,144,22.61946710584651,0.0,22.61946710584651,31820.218876010254,0.07108520275735648,5896.82191539187,0.6820363526063989,0.6820417650276794
segmented_diagnostic,gebco_mariana_trench_complex,GEBCO Mariana Trench,public,complex_relief,Transition-Aware Segmented Hybrid,1,1,31797.599408904407,31797.599408904407,0.0,0.0,0.0,98.66666666666669,0.243893693189,145,1,100.0,144,45.23893421169302,0.0,45.23893421169302,31842.8383431161,0.14206941518287405,5905.199495801442,0.6820417650276765,0.6820525668330122
segmented_diagnostic,gebco_mariana_trench_complex,GEBCO Mariana Trench,public,complex_relief,Coverage-Preserving Segmented Hybrid,2,1,31797.600305684107,31797.600305684107,0.0,0.0,0.0,98.66666666666669,0.0675819743292635,145,1,25.0,144,11.309733552923255,0.0,11.309733552923255,31808.91003923703,0.035555237633016774,5892.6332912574,0.6820308434652311,0.6820335535579525
segmented_diagnostic,gebco_mariana_trench_complex,GEBCO Mariana Trench,public,complex_relief,Coverage-Preserving Segmented Hybrid,2,1,31797.600305684107,31797.600305684107,0.0,0.0,0.0,98.66666666666669,0.0675819743292635,145,1,50.0,144,22.61946710584651,0.0,22.61946710584651,31820.219772789955,0.07108520075398356,5896.822081462185,0.6820335535579695,0.6820389679676863
segmented_diagnostic,gebco_mariana_trench_complex,GEBCO Mariana Trench,public,complex_relief,Coverage-Preserving Segmented Hybrid,2,1,31797.600305684107,31797.600305684107,0.0,0.0,0.0,98.66666666666669,0.0675819743292635,145,1,100.0,144,45.23893421169302,0.0,45.23893421169302,31842.8392398958,0.14206941118181854,5905.199661871758,0.6820389679676954,0.6820497737414521
segmented_diagnostic,gebco_mariana_trench_complex,GEBCO Mariana Trench,public,complex_relief,Transition-Aware Segmented Hybrid,2,1,31797.600305684107,31797.600305684107,0.0,0.0,0.0,98.66666666666669,0.0675819743292635,145,1,25.0,144,11.309733552923255,0.0,11.309733552923255,31808.91003923703,0.035555237633016774,5892.6332912574,0.6820308434652311,0.6820335535579525
segmented_diagnostic,gebco_mariana_trench_complex,GEBCO Mariana Trench,public,complex_relief,Transition-Aware Segmented Hybrid,2,1,31797.600305684107,31797.600305684107,0.0,0.0,0.0,98.66666666666669,0.0675819743292635,145,1,50.0,144,22.61946710584651,0.0,22.61946710584651,31820.219772789955,0.07108520075398356,5896.822081462185,0.6820335535579695,0.6820389679676863
segmented_diagnostic,gebco_mariana_trench_complex,GEBCO Mariana Trench,public,complex_relief,Transition-Aware Segmented Hybrid,2,1,31797.600305684107,31797.600305684107,0.0,0.0,0.0,98.66666666666669,0.0675819743292635,145,1,100.0,144,45.23893421169302,0.0,45.23893421169302,31842.8392398958,0.14206941118181854,5905.199661871758,0.6820389679676954,0.6820497737414521
segmented_diagnostic,gebco_mariana_trench_complex,GEBCO Mariana Trench,public,complex_relief,Coverage-Preserving Segmented Hybrid,3,1,31797.524033058944,31797.524033058944,0.0,0.0,0.0,98.66666666666669,0.1510969654006748,145,1,25.0,144,11.309733552923255,0.0,11.309733552923255,31808.833766611868,0.03555532288893444,5892.6191666971845,0.682268991903015,0.6822716173450916
segmented_diagnostic,gebco_mariana_trench_complex,GEBCO Mariana Trench,public,complex_relief,Coverage-Preserving Segmented Hybrid,3,1,31797.524033058944,31797.524033058944,0.0,0.0,0.0,98.66666666666669,0.1510969654006748,145,1,50.0,144,22.61946710584651,0.0,22.61946710584651,31820.14350016479,0.0710853711446316,5896.80795690197,0.6822716173451098,0.682276862633946
segmented_diagnostic,gebco_mariana_trench_complex,GEBCO Mariana Trench,public,complex_relief,Coverage-Preserving Segmented Hybrid,3,1,31797.524033058944,31797.524033058944,0.0,0.0,0.0,98.66666666666669,0.1510969654006748,145,1,100.0,144,45.23893421169302,0.0,45.23893421169302,31842.762967270635,0.14206975147914003,5905.185537311542,0.6822768626339563,0.6822873308857929
segmented_diagnostic,gebco_mariana_trench_complex,GEBCO Mariana Trench,public,complex_relief,Transition-Aware Segmented Hybrid,3,1,31797.524033058944,31797.524033058944,0.0,0.0,0.0,98.66666666666669,0.1510969654006748,145,1,25.0,144,11.309733552923255,0.0,11.309733552923255,31808.833766611868,0.03555532288893444,5892.6191666971845,0.682268991903015,0.6822716173450916
segmented_diagnostic,gebco_mariana_trench_complex,GEBCO Mariana Trench,public,complex_relief,Transition-Aware Segmented Hybrid,3,1,31797.524033058944,31797.524033058944,0.0,0.0,0.0,98.66666666666669,0.1510969654006748,145,1,50.0,144,22.61946710584651,0.0,22.61946710584651,31820.14350016479,0.0710853711446316,5896.80795690197,0.6822716173451098,0.682276862633946
segmented_diagnostic,gebco_mariana_trench_complex,GEBCO Mariana Trench,public,complex_relief,Transition-Aware Segmented Hybrid,3,1,31797.524033058944,31797.524033058944,0.0,0.0,0.0,98.66666666666669,0.1510969654006748,145,1,100.0,144,45.23893421169302,0.0,45.23893421169302,31842.762967270635,0.14206975147914003,5905.185537311542,0.6822768626339563,0.6822873308857929
segmented_diagnostic,gebco_mariana_trench_complex,GEBCO Mariana Trench,public,complex_relief,Coverage-Preserving Segmented Hybrid,4,1,31797.663364969383,31797.663364969383,0.0,0.0,0.0,99.33333333333331,0.0,145,1,25.0,144,11.309733552923255,0.0,11.309733552923255,31808.973098522307,0.035555167146998065,5892.64496890282,0.6818339514578555,0.681836731536501
segmented_diagnostic,gebco_mariana_trench_complex,GEBCO Mariana Trench,public,complex_relief,Coverage-Preserving Segmented Hybrid,4,1,31797.663364969383,31797.663364969383,0.0,0.0,0.0,99.33333333333331,0.0,145,1,50.0,144,22.61946710584651,0.0,22.61946710584651,31820.28283207523,0.0710850598821385,5896.833759107606,0.6818367315365038,0.6818422857689007
segmented_diagnostic,gebco_mariana_trench_complex,GEBCO Mariana Trench,public,complex_relief,Coverage-Preserving Segmented Hybrid,4,1,31797.663364969383,31797.663364969383,0.0,0.0,0.0,99.33333333333331,0.0,145,1,100.0,144,45.23893421169302,0.0,45.23893421169302,31842.902299181074,0.14206912983825742,5905.211339517179,0.6818422857688956,0.681853370592847
segmented_diagnostic,gebco_mariana_trench_complex,GEBCO Mariana Trench,public,complex_relief,Transition-Aware Segmented Hybrid,4,1,31797.663364969383,31797.663364969383,0.0,0.0,0.0,99.33333333333331,0.0,145,1,25.0,144,11.309733552923255,0.0,11.309733552923255,31808.973098522307,0.035555167146998065,5892.64496890282,0.6818339514578555,0.681836731536501
segmented_diagnostic,gebco_mariana_trench_complex,GEBCO Mariana Trench,public,complex_relief,Transition-Aware Segmented Hybrid,4,1,31797.663364969383,31797.663364969383,0.0,0.0,0.0,99.33333333333331,0.0,145,1,50.0,144,22.61946710584651,0.0,22.61946710584651,31820.28283207523,0.0710850598821385,5896.833759107606,0.6818367315365038,0.6818422857689007
segmented_diagnostic,gebco_mariana_trench_complex,GEBCO Mariana Trench,public,complex_relief,Transition-Aware Segmented Hybrid,4,1,31797.663364969383,31797.663364969383,0.0,0.0,0.0,99.33333333333331,0.0,145,1,100.0,144,45.23893421169302,0.0,45.23893421169302,31842.902299181074,0.14206912983825742,5905.211339517179,0.6818422857688956,0.681853370592847
segmented_diagnostic,gebco_mariana_trench_complex,GEBCO Mariana Trench,public,complex_relief,Coverage-Preserving Segmented Hybrid,5,1,31797.663364969383,31797.663364969383,0.0,0.0,0.0,99.33333333333331,0.0,145,1,25.0,144,11.309733552923255,0.0,11.309733552923255,31808.973098522307,0.035555167146998065,5892.64496890282,0.6818339514578555,0.681836731536501
segmented_diagnostic,gebco_mariana_trench_complex,GEBCO Mariana Trench,public,complex_relief,Coverage-Preserving Segmented Hybrid,5,1,31797.663364969383,31797.663364969383,0.0,0.0,0.0,99.33333333333331,0.0,145,1,50.0,144,22.61946710584651,0.0,22.61946710584651,31820.28283207523,0.0710850598821385,5896.833759107606,0.6818367315365038,0.6818422857689007
segmented_diagnostic,gebco_mariana_trench_complex,GEBCO Mariana Trench,public,complex_relief,Coverage-Preserving Segmented Hybrid,5,1,31797.663364969383,31797.663364969383,0.0,0.0,0.0,99.33333333333331,0.0,145,1,100.0,144,45.23893421169302,0.0,45.23893421169302,31842.902299181074,0.14206912983825742,5905.211339517179,0.6818422857688956,0.681853370592847
segmented_diagnostic,gebco_mariana_trench_complex,GEBCO Mariana Trench,public,complex_relief,Transition-Aware Segmented Hybrid,5,1,31797.663364969383,31797.663364969383,0.0,0.0,0.0,99.33333333333331,0.0,145,1,25.0,144,11.309733552923255,0.0,11.309733552923255,31808.973098522307,0.035555167146998065,5892.64496890282,0.6818339514578555,0.681836731536501
segmented_diagnostic,gebco_mariana_trench_complex,GEBCO Mariana Trench,public,complex_relief,Transition-Aware Segmented Hybrid,5,1,31797.663364969383,31797.663364969383,0.0,0.0,0.0,99.33333333333331,0.0,145,1,50.0,144,22.61946710584651,0.0,22.61946710584651,31820.28283207523,0.0710850598821385,5896.833759107606,0.6818367315365038,0.6818422857689007
segmented_diagnostic,gebco_mariana_trench_complex,GEBCO Mariana Trench,public,complex_relief,Transition-Aware Segmented Hybrid,5,1,31797.663364969383,31797.663364969383,0.0,0.0,0.0,99.33333333333331,0.0,145,1,100.0,144,45.23893421169302,0.0,45.23893421169302,31842.902299181074,0.14206912983825742,5905.211339517179,0.6818422857688956,0.681853370592847
segmented_diagnostic,gebco_mariana_trench_complex,GEBCO Mariana Trench,public,complex_relief,Coverage-Preserving Segmented Hybrid,6,1,31797.663364969383,31797.663364969383,0.0,0.0,0.0,99.33333333333331,0.0,145,1,25.0,144,11.309733552923255,0.0,11.309733552923255,31808.973098522307,0.035555167146998065,5892.64496890282,0.6818339514578555,0.681836731536501
segmented_diagnostic,gebco_mariana_trench_complex,GEBCO Mariana Trench,public,complex_relief,Coverage-Preserving Segmented Hybrid,6,1,31797.663364969383,31797.663364969383,0.0,0.0,0.0,99.33333333333331,0.0,145,1,50.0,144,22.61946710584651,0.0,22.61946710584651,31820.28283207523,0.0710850598821385,5896.833759107606,0.6818367315365038,0.6818422857689007
segmented_diagnostic,gebco_mariana_trench_complex,GEBCO Mariana Trench,public,complex_relief,Coverage-Preserving Segmented Hybrid,6,1,31797.663364969383,31797.663364969383,0.0,0.0,0.0,99.33333333333331,0.0,145,1,100.0,144,45.23893421169302,0.0,45.23893421169302,31842.902299181074,0.14206912983825742,5905.211339517179,0.6818422857688956,0.681853370592847
segmented_diagnostic,gebco_mariana_trench_complex,GEBCO Mariana Trench,public,complex_relief,Transition-Aware Segmented Hybrid,6,1,31797.663364969383,31797.663364969383,0.0,0.0,0.0,99.33333333333331,0.0,145,1,25.0,144,11.309733552923255,0.0,11.309733552923255,31808.973098522307,0.035555167146998065,5892.64496890282,0.6818339514578555,0.681836731536501
segmented_diagnostic,gebco_mariana_trench_complex,GEBCO Mariana Trench,public,complex_relief,Transition-Aware Segmented Hybrid,6,1,31797.663364969383,31797.663364969383,0.0,0.0,0.0,99.33333333333331,0.0,145,1,50.0,144,22.61946710584651,0.0,22.61946710584651,31820.28283207523,0.0710850598821385,5896.833759107606,0.6818367315365038,0.6818422857689007
segmented_diagnostic,gebco_mariana_trench_complex,GEBCO Mariana Trench,public,complex_relief,Transition-Aware Segmented Hybrid,6,1,31797.663364969383,31797.663364969383,0.0,0.0,0.0,99.33333333333331,0.0,145,1,100.0,144,45.23893421169302,0.0,45.23893421169302,31842.902299181074,0.14206912983825742,5905.211339517179,0.6818422857688956,0.681853370592847
segmented_diagnostic,gebco_mariana_trench_complex,GEBCO Mariana Trench,public,complex_relief,Coverage-Preserving Segmented Hybrid,7,1,31797.663364969383,31797.663364969383,0.0,0.0,0.0,99.33333333333331,0.0,145,1,25.0,144,11.309733552923255,0.0,11.309733552923255,31808.973098522307,0.035555167146998065,5892.64496890282,0.6818339514578555,0.681836731536501
segmented_diagnostic,gebco_mariana_trench_complex,GEBCO Mariana Trench,public,complex_relief,Coverage-Preserving Segmented Hybrid,7,1,31797.663364969383,31797.663364969383,0.0,0.0,0.0,99.33333333333331,0.0,145,1,50.0,144,22.61946710584651,0.0,22.61946710584651,31820.28283207523,0.0710850598821385,5896.833759107606,0.6818367315365038,0.6818422857689007
segmented_diagnostic,gebco_mariana_trench_complex,GEBCO Mariana Trench,public,complex_relief,Coverage-Preserving Segmented Hybrid,7,1,31797.663364969383,31797.663364969383,0.0,0.0,0.0,99.33333333333331,0.0,145,1,100.0,144,45.23893421169302,0.0,45.23893421169302,31842.902299181074,0.14206912983825742,5905.211339517179,0.6818422857688956,0.681853370592847
segmented_diagnostic,gebco_mariana_trench_complex,GEBCO Mariana Trench,public,complex_relief,Transition-Aware Segmented Hybrid,7,1,31797.663364969383,31797.663364969383,0.0,0.0,0.0,99.33333333333331,0.0,145,1,25.0,144,11.309733552923255,0.0,11.309733552923255,31808.973098522307,0.035555167146998065,5892.64496890282,0.6818339514578555,0.681836731536501
segmented_diagnostic,gebco_mariana_trench_complex,GEBCO Mariana Trench,public,complex_relief,Transition-Aware Segmented Hybrid,7,1,31797.663364969383,31797.663364969383,0.0,0.0,0.0,99.33333333333331,0.0,145,1,50.0,144,22.61946710584651,0.0,22.61946710584651,31820.28283207523,0.0710850598821385,5896.833759107606,0.6818367315365038,0.6818422857689007
segmented_diagnostic,gebco_mariana_trench_complex,GEBCO Mariana Trench,public,complex_relief,Transition-Aware Segmented Hybrid,7,1,31797.663364969383,31797.663364969383,0.0,0.0,0.0,99.33333333333331,0.0,145,1,100.0,144,45.23893421169302,0.0,45.23893421169302,31842.902299181074,0.14206912983825742,5905.211339517179,0.6818422857688956,0.681853370592847
segmented_diagnostic,gebco_mariana_trench_complex,GEBCO Mariana Trench,public,complex_relief,Coverage-Preserving Segmented Hybrid,8,1,31797.431054071098,31797.431054071098,0.0,0.0,0.0,98.66666666666669,0.2073924250950493,145,1,25.0,144,11.309733552923255,0.0,11.309733552923255,31808.74078762402,0.03555542681942187,5892.601948366101,0.6825593031471208,0.6825618253971238
segmented_diagnostic,gebco_mariana_trench_complex,GEBCO Mariana Trench,public,complex_relief,Coverage-Preserving Segmented Hybrid,8,1,31797.431054071098,31797.431054071098,0.0,0.0,0.0,98.66666666666669,0.2073924250950493,145,1,50.0,144,22.61946710584651,0.0,22.61946710584651,31820.050521176945,0.07108557885787377,5896.790738570887,0.6825618253971312,0.6825668645217333
segmented_diagnostic,gebco_mariana_trench_complex,GEBCO Mariana Trench,public,complex_relief,Coverage-Preserving Segmented Hybrid,8,1,31797.431054071098,31797.431054071098,0.0,0.0,0.0,98.66666666666669,0.2073924250950493,145,1,100.0,144,45.23893421169302,0.0,45.23893421169302,31842.66998828279,0.14207016631563774,5905.168318980459,0.6825668645217327,0.6825769213225995
segmented_diagnostic,gebco_mariana_trench_complex,GEBCO Mariana Trench,public,complex_relief,Transition-Aware Segmented Hybrid,8,1,31797.431054071098,31797.431054071098,0.0,0.0,0.0,98.66666666666669,0.2073924250950493,145,1,25.0,144,11.309733552923255,0.0,11.309733552923255,31808.74078762402,0.03555542681942187,5892.601948366101,0.6825593031471208,0.6825618253971238
segmented_diagnostic,gebco_mariana_trench_complex,GEBCO Mariana Trench,public,complex_relief,Transition-Aware Segmented Hybrid,8,1,31797.431054071098,31797.431054071098,0.0,0.0,0.0,98.66666666666669,0.2073924250950493,145,1,50.0,144,22.61946710584651,0.0,22.61946710584651,31820.050521176945,0.07108557885787377,5896.790738570887,0.6825618253971312,0.6825668645217333
segmented_diagnostic,gebco_mariana_trench_complex,GEBCO Mariana Trench,public,complex_relief,Transition-Aware Segmented Hybrid,8,1,31797.431054071098,31797.431054071098,0.0,0.0,0.0,98.66666666666669,0.2073924250950493,145,1,100.0,144,45.23893421169302,0.0,45.23893421169302,31842.66998828279,0.14207016631563774,5905.168318980459,0.6825668645217327,0.6825769213225995
segmented_diagnostic,gebco_mariana_trench_complex,GEBCO Mariana Trench,public,complex_relief,Coverage-Preserving Segmented Hybrid,9,1,31797.663364969383,31797.663364969383,0.0,0.0,0.0,99.33333333333331,0.0,145,1,25.0,144,11.309733552923255,0.0,11.309733552923255,31808.973098522307,0.035555167146998065,5892.64496890282,0.6818339514578555,0.681836731536501
segmented_diagnostic,gebco_mariana_trench_complex,GEBCO Mariana Trench,public,complex_relief,Coverage-Preserving Segmented Hybrid,9,1,31797.663364969383,31797.663364969383,0.0,0.0,0.0,99.33333333333331,0.0,145,1,50.0,144,22.61946710584651,0.0,22.61946710584651,31820.28283207523,0.0710850598821385,5896.833759107606,0.6818367315365038,0.6818422857689007
segmented_diagnostic,gebco_mariana_trench_complex,GEBCO Mariana Trench,public,complex_relief,Coverage-Preserving Segmented Hybrid,9,1,31797.663364969383,31797.663364969383,0.0,0.0,0.0,99.33333333333331,0.0,145,1,100.0,144,45.23893421169302,0.0,45.23893421169302,31842.902299181074,0.14206912983825742,5905.211339517179,0.6818422857688956,0.681853370592847
segmented_diagnostic,gebco_mariana_trench_complex,GEBCO Mariana Trench,public,complex_relief,Transition-Aware Segmented Hybrid,9,1,31797.663364969383,31797.663364969383,0.0,0.0,0.0,99.33333333333331,0.0,145,1,25.0,144,11.309733552923255,0.0,11.309733552923255,31808.973098522307,0.035555167146998065,5892.64496890282,0.6818339514578555,0.681836731536501
segmented_diagnostic,gebco_mariana_trench_complex,GEBCO Mariana Trench,public,complex_relief,Transition-Aware Segmented Hybrid,9,1,31797.663364969383,31797.663364969383,0.0,0.0,0.0,99.33333333333331,0.0,145,1,50.0,144,22.61946710584651,0.0,22.61946710584651,31820.28283207523,0.0710850598821385,5896.833759107606,0.6818367315365038,0.6818422857689007
segmented_diagnostic,gebco_mariana_trench_complex,GEBCO Mariana Trench,public,complex_relief,Transition-Aware Segmented Hybrid,9,1,31797.663364969383,31797.663364969383,0.0,0.0,0.0,99.33333333333331,0.0,145,1,100.0,144,45.23893421169302,0.0,45.23893421169302,31842.902299181074,0.14206912983825742,5905.211339517179,0.6818422857688956,0.681853370592847
segmented_diagnostic,gebco_mariana_trench_complex,GEBCO Mariana Trench,public,complex_relief,Coverage-Preserving Segmented Hybrid,10,1,31797.604842665045,31797.604842665045,0.0,0.0,0.0,99.33333333333331,0.2527729830907059,145,1,25.0,144,11.309733552923255,0.0,11.309733552923255,31808.91457621797,0.03555523256168889,5892.634131439055,0.6820166775056846,0.6820193926337468
segmented_diagnostic,gebco_mariana_trench_complex,GEBCO Mariana Trench,public,complex_relief,Coverage-Preserving Segmented Hybrid,10,1,31797.604842665045,31797.604842665045,0.0,0.0,0.0,99.33333333333331,0.2527729830907059,145,1,50.0,144,22.61946710584651,0.0,22.61946710584651,31820.224309770892,0.07108519061853644,5896.82292164384,0.6820193926337598,0.6820248171034228
segmented_diagnostic,gebco_mariana_trench_complex,GEBCO Mariana Trench,public,complex_relief,Coverage-Preserving Segmented Hybrid,10,1,31797.604842665045,31797.604842665045,0.0,0.0,0.0,99.33333333333331,0.2527729830907059,145,1,100.0,144,45.23893421169302,0.0,45.23893421169302,31842.843776876736,0.1420693909397128,5905.200502053413,0.6820248171034279,0.6820356429542391
segmented_diagnostic,gebco_mariana_trench_complex,GEBCO Mariana Trench,public,complex_relief,Transition-Aware Segmented Hybrid,10,1,31797.604842665045,31797.604842665045,0.0,0.0,0.0,99.33333333333331,0.2527729830907059,145,1,25.0,144,11.309733552923255,0.0,11.309733552923255,31808.91457621797,0.03555523256168889,5892.634131439055,0.6820166775056846,0.6820193926337468
segmented_diagnostic,gebco_mariana_trench_complex,GEBCO Mariana Trench,public,complex_relief,Transition-Aware Segmented Hybrid,10,1,31797.604842665045,31797.604842665045,0.0,0.0,0.0,99.33333333333331,0.2527729830907059,145,1,50.0,144,22.61946710584651,0.0,22.61946710584651,31820.224309770892,0.07108519061853644,5896.82292164384,0.6820193926337598,0.6820248171034228
segmented_diagnostic,gebco_mariana_trench_complex,GEBCO Mariana Trench,public,complex_relief,Transition-Aware Segmented Hybrid,10,1,31797.604842665045,31797.604842665045,0.0,0.0,0.0,99.33333333333331,0.2527729830907059,145,1,100.0,144,45.23893421169302,0.0,45.23893421169302,31842.843776876736,0.1420693909397128,5905.200502053413,0.6820248171034279,0.6820356429542391
segmented_diagnostic,gebco_mariana_trench_complex,GEBCO Mariana Trench,public,complex_relief,Coverage-Preserving Segmented Hybrid,11,1,31797.64246314625,31797.64246314625,0.0,0.0,0.0,98.66666666666669,0.3314146523339606,145,1,25.0,144,11.309733552923255,0.0,11.309733552923255,31808.952196699174,0.03555519051047796,5892.641098194833,0.6818992138834664,0.6819019707643685
segmented_diagnostic,gebco_mariana_trench_complex,GEBCO Mariana Trench,public,complex_relief,Coverage-Preserving Segmented Hybrid,11,1,31797.64246314625,31797.64246314625,0.0,0.0,0.0,98.66666666666669,0.3314146523339606,145,1,50.0,144,22.61946710584651,0.0,22.61946710584651,31820.261930252098,0.07108510657588829,5896.8298883996185,0.6819019707643714,0.6819074786507207
segmented_diagnostic,gebco_mariana_trench_complex,GEBCO Mariana Trench,public,complex_relief,Coverage-Preserving Segmented Hybrid,11,1,31797.64246314625,31797.64246314625,0.0,0.0,0.0,98.66666666666669,0.3314146523339606,145,1,100.0,144,45.23893421169302,0.0,45.23893421169302,31842.88139735794,0.1420692230931293,5905.207468809192,0.6819074786507155,0.6819184709798375
segmented_diagnostic,gebco_mariana_trench_complex,GEBCO Mariana Trench,public,complex_relief,Transition-Aware Segmented Hybrid,11,1,31797.64246314625,31797.64246314625,0.0,0.0,0.0,98.66666666666669,0.3314146523339606,145,1,25.0,144,11.309733552923255,0.0,11.309733552923255,31808.952196699174,0.03555519051047796,5892.641098194833,0.6818992138834664,0.6819019707643685
segmented_diagnostic,gebco_mariana_trench_complex,GEBCO Mariana Trench,public,complex_relief,Transition-Aware Segmented Hybrid,11,1,31797.64246314625,31797.64246314625,0.0,0.0,0.0,98.66666666666669,0.3314146523339606,145,1,50.0,144,22.61946710584651,0.0,22.61946710584651,31820.261930252098,0.07108510657588829,5896.8298883996185,0.6819019707643714,0.6819074786507207
segmented_diagnostic,gebco_mariana_trench_complex,GEBCO Mariana Trench,public,complex_relief,Transition-Aware Segmented Hybrid,11,1,31797.64246314625,31797.64246314625,0.0,0.0,0.0,98.66666666666669,0.3314146523339606,145,1,100.0,144,45.23893421169302,0.0,45.23893421169302,31842.88139735794,0.1420692230931293,5905.207468809192,0.6819074786507155,0.6819184709798375
segmented_diagnostic,gebco_mariana_trench_complex,GEBCO Mariana Trench,public,complex_relief,Coverage-Preserving Segmented Hybrid,12,1,31797.663364969383,31797.663364969383,0.0,0.0,0.0,99.33333333333331,0.0,145,1,25.0,144,11.309733552923255,0.0,11.309733552923255,31808.973098522307,0.035555167146998065,5892.64496890282,0.6818339514578555,0.681836731536501
segmented_diagnostic,gebco_mariana_trench_complex,GEBCO Mariana Trench,public,complex_relief,Coverage-Preserving Segmented Hybrid,12,1,31797.663364969383,31797.663364969383,0.0,0.0,0.0,99.33333333333331,0.0,145,1,50.0,144,22.61946710584651,0.0,22.61946710584651,31820.28283207523,0.0710850598821385,5896.833759107606,0.6818367315365038,0.6818422857689007
segmented_diagnostic,gebco_mariana_trench_complex,GEBCO Mariana Trench,public,complex_relief,Coverage-Preserving Segmented Hybrid,12,1,31797.663364969383,31797.663364969383,0.0,0.0,0.0,99.33333333333331,0.0,145,1,100.0,144,45.23893421169302,0.0,45.23893421169302,31842.902299181074,0.14206912983825742,5905.211339517179,0.6818422857688956,0.681853370592847
segmented_diagnostic,gebco_mariana_trench_complex,GEBCO Mariana Trench,public,complex_relief,Transition-Aware Segmented Hybrid,12,1,31797.663364969383,31797.663364969383,0.0,0.0,0.0,99.33333333333331,0.0,145,1,25.0,144,11.309733552923255,0.0,11.309733552923255,31808.973098522307,0.035555167146998065,5892.64496890282,0.6818339514578555,0.681836731536501
segmented_diagnostic,gebco_mariana_trench_complex,GEBCO Mariana Trench,public,complex_relief,Transition-Aware Segmented Hybrid,12,1,31797.663364969383,31797.663364969383,0.0,0.0,0.0,99.33333333333331,0.0,145,1,50.0,144,22.61946710584651,0.0,22.61946710584651,31820.28283207523,0.0710850598821385,5896.833759107606,0.6818367315365038,0.6818422857689007
segmented_diagnostic,gebco_mariana_trench_complex,GEBCO Mariana Trench,public,complex_relief,Transition-Aware Segmented Hybrid,12,1,31797.663364969383,31797.663364969383,0.0,0.0,0.0,99.33333333333331,0.0,145,1,100.0,144,45.23893421169302,0.0,45.23893421169302,31842.902299181074,0.14206912983825742,5905.211339517179,0.6818422857688956,0.681853370592847
segmented_diagnostic,gebco_mariana_trench_complex,GEBCO Mariana Trench,public,complex_relief,Coverage-Preserving Segmented Hybrid,13,1,31797.614388561506,31797.614388561506,0.0,0.0,0.0,99.33333333333331,0.1796362662893698,145,1,25.0,144,11.309733552923255,0.0,11.309733552923255,31808.92412211443,0.03555522189152075,5892.635899197658,0.6819868720502611,0.6819895977727853
segmented_diagnostic,gebco_mariana_trench_complex,GEBCO Mariana Trench,public,complex_relief,Coverage-Preserving Segmented Hybrid,13,1,31797.614388561506,31797.614388561506,0.0,0.0,0.0,99.33333333333331,0.1796362662893698,145,1,50.0,144,22.61946710584651,0.0,22.61946710584651,31820.233855667353,0.07108516929336729,5896.824689402443,0.681989597772783,0.6819950434087764
segmented_diagnostic,gebco_mariana_trench_complex,GEBCO Mariana Trench,public,complex_relief,Coverage-Preserving Segmented Hybrid,13,1,31797.614388561506,31797.614388561506,0.0,0.0,0.0,99.33333333333331,0.1796362662893698,145,1,100.0,144,45.23893421169302,0.0,45.23893421169302,31842.853322773197,0.14206934834994606,5905.202269812016,0.6819950434087662,0.682005911502131
segmented_diagnostic,gebco_mariana_trench_complex,GEBCO Mariana Trench,public,complex_relief,Transition-Aware Segmented Hybrid,13,1,31797.614388561506,31797.614388561506,0.0,0.0,0.0,99.33333333333331,0.1796362662893698,145,1,25.0,144,11.309733552923255,0.0,11.309733552923255,31808.92412211443,0.03555522189152075,5892.635899197658,0.6819868720502611,0.6819895977727853
segmented_diagnostic,gebco_mariana_trench_complex,GEBCO Mariana Trench,public,complex_relief,Transition-Aware Segmented Hybrid,13,1,31797.614388561506,31797.614388561506,0.0,0.0,0.0,99.33333333333331,0.1796362662893698,145,1,50.0,144,22.61946710584651,0.0,22.61946710584651,31820.233855667353,0.07108516929336729,5896.824689402443,0.681989597772783,0.6819950434087764
segmented_diagnostic,gebco_mariana_trench_complex,GEBCO Mariana Trench,public,complex_relief,Transition-Aware Segmented Hybrid,13,1,31797.614388561506,31797.614388561506,0.0,0.0,0.0,99.33333333333331,0.1796362662893698,145,1,100.0,144,45.23893421169302,0.0,45.23893421169302,31842.853322773197,0.14206934834994606,5905.202269812016,0.6819950434087662,0.682005911502131
segmented_diagnostic,gebco_mariana_trench_complex,GEBCO Mariana Trench,public,complex_relief,Coverage-Preserving Segmented Hybrid,14,1,31797.60001422984,31797.60001422984,0.0,0.0,0.0,98.66666666666669,0.2109602051927934,145,1,25.0,144,11.309733552923255,0.0,11.309733552923255,31808.909747782764,0.03555523795879738,5892.633237284387,0.6820317534821385,0.6820344632513942
segmented_diagnostic,gebco_mariana_trench_complex,GEBCO Mariana Trench,public,complex_relief,Coverage-Preserving Segmented Hybrid,14,1,31797.60001422984,31797.60001422984,0.0,0.0,0.0,98.66666666666669,0.2109602051927934,145,1,50.0,144,22.61946710584651,0.0,22.61946710584651,31820.219481335687,0.07108520140508168,5896.822027489173,0.6820344632514084,0.6820398770148804
segmented_diagnostic,gebco_mariana_trench_complex,GEBCO Mariana Trench,public,complex_relief,Coverage-Preserving Segmented Hybrid,14,1,31797.60001422984,31797.60001422984,0.0,0.0,0.0,98.66666666666669,0.2109602051927934,145,1,100.0,144,45.23893421169302,0.0,45.23893421169302,31842.83894844153,0.14206941248216542,5905.199607898745,0.6820398770148867,0.6820506814989018
segmented_diagnostic,gebco_mariana_trench_complex,GEBCO Mariana Trench,public,complex_relief,Transition-Aware Segmented Hybrid,14,1,31797.60001422984,31797.60001422984,0.0,0.0,0.0,98.66666666666669,0.2109602051927934,145,1,25.0,144,11.309733552923255,0.0,11.309733552923255,31808.909747782764,0.03555523795879738,5892.633237284387,0.6820317534821385,0.6820344632513942
segmented_diagnostic,gebco_mariana_trench_complex,GEBCO Mariana Trench,public,complex_relief,Transition-Aware Segmented Hybrid,14,1,31797.60001422984,31797.60001422984,0.0,0.0,0.0,98.66666666666669,0.2109602051927934,145,1,50.0,144,22.61946710584651,0.0,22.61946710584651,31820.219481335687,0.07108520140508168,5896.822027489173,0.6820344632514084,0.6820398770148804
segmented_diagnostic,gebco_mariana_trench_complex,GEBCO Mariana Trench,public,complex_relief,Transition-Aware Segmented Hybrid,14,1,31797.60001422984,31797.60001422984,0.0,0.0,0.0,98.66666666666669,0.2109602051927934,145,1,100.0,144,45.23893421169302,0.0,45.23893421169302,31842.83894844153,0.14206941248216542,5905.199607898745,0.6820398770148867,0.6820506814989018
segmented_diagnostic,gebco_mariana_trench_complex,GEBCO Mariana Trench,public,complex_relief,Coverage-Preserving Segmented Hybrid,15,1,31797.534485820084,31797.534485820084,0.0,0.0,0.0,98.66666666666669,0.5094416067437306,145,1,25.0,144,11.309733552923255,0.0,11.309733552923255,31808.844219373008,0.035555311205036244,5892.621102393692,0.6822363549152264,0.6822389919582239
segmented_diagnostic,gebco_mariana_trench_complex,GEBCO Mariana Trench,public,complex_relief,Coverage-Preserving Segmented Hybrid,15,1,31797.534485820084,31797.534485820084,0.0,0.0,0.0,98.66666666666669,0.5094416067437306,145,1,50.0,144,22.61946710584651,0.0,22.61946710584651,31820.15395292593,0.07108534779344335,5896.809892598478,0.6822389919582454,0.6822442604242032
segmented_diagnostic,gebco_mariana_trench_complex,GEBCO Mariana Trench,public,complex_relief,Coverage-Preserving Segmented Hybrid,15,1,31797.534485820084,31797.534485820084,0.0,0.0,0.0,98.66666666666669,0.5094416067437306,145,1,100.0,144,45.23893421169302,0.0,45.23893421169302,31842.773420031775,0.1420697048430899,5905.18747300805,0.6822442604242168,0.6822547749316495
segmented_diagnostic,gebco_mariana_trench_complex,GEBCO Mariana Trench,public,complex_relief,Transition-Aware Segmented Hybrid,15,1,31797.534485820084,31797.534485820084,0.0,0.0,0.0,98.66666666666669,0.5094416067437306,145,1,25.0,144,11.309733552923255,0.0,11.309733552923255,31808.844219373008,0.035555311205036244,5892.621102393692,0.6822363549152264,0.6822389919582239
segmented_diagnostic,gebco_mariana_trench_complex,GEBCO Mariana Trench,public,complex_relief,Transition-Aware Segmented Hybrid,15,1,31797.534485820084,31797.534485820084,0.0,0.0,0.0,98.66666666666669,0.5094416067437306,145,1,50.0,144,22.61946710584651,0.0,22.61946710584651,31820.15395292593,0.07108534779344335,5896.809892598478,0.6822389919582454,0.6822442604242032
segmented_diagnostic,gebco_mariana_trench_complex,GEBCO Mariana Trench,public,complex_relief,Transition-Aware Segmented Hybrid,15,1,31797.534485820084,31797.534485820084,0.0,0.0,0.0,98.66666666666669,0.5094416067437306,145,1,100.0,144,45.23893421169302,0.0,45.23893421169302,31842.773420031775,0.1420697048430899,5905.18747300805,0.6822442604242168,0.6822547749316495
segmented_diagnostic,gebco_mariana_trench_complex,GEBCO Mariana Trench,public,complex_relief,Coverage-Preserving Segmented Hybrid,16,1,31797.663364969383,31797.663364969383,0.0,0.0,0.0,99.33333333333331,0.0,145,1,25.0,144,11.309733552923255,0.0,11.309733552923255,31808.973098522307,0.035555167146998065,5892.64496890282,0.6818339514578555,0.681836731536501
segmented_diagnostic,gebco_mariana_trench_complex,GEBCO Mariana Trench,public,complex_relief,Coverage-Preserving Segmented Hybrid,16,1,31797.663364969383,31797.663364969383,0.0,0.0,0.0,99.33333333333331,0.0,145,1,50.0,144,22.61946710584651,0.0,22.61946710584651,31820.28283207523,0.0710850598821385,5896.833759107606,0.6818367315365038,0.6818422857689007
segmented_diagnostic,gebco_mariana_trench_complex,GEBCO Mariana Trench,public,complex_relief,Coverage-Preserving Segmented Hybrid,16,1,31797.663364969383,31797.663364969383,0.0,0.0,0.0,99.33333333333331,0.0,145,1,100.0,144,45.23893421169302,0.0,45.23893421169302,31842.902299181074,0.14206912983825742,5905.211339517179,0.6818422857688956,0.681853370592847
segmented_diagnostic,gebco_mariana_trench_complex,GEBCO Mariana Trench,public,complex_relief,Transition-Aware Segmented Hybrid,16,1,31797.663364969383,31797.663364969383,0.0,0.0,0.0,99.33333333333331,0.0,145,1,25.0,144,11.309733552923255,0.0,11.309733552923255,31808.973098522307,0.035555167146998065,5892.64496890282,0.6818339514578555,0.681836731536501
segmented_diagnostic,gebco_mariana_trench_complex,GEBCO Mariana Trench,public,complex_relief,Transition-Aware Segmented Hybrid,16,1,31797.663364969383,31797.663364969383,0.0,0.0,0.0,99.33333333333331,0.0,145,1,50.0,144,22.61946710584651,0.0,22.61946710584651,31820.28283207523,0.0710850598821385,5896.833759107606,0.6818367315365038,0.6818422857689007
segmented_diagnostic,gebco_mariana_trench_complex,GEBCO Mariana Trench,public,complex_relief,Transition-Aware Segmented Hybrid,16,1,31797.663364969383,31797.663364969383,0.0,0.0,0.0,99.33333333333331,0.0,145,1,100.0,144,45.23893421169302,0.0,45.23893421169302,31842.902299181074,0.14206912983825742,5905.211339517179,0.6818422857688956,0.681853370592847
segmented_diagnostic,gebco_mariana_trench_complex,GEBCO Mariana Trench,public,complex_relief,Coverage-Preserving Segmented Hybrid,17,1,31797.663364969383,31797.663364969383,0.0,0.0,0.0,99.33333333333331,0.0,145,1,25.0,144,11.309733552923255,0.0,11.309733552923255,31808.973098522307,0.035555167146998065,5892.64496890282,0.6818339514578555,0.681836731536501
segmented_diagnostic,gebco_mariana_trench_complex,GEBCO Mariana Trench,public,complex_relief,Coverage-Preserving Segmented Hybrid,17,1,31797.663364969383,31797.663364969383,0.0,0.0,0.0,99.33333333333331,0.0,145,1,50.0,144,22.61946710584651,0.0,22.61946710584651,31820.28283207523,0.0710850598821385,5896.833759107606,0.6818367315365038,0.6818422857689007
segmented_diagnostic,gebco_mariana_trench_complex,GEBCO Mariana Trench,public,complex_relief,Coverage-Preserving Segmented Hybrid,17,1,31797.663364969383,31797.663364969383,0.0,0.0,0.0,99.33333333333331,0.0,145,1,100.0,144,45.23893421169302,0.0,45.23893421169302,31842.902299181074,0.14206912983825742,5905.211339517179,0.6818422857688956,0.681853370592847
segmented_diagnostic,gebco_mariana_trench_complex,GEBCO Mariana Trench,public,complex_relief,Transition-Aware Segmented Hybrid,17,1,31797.663364969383,31797.663364969383,0.0,0.0,0.0,99.33333333333331,0.0,145,1,25.0,144,11.309733552923255,0.0,11.309733552923255,31808.973098522307,0.035555167146998065,5892.64496890282,0.6818339514578555,0.681836731536501
segmented_diagnostic,gebco_mariana_trench_complex,GEBCO Mariana Trench,public,complex_relief,Transition-Aware Segmented Hybrid,17,1,31797.663364969383,31797.663364969383,0.0,0.0,0.0,99.33333333333331,0.0,145,1,50.0,144,22.61946710584651,0.0,22.61946710584651,31820.28283207523,0.0710850598821385,5896.833759107606,0.6818367315365038,0.6818422857689007
segmented_diagnostic,gebco_mariana_trench_complex,GEBCO Mariana Trench,public,complex_relief,Transition-Aware Segmented Hybrid,17,1,31797.663364969383,31797.663364969383,0.0,0.0,0.0,99.33333333333331,0.0,145,1,100.0,144,45.23893421169302,0.0,45.23893421169302,31842.902299181074,0.14206912983825742,5905.211339517179,0.6818422857688956,0.681853370592847
segmented_diagnostic,gebco_mariana_trench_complex,GEBCO Mariana Trench,public,complex_relief,Coverage-Preserving Segmented Hybrid,18,1,31797.59532354147,31797.59532354147,0.0,0.0,0.0,99.33333333333331,0.0900430284320947,145,1,25.0,144,11.309733552923255,0.0,11.309733552923255,31808.905057094395,0.035555243201937335,5892.632368638392,0.6820463993672752,0.6820491039306166
segmented_diagnostic,gebco_mariana_trench_complex,GEBCO Mariana Trench,public,complex_relief,Coverage-Preserving Segmented Hybrid,18,1,31797.59532354147,31797.59532354147,0.0,0.0,0.0,99.33333333333331,0.0900430284320947,145,1,50.0,144,22.61946710584651,0.0,22.61946710584651,31820.21479064732,0.07108521188390873,5896.821158843178,0.6820491039306171,0.6820545072933418
segmented_diagnostic,gebco_mariana_trench_complex,GEBCO Mariana Trench,public,complex_relief,Coverage-Preserving Segmented Hybrid,18,1,31797.59532354147,31797.59532354147,0.0,0.0,0.0,99.33333333333331,0.0900430284320947,145,1,100.0,144,45.23893421169302,0.0,45.23893421169302,31842.834257753162,0.14206943341005568,5905.198739252751,0.6820545072933344,0.6820652910200953
segmented_diagnostic,gebco_mariana_trench_complex,GEBCO Mariana Trench,public,complex_relief,Transition-Aware Segmented Hybrid,18,1,31797.59532354147,31797.59532354147,0.0,0.0,0.0,99.33333333333331,0.0900430284320947,145,1,25.0,144,11.309733552923255,0.0,11.309733552923255,31808.905057094395,0.035555243201937335,5892.632368638392,0.6820463993672752,0.6820491039306166
segmented_diagnostic,gebco_mariana_trench_complex,GEBCO Mariana Trench,public,complex_relief,Transition-Aware Segmented Hybrid,18,1,31797.59532354147,31797.59532354147,0.0,0.0,0.0,99.33333333333331,0.0900430284320947,145,1,50.0,144,22.61946710584651,0.0,22.61946710584651,31820.21479064732,0.07108521188390873,5896.821158843178,0.6820491039306171,0.6820545072933418
segmented_diagnostic,gebco_mariana_trench_complex,GEBCO Mariana Trench,public,complex_relief,Transition-Aware Segmented Hybrid,18,1,31797.59532354147,31797.59532354147,0.0,0.0,0.0,99.33333333333331,0.0900430284320947,145,1,100.0,144,45.23893421169302,0.0,45.23893421169302,31842.834257753162,0.14206943341005568,5905.198739252751,0.6820545072933344,0.6820652910200953
segmented_diagnostic,gebco_mariana_trench_complex,GEBCO Mariana Trench,public,complex_relief,Coverage-Preserving Segmented Hybrid,19,1,31797.58683425197,31797.58683425197,0.0,0.0,0.0,98.66666666666669,0.125430939927828,145,1,25.0,144,11.309733552923255,0.0,11.309733552923255,31808.896567804895,0.035555252691067275,5892.6307965477445,0.6820729057452558,0.6820756008868117
segmented_diagnostic,gebco_mariana_trench_complex,GEBCO Mariana Trench,public,complex_relief,Coverage-Preserving Segmented Hybrid,19,1,31797.58683425197,31797.58683425197,0.0,0.0,0.0,98.66666666666669,0.125430939927828,145,1,50.0,144,22.61946710584651,0.0,22.61946710584651,31820.20630135782,0.07108523084868026,5896.81958675253,0.6820756008868186,0.6820809854260588
segmented_diagnostic,gebco_mariana_trench_complex,GEBCO Mariana Trench,public,complex_relief,Coverage-Preserving Segmented Hybrid,19,1,31797.58683425197,31797.58683425197,0.0,0.0,0.0,98.66666666666669,0.125430939927828,145,1,100.0,144,45.23893421169302,0.0,45.23893421169302,31842.825768463663,0.14206947128573158,5905.197167162102,0.6820809854260577,0.6820917315859905
segmented_diagnostic,gebco_mariana_trench_complex,GEBCO Mariana Trench,public,complex_relief,Transition-Aware Segmented Hybrid,19,1,31797.58683425197,31797.58683425197,0.0,0.0,0.0,98.66666666666669,0.125430939927828,145,1,25.0,144,11.309733552923255,0.0,11.309733552923255,31808.896567804895,0.035555252691067275,5892.6307965477445,0.6820729057452558,0.6820756008868117
segmented_diagnostic,gebco_mariana_trench_complex,GEBCO Mariana Trench,public,complex_relief,Transition-Aware Segmented Hybrid,19,1,31797.58683425197,31797.58683425197,0.0,0.0,0.0,98.66666666666669,0.125430939927828,145,1,50.0,144,22.61946710584651,0.0,22.61946710584651,31820.20630135782,0.07108523084868026,5896.81958675253,0.6820756008868186,0.6820809854260588
segmented_diagnostic,gebco_mariana_trench_complex,GEBCO Mariana Trench,public,complex_relief,Transition-Aware Segmented Hybrid,19,1,31797.58683425197,31797.58683425197,0.0,0.0,0.0,98.66666666666669,0.125430939927828,145,1,100.0,144,45.23893421169302,0.0,45.23893421169302,31842.825768463663,0.14206947128573158,5905.197167162102,0.6820809854260577,0.6820917315859905
segmented_diagnostic,gebco_mariana_trench_complex,GEBCO Mariana Trench,public,complex_relief,Coverage-Preserving Segmented Hybrid,20,1,31797.663364969383,31797.663364969383,0.0,0.0,0.0,99.33333333333331,0.0,145,1,25.0,144,11.309733552923255,0.0,11.309733552923255,31808.973098522307,0.035555167146998065,5892.64496890282,0.6818339514578555,0.681836731536501
segmented_diagnostic,gebco_mariana_trench_complex,GEBCO Mariana Trench,public,complex_relief,Coverage-Preserving Segmented Hybrid,20,1,31797.663364969383,31797.663364969383,0.0,0.0,0.0,99.33333333333331,0.0,145,1,50.0,144,22.61946710584651,0.0,22.61946710584651,31820.28283207523,0.0710850598821385,5896.833759107606,0.6818367315365038,0.6818422857689007
segmented_diagnostic,gebco_mariana_trench_complex,GEBCO Mariana Trench,public,complex_relief,Coverage-Preserving Segmented Hybrid,20,1,31797.663364969383,31797.663364969383,0.0,0.0,0.0,99.33333333333331,0.0,145,1,100.0,144,45.23893421169302,0.0,45.23893421169302,31842.902299181074,0.14206912983825742,5905.211339517179,0.6818422857688956,0.681853370592847
segmented_diagnostic,gebco_mariana_trench_complex,GEBCO Mariana Trench,public,complex_relief,Transition-Aware Segmented Hybrid,20,1,31797.663364969383,31797.663364969383,0.0,0.0,0.0,99.33333333333331,0.0,145,1,25.0,144,11.309733552923255,0.0,11.309733552923255,31808.973098522307,0.035555167146998065,5892.64496890282,0.6818339514578555,0.681836731536501
segmented_diagnostic,gebco_mariana_trench_complex,GEBCO Mariana Trench,public,complex_relief,Transition-Aware Segmented Hybrid,20,1,31797.663364969383,31797.663364969383,0.0,0.0,0.0,99.33333333333331,0.0,145,1,50.0,144,22.61946710584651,0.0,22.61946710584651,31820.28283207523,0.0710850598821385,5896.833759107606,0.6818367315365038,0.6818422857689007
segmented_diagnostic,gebco_mariana_trench_complex,GEBCO Mariana Trench,public,complex_relief,Transition-Aware Segmented Hybrid,20,1,31797.663364969383,31797.663364969383,0.0,0.0,0.0,99.33333333333331,0.0,145,1,100.0,144,45.23893421169302,0.0,45.23893421169302,31842.902299181074,0.14206912983825742,5905.211339517179,0.6818422857688956,0.681853370592847
segmented_diagnostic,gebco_mariana_trench_complex,GEBCO Mariana Trench,public,complex_relief,Coverage-Preserving Segmented Hybrid,21,1,31797.663364969383,31797.663364969383,0.0,0.0,0.0,99.33333333333331,0.0,145,1,25.0,144,11.309733552923255,0.0,11.309733552923255,31808.973098522307,0.035555167146998065,5892.64496890282,0.6818339514578555,0.681836731536501
segmented_diagnostic,gebco_mariana_trench_complex,GEBCO Mariana Trench,public,complex_relief,Coverage-Preserving Segmented Hybrid,21,1,31797.663364969383,31797.663364969383,0.0,0.0,0.0,99.33333333333331,0.0,145,1,50.0,144,22.61946710584651,0.0,22.61946710584651,31820.28283207523,0.0710850598821385,5896.833759107606,0.6818367315365038,0.6818422857689007
segmented_diagnostic,gebco_mariana_trench_complex,GEBCO Mariana Trench,public,complex_relief,Coverage-Preserving Segmented Hybrid,21,1,31797.663364969383,31797.663364969383,0.0,0.0,0.0,99.33333333333331,0.0,145,1,100.0,144,45.23893421169302,0.0,45.23893421169302,31842.902299181074,0.14206912983825742,5905.211339517179,0.6818422857688956,0.681853370592847
segmented_diagnostic,gebco_mariana_trench_complex,GEBCO Mariana Trench,public,complex_relief,Transition-Aware Segmented Hybrid,21,1,31797.663364969383,31797.663364969383,0.0,0.0,0.0,99.33333333333331,0.0,145,1,25.0,144,11.309733552923255,0.0,11.309733552923255,31808.973098522307,0.035555167146998065,5892.64496890282,0.6818339514578555,0.681836731536501
segmented_diagnostic,gebco_mariana_trench_complex,GEBCO Mariana Trench,public,complex_relief,Transition-Aware Segmented Hybrid,21,1,31797.663364969383,31797.663364969383,0.0,0.0,0.0,99.33333333333331,0.0,145,1,50.0,144,22.61946710584651,0.0,22.61946710584651,31820.28283207523,0.0710850598821385,5896.833759107606,0.6818367315365038,0.6818422857689007
segmented_diagnostic,gebco_mariana_trench_complex,GEBCO Mariana Trench,public,complex_relief,Transition-Aware Segmented Hybrid,21,1,31797.663364969383,31797.663364969383,0.0,0.0,0.0,99.33333333333331,0.0,145,1,100.0,144,45.23893421169302,0.0,45.23893421169302,31842.902299181074,0.14206912983825742,5905.211339517179,0.6818422857688956,0.681853370592847
segmented_diagnostic,gebco_mariana_trench_complex,GEBCO Mariana Trench,public,complex_relief,Coverage-Preserving Segmented Hybrid,22,1,31797.60184678029,31797.60184678029,0.0,0.0,0.0,98.66666666666669,0.2941686704459256,145,1,25.0,144,11.309733552923255,0.0,11.309733552923255,31808.911580333213,0.03555523591041646,5892.633576645581,0.6820260316517198,0.6820287434548229
segmented_diagnostic,gebco_mariana_trench_complex,GEBCO Mariana Trench,public,complex_relief,Coverage-Preserving Segmented Hybrid,22,1,31797.60184678029,31797.60184678029,0.0,0.0,0.0,98.66666666666669,0.2941686704459256,145,1,50.0,144,22.61946710584651,0.0,22.61946710584651,31820.221313886137,0.07108519731123153,5896.822366850367,0.6820287434548331,0.6820341612816614
segmented_diagnostic,gebco_mariana_trench_complex,GEBCO Mariana Trench,public,complex_relief,Coverage-Preserving Segmented Hybrid,22,1,31797.60184678029,31797.60184678029,0.0,0.0,0.0,98.66666666666669,0.2941686704459256,145,1,100.0,144,45.23893421169302,0.0,45.23893421169302,31842.84078099198,0.1420694043060932,5905.199947259939,0.6820341612816636,0.6820449738750921
segmented_diagnostic,gebco_mariana_trench_complex,GEBCO Mariana Trench,public,complex_relief,Transition-Aware Segmented Hybrid,22,1,31797.60184678029,31797.60184678029,0.0,0.0,0.0,98.66666666666669,0.2941686704459256,145,1,25.0,144,11.309733552923255,0.0,11.309733552923255,31808.911580333213,0.03555523591041646,5892.633576645581,0.6820260316517198,0.6820287434548229
segmented_diagnostic,gebco_mariana_trench_complex,GEBCO Mariana Trench,public,complex_relief,Transition-Aware Segmented Hybrid,22,1,31797.60184678029,31797.60184678029,0.0,0.0,0.0,98.66666666666669,0.2941686704459256,145,1,50.0,144,22.61946710584651,0.0,22.61946710584651,31820.221313886137,0.07108519731123153,5896.822366850367,0.6820287434548331,0.6820341612816614
segmented_diagnostic,gebco_mariana_trench_complex,GEBCO Mariana Trench,public,complex_relief,Transition-Aware Segmented Hybrid,22,1,31797.60184678029,31797.60184678029,0.0,0.0,0.0,98.66666666666669,0.2941686704459256,145,1,100.0,144,45.23893421169302,0.0,45.23893421169302,31842.84078099198,0.1420694043060932,5905.199947259939,0.6820341612816636,0.6820449738750921
segmented_diagnostic,gebco_mariana_trench_complex,GEBCO Mariana Trench,public,complex_relief,Coverage-Preserving Segmented Hybrid,23,1,31797.555371018865,31797.555371018865,0.0,0.0,0.0,98.66666666666669,0.1821839840786269,145,1,25.0,144,11.309733552923255,0.0,11.309733552923255,31808.86510457179,0.035555287859980085,5892.624970023095,0.6821711443963563,0.6821738046186695
segmented_diagnostic,gebco_mariana_trench_complex,GEBCO Mariana Trench,public,complex_relief,Coverage-Preserving Segmented Hybrid,23,1,31797.555371018865,31797.555371018865,0.0,0.0,0.0,98.66666666666669,0.1821839840786269,145,1,50.0,144,22.61946710584651,0.0,22.61946710584651,31820.174838124713,0.07108530113651496,5896.813760227881,0.6821738046186683,0.6821791193938195
segmented_diagnostic,gebco_mariana_trench_complex,GEBCO Mariana Trench,public,complex_relief,Coverage-Preserving Segmented Hybrid,23,1,31797.555371018865,31797.555371018865,0.0,0.0,0.0,98.66666666666669,0.1821839840786269,145,1,100.0,144,45.23893421169302,0.0,45.23893421169302,31842.794305230556,0.1420696116617567,5905.191340637453,0.6821791193938257,0.682189726322529
segmented_diagnostic,gebco_mariana_trench_complex,GEBCO Mariana Trench,public,complex_relief,Transition-Aware Segmented Hybrid,23,1,31797.555371018865,31797.555371018865,0.0,0.0,0.0,98.66666666666669,0.1821839840786269,145,1,25.0,144,11.309733552923255,0.0,11.309733552923255,31808.86510457179,0.035555287859980085,5892.624970023095,0.6821711443963563,0.6821738046186695
segmented_diagnostic,gebco_mariana_trench_complex,GEBCO Mariana Trench,public,complex_relief,Transition-Aware Segmented Hybrid,23,1,31797.555371018865,31797.555371018865,0.0,0.0,0.0,98.66666666666669,0.1821839840786269,145,1,50.0,144,22.61946710584651,0.0,22.61946710584651,31820.174838124713,0.07108530113651496,5896.813760227881,0.6821738046186683,0.6821791193938195
segmented_diagnostic,gebco_mariana_trench_complex,GEBCO Mariana Trench,public,complex_relief,Transition-Aware Segmented Hybrid,23,1,31797.555371018865,31797.555371018865,0.0,0.0,0.0,98.66666666666669,0.1821839840786269,145,1,100.0,144,45.23893421169302,0.0,45.23893421169302,31842.794305230556,0.1420696116617567,5905.191340637453,0.6821791193938257,0.682189726322529
segmented_diagnostic,gebco_mariana_trench_complex,GEBCO Mariana Trench,public,complex_relief,Coverage-Preserving Segmented Hybrid,24,1,31797.589606382964,31797.589606382964,0.0,0.0,0.0,98.66666666666669,0.3415232042620307,145,1,25.0,144,11.309733552923255,0.0,11.309733552923255,31808.899339935888,0.03555524959244331,5892.631309905336,0.6820642502326942,0.6820669484508767
segmented_diagnostic,gebco_mariana_trench_complex,GEBCO Mariana Trench,public,complex_relief,Coverage-Preserving Segmented Hybrid,24,1,31797.589606382964,31797.589606382964,0.0,0.0,0.0,98.66666666666669,0.3415232042620307,145,1,50.0,144,22.61946710584651,0.0,22.61946710584651,31820.20907348881,0.07108522465583687,5896.8201001101215,0.6820669484508874,0.6820723391368274
segmented_diagnostic,gebco_mariana_trench_complex,GEBCO Mariana Trench,public,complex_relief,Coverage-Preserving Segmented Hybrid,24,1,31797.589606382964,31797.589606382964,0.0,0.0,0.0,98.66666666666669,0.3415232042620307,145,1,100.0,144,45.23893421169302,0.0,45.23893421169302,31842.828540594655,0.14206945891763484,5905.197680519694,0.6820723391368302,0.682083097564004
segmented_diagnostic,gebco_mariana_trench_complex,GEBCO Mariana Trench,public,complex_relief,Transition-Aware Segmented Hybrid,24,1,31797.589606382964,31797.589606382964,0.0,0.0,0.0,98.66666666666669,0.3415232042620307,145,1,25.0,144,11.309733552923255,0.0,11.309733552923255,31808.899339935888,0.03555524959244331,5892.631309905336,0.6820642502326942,0.6820669484508767
segmented_diagnostic,gebco_mariana_trench_complex,GEBCO Mariana Trench,public,complex_relief,Transition-Aware Segmented Hybrid,24,1,31797.589606382964,31797.589606382964,0.0,0.0,0.0,98.66666666666669,0.3415232042620307,145,1,50.0,144,22.61946710584651,0.0,22.61946710584651,31820.20907348881,0.07108522465583687,5896.8201001101215,0.6820669484508874,0.6820723391368274
segmented_diagnostic,gebco_mariana_trench_complex,GEBCO Mariana Trench,public,complex_relief,Transition-Aware Segmented Hybrid,24,1,31797.589606382964,31797.589606382964,0.0,0.0,0.0,98.66666666666669,0.3415232042620307,145,1,100.0,144,45.23893421169302,0.0,45.23893421169302,31842.828540594655,0.14206945891763484,5905.197680519694,0.6820723391368302,0.682083097564004
segmented_diagnostic,gebco_mariana_trench_complex,GEBCO Mariana Trench,public,complex_relief,Coverage-Preserving Segmented Hybrid,25,1,31797.60714193183,31797.60714193183,0.0,0.0,0.0,98.66666666666669,0.3232944875249144,145,1,25.0,144,11.309733552923255,0.0,11.309733552923255,31808.916875484752,0.035555229991624485,5892.634557229199,0.6820094984320471,0.682012216111943
segmented_diagnostic,gebco_mariana_trench_complex,GEBCO Mariana Trench,public,complex_relief,Coverage-Preserving Segmented Hybrid,25,1,31797.60714193183,31797.60714193183,0.0,0.0,0.0,98.66666666666669,0.3232944875249144,145,1,50.0,144,22.61946710584651,0.0,22.61946710584651,31820.226609037676,0.07108518548206084,5896.823347433986,0.6820122161119474,0.6820176456798158
segmented_diagnostic,gebco_mariana_trench_complex,GEBCO Mariana Trench,public,complex_relief,Coverage-Preserving Segmented Hybrid,25,1,31797.60714193183,31797.60714193183,0.0,0.0,0.0,98.66666666666669,0.3232944875249144,145,1,100.0,144,45.23893421169302,0.0,45.23893421169302,31842.84607614352,0.14206938068135114,5905.200927843558,0.6820176456798277,0.6820284817053718
segmented_diagnostic,gebco_mariana_trench_complex,GEBCO Mariana Trench,public,complex_relief,Transition-Aware Segmented Hybrid,25,1,31797.60714193183,31797.60714193183,0.0,0.0,0.0,98.66666666666669,0.3232944875249144,145,1,25.0,144,11.309733552923255,0.0,11.309733552923255,31808.916875484752,0.035555229991624485,5892.634557229199,0.6820094984320471,0.682012216111943
segmented_diagnostic,gebco_mariana_trench_complex,GEBCO Mariana Trench,public,complex_relief,Transition-Aware Segmented Hybrid,25,1,31797.60714193183,31797.60714193183,0.0,0.0,0.0,98.66666666666669,0.3232944875249144,145,1,50.0,144,22.61946710584651,0.0,22.61946710584651,31820.226609037676,0.07108518548206084,5896.823347433986,0.6820122161119474,0.6820176456798158
segmented_diagnostic,gebco_mariana_trench_complex,GEBCO Mariana Trench,public,complex_relief,Transition-Aware Segmented Hybrid,25,1,31797.60714193183,31797.60714193183,0.0,0.0,0.0,98.66666666666669,0.3232944875249144,145,1,100.0,144,45.23893421169302,0.0,45.23893421169302,31842.84607614352,0.14206938068135114,5905.200927843558,0.6820176456798277,0.6820284817053718
segmented_diagnostic,gebco_mariana_trench_complex,GEBCO Mariana Trench,public,complex_relief,Coverage-Preserving Segmented Hybrid,26,1,31797.663364969383,31797.663364969383,0.0,0.0,0.0,99.33333333333331,0.0,145,1,25.0,144,11.309733552923255,0.0,11.309733552923255,31808.973098522307,0.035555167146998065,5892.64496890282,0.6818339514578555,0.681836731536501
segmented_diagnostic,gebco_mariana_trench_complex,GEBCO Mariana Trench,public,complex_relief,Coverage-Preserving Segmented Hybrid,26,1,31797.663364969383,31797.663364969383,0.0,0.0,0.0,99.33333333333331,0.0,145,1,50.0,144,22.61946710584651,0.0,22.61946710584651,31820.28283207523,0.0710850598821385,5896.833759107606,0.6818367315365038,0.6818422857689007
segmented_diagnostic,gebco_mariana_trench_complex,GEBCO Mariana Trench,public,complex_relief,Coverage-Preserving Segmented Hybrid,26,1,31797.663364969383,31797.663364969383,0.0,0.0,0.0,99.33333333333331,0.0,145,1,100.0,144,45.23893421169302,0.0,45.23893421169302,31842.902299181074,0.14206912983825742,5905.211339517179,0.6818422857688956,0.681853370592847
segmented_diagnostic,gebco_mariana_trench_complex,GEBCO Mariana Trench,public,complex_relief,Transition-Aware Segmented Hybrid,26,1,31797.663364969383,31797.663364969383,0.0,0.0,0.0,99.33333333333331,0.0,145,1,25.0,144,11.309733552923255,0.0,11.309733552923255,31808.973098522307,0.035555167146998065,5892.64496890282,0.6818339514578555,0.681836731536501
segmented_diagnostic,gebco_mariana_trench_complex,GEBCO Mariana Trench,public,complex_relief,Transition-Aware Segmented Hybrid,26,1,31797.663364969383,31797.663364969383,0.0,0.0,0.0,99.33333333333331,0.0,145,1,50.0,144,22.61946710584651,0.0,22.61946710584651,31820.28283207523,0.0710850598821385,5896.833759107606,0.6818367315365038,0.6818422857689007
segmented_diagnostic,gebco_mariana_trench_complex,GEBCO Mariana Trench,public,complex_relief,Transition-Aware Segmented Hybrid,26,1,31797.663364969383,31797.663364969383,0.0,0.0,0.0,99.33333333333331,0.0,145,1,100.0,144,45.23893421169302,0.0,45.23893421169302,31842.902299181074,0.14206912983825742,5905.211339517179,0.6818422857688956,0.681853370592847
segmented_diagnostic,gebco_mariana_trench_complex,GEBCO Mariana Trench,public,complex_relief,Coverage-Preserving Segmented Hybrid,27,1,31797.663364969383,31797.663364969383,0.0,0.0,0.0,99.33333333333331,0.0,145,1,25.0,144,11.309733552923255,0.0,11.309733552923255,31808.973098522307,0.035555167146998065,5892.64496890282,0.6818339514578555,0.681836731536501
segmented_diagnostic,gebco_mariana_trench_complex,GEBCO Mariana Trench,public,complex_relief,Coverage-Preserving Segmented Hybrid,27,1,31797.663364969383,31797.663364969383,0.0,0.0,0.0,99.33333333333331,0.0,145,1,50.0,144,22.61946710584651,0.0,22.61946710584651,31820.28283207523,0.0710850598821385,5896.833759107606,0.6818367315365038,0.6818422857689007
segmented_diagnostic,gebco_mariana_trench_complex,GEBCO Mariana Trench,public,complex_relief,Coverage-Preserving Segmented Hybrid,27,1,31797.663364969383,31797.663364969383,0.0,0.0,0.0,99.33333333333331,0.0,145,1,100.0,144,45.23893421169302,0.0,45.23893421169302,31842.902299181074,0.14206912983825742,5905.211339517179,0.6818422857688956,0.681853370592847
segmented_diagnostic,gebco_mariana_trench_complex,GEBCO Mariana Trench,public,complex_relief,Transition-Aware Segmented Hybrid,27,1,31797.663364969383,31797.663364969383,0.0,0.0,0.0,99.33333333333331,0.0,145,1,25.0,144,11.309733552923255,0.0,11.309733552923255,31808.973098522307,0.035555167146998065,5892.64496890282,0.6818339514578555,0.681836731536501
segmented_diagnostic,gebco_mariana_trench_complex,GEBCO Mariana Trench,public,complex_relief,Transition-Aware Segmented Hybrid,27,1,31797.663364969383,31797.663364969383,0.0,0.0,0.0,99.33333333333331,0.0,145,1,50.0,144,22.61946710584651,0.0,22.61946710584651,31820.28283207523,0.0710850598821385,5896.833759107606,0.6818367315365038,0.6818422857689007
segmented_diagnostic,gebco_mariana_trench_complex,GEBCO Mariana Trench,public,complex_relief,Transition-Aware Segmented Hybrid,27,1,31797.663364969383,31797.663364969383,0.0,0.0,0.0,99.33333333333331,0.0,145,1,100.0,144,45.23893421169302,0.0,45.23893421169302,31842.902299181074,0.14206912983825742,5905.211339517179,0.6818422857688956,0.681853370592847
segmented_diagnostic,gebco_mariana_trench_complex,GEBCO Mariana Trench,public,complex_relief,Coverage-Preserving Segmented Hybrid,28,1,31797.530375739338,31797.530375739338,0.0,0.0,0.0,98.66666666666669,0.1715860956046013,145,1,25.0,144,11.309733552923255,0.0,11.309733552923255,31808.84010929226,0.03555531579920565,5892.620341267627,0.6822491879507601,0.6822518204322319
segmented_diagnostic,gebco_mariana_trench_complex,GEBCO Mariana Trench,public,complex_relief,Coverage-Preserving Segmented Hybrid,28,1,31797.530375739338,31797.530375739338,0.0,0.0,0.0,98.66666666666669,0.1715860956046013,145,1,50.0,144,22.61946710584651,0.0,22.61946710584651,31820.149842845185,0.07108535697525176,5896.809131472413,0.6822518204322346,0.6822570797848282
segmented_diagnostic,gebco_mariana_trench_complex,GEBCO Mariana Trench,public,complex_relief,Coverage-Preserving Segmented Hybrid,28,1,31797.530375739338,31797.530375739338,0.0,0.0,0.0,98.66666666666669,0.1715860956046013,145,1,100.0,144,45.23893421169302,0.0,45.23893421169302,31842.76930995103,0.14206972318062683,5905.1867118819855,0.6822570797848384,0.682267576104329
segmented_diagnostic,gebco_mariana_trench_complex,GEBCO Mariana Trench,public,complex_relief,Transition-Aware Segmented Hybrid,28,1,31797.530375739338,31797.530375739338,0.0,0.0,0.0,98.66666666666669,0.1715860956046013,145,1,25.0,144,11.309733552923255,0.0,11.309733552923255,31808.84010929226,0.03555531579920565,5892.620341267627,0.6822491879507601,0.6822518204322319
segmented_diagnostic,gebco_mariana_trench_complex,GEBCO Mariana Trench,public,complex_relief,Transition-Aware Segmented Hybrid,28,1,31797.530375739338,31797.530375739338,0.0,0.0,0.0,98.66666666666669,0.1715860956046013,145,1,50.0,144,22.61946710584651,0.0,22.61946710584651,31820.149842845185,0.07108535697525176,5896.809131472413,0.6822518204322346,0.6822570797848282
segmented_diagnostic,gebco_mariana_trench_complex,GEBCO Mariana Trench,public,complex_relief,Transition-Aware Segmented Hybrid,28,1,31797.530375739338,31797.530375739338,0.0,0.0,0.0,98.66666666666669,0.1715860956046013,145,1,100.0,144,45.23893421169302,0.0,45.23893421169302,31842.76930995103,0.14206972318062683,5905.1867118819855,0.6822570797848384,0.682267576104329
segmented_diagnostic,gebco_mariana_trench_complex,GEBCO Mariana Trench,public,complex_relief,Coverage-Preserving Segmented Hybrid,29,1,31797.516703800113,31797.516703800113,0.0,0.0,0.0,98.66666666666669,0.0878578442014756,145,1,25.0,144,11.309733552923255,0.0,11.309733552923255,31808.826437353036,0.035555331081445554,5892.61780942703,0.6822918762804316,0.6822944935881919
segmented_diagnostic,gebco_mariana_trench_complex,GEBCO Mariana Trench,public,complex_relief,Coverage-Preserving Segmented Hybrid,29,1,31797.516703800113,31797.516703800113,0.0,0.0,0.0,98.66666666666669,0.0878578442014756,145,1,50.0,144,22.61946710584651,0.0,22.61946710584651,31820.13617090596,0.07108538751800855,5896.8065996318155,0.6822944935881993,0.6822997226257282
segmented_diagnostic,gebco_mariana_trench_complex,GEBCO Mariana Trench,public,complex_relief,Coverage-Preserving Segmented Hybrid,29,1,31797.516703800113,31797.516703800113,0.0,0.0,0.0,98.66666666666669,0.0878578442014756,145,1,100.0,144,45.23893421169302,0.0,45.23893421169302,31842.755638011804,0.1420697841793872,5905.184180041388,0.6822997226257277,0.6823101584441101
segmented_diagnostic,gebco_mariana_trench_complex,GEBCO Mariana Trench,public,complex_relief,Transition-Aware Segmented Hybrid,29,1,31797.516703800113,31797.516703800113,0.0,0.0,0.0,98.66666666666669,0.0878578442014756,145,1,25.0,144,11.309733552923255,0.0,11.309733552923255,31808.826437353036,0.035555331081445554,5892.61780942703,0.6822918762804316,0.6822944935881919
segmented_diagnostic,gebco_mariana_trench_complex,GEBCO Mariana Trench,public,complex_relief,Transition-Aware Segmented Hybrid,29,1,31797.516703800113,31797.516703800113,0.0,0.0,0.0,98.66666666666669,0.0878578442014756,145,1,50.0,144,22.61946710584651,0.0,22.61946710584651,31820.13617090596,0.07108538751800855,5896.8065996318155,0.6822944935881993,0.6822997226257282
segmented_diagnostic,gebco_mariana_trench_complex,GEBCO Mariana Trench,public,complex_relief,Transition-Aware Segmented Hybrid,29,1,31797.516703800113,31797.516703800113,0.0,0.0,0.0,98.66666666666669,0.0878578442014756,145,1,100.0,144,45.23893421169302,0.0,45.23893421169302,31842.755638011804,0.1420697841793872,5905.184180041388,0.6822997226257277,0.6823101584441101
segmented_diagnostic,gebco_puerto_rico_trench_complex,GEBCO Puerto Rico Trench,public,complex_relief,Fixed-Spacing,0,1,30861.81643020727,30861.81643020727,0.0,0.0,0.0,99.42222222222222,0.4385684882790331,146,1,25.0,145,11.388273369262999,0.0,11.388273369262999,30873.20470357653,0.0368872408245449,5719.369069804776,0.0,0.0
segmented_diagnostic,gebco_puerto_rico_trench_complex,GEBCO Puerto Rico Trench,public,complex_relief,Fixed-Spacing,0,1,30861.81643020727,30861.81643020727,0.0,0.0,0.0,99.42222222222222,0.4385684882790331,146,1,50.0,145,22.776546738525997,0.0,22.776546738525997,30884.592976945794,0.07374727831293697,5723.58694883043,0.0,0.0
segmented_diagnostic,gebco_puerto_rico_trench_complex,GEBCO Puerto Rico Trench,public,complex_relief,Fixed-Spacing,0,1,30861.81643020727,30861.81643020727,0.0,0.0,0.0,99.42222222222222,0.4385684882790331,146,1,100.0,145,45.553093477051995,0.0,45.553093477051995,30907.36952368432,0.1473858635628783,5732.022706881735,0.0,0.0
segmented_diagnostic,gebco_puerto_rico_trench_complex,GEBCO Puerto Rico Trench,public,complex_relief,Full Geometry-Aware Hybrid GA,0,1,30709.741952307213,30709.741952307213,0.0,0.0,0.0,98.59444444444443,0.0947669684346124,137,1,25.0,136,10.681415022205298,0.0,10.681415022205298,30720.42336732942,0.03476975201313397,5690.945330065117,0.49486711118594784,0.49697334431032536
segmented_diagnostic,gebco_puerto_rico_trench_complex,GEBCO Puerto Rico Trench,public,complex_relief,Full Geometry-Aware Hybrid GA,0,1,30709.741952307213,30709.741952307213,0.0,0.0,0.0,98.59444444444443,0.0947669684346124,137,1,50.0,136,21.362830044410597,0.0,21.362830044410597,30731.104782351624,0.06951533371712339,5694.901409702969,0.4969733443103618,0.5011811541243723
segmented_diagnostic,gebco_puerto_rico_trench_complex,GEBCO Puerto Rico Trench,public,complex_relief,Full Geometry-Aware Hybrid GA,0,1,30709.741952307213,30709.741952307213,0.0,0.0,0.0,98.59444444444443,0.0947669684346124,137,1,100.0,136,42.72566008882119,0.0,42.72566008882119,30752.467612396034,0.13893408694006357,5702.813568978677,0.501181154124371,0.5095781959828982
segmented_diagnostic,gebco_puerto_rico_trench_complex,GEBCO Puerto Rico Trench,public,complex_relief,Full Geometry-Aware Hybrid GA,1,1,30709.716126000152,30709.716126000152,0.0,0.0,0.0,97.76666666666668,0.1487534123439607,137,1,25.0,136,10.681415022205298,0.0,10.681415022205298,30720.397541022357,0.034769781243689686,5690.940547415659,0.4949507640082217,0.49705696628678886
segmented_diagnostic,gebco_puerto_rico_trench_complex,GEBCO Puerto Rico Trench,public,complex_relief,Full Geometry-Aware Hybrid GA,1,1,30709.716126000152,30709.716126000152,0.0,0.0,0.0,97.76666666666668,0.1487534123439607,137,1,50.0,136,21.362830044410597,0.0,21.362830044410597,30731.078956044563,0.06951539213760244,5694.896627053513,0.4970569662867958,0.5012647144773337
segmented_diagnostic,gebco_puerto_rico_trench_complex,GEBCO Puerto Rico Trench,public,complex_relief,Full Geometry-Aware Hybrid GA,1,1,30709.716126000152,30709.716126000152,0.0,0.0,0.0,97.76666666666668,0.1487534123439607,137,1,100.0,136,42.72566008882119,0.0,42.72566008882119,30752.441786088973,0.13893420361874603,5702.80878632922,0.501264714477319,0.5096616333609596
segmented_diagnostic,gebco_puerto_rico_trench_complex,GEBCO Puerto Rico Trench,public,complex_relief,Full Geometry-Aware Hybrid GA,2,1,30709.76,30709.76,0.0,0.0,0.0,99.40555555555557,0.0,137,1,25.0,136,10.681415022205298,0.0,10.681415022205298,30720.441415022204,0.034769731586545886,5690.948672230446,0.49480865372110544,0.4969149084008928
segmented_diagnostic,gebco_puerto_rico_trench_complex,GEBCO Puerto Rico Trench,public,complex_relief,Full Geometry-Aware Hybrid GA,2,1,30709.76,30709.76,0.0,0.0,0.0,99.40555555555557,0.0,137,1,50.0,136,21.362830044410597,0.0,21.362830044410597,30731.12283004441,0.0695152928923415,5694.9047518683,0.496914908400914,0.5011227612780587
segmented_diagnostic,gebco_puerto_rico_trench_complex,GEBCO Puerto Rico Trench,public,complex_relief,Full Geometry-Aware Hybrid GA,2,1,30709.76,30709.76,0.0,0.0,0.0,99.40555555555557,0.0,137,1,100.0,136,42.72566008882119,0.0,42.72566008882119,30752.48566008882,0.1389340054038994,5702.8169111440075,0.5011227612780581,0.5095198890727278
segmented_diagnostic,gebco_puerto_rico_trench_complex,GEBCO Puerto Rico Trench,public,complex_relief,Full Geometry-Aware Hybrid GA,3,1,30709.689350121716,30709.689350121716,0.0,0.0,0.0,97.73888888888888,0.1544885754334243,137,1,25.0,136,10.681415022205298,0.0,10.681415022205298,30720.37076514392,0.034769811549034725,5690.935588919654,0.495037492544157,0.497143662842732
segmented_diagnostic,gebco_puerto_rico_trench_complex,GEBCO Puerto Rico Trench,public,complex_relief,Full Geometry-Aware Hybrid GA,3,1,30709.689350121716,30709.689350121716,0.0,0.0,0.0,97.73888888888888,0.1544885754334243,137,1,50.0,136,21.362830044410597,0.0,21.362830044410597,30731.052180166127,0.06951545270616606,5694.891668557507,0.49714366284276373,0.5013513471440589
segmented_diagnostic,gebco_puerto_rico_trench_complex,GEBCO Puerto Rico Trench,public,complex_relief,Full Geometry-Aware Hybrid GA,3,1,30709.689350121716,30709.689350121716,0.0,0.0,0.0,97.73888888888888,0.1544885754334243,137,1,100.0,136,42.72566008882119,0.0,42.72566008882119,30752.415010210538,0.13893432458763078,5702.803827833214,0.5013513471440532,0.5097481385312925
segmented_diagnostic,gebco_puerto_rico_trench_complex,GEBCO Puerto Rico Trench,public,complex_relief,Full Geometry-Aware Hybrid GA,4,1,30709.59984443497,30709.59984443497,0.0,0.0,0.0,97.75555555555556,0.5244076100071324,137,1,25.0,136,10.681415022205298,0.0,10.681415022205298,30720.281259457177,0.034769912853311026,5690.919013792479,0.49532740636296585,0.4974334697597696
segmented_diagnostic,gebco_puerto_rico_trench_complex,GEBCO Puerto Rico Trench,public,complex_relief,Full Geometry-Aware Hybrid GA,4,1,30709.59984443497,30709.59984443497,0.0,0.0,0.0,97.75555555555556,0.5244076100071324,137,1,50.0,136,21.362830044410597,0.0,21.362830044410597,30730.962674479382,0.06951565517389868,5694.8750934303325,0.4974334697597972,0.501640940493867
segmented_diagnostic,gebco_puerto_rico_trench_complex,GEBCO Puerto Rico Trench,public,complex_relief,Full Geometry-Aware Hybrid GA,4,1,30709.59984443497,30709.59984443497,0.0,0.0,0.0,97.75555555555556,0.5244076100071324,137,1,100.0,136,42.72566008882119,0.0,42.72566008882119,30752.325504523793,0.13893472896069625,5702.78725270604,0.5016409404938729,0.510037305689587
segmented_diagnostic,gebco_puerto_rico_trench_complex,GEBCO Puerto Rico Trench,public,complex_relief,Full Geometry-Aware Hybrid GA,5,1,30709.62563752079,30709.62563752079,0.0,0.0,0.0,97.72777777777776,0.1482558266353853,137,1,25.0,136,10.681415022205298,0.0,10.681415022205298,30720.307052542994,0.03476988366013452,5690.923790289853,0.4952438611461197,0.4973499553490727
segmented_diagnostic,gebco_puerto_rico_trench_complex,GEBCO Puerto Rico Trench,public,complex_relief,Full Geometry-Aware Hybrid GA,5,1,30709.62563752079,30709.62563752079,0.0,0.0,0.0,97.72777777777776,0.1482558266353853,137,1,50.0,136,21.362830044410597,0.0,21.362830044410597,30730.9884675652,0.06951559682812625,5694.879869927706,0.49734995534911275,0.5015574876274038
segmented_diagnostic,gebco_puerto_rico_trench_complex,GEBCO Puerto Rico Trench,public,complex_relief,Full Geometry-Aware Hybrid GA,5,1,30709.62563752079,30709.62563752079,0.0,0.0,0.0,97.72777777777776,0.1482558266353853,137,1,100.0,136,42.72566008882119,0.0,42.72566008882119,30752.35129760961,0.1389346124312201,5702.792029203413,0.5015574876274062,0.5099539756398372
segmented_diagnostic,gebco_puerto_rico_trench_complex,GEBCO Puerto Rico Trench,public,complex_relief,Full Geometry-Aware Hybrid GA,6,1,30709.686009946425,30709.686009946425,0.0,0.0,0.0,97.7611111111111,0.5506427887441518,137,1,25.0,136,10.681415022205298,0.0,10.681415022205298,30720.36742496863,0.03476981532949945,5690.934970368674,0.4950483115547643,0.49715447786397926
segmented_diagnostic,gebco_puerto_rico_trench_complex,GEBCO Puerto Rico Trench,public,complex_relief,Full Geometry-Aware Hybrid GA,6,1,30709.686009946425,30709.686009946425,0.0,0.0,0.0,97.7611111111111,0.5506427887441518,137,1,50.0,136,21.362830044410597,0.0,21.362830044410597,30731.048839990835,0.06951546026184041,5694.891050006527,0.497154477864008,0.5013621541954
segmented_diagnostic,gebco_puerto_rico_trench_complex,GEBCO Puerto Rico Trench,public,complex_relief,Full Geometry-Aware Hybrid GA,6,1,30709.686009946425,30709.686009946425,0.0,0.0,0.0,97.7611111111111,0.5506427887441518,137,1,100.0,136,42.72566008882119,0.0,42.72566008882119,30752.411670035246,0.13893433967799193,5702.803209282234,0.5013621541953912,0.5097589296780087
segmented_diagnostic,gebco_puerto_rico_trench_complex,GEBCO Puerto Rico Trench,public,complex_relief,Full Geometry-Aware Hybrid GA,7,1,30709.76,30709.76,0.0,0.0,0.0,99.40555555555557,0.0,137,1,25.0,136,10.681415022205298,0.0,10.681415022205298,30720.441415022204,0.034769731586545886,5690.948672230446,0.49480865372110544,0.4969149084008928
segmented_diagnostic,gebco_puerto_rico_trench_complex,GEBCO Puerto Rico Trench,public,complex_relief,Full Geometry-Aware Hybrid GA,7,1,30709.76,30709.76,0.0,0.0,0.0,99.40555555555557,0.0,137,1,50.0,136,21.362830044410597,0.0,21.362830044410597,30731.12283004441,0.0695152928923415,5694.9047518683,0.496914908400914,0.5011227612780587
segmented_diagnostic,gebco_puerto_rico_trench_complex,GEBCO Puerto Rico Trench,public,complex_relief,Full Geometry-Aware Hybrid GA,7,1,30709.76,30709.76,0.0,0.0,0.0,99.40555555555557,0.0,137,1,100.0,136,42.72566008882119,0.0,42.72566008882119,30752.48566008882,0.1389340054038994,5702.8169111440075,0.5011227612780581,0.5095198890727278
segmented_diagnostic,gebco_puerto_rico_trench_complex,GEBCO Puerto Rico Trench,public,complex_relief,Full Geometry-Aware Hybrid GA,8,1,30709.606521460715,30709.606521460715,0.0,0.0,0.0,97.75,0.1748465441702554,137,1,25.0,136,10.681415022205298,0.0,10.681415022205298,30720.28793648292,0.034769905296103104,5690.9202502787275,0.4953057791110895,0.4974118504826504
segmented_diagnostic,gebco_puerto_rico_trench_complex,GEBCO Puerto Rico Trench,public,complex_relief,Full Geometry-Aware Hybrid GA,8,1,30709.606521460715,30709.606521460715,0.0,0.0,0.0,97.75,0.1748465441702554,137,1,50.0,136,21.362830044410597,0.0,21.362830044410597,30730.969351505126,0.0695156400699879,5694.876329916581,0.49741185048267567,0.5016193371486269
segmented_diagnostic,gebco_puerto_rico_trench_complex,GEBCO Puerto Rico Trench,public,complex_relief,Full Geometry-Aware Hybrid GA,8,1,30709.606521460715,30709.606521460715,0.0,0.0,0.0,97.75,0.1748465441702554,137,1,100.0,136,42.72566008882119,0.0,42.72566008882119,30752.332181549536,0.13893469879482925,5702.788489192289,0.5016193371486305,0.5100157341377649
segmented_diagnostic,gebco_puerto_rico_trench_complex,GEBCO Puerto Rico Trench,public,complex_relief,Full Geometry-Aware Hybrid GA,9,1,30709.75189101107,30709.75189101107,0.0,0.0,0.0,98.56111111111112,0.2631531101600936,137,1,25.0,136,10.681415022205298,0.0,10.681415022205298,30720.433306033276,0.03476974076439067,5690.94717056583,0.49483491918012074,0.49694116417488293
segmented_diagnostic,gebco_puerto_rico_trench_complex,GEBCO Puerto Rico Trench,public,complex_relief,Full Geometry-Aware Hybrid GA,9,1,30709.75189101107,30709.75189101107,0.0,0.0,0.0,98.56111111111112,0.2631531101600936,137,1,50.0,136,21.362830044410597,0.0,21.362830044410597,30731.11472105548,0.06951531123527327,5694.9032502036835,0.49694116417489875,0.5011489977033992
segmented_diagnostic,gebco_puerto_rico_trench_complex,GEBCO Puerto Rico Trench,public,complex_relief,Full Geometry-Aware Hybrid GA,9,1,30709.75189101107,30709.75189101107,0.0,0.0,0.0,98.56111111111112,0.2631531101600936,137,1,100.0,136,42.72566008882119,0.0,42.72566008882119,30752.47755109989,0.13893404203881152,5702.815409479391,0.5011489977033933,0.5095460868861946
segmented_diagnostic,gebco_puerto_rico_trench_complex,GEBCO Puerto Rico Trench,public,complex_relief,Full Geometry-Aware Hybrid GA,10,1,30709.652609366414,30709.652609366414,0.0,0.0,0.0,97.75555555555556,0.2073598874008859,137,1,25.0,136,10.681415022205298,0.0,10.681415022205298,30720.33402438862,0.03476985313286442,5690.928785076079,0.4951564978617291,0.4972626242787174
segmented_diagnostic,gebco_puerto_rico_trench_complex,GEBCO Puerto Rico Trench,public,complex_relief,Full Geometry-Aware Hybrid GA,10,1,30709.652609366414,30709.652609366414,0.0,0.0,0.0,97.75555555555556,0.2073598874008859,137,1,50.0,136,21.362830044410597,0.0,21.362830044410597,30731.015439410825,0.06951553581602107,5694.884864713932,0.49726262427874446,0.5014702209138745
segmented_diagnostic,gebco_puerto_rico_trench_complex,GEBCO Puerto Rico Trench,public,complex_relief,Full Geometry-Aware Hybrid GA,10,1,30709.652609366414,30709.652609366414,0.0,0.0,0.0,97.75555555555556,0.2073598874008859,137,1,100.0,136,42.72566008882119,0.0,42.72566008882119,30752.378269455236,0.13893449057648463,5702.79702398964,0.5014702209138638,0.5098668373558046
segmented_diagnostic,gebco_puerto_rico_trench_complex,GEBCO Puerto Rico Trench,public,complex_relief,Full Geometry-Aware Hybrid GA,11,1,30709.600695621222,30709.600695621222,0.0,0.0,0.0,97.75555555555556,0.3878713132001098,137,1,25.0,136,10.681415022205298,0.0,10.681415022205298,30720.282110643428,0.0347699118899191,5690.919171419562,0.495324649324107,0.49743071373753306
segmented_diagnostic,gebco_puerto_rico_trench_complex,GEBCO Puerto Rico Trench,public,complex_relief,Full Geometry-Aware Hybrid GA,11,1,30709.600695621222,30709.600695621222,0.0,0.0,0.0,97.75555555555556,0.3878713132001098,137,1,50.0,136,21.362830044410597,0.0,21.362830044410597,30730.963525665633,0.069515653248454,5694.875251057415,0.4974307137375589,0.5016381865026399
segmented_diagnostic,gebco_puerto_rico_trench_complex,GEBCO Puerto Rico Trench,public,complex_relief,Full Geometry-Aware Hybrid GA,11,1,30709.600695621222,30709.600695621222,0.0,0.0,0.0,97.75555555555556,0.3878713132001098,137,1,100.0,136,42.72566008882119,0.0,42.72566008882119,30752.326355710044,0.13893472511515528,5702.787410333122,0.5016381865026281,0.5100345557513802
segmented_diagnostic,gebco_puerto_rico_trench_complex,GEBCO Puerto Rico Trench,public,complex_relief,Full Geometry-Aware Hybrid GA,12,1,30709.526696572655,30709.526696572655,0.0,0.0,0.0,97.7611111111111,0.6015687685592107,137,1,25.0,136,10.681415022205298,0.0,10.681415022205298,30720.20811159486,0.034769995643921976,5690.905467892049,0.49556433629304236,0.49767031232516856
segmented_diagnostic,gebco_puerto_rico_trench_complex,GEBCO Puerto Rico Trench,public,complex_relief,Full Geometry-Aware Hybrid GA,12,1,30709.526696572655,30709.526696572655,0.0,0.0,0.0,97.7611111111111,0.6015687685592107,137,1,50.0,136,21.362830044410597,0.0,21.362830044410597,30730.889526617066,0.06951582064003557,5694.861547529902,0.49767031232518616,0.5018776085230517
segmented_diagnostic,gebco_puerto_rico_trench_complex,GEBCO Puerto Rico Trench,public,complex_relief,Full Geometry-Aware Hybrid GA,12,1,30709.526696572655,30709.526696572655,0.0,0.0,0.0,97.7611111111111,0.6015687685592107,137,1,100.0,136,42.72566008882119,0.0,42.72566008882119,30752.252356661476,0.13893505943334936,5702.773706805609,0.5018776085230318,0.510273625416901
segmented_diagnostic,gebco_puerto_rico_trench_complex,GEBCO Puerto Rico Trench,public,complex_relief,Full Geometry-Aware Hybrid GA,13,1,30709.611392391023,30709.611392391023,0.0,0.0,0.0,97.72777777777776,0.3778704498032794,137,1,25.0,136,10.681415022205298,0.0,10.681415022205298,30720.29280741323,0.0347698997830767,5690.921152302859,0.49529000190119177,0.4973960790903799
segmented_diagnostic,gebco_puerto_rico_trench_complex,GEBCO Puerto Rico Trench,public,complex_relief,Full Geometry-Aware Hybrid GA,13,1,30709.611392391023,30709.611392391023,0.0,0.0,0.0,97.72777777777776,0.3778704498032794,137,1,50.0,136,21.362830044410597,0.0,21.362830044410597,30730.974222435434,0.06951562905159858,5694.877231940712,0.49739607909040934,0.5016035773787737
segmented_diagnostic,gebco_puerto_rico_trench_complex,GEBCO Puerto Rico Trench,public,complex_relief,Full Geometry-Aware Hybrid GA,13,1,30709.611392391023,30709.611392391023,0.0,0.0,0.0,97.72777777777776,0.3778704498032794,137,1,100.0,136,42.72566008882119,0.0,42.72566008882119,30752.337052479845,0.13893467678865673,5702.789391216419,0.5016035773787655,0.5099999975614008
segmented_diagnostic,gebco_puerto_rico_trench_complex,GEBCO Puerto Rico Trench,public,complex_relief,Full Geometry-Aware Hybrid GA,14,1,30709.67342780748,30709.67342780748,0.0,0.0,0.0,97.78333333333332,0.3602745653113132,137,1,25.0,136,10.681415022205298,0.0,10.681415022205298,30720.354842829685,0.03476982957017635,5690.932640342943,0.49508906579153855,0.4971952170731881
segmented_diagnostic,gebco_puerto_rico_trench_complex,GEBCO Puerto Rico Trench,public,complex_relief,Full Geometry-Aware Hybrid GA,14,1,30709.67342780748,30709.67342780748,0.0,0.0,0.0,97.78333333333332,0.3602745653113132,137,1,50.0,136,21.362830044410597,0.0,21.362830044410597,30731.03625785189,0.0695154887233987,5694.888719980796,0.4971952170732121,0.5014028633826911
segmented_diagnostic,gebco_puerto_rico_trench_complex,GEBCO Puerto Rico Trench,public,complex_relief,Full Geometry-Aware Hybrid GA,14,1,30709.67342780748,30709.67342780748,0.0,0.0,0.0,97.78333333333332,0.3602745653113132,137,1,100.0,136,42.72566008882119,0.0,42.72566008882119,30752.3990878963,0.1389343965220502,5702.800879256504,0.5014028633826776,0.5097995789539975
segmented_diagnostic,gebco_puerto_rico_trench_complex,GEBCO Puerto Rico Trench,public,complex_relief,Full Geometry-Aware Hybrid GA,15,1,30709.70887828353,30709.70887828353,0.0,0.0,0.0,97.75555555555556,0.1990829197048185,137,1,25.0,136,10.681415022205298,0.0,10.681415022205298,30720.390293305736,0.03476978944675999,5690.939205245916,0.4949742397590903,0.49708043338126606
segmented_diagnostic,gebco_puerto_rico_trench_complex,GEBCO Puerto Rico Trench,public,complex_relief,Full Geometry-Aware Hybrid GA,15,1,30709.70887828353,30709.70887828353,0.0,0.0,0.0,97.75555555555556,0.1990829197048185,137,1,50.0,136,21.362830044410597,0.0,21.362830044410597,30731.07170832794,0.06951540853234024,5694.895284883769,0.4970804333813007,0.5012881642782369
segmented_diagnostic,gebco_puerto_rico_trench_complex,GEBCO Puerto Rico Trench,public,complex_relief,Full Geometry-Aware Hybrid GA,15,1,30709.70887828353,30709.70887828353,0.0,0.0,0.0,97.75555555555556,0.1990829197048185,137,1,100.0,136,42.72566008882119,0.0,42.72566008882119,30752.434538372352,0.13893423636268168,5702.807444159476,0.501288164278234,0.5096850486510353
segmented_diagnostic,gebco_puerto_rico_trench_complex,GEBCO Puerto Rico Trench,public,complex_relief,Full Geometry-Aware Hybrid GA,16,1,30709.60444549544,30709.60444549544,0.0,0.0,0.0,97.7611111111111,0.144212474992754,137,1,25.0,136,10.681415022205298,0.0,10.681415022205298,30720.285860517644,0.03476990764572695,5690.919865840713,0.49531250327625503,0.4974185721683768
segmented_diagnostic,gebco_puerto_rico_trench_complex,GEBCO Puerto Rico Trench,public,complex_relief,Full Geometry-Aware Hybrid GA,16,1,30709.60444549544,30709.60444549544,0.0,0.0,0.0,97.7611111111111,0.144212474992754,137,1,50.0,136,21.362830044410597,0.0,21.362830044410597,30730.96727553985,0.06951564476596944,5694.875945478566,0.49741857216839674,0.5016260538809619
segmented_diagnostic,gebco_puerto_rico_trench_complex,GEBCO Puerto Rico Trench,public,complex_relief,Full Geometry-Aware Hybrid GA,16,1,30709.60444549544,30709.60444549544,0.0,0.0,0.0,97.7611111111111,0.144212474992754,137,1,100.0,136,42.72566008882119,0.0,42.72566008882119,30752.33010558426,0.13893470817374817,5702.788104754273,0.5016260538809443,0.510022440985155
segmented_diagnostic,gebco_puerto_rico_trench_complex,GEBCO Puerto Rico Trench,public,complex_relief,Full Geometry-Aware Hybrid GA,17,1,30709.55043586742,30709.55043586742,0.0,0.0,0.0,98.58888888888887,0.1609195567589287,137,1,25.0,136,10.681415022205298,0.0,10.681415022205298,30720.231850889624,0.034769968775141186,5690.909864057747,0.4954874434178396,0.49759344780315895
segmented_diagnostic,gebco_puerto_rico_trench_complex,GEBCO Puerto Rico Trench,public,complex_relief,Full Geometry-Aware Hybrid GA,17,1,30709.55043586742,30709.55043586742,0.0,0.0,0.0,98.58888888888887,0.1609195567589287,137,1,50.0,136,21.362830044410597,0.0,21.362830044410597,30730.91326591183,0.06951576693982359,5694.8659436955995,0.4975934478031848,0.5018008006447618
segmented_diagnostic,gebco_puerto_rico_trench_complex,GEBCO Puerto Rico Trench,public,complex_relief,Full Geometry-Aware Hybrid GA,17,1,30709.55043586742,30709.55043586742,0.0,0.0,0.0,98.58888888888887,0.1609195567589287,137,1,100.0,136,42.72566008882119,0.0,42.72566008882119,30752.27609595624,0.13893495218209032,5702.778102971307,0.5018008006447502,0.5101969305759647
segmented_diagnostic,gebco_puerto_rico_trench_complex,GEBCO Puerto Rico Trench,public,complex_relief,Full Geometry-Aware Hybrid GA,18,1,30709.76,30709.76,0.0,0.0,0.0,99.40555555555557,0.0,137,1,25.0,136,10.681415022205298,0.0,10.681415022205298,30720.441415022204,0.034769731586545886,5690.948672230446,0.49480865372110544,0.4969149084008928
segmented_diagnostic,gebco_puerto_rico_trench_complex,GEBCO Puerto Rico Trench,public,complex_relief,Full Geometry-Aware Hybrid GA,18,1,30709.76,30709.76,0.0,0.0,0.0,99.40555555555557,0.0,137,1,50.0,136,21.362830044410597,0.0,21.362830044410597,30731.12283004441,0.0695152928923415,5694.9047518683,0.496914908400914,0.5011227612780587
segmented_diagnostic,gebco_puerto_rico_trench_complex,GEBCO Puerto Rico Trench,public,complex_relief,Full Geometry-Aware Hybrid GA,18,1,30709.76,30709.76,0.0,0.0,0.0,99.40555555555557,0.0,137,1,100.0,136,42.72566008882119,0.0,42.72566008882119,30752.48566008882,0.1389340054038994,5702.8169111440075,0.5011227612780581,0.5095198890727278
segmented_diagnostic,gebco_puerto_rico_trench_complex,GEBCO Puerto Rico Trench,public,complex_relief,Full Geometry-Aware Hybrid GA,19,1,30709.693180250444,30709.693180250444,0.0,0.0,0.0,97.75,0.2432723676327352,137,1,25.0,136,10.681415022205298,0.0,10.681415022205298,30720.37459527265,0.03476980721403374,5690.9362982027515,0.49502508654755095,0.4971312614206737
segmented_diagnostic,gebco_puerto_rico_trench_complex,GEBCO Puerto Rico Trench,public,complex_relief,Full Geometry-Aware Hybrid GA,19,1,30709.693180250444,30709.693180250444,0.0,0.0,0.0,97.75,0.2432723676327352,137,1,50.0,136,21.362830044410597,0.0,21.362830044410597,30731.056010294855,0.06951544404219004,5694.892377840604,0.4971312614207001,0.5013389548609721
segmented_diagnostic,gebco_puerto_rico_trench_complex,GEBCO Puerto Rico Trench,public,complex_relief,Full Geometry-Aware Hybrid GA,19,1,30709.693180250444,30709.693180250444,0.0,0.0,0.0,97.75,0.2432723676327352,137,1,100.0,136,42.72566008882119,0.0,42.72566008882119,30752.418840339265,0.13893430728374484,5702.804537116312,0.5013389548609609,0.5097357644857995
segmented_diagnostic,gebco_puerto_rico_trench_complex,GEBCO Puerto Rico Trench,public,complex_relief,Full Geometry-Aware Hybrid GA,20,1,30709.635488532385,30709.635488532385,0.0,0.0,0.0,97.71666666666668,0.3686940124810124,137,1,25.0,136,10.681415022205298,0.0,10.681415022205298,30720.31690355459,0.0347698725105579,5690.925614551259,0.49521195318032424,0.4973180591489197
segmented_diagnostic,gebco_puerto_rico_trench_complex,GEBCO Puerto Rico Trench,public,complex_relief,Full Geometry-Aware Hybrid GA,20,1,30709.635488532385,30709.635488532385,0.0,0.0,0.0,97.71666666666668,0.3686940124810124,137,1,50.0,136,21.362830044410597,0.0,21.362830044410597,30730.998318576796,0.0695155745444717,5694.881694189113,0.49731805914894556,0.5015256149324797
segmented_diagnostic,gebco_puerto_rico_trench_complex,GEBCO Puerto Rico Trench,public,complex_relief,Full Geometry-Aware Hybrid GA,20,1,30709.635488532385,30709.635488532385,0.0,0.0,0.0,97.71666666666668,0.3686940124810124,137,1,100.0,136,42.72566008882119,0.0,42.72566008882119,30752.361148621207,0.1389345679258089,5702.79385346482,0.5015256149324839,0.5099221498516261
segmented_diagnostic,gebco_puerto_rico_trench_complex,GEBCO Puerto Rico Trench,public,complex_relief,Full Geometry-Aware Hybrid GA,21,1,30709.682282266946,30709.682282266946,0.0,0.0,0.0,97.73888888888888,0.111256781705242,137,1,25.0,136,10.681415022205298,0.0,10.681415022205298,30720.36369728915,0.03476981954854869,5690.934280057659,0.4950603857126464,0.4971665475696894
segmented_diagnostic,gebco_puerto_rico_trench_complex,GEBCO Puerto Rico Trench,public,complex_relief,Full Geometry-Aware Hybrid GA,21,1,30709.682282266946,30709.682282266946,0.0,0.0,0.0,97.73888888888888,0.111256781705242,137,1,50.0,136,21.362830044410597,0.0,21.362830044410597,30731.045112311356,0.06951546869407413,5694.890359695512,0.4971665475697088,0.5013742150065743
segmented_diagnostic,gebco_puerto_rico_trench_complex,GEBCO Puerto Rico Trench,public,complex_relief,Full Geometry-Aware Hybrid GA,21,1,30709.682282266946,30709.682282266946,0.0,0.0,0.0,97.73888888888888,0.111256781705242,137,1,100.0,136,42.72566008882119,0.0,42.72566008882119,30752.407942355767,0.13893435651903696,5702.80251897122,0.501374215006572,0.509770972739413
segmented_diagnostic,gebco_puerto_rico_trench_complex,GEBCO Puerto Rico Trench,public,complex_relief,Full Geometry-Aware Hybrid GA,22,1,30709.734374563945,30709.734374563945,0.0,0.0,0.0,98.6,0.2303602650611664,137,1,25.0,136,10.681415022205298,0.0,10.681415022205298,30720.41578958615,0.034769760589718875,5690.943926779326,0.4948916559111918,0.4969978799850405
segmented_diagnostic,gebco_puerto_rico_trench_complex,GEBCO Puerto Rico Trench,public,complex_relief,Full Geometry-Aware Hybrid GA,22,1,30709.734374563945,30709.734374563945,0.0,0.0,0.0,98.6,0.2303602650611664,137,1,50.0,136,21.362830044410597,0.0,21.362830044410597,30731.097204608355,0.06951535085837118,5694.900006417179,0.4969978799850723,0.5012056717180293
segmented_diagnostic,gebco_puerto_rico_trench_complex,GEBCO Puerto Rico Trench,public,complex_relief,Full Geometry-Aware Hybrid GA,22,1,30709.734374563945,30709.734374563945,0.0,0.0,0.0,98.6,0.2303602650611664,137,1,100.0,136,42.72566008882119,0.0,42.72566008882119,30752.460034652766,0.1389341211749456,5702.812165692886,0.5012056717180235,0.5096026774942685
segmented_diagnostic,gebco_puerto_rico_trench_complex,GEBCO Puerto Rico Trench,public,complex_relief,Full Geometry-Aware Hybrid GA,23,1,30709.56192232213,30709.56192232213,0.0,0.0,0.0,97.77222222222224,0.1166771174999693,137,1,25.0,136,10.681415022205298,0.0,10.681415022205298,30720.243337344335,0.0347699557744736,5690.911991178989,0.49545023816227685,0.49755625626652783
segmented_diagnostic,gebco_puerto_rico_trench_complex,GEBCO Puerto Rico Trench,public,complex_relief,Full Geometry-Aware Hybrid GA,23,1,30709.56192232213,30709.56192232213,0.0,0.0,0.0,97.77222222222224,0.1166771174999693,137,1,50.0,136,21.362830044410597,0.0,21.362830044410597,30730.92475236654,0.06951574095656031,5694.868070816842,0.4975562562665537,0.5017636365156645
segmented_diagnostic,gebco_puerto_rico_trench_complex,GEBCO Puerto Rico Trench,public,complex_relief,Full Geometry-Aware Hybrid GA,23,1,30709.56192232213,30709.56192232213,0.0,0.0,0.0,97.77222222222224,0.1166771174999693,137,1,100.0,136,42.72566008882119,0.0,42.72566008882119,30752.28758241095,0.13893490028773836,5702.7802300925505,0.5017636365156527,0.5101598211409127
segmented_diagnostic,gebco_puerto_rico_trench_complex,GEBCO Puerto Rico Trench,public,complex_relief,Full Geometry-Aware Hybrid GA,24,1,30709.537451830627,30709.537451830627,0.0,0.0,0.0,97.7611111111111,0.3796333277679214,137,1,25.0,136,10.681415022205298,0.0,10.681415022205298,30720.218866852832,0.03476998347082274,5690.907459606489,0.49552949942373997,0.4976354883014747
segmented_diagnostic,gebco_puerto_rico_trench_complex,GEBCO Puerto Rico Trench,public,complex_relief,Full Geometry-Aware Hybrid GA,24,1,30709.537451830627,30709.537451830627,0.0,0.0,0.0,97.7611111111111,0.3796333277679214,137,1,50.0,136,21.362830044410597,0.0,21.362830044410597,30730.900281875038,0.06951579631075862,5694.863539244342,0.4976354883015052,0.5018428101622018
segmented_diagnostic,gebco_puerto_rico_trench_complex,GEBCO Puerto Rico Trench,public,complex_relief,Full Geometry-Aware Hybrid GA,24,1,30709.537451830627,30709.537451830627,0.0,0.0,0.0,97.7611111111111,0.3796333277679214,137,1,100.0,136,42.72566008882119,0.0,42.72566008882119,30752.26311191945,0.13893501084237572,5702.775698520049,0.5018428101621948,0.510238878268436
segmented_diagnostic,gebco_puerto_rico_trench_complex,GEBCO Puerto Rico Trench,public,complex_relief,Full Geometry-Aware Hybrid GA,25,1,30709.643792262257,30709.643792262257,0.0,0.0,0.0,98.55555555555556,0.3384712872336802,137,1,25.0,136,10.681415022205298,0.0,10.681415022205298,30720.325207284463,0.034769863112231965,5690.927152279013,0.49518505694473236,0.4972911728309474
segmented_diagnostic,gebco_puerto_rico_trench_complex,GEBCO Puerto Rico Trench,public,complex_relief,Full Geometry-Aware Hybrid GA,25,1,30709.643792262257,30709.643792262257,0.0,0.0,0.0,98.55555555555556,0.3384712872336802,137,1,50.0,136,21.362830044410597,0.0,21.362830044410597,30731.006622306668,0.06951555576088417,5694.883231916866,0.4972911728309745,0.5014987484278395
segmented_diagnostic,gebco_puerto_rico_trench_complex,GEBCO Puerto Rico Trench,public,complex_relief,Full Geometry-Aware Hybrid GA,25,1,30709.643792262257,30709.643792262257,0.0,0.0,0.0,98.55555555555556,0.3384712872336802,137,1,100.0,136,42.72566008882119,0.0,42.72566008882119,30752.36945235108,0.1389345304108095,5702.795391192574,0.5014987484278288,0.5098953228861247
segmented_diagnostic,gebco_puerto_rico_trench_complex,GEBCO Puerto Rico Trench,public,complex_relief,Full Geometry-Aware Hybrid GA,26,1,30709.682213772292,30709.682213772292,0.0,0.0,0.0,97.7611111111111,0.2324222000268064,137,1,25.0,136,10.681415022205298,0.0,10.681415022205298,30720.363628794497,0.034769819626072083,5690.934267373464,0.4950606075705785,0.4971667693458145
segmented_diagnostic,gebco_puerto_rico_trench_complex,GEBCO Puerto Rico Trench,public,complex_relief,Full Geometry-Aware Hybrid GA,26,1,30709.682213772292,30709.682213772292,0.0,0.0,0.0,97.7611111111111,0.2324222000268064,137,1,50.0,136,21.362830044410597,0.0,21.362830044410597,30731.045043816703,0.06951546884901315,5694.890347011317,0.4971667693458338,0.5013744366192661
segmented_diagnostic,gebco_puerto_rico_trench_complex,GEBCO Puerto Rico Trench,public,complex_relief,Full Geometry-Aware Hybrid GA,26,1,30709.682213772292,30709.682213772292,0.0,0.0,0.0,97.7611111111111,0.2324222000268064,137,1,100.0,136,42.72566008882119,0.0,42.72566008882119,30752.407873861113,0.1389343568284846,5702.802506287025,0.5013744366192636,0.5097711940259596
segmented_diagnostic,gebco_puerto_rico_trench_complex,GEBCO Puerto Rico Trench,public,complex_relief,Full Geometry-Aware Hybrid GA,27,1,30709.551317251586,30709.551317251586,0.0,0.0,0.0,98.58333333333331,0.8000276269637797,137,1,25.0,136,10.681415022205298,0.0,10.681415022205298,30720.23273227379,0.034769967777567364,5690.910027277037,0.4954845885662772,0.49759059400427474
segmented_diagnostic,gebco_puerto_rico_trench_complex,GEBCO Puerto Rico Trench,public,complex_relief,Full Geometry-Aware Hybrid GA,27,1,30709.551317251586,30709.551317251586,0.0,0.0,0.0,98.58333333333331,0.8000276269637797,137,1,50.0,136,21.362830044410597,0.0,21.362830044410597,30730.914147295996,0.06951576494606265,5694.86610691489,0.49759059400431,0.5017979489489257
segmented_diagnostic,gebco_puerto_rico_trench_complex,GEBCO Puerto Rico Trench,public,complex_relief,Full Geometry-Aware Hybrid GA,27,1,30709.551317251586,30709.551317251586,0.0,0.0,0.0,98.58333333333331,0.8000276269637797,137,1,100.0,136,42.72566008882119,0.0,42.72566008882119,30752.276977340407,0.13893494820010657,5702.778266190598,0.5017979489489234,0.5101940830769396
segmented_diagnostic,gebco_puerto_rico_trench_complex,GEBCO Puerto Rico Trench,public,complex_relief,Full Geometry-Aware Hybrid GA,28,1,30709.66964665729,30709.66964665729,0.0,0.0,0.0,97.73888888888888,0.4271422638132681,137,1,25.0,136,10.681415022205298,0.0,10.681415022205298,30720.351061679496,0.03476983384974814,5690.931940129945,0.4951013131439791,0.49720745990957876
segmented_diagnostic,gebco_puerto_rico_trench_complex,GEBCO Puerto Rico Trench,public,complex_relief,Full Geometry-Aware Hybrid GA,28,1,30709.66964665729,30709.66964665729,0.0,0.0,0.0,97.73888888888888,0.4271422638132681,137,1,50.0,136,21.362830044410597,0.0,21.362830044410597,30731.0324767017,0.06951549727659338,5694.888019767799,0.4972074599096082,0.5014150971969609
segmented_diagnostic,gebco_puerto_rico_trench_complex,GEBCO Puerto Rico Trench,public,complex_relief,Full Geometry-Aware Hybrid GA,28,1,30709.66964665729,30709.66964665729,0.0,0.0,0.0,97.73888888888888,0.4271422638132681,137,1,100.0,136,42.72566008882119,0.0,42.72566008882119,30752.39530674611,0.13893441360468115,5702.800179043506,0.5014150971969685,0.5098117947639063
segmented_diagnostic,gebco_puerto_rico_trench_complex,GEBCO Puerto Rico Trench,public,complex_relief,Full Geometry-Aware Hybrid GA,29,1,30709.679022607008,30709.679022607008,0.0,0.0,0.0,97.78333333333332,0.4635172870835856,137,1,25.0,136,10.681415022205298,0.0,10.681415022205298,30720.360437629213,0.03476982323788652,5690.93367641693,0.4950709439296146,0.49717710189344694
segmented_diagnostic,gebco_puerto_rico_trench_complex,GEBCO Puerto Rico Trench,public,complex_relief,Full Geometry-Aware Hybrid GA,29,1,30709.679022607008,30709.679022607008,0.0,0.0,0.0,97.78333333333332,0.4635172870835856,137,1,50.0,136,21.362830044410597,0.0,21.362830044410597,30731.04185265142,0.06951547606762135,5694.889756054783,0.4971771018934781,0.5013847615525571
segmented_diagnostic,gebco_puerto_rico_trench_complex,GEBCO Puerto Rico Trench,public,complex_relief,Full Geometry-Aware Hybrid GA,29,1,30709.679022607008,30709.679022607008,0.0,0.0,0.0,97.78333333333332,0.4635172870835856,137,1,100.0,136,42.72566008882119,0.0,42.72566008882119,30752.40468269583,0.13893437124564972,5702.80191533049,0.5013847615525506,0.509781503764154
segmented_diagnostic,gebco_puerto_rico_trench_complex,GEBCO Puerto Rico Trench,public,complex_relief,Coverage-Preserving Segmented Hybrid,0,1,30709.741952307213,30709.741952307213,0.0,0.0,0.0,98.59444444444443,0.0947669684346124,137,1,25.0,136,10.681415022205298,0.0,10.681415022205298,30720.42336732942,0.03476975201313397,5690.945330065117,0.49486711118594784,0.49697334431032536
segmented_diagnostic,gebco_puerto_rico_trench_complex,GEBCO Puerto Rico Trench,public,complex_relief,Coverage-Preserving Segmented Hybrid,0,1,30709.741952307213,30709.741952307213,0.0,0.0,0.0,98.59444444444443,0.0947669684346124,137,1,50.0,136,21.362830044410597,0.0,21.362830044410597,30731.104782351624,0.06951533371712339,5694.901409702969,0.4969733443103618,0.5011811541243723
segmented_diagnostic,gebco_puerto_rico_trench_complex,GEBCO Puerto Rico Trench,public,complex_relief,Coverage-Preserving Segmented Hybrid,0,1,30709.741952307213,30709.741952307213,0.0,0.0,0.0,98.59444444444443,0.0947669684346124,137,1,100.0,136,42.72566008882119,0.0,42.72566008882119,30752.467612396034,0.13893408694006357,5702.813568978677,0.501181154124371,0.5095781959828982
segmented_diagnostic,gebco_puerto_rico_trench_complex,GEBCO Puerto Rico Trench,public,complex_relief,Transition-Aware Segmented Hybrid,0,1,30709.741952307213,30709.741952307213,0.0,0.0,0.0,98.59444444444443,0.0947669684346124,137,1,25.0,136,10.681415022205298,0.0,10.681415022205298,30720.42336732942,0.03476975201313397,5690.945330065117,0.49486711118594784,0.49697334431032536
segmented_diagnostic,gebco_puerto_rico_trench_complex,GEBCO Puerto Rico Trench,public,complex_relief,Transition-Aware Segmented Hybrid,0,1,30709.741952307213,30709.741952307213,0.0,0.0,0.0,98.59444444444443,0.0947669684346124,137,1,50.0,136,21.362830044410597,0.0,21.362830044410597,30731.104782351624,0.06951533371712339,5694.901409702969,0.4969733443103618,0.5011811541243723
segmented_diagnostic,gebco_puerto_rico_trench_complex,GEBCO Puerto Rico Trench,public,complex_relief,Transition-Aware Segmented Hybrid,0,1,30709.741952307213,30709.741952307213,0.0,0.0,0.0,98.59444444444443,0.0947669684346124,137,1,100.0,136,42.72566008882119,0.0,42.72566008882119,30752.467612396034,0.13893408694006357,5702.813568978677,0.501181154124371,0.5095781959828982
segmented_diagnostic,gebco_puerto_rico_trench_complex,GEBCO Puerto Rico Trench,public,complex_relief,Coverage-Preserving Segmented Hybrid,1,1,30709.716126000152,30709.716126000152,0.0,0.0,0.0,97.76666666666668,0.1487534123439607,137,1,25.0,136,10.681415022205298,0.0,10.681415022205298,30720.397541022357,0.034769781243689686,5690.940547415659,0.4949507640082217,0.49705696628678886
segmented_diagnostic,gebco_puerto_rico_trench_complex,GEBCO Puerto Rico Trench,public,complex_relief,Coverage-Preserving Segmented Hybrid,1,1,30709.716126000152,30709.716126000152,0.0,0.0,0.0,97.76666666666668,0.1487534123439607,137,1,50.0,136,21.362830044410597,0.0,21.362830044410597,30731.078956044563,0.06951539213760244,5694.896627053513,0.4970569662867958,0.5012647144773337
segmented_diagnostic,gebco_puerto_rico_trench_complex,GEBCO Puerto Rico Trench,public,complex_relief,Coverage-Preserving Segmented Hybrid,1,1,30709.716126000152,30709.716126000152,0.0,0.0,0.0,97.76666666666668,0.1487534123439607,137,1,100.0,136,42.72566008882119,0.0,42.72566008882119,30752.441786088973,0.13893420361874603,5702.80878632922,0.501264714477319,0.5096616333609596
segmented_diagnostic,gebco_puerto_rico_trench_complex,GEBCO Puerto Rico Trench,public,complex_relief,Transition-Aware Segmented Hybrid,1,1,30709.716126000152,30709.716126000152,0.0,0.0,0.0,97.76666666666668,0.1487534123439607,137,1,25.0,136,10.681415022205298,0.0,10.681415022205298,30720.397541022357,0.034769781243689686,5690.940547415659,0.4949507640082217,0.49705696628678886
segmented_diagnostic,gebco_puerto_rico_trench_complex,GEBCO Puerto Rico Trench,public,complex_relief,Transition-Aware Segmented Hybrid,1,1,30709.716126000152,30709.716126000152,0.0,0.0,0.0,97.76666666666668,0.1487534123439607,137,1,50.0,136,21.362830044410597,0.0,21.362830044410597,30731.078956044563,0.06951539213760244,5694.896627053513,0.4970569662867958,0.5012647144773337
segmented_diagnostic,gebco_puerto_rico_trench_complex,GEBCO Puerto Rico Trench,public,complex_relief,Transition-Aware Segmented Hybrid,1,1,30709.716126000152,30709.716126000152,0.0,0.0,0.0,97.76666666666668,0.1487534123439607,137,1,100.0,136,42.72566008882119,0.0,42.72566008882119,30752.441786088973,0.13893420361874603,5702.80878632922,0.501264714477319,0.5096616333609596
segmented_diagnostic,gebco_puerto_rico_trench_complex,GEBCO Puerto Rico Trench,public,complex_relief,Coverage-Preserving Segmented Hybrid,2,1,30709.76,30709.76,0.0,0.0,0.0,99.40555555555557,0.0,137,1,25.0,136,10.681415022205298,0.0,10.681415022205298,30720.441415022204,0.034769731586545886,5690.948672230446,0.49480865372110544,0.4969149084008928
segmented_diagnostic,gebco_puerto_rico_trench_complex,GEBCO Puerto Rico Trench,public,complex_relief,Coverage-Preserving Segmented Hybrid,2,1,30709.76,30709.76,0.0,0.0,0.0,99.40555555555557,0.0,137,1,50.0,136,21.362830044410597,0.0,21.362830044410597,30731.12283004441,0.0695152928923415,5694.9047518683,0.496914908400914,0.5011227612780587
segmented_diagnostic,gebco_puerto_rico_trench_complex,GEBCO Puerto Rico Trench,public,complex_relief,Coverage-Preserving Segmented Hybrid,2,1,30709.76,30709.76,0.0,0.0,0.0,99.40555555555557,0.0,137,1,100.0,136,42.72566008882119,0.0,42.72566008882119,30752.48566008882,0.1389340054038994,5702.8169111440075,0.5011227612780581,0.5095198890727278
segmented_diagnostic,gebco_puerto_rico_trench_complex,GEBCO Puerto Rico Trench,public,complex_relief,Transition-Aware Segmented Hybrid,2,1,30709.76,30709.76,0.0,0.0,0.0,99.40555555555557,0.0,137,1,25.0,136,10.681415022205298,0.0,10.681415022205298,30720.441415022204,0.034769731586545886,5690.948672230446,0.49480865372110544,0.4969149084008928
segmented_diagnostic,gebco_puerto_rico_trench_complex,GEBCO Puerto Rico Trench,public,complex_relief,Transition-Aware Segmented Hybrid,2,1,30709.76,30709.76,0.0,0.0,0.0,99.40555555555557,0.0,137,1,50.0,136,21.362830044410597,0.0,21.362830044410597,30731.12283004441,0.0695152928923415,5694.9047518683,0.496914908400914,0.5011227612780587
segmented_diagnostic,gebco_puerto_rico_trench_complex,GEBCO Puerto Rico Trench,public,complex_relief,Transition-Aware Segmented Hybrid,2,1,30709.76,30709.76,0.0,0.0,0.0,99.40555555555557,0.0,137,1,100.0,136,42.72566008882119,0.0,42.72566008882119,30752.48566008882,0.1389340054038994,5702.8169111440075,0.5011227612780581,0.5095198890727278
segmented_diagnostic,gebco_puerto_rico_trench_complex,GEBCO Puerto Rico Trench,public,complex_relief,Coverage-Preserving Segmented Hybrid,3,1,30709.689350121716,30709.689350121716,0.0,0.0,0.0,97.73888888888888,0.1544885754334243,137,1,25.0,136,10.681415022205298,0.0,10.681415022205298,30720.37076514392,0.034769811549034725,5690.935588919654,0.495037492544157,0.497143662842732
segmented_diagnostic,gebco_puerto_rico_trench_complex,GEBCO Puerto Rico Trench,public,complex_relief,Coverage-Preserving Segmented Hybrid,3,1,30709.689350121716,30709.689350121716,0.0,0.0,0.0,97.73888888888888,0.1544885754334243,137,1,50.0,136,21.362830044410597,0.0,21.362830044410597,30731.052180166127,0.06951545270616606,5694.891668557507,0.49714366284276373,0.5013513471440589
segmented_diagnostic,gebco_puerto_rico_trench_complex,GEBCO Puerto Rico Trench,public,complex_relief,Coverage-Preserving Segmented Hybrid,3,1,30709.689350121716,30709.689350121716,0.0,0.0,0.0,97.73888888888888,0.1544885754334243,137,1,100.0,136,42.72566008882119,0.0,42.72566008882119,30752.415010210538,0.13893432458763078,5702.803827833214,0.5013513471440532,0.5097481385312925
segmented_diagnostic,gebco_puerto_rico_trench_complex,GEBCO Puerto Rico Trench,public,complex_relief,Transition-Aware Segmented Hybrid,3,1,30709.689350121716,30709.689350121716,0.0,0.0,0.0,97.73888888888888,0.1544885754334243,137,1,25.0,136,10.681415022205298,0.0,10.681415022205298,30720.37076514392,0.034769811549034725,5690.935588919654,0.495037492544157,0.497143662842732
segmented_diagnostic,gebco_puerto_rico_trench_complex,GEBCO Puerto Rico Trench,public,complex_relief,Transition-Aware Segmented Hybrid,3,1,30709.689350121716,30709.689350121716,0.0,0.0,0.0,97.73888888888888,0.1544885754334243,137,1,50.0,136,21.362830044410597,0.0,21.362830044410597,30731.052180166127,0.06951545270616606,5694.891668557507,0.49714366284276373,0.5013513471440589
segmented_diagnostic,gebco_puerto_rico_trench_complex,GEBCO Puerto Rico Trench,public,complex_relief,Transition-Aware Segmented Hybrid,3,1,30709.689350121716,30709.689350121716,0.0,0.0,0.0,97.73888888888888,0.1544885754334243,137,1,100.0,136,42.72566008882119,0.0,42.72566008882119,30752.415010210538,0.13893432458763078,5702.803827833214,0.5013513471440532,0.5097481385312925
segmented_diagnostic,gebco_puerto_rico_trench_complex,GEBCO Puerto Rico Trench,public,complex_relief,Coverage-Preserving Segmented Hybrid,4,1,30709.59984443497,30709.59984443497,0.0,0.0,0.0,97.75555555555556,0.5244076100071324,137,1,25.0,136,10.681415022205298,0.0,10.681415022205298,30720.281259457177,0.034769912853311026,5690.919013792479,0.49532740636296585,0.4974334697597696
segmented_diagnostic,gebco_puerto_rico_trench_complex,GEBCO Puerto Rico Trench,public,complex_relief,Coverage-Preserving Segmented Hybrid,4,1,30709.59984443497,30709.59984443497,0.0,0.0,0.0,97.75555555555556,0.5244076100071324,137,1,50.0,136,21.362830044410597,0.0,21.362830044410597,30730.962674479382,0.06951565517389868,5694.8750934303325,0.4974334697597972,0.501640940493867
segmented_diagnostic,gebco_puerto_rico_trench_complex,GEBCO Puerto Rico Trench,public,complex_relief,Coverage-Preserving Segmented Hybrid,4,1,30709.59984443497,30709.59984443497,0.0,0.0,0.0,97.75555555555556,0.5244076100071324,137,1,100.0,136,42.72566008882119,0.0,42.72566008882119,30752.325504523793,0.13893472896069625,5702.78725270604,0.5016409404938729,0.510037305689587
segmented_diagnostic,gebco_puerto_rico_trench_complex,GEBCO Puerto Rico Trench,public,complex_relief,Transition-Aware Segmented Hybrid,4,1,30709.59984443497,30709.59984443497,0.0,0.0,0.0,97.75555555555556,0.5244076100071324,137,1,25.0,136,10.681415022205298,0.0,10.681415022205298,30720.281259457177,0.034769912853311026,5690.919013792479,0.49532740636296585,0.4974334697597696
segmented_diagnostic,gebco_puerto_rico_trench_complex,GEBCO Puerto Rico Trench,public,complex_relief,Transition-Aware Segmented Hybrid,4,1,30709.59984443497,30709.59984443497,0.0,0.0,0.0,97.75555555555556,0.5244076100071324,137,1,50.0,136,21.362830044410597,0.0,21.362830044410597,30730.962674479382,0.06951565517389868,5694.8750934303325,0.4974334697597972,0.501640940493867
segmented_diagnostic,gebco_puerto_rico_trench_complex,GEBCO Puerto Rico Trench,public,complex_relief,Transition-Aware Segmented Hybrid,4,1,30709.59984443497,30709.59984443497,0.0,0.0,0.0,97.75555555555556,0.5244076100071324,137,1,100.0,136,42.72566008882119,0.0,42.72566008882119,30752.325504523793,0.13893472896069625,5702.78725270604,0.5016409404938729,0.510037305689587
segmented_diagnostic,gebco_puerto_rico_trench_complex,GEBCO Puerto Rico Trench,public,complex_relief,Coverage-Preserving Segmented Hybrid,5,1,30709.62563752079,30709.62563752079,0.0,0.0,0.0,97.72777777777776,0.1482558266353853,137,1,25.0,136,10.681415022205298,0.0,10.681415022205298,30720.307052542994,0.03476988366013452,5690.923790289853,0.4952438611461197,0.4973499553490727
segmented_diagnostic,gebco_puerto_rico_trench_complex,GEBCO Puerto Rico Trench,public,complex_relief,Coverage-Preserving Segmented Hybrid,5,1,30709.62563752079,30709.62563752079,0.0,0.0,0.0,97.72777777777776,0.1482558266353853,137,1,50.0,136,21.362830044410597,0.0,21.362830044410597,30730.9884675652,0.06951559682812625,5694.879869927706,0.49734995534911275,0.5015574876274038
segmented_diagnostic,gebco_puerto_rico_trench_complex,GEBCO Puerto Rico Trench,public,complex_relief,Coverage-Preserving Segmented Hybrid,5,1,30709.62563752079,30709.62563752079,0.0,0.0,0.0,97.72777777777776,0.1482558266353853,137,1,100.0,136,42.72566008882119,0.0,42.72566008882119,30752.35129760961,0.1389346124312201,5702.792029203413,0.5015574876274062,0.5099539756398372
segmented_diagnostic,gebco_puerto_rico_trench_complex,GEBCO Puerto Rico Trench,public,complex_relief,Transition-Aware Segmented Hybrid,5,1,30709.62563752079,30709.62563752079,0.0,0.0,0.0,97.72777777777776,0.1482558266353853,137,1,25.0,136,10.681415022205298,0.0,10.681415022205298,30720.307052542994,0.03476988366013452,5690.923790289853,0.4952438611461197,0.4973499553490727
segmented_diagnostic,gebco_puerto_rico_trench_complex,GEBCO Puerto Rico Trench,public,complex_relief,Transition-Aware Segmented Hybrid,5,1,30709.62563752079,30709.62563752079,0.0,0.0,0.0,97.72777777777776,0.1482558266353853,137,1,50.0,136,21.362830044410597,0.0,21.362830044410597,30730.9884675652,0.06951559682812625,5694.879869927706,0.49734995534911275,0.5015574876274038
segmented_diagnostic,gebco_puerto_rico_trench_complex,GEBCO Puerto Rico Trench,public,complex_relief,Transition-Aware Segmented Hybrid,5,1,30709.62563752079,30709.62563752079,0.0,0.0,0.0,97.72777777777776,0.1482558266353853,137,1,100.0,136,42.72566008882119,0.0,42.72566008882119,30752.35129760961,0.1389346124312201,5702.792029203413,0.5015574876274062,0.5099539756398372
segmented_diagnostic,gebco_puerto_rico_trench_complex,GEBCO Puerto Rico Trench,public,complex_relief,Coverage-Preserving Segmented Hybrid,6,1,30709.686009946425,30709.686009946425,0.0,0.0,0.0,97.7611111111111,0.5506427887441518,137,1,25.0,136,10.681415022205298,0.0,10.681415022205298,30720.36742496863,0.03476981532949945,5690.934970368674,0.4950483115547643,0.49715447786397926
segmented_diagnostic,gebco_puerto_rico_trench_complex,GEBCO Puerto Rico Trench,public,complex_relief,Coverage-Preserving Segmented Hybrid,6,1,30709.686009946425,30709.686009946425,0.0,0.0,0.0,97.7611111111111,0.5506427887441518,137,1,50.0,136,21.362830044410597,0.0,21.362830044410597,30731.048839990835,0.06951546026184041,5694.891050006527,0.497154477864008,0.5013621541954
segmented_diagnostic,gebco_puerto_rico_trench_complex,GEBCO Puerto Rico Trench,public,complex_relief,Coverage-Preserving Segmented Hybrid,6,1,30709.686009946425,30709.686009946425,0.0,0.0,0.0,97.7611111111111,0.5506427887441518,137,1,100.0,136,42.72566008882119,0.0,42.72566008882119,30752.411670035246,0.13893433967799193,5702.803209282234,0.5013621541953912,0.5097589296780087
segmented_diagnostic,gebco_puerto_rico_trench_complex,GEBCO Puerto Rico Trench,public,complex_relief,Transition-Aware Segmented Hybrid,6,1,30709.686009946425,30709.686009946425,0.0,0.0,0.0,97.7611111111111,0.5506427887441518,137,1,25.0,136,10.681415022205298,0.0,10.681415022205298,30720.36742496863,0.03476981532949945,5690.934970368674,0.4950483115547643,0.49715447786397926
segmented_diagnostic,gebco_puerto_rico_trench_complex,GEBCO Puerto Rico Trench,public,complex_relief,Transition-Aware Segmented Hybrid,6,1,30709.686009946425,30709.686009946425,0.0,0.0,0.0,97.7611111111111,0.5506427887441518,137,1,50.0,136,21.362830044410597,0.0,21.362830044410597,30731.048839990835,0.06951546026184041,5694.891050006527,0.497154477864008,0.5013621541954
segmented_diagnostic,gebco_puerto_rico_trench_complex,GEBCO Puerto Rico Trench,public,complex_relief,Transition-Aware Segmented Hybrid,6,1,30709.686009946425,30709.686009946425,0.0,0.0,0.0,97.7611111111111,0.5506427887441518,137,1,100.0,136,42.72566008882119,0.0,42.72566008882119,30752.411670035246,0.13893433967799193,5702.803209282234,0.5013621541953912,0.5097589296780087
segmented_diagnostic,gebco_puerto_rico_trench_complex,GEBCO Puerto Rico Trench,public,complex_relief,Coverage-Preserving Segmented Hybrid,7,1,30709.76,30709.76,0.0,0.0,0.0,99.40555555555557,0.0,137,1,25.0,136,10.681415022205298,0.0,10.681415022205298,30720.441415022204,0.034769731586545886,5690.948672230446,0.49480865372110544,0.4969149084008928
segmented_diagnostic,gebco_puerto_rico_trench_complex,GEBCO Puerto Rico Trench,public,complex_relief,Coverage-Preserving Segmented Hybrid,7,1,30709.76,30709.76,0.0,0.0,0.0,99.40555555555557,0.0,137,1,50.0,136,21.362830044410597,0.0,21.362830044410597,30731.12283004441,0.0695152928923415,5694.9047518683,0.496914908400914,0.5011227612780587
segmented_diagnostic,gebco_puerto_rico_trench_complex,GEBCO Puerto Rico Trench,public,complex_relief,Coverage-Preserving Segmented Hybrid,7,1,30709.76,30709.76,0.0,0.0,0.0,99.40555555555557,0.0,137,1,100.0,136,42.72566008882119,0.0,42.72566008882119,30752.48566008882,0.1389340054038994,5702.8169111440075,0.5011227612780581,0.5095198890727278
segmented_diagnostic,gebco_puerto_rico_trench_complex,GEBCO Puerto Rico Trench,public,complex_relief,Transition-Aware Segmented Hybrid,7,1,30709.76,30709.76,0.0,0.0,0.0,99.40555555555557,0.0,137,1,25.0,136,10.681415022205298,0.0,10.681415022205298,30720.441415022204,0.034769731586545886,5690.948672230446,0.49480865372110544,0.4969149084008928
segmented_diagnostic,gebco_puerto_rico_trench_complex,GEBCO Puerto Rico Trench,public,complex_relief,Transition-Aware Segmented Hybrid,7,1,30709.76,30709.76,0.0,0.0,0.0,99.40555555555557,0.0,137,1,50.0,136,21.362830044410597,0.0,21.362830044410597,30731.12283004441,0.0695152928923415,5694.9047518683,0.496914908400914,0.5011227612780587
segmented_diagnostic,gebco_puerto_rico_trench_complex,GEBCO Puerto Rico Trench,public,complex_relief,Transition-Aware Segmented Hybrid,7,1,30709.76,30709.76,0.0,0.0,0.0,99.40555555555557,0.0,137,1,100.0,136,42.72566008882119,0.0,42.72566008882119,30752.48566008882,0.1389340054038994,5702.8169111440075,0.5011227612780581,0.5095198890727278
segmented_diagnostic,gebco_puerto_rico_trench_complex,GEBCO Puerto Rico Trench,public,complex_relief,Coverage-Preserving Segmented Hybrid,8,1,30709.606521460715,30709.606521460715,0.0,0.0,0.0,97.75,0.1748465441702554,137,1,25.0,136,10.681415022205298,0.0,10.681415022205298,30720.28793648292,0.034769905296103104,5690.9202502787275,0.4953057791110895,0.4974118504826504
segmented_diagnostic,gebco_puerto_rico_trench_complex,GEBCO Puerto Rico Trench,public,complex_relief,Coverage-Preserving Segmented Hybrid,8,1,30709.606521460715,30709.606521460715,0.0,0.0,0.0,97.75,0.1748465441702554,137,1,50.0,136,21.362830044410597,0.0,21.362830044410597,30730.969351505126,0.0695156400699879,5694.876329916581,0.49741185048267567,0.5016193371486269
segmented_diagnostic,gebco_puerto_rico_trench_complex,GEBCO Puerto Rico Trench,public,complex_relief,Coverage-Preserving Segmented Hybrid,8,1,30709.606521460715,30709.606521460715,0.0,0.0,0.0,97.75,0.1748465441702554,137,1,100.0,136,42.72566008882119,0.0,42.72566008882119,30752.332181549536,0.13893469879482925,5702.788489192289,0.5016193371486305,0.5100157341377649
segmented_diagnostic,gebco_puerto_rico_trench_complex,GEBCO Puerto Rico Trench,public,complex_relief,Transition-Aware Segmented Hybrid,8,1,30709.606521460715,30709.606521460715,0.0,0.0,0.0,97.75,0.1748465441702554,137,1,25.0,136,10.681415022205298,0.0,10.681415022205298,30720.28793648292,0.034769905296103104,5690.9202502787275,0.4953057791110895,0.4974118504826504
segmented_diagnostic,gebco_puerto_rico_trench_complex,GEBCO Puerto Rico Trench,public,complex_relief,Transition-Aware Segmented Hybrid,8,1,30709.606521460715,30709.606521460715,0.0,0.0,0.0,97.75,0.1748465441702554,137,1,50.0,136,21.362830044410597,0.0,21.362830044410597,30730.969351505126,0.0695156400699879,5694.876329916581,0.49741185048267567,0.5016193371486269
segmented_diagnostic,gebco_puerto_rico_trench_complex,GEBCO Puerto Rico Trench,public,complex_relief,Transition-Aware Segmented Hybrid,8,1,30709.606521460715,30709.606521460715,0.0,0.0,0.0,97.75,0.1748465441702554,137,1,100.0,136,42.72566008882119,0.0,42.72566008882119,30752.332181549536,0.13893469879482925,5702.788489192289,0.5016193371486305,0.5100157341377649
segmented_diagnostic,gebco_puerto_rico_trench_complex,GEBCO Puerto Rico Trench,public,complex_relief,Coverage-Preserving Segmented Hybrid,9,1,30709.75189101107,30709.75189101107,0.0,0.0,0.0,98.56111111111112,0.2631531101600936,137,1,25.0,136,10.681415022205298,0.0,10.681415022205298,30720.433306033276,0.03476974076439067,5690.94717056583,0.49483491918012074,0.49694116417488293
segmented_diagnostic,gebco_puerto_rico_trench_complex,GEBCO Puerto Rico Trench,public,complex_relief,Coverage-Preserving Segmented Hybrid,9,1,30709.75189101107,30709.75189101107,0.0,0.0,0.0,98.56111111111112,0.2631531101600936,137,1,50.0,136,21.362830044410597,0.0,21.362830044410597,30731.11472105548,0.06951531123527327,5694.9032502036835,0.49694116417489875,0.5011489977033992
segmented_diagnostic,gebco_puerto_rico_trench_complex,GEBCO Puerto Rico Trench,public,complex_relief,Coverage-Preserving Segmented Hybrid,9,1,30709.75189101107,30709.75189101107,0.0,0.0,0.0,98.56111111111112,0.2631531101600936,137,1,100.0,136,42.72566008882119,0.0,42.72566008882119,30752.47755109989,0.13893404203881152,5702.815409479391,0.5011489977033933,0.5095460868861946
segmented_diagnostic,gebco_puerto_rico_trench_complex,GEBCO Puerto Rico Trench,public,complex_relief,Transition-Aware Segmented Hybrid,9,1,30709.75189101107,30709.75189101107,0.0,0.0,0.0,98.56111111111112,0.2631531101600936,137,1,25.0,136,10.681415022205298,0.0,10.681415022205298,30720.433306033276,0.03476974076439067,5690.94717056583,0.49483491918012074,0.49694116417488293
segmented_diagnostic,gebco_puerto_rico_trench_complex,GEBCO Puerto Rico Trench,public,complex_relief,Transition-Aware Segmented Hybrid,9,1,30709.75189101107,30709.75189101107,0.0,0.0,0.0,98.56111111111112,0.2631531101600936,137,1,50.0,136,21.362830044410597,0.0,21.362830044410597,30731.11472105548,0.06951531123527327,5694.9032502036835,0.49694116417489875,0.5011489977033992
segmented_diagnostic,gebco_puerto_rico_trench_complex,GEBCO Puerto Rico Trench,public,complex_relief,Transition-Aware Segmented Hybrid,9,1,30709.75189101107,30709.75189101107,0.0,0.0,0.0,98.56111111111112,0.2631531101600936,137,1,100.0,136,42.72566008882119,0.0,42.72566008882119,30752.47755109989,0.13893404203881152,5702.815409479391,0.5011489977033933,0.5095460868861946
segmented_diagnostic,gebco_puerto_rico_trench_complex,GEBCO Puerto Rico Trench,public,complex_relief,Coverage-Preserving Segmented Hybrid,10,1,30709.652609366414,30709.652609366414,0.0,0.0,0.0,97.75555555555556,0.2073598874008859,137,1,25.0,136,10.681415022205298,0.0,10.681415022205298,30720.33402438862,0.03476985313286442,5690.928785076079,0.4951564978617291,0.4972626242787174
segmented_diagnostic,gebco_puerto_rico_trench_complex,GEBCO Puerto Rico Trench,public,complex_relief,Coverage-Preserving Segmented Hybrid,10,1,30709.652609366414,30709.652609366414,0.0,0.0,0.0,97.75555555555556,0.2073598874008859,137,1,50.0,136,21.362830044410597,0.0,21.362830044410597,30731.015439410825,0.06951553581602107,5694.884864713932,0.49726262427874446,0.5014702209138745
segmented_diagnostic,gebco_puerto_rico_trench_complex,GEBCO Puerto Rico Trench,public,complex_relief,Coverage-Preserving Segmented Hybrid,10,1,30709.652609366414,30709.652609366414,0.0,0.0,0.0,97.75555555555556,0.2073598874008859,137,1,100.0,136,42.72566008882119,0.0,42.72566008882119,30752.378269455236,0.13893449057648463,5702.79702398964,0.5014702209138638,0.5098668373558046
segmented_diagnostic,gebco_puerto_rico_trench_complex,GEBCO Puerto Rico Trench,public,complex_relief,Transition-Aware Segmented Hybrid,10,1,30709.652609366414,30709.652609366414,0.0,0.0,0.0,97.75555555555556,0.2073598874008859,137,1,25.0,136,10.681415022205298,0.0,10.681415022205298,30720.33402438862,0.03476985313286442,5690.928785076079,0.4951564978617291,0.4972626242787174
segmented_diagnostic,gebco_puerto_rico_trench_complex,GEBCO Puerto Rico Trench,public,complex_relief,Transition-Aware Segmented Hybrid,10,1,30709.652609366414,30709.652609366414,0.0,0.0,0.0,97.75555555555556,0.2073598874008859,137,1,50.0,136,21.362830044410597,0.0,21.362830044410597,30731.015439410825,0.06951553581602107,5694.884864713932,0.49726262427874446,0.5014702209138745
segmented_diagnostic,gebco_puerto_rico_trench_complex,GEBCO Puerto Rico Trench,public,complex_relief,Transition-Aware Segmented Hybrid,10,1,30709.652609366414,30709.652609366414,0.0,0.0,0.0,97.75555555555556,0.2073598874008859,137,1,100.0,136,42.72566008882119,0.0,42.72566008882119,30752.378269455236,0.13893449057648463,5702.79702398964,0.5014702209138638,0.5098668373558046
segmented_diagnostic,gebco_puerto_rico_trench_complex,GEBCO Puerto Rico Trench,public,complex_relief,Coverage-Preserving Segmented Hybrid,11,1,30709.600695621222,30709.600695621222,0.0,0.0,0.0,97.75555555555556,0.3878713132001098,137,1,25.0,136,10.681415022205298,0.0,10.681415022205298,30720.282110643428,0.0347699118899191,5690.919171419562,0.495324649324107,0.49743071373753306
segmented_diagnostic,gebco_puerto_rico_trench_complex,GEBCO Puerto Rico Trench,public,complex_relief,Coverage-Preserving Segmented Hybrid,11,1,30709.600695621222,30709.600695621222,0.0,0.0,0.0,97.75555555555556,0.3878713132001098,137,1,50.0,136,21.362830044410597,0.0,21.362830044410597,30730.963525665633,0.069515653248454,5694.875251057415,0.4974307137375589,0.5016381865026399
segmented_diagnostic,gebco_puerto_rico_trench_complex,GEBCO Puerto Rico Trench,public,complex_relief,Coverage-Preserving Segmented Hybrid,11,1,30709.600695621222,30709.600695621222,0.0,0.0,0.0,97.75555555555556,0.3878713132001098,137,1,100.0,136,42.72566008882119,0.0,42.72566008882119,30752.326355710044,0.13893472511515528,5702.787410333122,0.5016381865026281,0.5100345557513802
segmented_diagnostic,gebco_puerto_rico_trench_complex,GEBCO Puerto Rico Trench,public,complex_relief,Transition-Aware Segmented Hybrid,11,1,30709.600695621222,30709.600695621222,0.0,0.0,0.0,97.75555555555556,0.3878713132001098,137,1,25.0,136,10.681415022205298,0.0,10.681415022205298,30720.282110643428,0.0347699118899191,5690.919171419562,0.495324649324107,0.49743071373753306
segmented_diagnostic,gebco_puerto_rico_trench_complex,GEBCO Puerto Rico Trench,public,complex_relief,Transition-Aware Segmented Hybrid,11,1,30709.600695621222,30709.600695621222,0.0,0.0,0.0,97.75555555555556,0.3878713132001098,137,1,50.0,136,21.362830044410597,0.0,21.362830044410597,30730.963525665633,0.069515653248454,5694.875251057415,0.4974307137375589,0.5016381865026399
segmented_diagnostic,gebco_puerto_rico_trench_complex,GEBCO Puerto Rico Trench,public,complex_relief,Transition-Aware Segmented Hybrid,11,1,30709.600695621222,30709.600695621222,0.0,0.0,0.0,97.75555555555556,0.3878713132001098,137,1,100.0,136,42.72566008882119,0.0,42.72566008882119,30752.326355710044,0.13893472511515528,5702.787410333122,0.5016381865026281,0.5100345557513802
segmented_diagnostic,gebco_puerto_rico_trench_complex,GEBCO Puerto Rico Trench,public,complex_relief,Coverage-Preserving Segmented Hybrid,12,1,30709.526696572655,30709.526696572655,0.0,0.0,0.0,97.7611111111111,0.6015687685592107,137,1,25.0,136,10.681415022205298,0.0,10.681415022205298,30720.20811159486,0.034769995643921976,5690.905467892049,0.49556433629304236,0.49767031232516856
segmented_diagnostic,gebco_puerto_rico_trench_complex,GEBCO Puerto Rico Trench,public,complex_relief,Coverage-Preserving Segmented Hybrid,12,1,30709.526696572655,30709.526696572655,0.0,0.0,0.0,97.7611111111111,0.6015687685592107,137,1,50.0,136,21.362830044410597,0.0,21.362830044410597,30730.889526617066,0.06951582064003557,5694.861547529902,0.49767031232518616,0.5018776085230517
segmented_diagnostic,gebco_puerto_rico_trench_complex,GEBCO Puerto Rico Trench,public,complex_relief,Coverage-Preserving Segmented Hybrid,12,1,30709.526696572655,30709.526696572655,0.0,0.0,0.0,97.7611111111111,0.6015687685592107,137,1,100.0,136,42.72566008882119,0.0,42.72566008882119,30752.252356661476,0.13893505943334936,5702.773706805609,0.5018776085230318,0.510273625416901
segmented_diagnostic,gebco_puerto_rico_trench_complex,GEBCO Puerto Rico Trench,public,complex_relief,Transition-Aware Segmented Hybrid,12,1,30709.526696572655,30709.526696572655,0.0,0.0,0.0,97.7611111111111,0.6015687685592107,137,1,25.0,136,10.681415022205298,0.0,10.681415022205298,30720.20811159486,0.034769995643921976,5690.905467892049,0.49556433629304236,0.49767031232516856
segmented_diagnostic,gebco_puerto_rico_trench_complex,GEBCO Puerto Rico Trench,public,complex_relief,Transition-Aware Segmented Hybrid,12,1,30709.526696572655,30709.526696572655,0.0,0.0,0.0,97.7611111111111,0.6015687685592107,137,1,50.0,136,21.362830044410597,0.0,21.362830044410597,30730.889526617066,0.06951582064003557,5694.861547529902,0.49767031232518616,0.5018776085230517
segmented_diagnostic,gebco_puerto_rico_trench_complex,GEBCO Puerto Rico Trench,public,complex_relief,Transition-Aware Segmented Hybrid,12,1,30709.526696572655,30709.526696572655,0.0,0.0,0.0,97.7611111111111,0.6015687685592107,137,1,100.0,136,42.72566008882119,0.0,42.72566008882119,30752.252356661476,0.13893505943334936,5702.773706805609,0.5018776085230318,0.510273625416901
segmented_diagnostic,gebco_puerto_rico_trench_complex,GEBCO Puerto Rico Trench,public,complex_relief,Coverage-Preserving Segmented Hybrid,13,1,30709.611392391023,30709.611392391023,0.0,0.0,0.0,97.72777777777776,0.3778704498032794,137,1,25.0,136,10.681415022205298,0.0,10.681415022205298,30720.29280741323,0.0347698997830767,5690.921152302859,0.49529000190119177,0.4973960790903799
segmented_diagnostic,gebco_puerto_rico_trench_complex,GEBCO Puerto Rico Trench,public,complex_relief,Coverage-Preserving Segmented Hybrid,13,1,30709.611392391023,30709.611392391023,0.0,0.0,0.0,97.72777777777776,0.3778704498032794,137,1,50.0,136,21.362830044410597,0.0,21.362830044410597,30730.974222435434,0.06951562905159858,5694.877231940712,0.49739607909040934,0.5016035773787737
segmented_diagnostic,gebco_puerto_rico_trench_complex,GEBCO Puerto Rico Trench,public,complex_relief,Coverage-Preserving Segmented Hybrid,13,1,30709.611392391023,30709.611392391023,0.0,0.0,0.0,97.72777777777776,0.3778704498032794,137,1,100.0,136,42.72566008882119,0.0,42.72566008882119,30752.337052479845,0.13893467678865673,5702.789391216419,0.5016035773787655,0.5099999975614008
segmented_diagnostic,gebco_puerto_rico_trench_complex,GEBCO Puerto Rico Trench,public,complex_relief,Transition-Aware Segmented Hybrid,13,1,30709.611392391023,30709.611392391023,0.0,0.0,0.0,97.72777777777776,0.3778704498032794,137,1,25.0,136,10.681415022205298,0.0,10.681415022205298,30720.29280741323,0.0347698997830767,5690.921152302859,0.49529000190119177,0.4973960790903799
segmented_diagnostic,gebco_puerto_rico_trench_complex,GEBCO Puerto Rico Trench,public,complex_relief,Transition-Aware Segmented Hybrid,13,1,30709.611392391023,30709.611392391023,0.0,0.0,0.0,97.72777777777776,0.3778704498032794,137,1,50.0,136,21.362830044410597,0.0,21.362830044410597,30730.974222435434,0.06951562905159858,5694.877231940712,0.49739607909040934,0.5016035773787737
segmented_diagnostic,gebco_puerto_rico_trench_complex,GEBCO Puerto Rico Trench,public,complex_relief,Transition-Aware Segmented Hybrid,13,1,30709.611392391023,30709.611392391023,0.0,0.0,0.0,97.72777777777776,0.3778704498032794,137,1,100.0,136,42.72566008882119,0.0,42.72566008882119,30752.337052479845,0.13893467678865673,5702.789391216419,0.5016035773787655,0.5099999975614008
segmented_diagnostic,gebco_puerto_rico_trench_complex,GEBCO Puerto Rico Trench,public,complex_relief,Coverage-Preserving Segmented Hybrid,14,1,30709.67342780748,30709.67342780748,0.0,0.0,0.0,97.78333333333332,0.3602745653113132,137,1,25.0,136,10.681415022205298,0.0,10.681415022205298,30720.354842829685,0.03476982957017635,5690.932640342943,0.49508906579153855,0.4971952170731881
segmented_diagnostic,gebco_puerto_rico_trench_complex,GEBCO Puerto Rico Trench,public,complex_relief,Coverage-Preserving Segmented Hybrid,14,1,30709.67342780748,30709.67342780748,0.0,0.0,0.0,97.78333333333332,0.3602745653113132,137,1,50.0,136,21.362830044410597,0.0,21.362830044410597,30731.03625785189,0.0695154887233987,5694.888719980796,0.4971952170732121,0.5014028633826911
segmented_diagnostic,gebco_puerto_rico_trench_complex,GEBCO Puerto Rico Trench,public,complex_relief,Coverage-Preserving Segmented Hybrid,14,1,30709.67342780748,30709.67342780748,0.0,0.0,0.0,97.78333333333332,0.3602745653113132,137,1,100.0,136,42.72566008882119,0.0,42.72566008882119,30752.3990878963,0.1389343965220502,5702.800879256504,0.5014028633826776,0.5097995789539975
segmented_diagnostic,gebco_puerto_rico_trench_complex,GEBCO Puerto Rico Trench,public,complex_relief,Transition-Aware Segmented Hybrid,14,1,30709.67342780748,30709.67342780748,0.0,0.0,0.0,97.78333333333332,0.3602745653113132,137,1,25.0,136,10.681415022205298,0.0,10.681415022205298,30720.354842829685,0.03476982957017635,5690.932640342943,0.49508906579153855,0.4971952170731881
segmented_diagnostic,gebco_puerto_rico_trench_complex,GEBCO Puerto Rico Trench,public,complex_relief,Transition-Aware Segmented Hybrid,14,1,30709.67342780748,30709.67342780748,0.0,0.0,0.0,97.78333333333332,0.3602745653113132,137,1,50.0,136,21.362830044410597,0.0,21.362830044410597,30731.03625785189,0.0695154887233987,5694.888719980796,0.4971952170732121,0.5014028633826911
segmented_diagnostic,gebco_puerto_rico_trench_complex,GEBCO Puerto Rico Trench,public,complex_relief,Transition-Aware Segmented Hybrid,14,1,30709.67342780748,30709.67342780748,0.0,0.0,0.0,97.78333333333332,0.3602745653113132,137,1,100.0,136,42.72566008882119,0.0,42.72566008882119,30752.3990878963,0.1389343965220502,5702.800879256504,0.5014028633826776,0.5097995789539975
segmented_diagnostic,gebco_puerto_rico_trench_complex,GEBCO Puerto Rico Trench,public,complex_relief,Coverage-Preserving Segmented Hybrid,15,1,30709.70887828353,30709.70887828353,0.0,0.0,0.0,97.75555555555556,0.1990829197048185,137,1,25.0,136,10.681415022205298,0.0,10.681415022205298,30720.390293305736,0.03476978944675999,5690.939205245916,0.4949742397590903,0.49708043338126606
segmented_diagnostic,gebco_puerto_rico_trench_complex,GEBCO Puerto Rico Trench,public,complex_relief,Coverage-Preserving Segmented Hybrid,15,1,30709.70887828353,30709.70887828353,0.0,0.0,0.0,97.75555555555556,0.1990829197048185,137,1,50.0,136,21.362830044410597,0.0,21.362830044410597,30731.07170832794,0.06951540853234024,5694.895284883769,0.4970804333813007,0.5012881642782369
segmented_diagnostic,gebco_puerto_rico_trench_complex,GEBCO Puerto Rico Trench,public,complex_relief,Coverage-Preserving Segmented Hybrid,15,1,30709.70887828353,30709.70887828353,0.0,0.0,0.0,97.75555555555556,0.1990829197048185,137,1,100.0,136,42.72566008882119,0.0,42.72566008882119,30752.434538372352,0.13893423636268168,5702.807444159476,0.501288164278234,0.5096850486510353
segmented_diagnostic,gebco_puerto_rico_trench_complex,GEBCO Puerto Rico Trench,public,complex_relief,Transition-Aware Segmented Hybrid,15,1,30709.70887828353,30709.70887828353,0.0,0.0,0.0,97.75555555555556,0.1990829197048185,137,1,25.0,136,10.681415022205298,0.0,10.681415022205298,30720.390293305736,0.03476978944675999,5690.939205245916,0.4949742397590903,0.49708043338126606
segmented_diagnostic,gebco_puerto_rico_trench_complex,GEBCO Puerto Rico Trench,public,complex_relief,Transition-Aware Segmented Hybrid,15,1,30709.70887828353,30709.70887828353,0.0,0.0,0.0,97.75555555555556,0.1990829197048185,137,1,50.0,136,21.362830044410597,0.0,21.362830044410597,30731.07170832794,0.06951540853234024,5694.895284883769,0.4970804333813007,0.5012881642782369
segmented_diagnostic,gebco_puerto_rico_trench_complex,GEBCO Puerto Rico Trench,public,complex_relief,Transition-Aware Segmented Hybrid,15,1,30709.70887828353,30709.70887828353,0.0,0.0,0.0,97.75555555555556,0.1990829197048185,137,1,100.0,136,42.72566008882119,0.0,42.72566008882119,30752.434538372352,0.13893423636268168,5702.807444159476,0.501288164278234,0.5096850486510353
segmented_diagnostic,gebco_puerto_rico_trench_complex,GEBCO Puerto Rico Trench,public,complex_relief,Coverage-Preserving Segmented Hybrid,16,1,30709.60444549544,30709.60444549544,0.0,0.0,0.0,97.7611111111111,0.144212474992754,137,1,25.0,136,10.681415022205298,0.0,10.681415022205298,30720.285860517644,0.03476990764572695,5690.919865840713,0.49531250327625503,0.4974185721683768
segmented_diagnostic,gebco_puerto_rico_trench_complex,GEBCO Puerto Rico Trench,public,complex_relief,Coverage-Preserving Segmented Hybrid,16,1,30709.60444549544,30709.60444549544,0.0,0.0,0.0,97.7611111111111,0.144212474992754,137,1,50.0,136,21.362830044410597,0.0,21.362830044410597,30730.96727553985,0.06951564476596944,5694.875945478566,0.49741857216839674,0.5016260538809619
segmented_diagnostic,gebco_puerto_rico_trench_complex,GEBCO Puerto Rico Trench,public,complex_relief,Coverage-Preserving Segmented Hybrid,16,1,30709.60444549544,30709.60444549544,0.0,0.0,0.0,97.7611111111111,0.144212474992754,137,1,100.0,136,42.72566008882119,0.0,42.72566008882119,30752.33010558426,0.13893470817374817,5702.788104754273,0.5016260538809443,0.510022440985155
segmented_diagnostic,gebco_puerto_rico_trench_complex,GEBCO Puerto Rico Trench,public,complex_relief,Transition-Aware Segmented Hybrid,16,1,30709.60444549544,30709.60444549544,0.0,0.0,0.0,97.7611111111111,0.144212474992754,137,1,25.0,136,10.681415022205298,0.0,10.681415022205298,30720.285860517644,0.03476990764572695,5690.919865840713,0.49531250327625503,0.4974185721683768
segmented_diagnostic,gebco_puerto_rico_trench_complex,GEBCO Puerto Rico Trench,public,complex_relief,Transition-Aware Segmented Hybrid,16,1,30709.60444549544,30709.60444549544,0.0,0.0,0.0,97.7611111111111,0.144212474992754,137,1,50.0,136,21.362830044410597,0.0,21.362830044410597,30730.96727553985,0.06951564476596944,5694.875945478566,0.49741857216839674,0.5016260538809619
segmented_diagnostic,gebco_puerto_rico_trench_complex,GEBCO Puerto Rico Trench,public,complex_relief,Transition-Aware Segmented Hybrid,16,1,30709.60444549544,30709.60444549544,0.0,0.0,0.0,97.7611111111111,0.144212474992754,137,1,100.0,136,42.72566008882119,0.0,42.72566008882119,30752.33010558426,0.13893470817374817,5702.788104754273,0.5016260538809443,0.510022440985155
segmented_diagnostic,gebco_puerto_rico_trench_complex,GEBCO Puerto Rico Trench,public,complex_relief,Coverage-Preserving Segmented Hybrid,17,1,30709.55043586742,30709.55043586742,0.0,0.0,0.0,98.58888888888887,0.1609195567589287,137,1,25.0,136,10.681415022205298,0.0,10.681415022205298,30720.231850889624,0.034769968775141186,5690.909864057747,0.4954874434178396,0.49759344780315895
segmented_diagnostic,gebco_puerto_rico_trench_complex,GEBCO Puerto Rico Trench,public,complex_relief,Coverage-Preserving Segmented Hybrid,17,1,30709.55043586742,30709.55043586742,0.0,0.0,0.0,98.58888888888887,0.1609195567589287,137,1,50.0,136,21.362830044410597,0.0,21.362830044410597,30730.91326591183,0.06951576693982359,5694.8659436955995,0.4975934478031848,0.5018008006447618
segmented_diagnostic,gebco_puerto_rico_trench_complex,GEBCO Puerto Rico Trench,public,complex_relief,Coverage-Preserving Segmented Hybrid,17,1,30709.55043586742,30709.55043586742,0.0,0.0,0.0,98.58888888888887,0.1609195567589287,137,1,100.0,136,42.72566008882119,0.0,42.72566008882119,30752.27609595624,0.13893495218209032,5702.778102971307,0.5018008006447502,0.5101969305759647
segmented_diagnostic,gebco_puerto_rico_trench_complex,GEBCO Puerto Rico Trench,public,complex_relief,Transition-Aware Segmented Hybrid,17,1,30709.55043586742,30709.55043586742,0.0,0.0,0.0,98.58888888888887,0.1609195567589287,137,1,25.0,136,10.681415022205298,0.0,10.681415022205298,30720.231850889624,0.034769968775141186,5690.909864057747,0.4954874434178396,0.49759344780315895
segmented_diagnostic,gebco_puerto_rico_trench_complex,GEBCO Puerto Rico Trench,public,complex_relief,Transition-Aware Segmented Hybrid,17,1,30709.55043586742,30709.55043586742,0.0,0.0,0.0,98.58888888888887,0.1609195567589287,137,1,50.0,136,21.362830044410597,0.0,21.362830044410597,30730.91326591183,0.06951576693982359,5694.8659436955995,0.4975934478031848,0.5018008006447618
segmented_diagnostic,gebco_puerto_rico_trench_complex,GEBCO Puerto Rico Trench,public,complex_relief,Transition-Aware Segmented Hybrid,17,1,30709.55043586742,30709.55043586742,0.0,0.0,0.0,98.58888888888887,0.1609195567589287,137,1,100.0,136,42.72566008882119,0.0,42.72566008882119,30752.27609595624,0.13893495218209032,5702.778102971307,0.5018008006447502,0.5101969305759647
segmented_diagnostic,gebco_puerto_rico_trench_complex,GEBCO Puerto Rico Trench,public,complex_relief,Coverage-Preserving Segmented Hybrid,18,1,30709.76,30709.76,0.0,0.0,0.0,99.40555555555557,0.0,137,1,25.0,136,10.681415022205298,0.0,10.681415022205298,30720.441415022204,0.034769731586545886,5690.948672230446,0.49480865372110544,0.4969149084008928
segmented_diagnostic,gebco_puerto_rico_trench_complex,GEBCO Puerto Rico Trench,public,complex_relief,Coverage-Preserving Segmented Hybrid,18,1,30709.76,30709.76,0.0,0.0,0.0,99.40555555555557,0.0,137,1,50.0,136,21.362830044410597,0.0,21.362830044410597,30731.12283004441,0.0695152928923415,5694.9047518683,0.496914908400914,0.5011227612780587
segmented_diagnostic,gebco_puerto_rico_trench_complex,GEBCO Puerto Rico Trench,public,complex_relief,Coverage-Preserving Segmented Hybrid,18,1,30709.76,30709.76,0.0,0.0,0.0,99.40555555555557,0.0,137,1,100.0,136,42.72566008882119,0.0,42.72566008882119,30752.48566008882,0.1389340054038994,5702.8169111440075,0.5011227612780581,0.5095198890727278
segmented_diagnostic,gebco_puerto_rico_trench_complex,GEBCO Puerto Rico Trench,public,complex_relief,Transition-Aware Segmented Hybrid,18,1,30709.76,30709.76,0.0,0.0,0.0,99.40555555555557,0.0,137,1,25.0,136,10.681415022205298,0.0,10.681415022205298,30720.441415022204,0.034769731586545886,5690.948672230446,0.49480865372110544,0.4969149084008928
segmented_diagnostic,gebco_puerto_rico_trench_complex,GEBCO Puerto Rico Trench,public,complex_relief,Transition-Aware Segmented Hybrid,18,1,30709.76,30709.76,0.0,0.0,0.0,99.40555555555557,0.0,137,1,50.0,136,21.362830044410597,0.0,21.362830044410597,30731.12283004441,0.0695152928923415,5694.9047518683,0.496914908400914,0.5011227612780587
segmented_diagnostic,gebco_puerto_rico_trench_complex,GEBCO Puerto Rico Trench,public,complex_relief,Transition-Aware Segmented Hybrid,18,1,30709.76,30709.76,0.0,0.0,0.0,99.40555555555557,0.0,137,1,100.0,136,42.72566008882119,0.0,42.72566008882119,30752.48566008882,0.1389340054038994,5702.8169111440075,0.5011227612780581,0.5095198890727278
segmented_diagnostic,gebco_puerto_rico_trench_complex,GEBCO Puerto Rico Trench,public,complex_relief,Coverage-Preserving Segmented Hybrid,19,1,30709.693180250444,30709.693180250444,0.0,0.0,0.0,97.75,0.2432723676327352,137,1,25.0,136,10.681415022205298,0.0,10.681415022205298,30720.37459527265,0.03476980721403374,5690.9362982027515,0.49502508654755095,0.4971312614206737
segmented_diagnostic,gebco_puerto_rico_trench_complex,GEBCO Puerto Rico Trench,public,complex_relief,Coverage-Preserving Segmented Hybrid,19,1,30709.693180250444,30709.693180250444,0.0,0.0,0.0,97.75,0.2432723676327352,137,1,50.0,136,21.362830044410597,0.0,21.362830044410597,30731.056010294855,0.06951544404219004,5694.892377840604,0.4971312614207001,0.5013389548609721
segmented_diagnostic,gebco_puerto_rico_trench_complex,GEBCO Puerto Rico Trench,public,complex_relief,Coverage-Preserving Segmented Hybrid,19,1,30709.693180250444,30709.693180250444,0.0,0.0,0.0,97.75,0.2432723676327352,137,1,100.0,136,42.72566008882119,0.0,42.72566008882119,30752.418840339265,0.13893430728374484,5702.804537116312,0.5013389548609609,0.5097357644857995
segmented_diagnostic,gebco_puerto_rico_trench_complex,GEBCO Puerto Rico Trench,public,complex_relief,Transition-Aware Segmented Hybrid,19,1,30709.693180250444,30709.693180250444,0.0,0.0,0.0,97.75,0.2432723676327352,137,1,25.0,136,10.681415022205298,0.0,10.681415022205298,30720.37459527265,0.03476980721403374,5690.9362982027515,0.49502508654755095,0.4971312614206737
segmented_diagnostic,gebco_puerto_rico_trench_complex,GEBCO Puerto Rico Trench,public,complex_relief,Transition-Aware Segmented Hybrid,19,1,30709.693180250444,30709.693180250444,0.0,0.0,0.0,97.75,0.2432723676327352,137,1,50.0,136,21.362830044410597,0.0,21.362830044410597,30731.056010294855,0.06951544404219004,5694.892377840604,0.4971312614207001,0.5013389548609721
segmented_diagnostic,gebco_puerto_rico_trench_complex,GEBCO Puerto Rico Trench,public,complex_relief,Transition-Aware Segmented Hybrid,19,1,30709.693180250444,30709.693180250444,0.0,0.0,0.0,97.75,0.2432723676327352,137,1,100.0,136,42.72566008882119,0.0,42.72566008882119,30752.418840339265,0.13893430728374484,5702.804537116312,0.5013389548609609,0.5097357644857995
segmented_diagnostic,gebco_puerto_rico_trench_complex,GEBCO Puerto Rico Trench,public,complex_relief,Coverage-Preserving Segmented Hybrid,20,1,30709.635488532385,30709.635488532385,0.0,0.0,0.0,97.71666666666668,0.3686940124810124,137,1,25.0,136,10.681415022205298,0.0,10.681415022205298,30720.31690355459,0.0347698725105579,5690.925614551259,0.49521195318032424,0.4973180591489197
segmented_diagnostic,gebco_puerto_rico_trench_complex,GEBCO Puerto Rico Trench,public,complex_relief,Coverage-Preserving Segmented Hybrid,20,1,30709.635488532385,30709.635488532385,0.0,0.0,0.0,97.71666666666668,0.3686940124810124,137,1,50.0,136,21.362830044410597,0.0,21.362830044410597,30730.998318576796,0.0695155745444717,5694.881694189113,0.49731805914894556,0.5015256149324797
segmented_diagnostic,gebco_puerto_rico_trench_complex,GEBCO Puerto Rico Trench,public,complex_relief,Coverage-Preserving Segmented Hybrid,20,1,30709.635488532385,30709.635488532385,0.0,0.0,0.0,97.71666666666668,0.3686940124810124,137,1,100.0,136,42.72566008882119,0.0,42.72566008882119,30752.361148621207,0.1389345679258089,5702.79385346482,0.5015256149324839,0.5099221498516261
segmented_diagnostic,gebco_puerto_rico_trench_complex,GEBCO Puerto Rico Trench,public,complex_relief,Transition-Aware Segmented Hybrid,20,1,30709.635488532385,30709.635488532385,0.0,0.0,0.0,97.71666666666668,0.3686940124810124,137,1,25.0,136,10.681415022205298,0.0,10.681415022205298,30720.31690355459,0.0347698725105579,5690.925614551259,0.49521195318032424,0.4973180591489197
segmented_diagnostic,gebco_puerto_rico_trench_complex,GEBCO Puerto Rico Trench,public,complex_relief,Transition-Aware Segmented Hybrid,20,1,30709.635488532385,30709.635488532385,0.0,0.0,0.0,97.71666666666668,0.3686940124810124,137,1,50.0,136,21.362830044410597,0.0,21.362830044410597,30730.998318576796,0.0695155745444717,5694.881694189113,0.49731805914894556,0.5015256149324797
segmented_diagnostic,gebco_puerto_rico_trench_complex,GEBCO Puerto Rico Trench,public,complex_relief,Transition-Aware Segmented Hybrid,20,1,30709.635488532385,30709.635488532385,0.0,0.0,0.0,97.71666666666668,0.3686940124810124,137,1,100.0,136,42.72566008882119,0.0,42.72566008882119,30752.361148621207,0.1389345679258089,5702.79385346482,0.5015256149324839,0.5099221498516261
segmented_diagnostic,gebco_puerto_rico_trench_complex,GEBCO Puerto Rico Trench,public,complex_relief,Coverage-Preserving Segmented Hybrid,21,1,30709.682282266946,30709.682282266946,0.0,0.0,0.0,97.73888888888888,0.111256781705242,137,1,25.0,136,10.681415022205298,0.0,10.681415022205298,30720.36369728915,0.03476981954854869,5690.934280057659,0.4950603857126464,0.4971665475696894
segmented_diagnostic,gebco_puerto_rico_trench_complex,GEBCO Puerto Rico Trench,public,complex_relief,Coverage-Preserving Segmented Hybrid,21,1,30709.682282266946,30709.682282266946,0.0,0.0,0.0,97.73888888888888,0.111256781705242,137,1,50.0,136,21.362830044410597,0.0,21.362830044410597,30731.045112311356,0.06951546869407413,5694.890359695512,0.4971665475697088,0.5013742150065743
segmented_diagnostic,gebco_puerto_rico_trench_complex,GEBCO Puerto Rico Trench,public,complex_relief,Coverage-Preserving Segmented Hybrid,21,1,30709.682282266946,30709.682282266946,0.0,0.0,0.0,97.73888888888888,0.111256781705242,137,1,100.0,136,42.72566008882119,0.0,42.72566008882119,30752.407942355767,0.13893435651903696,5702.80251897122,0.501374215006572,0.509770972739413
segmented_diagnostic,gebco_puerto_rico_trench_complex,GEBCO Puerto Rico Trench,public,complex_relief,Transition-Aware Segmented Hybrid,21,1,30709.682282266946,30709.682282266946,0.0,0.0,0.0,97.73888888888888,0.111256781705242,137,1,25.0,136,10.681415022205298,0.0,10.681415022205298,30720.36369728915,0.03476981954854869,5690.934280057659,0.4950603857126464,0.4971665475696894
segmented_diagnostic,gebco_puerto_rico_trench_complex,GEBCO Puerto Rico Trench,public,complex_relief,Transition-Aware Segmented Hybrid,21,1,30709.682282266946,30709.682282266946,0.0,0.0,0.0,97.73888888888888,0.111256781705242,137,1,50.0,136,21.362830044410597,0.0,21.362830044410597,30731.045112311356,0.06951546869407413,5694.890359695512,0.4971665475697088,0.5013742150065743
segmented_diagnostic,gebco_puerto_rico_trench_complex,GEBCO Puerto Rico Trench,public,complex_relief,Transition-Aware Segmented Hybrid,21,1,30709.682282266946,30709.682282266946,0.0,0.0,0.0,97.73888888888888,0.111256781705242,137,1,100.0,136,42.72566008882119,0.0,42.72566008882119,30752.407942355767,0.13893435651903696,5702.80251897122,0.501374215006572,0.509770972739413
segmented_diagnostic,gebco_puerto_rico_trench_complex,GEBCO Puerto Rico Trench,public,complex_relief,Coverage-Preserving Segmented Hybrid,22,1,30709.734374563945,30709.734374563945,0.0,0.0,0.0,98.6,0.2303602650611664,137,1,25.0,136,10.681415022205298,0.0,10.681415022205298,30720.41578958615,0.034769760589718875,5690.943926779326,0.4948916559111918,0.4969978799850405
segmented_diagnostic,gebco_puerto_rico_trench_complex,GEBCO Puerto Rico Trench,public,complex_relief,Coverage-Preserving Segmented Hybrid,22,1,30709.734374563945,30709.734374563945,0.0,0.0,0.0,98.6,0.2303602650611664,137,1,50.0,136,21.362830044410597,0.0,21.362830044410597,30731.097204608355,0.06951535085837118,5694.900006417179,0.4969978799850723,0.5012056717180293
segmented_diagnostic,gebco_puerto_rico_trench_complex,GEBCO Puerto Rico Trench,public,complex_relief,Coverage-Preserving Segmented Hybrid,22,1,30709.734374563945,30709.734374563945,0.0,0.0,0.0,98.6,0.2303602650611664,137,1,100.0,136,42.72566008882119,0.0,42.72566008882119,30752.460034652766,0.1389341211749456,5702.812165692886,0.5012056717180235,0.5096026774942685
segmented_diagnostic,gebco_puerto_rico_trench_complex,GEBCO Puerto Rico Trench,public,complex_relief,Transition-Aware Segmented Hybrid,22,1,30709.734374563945,30709.734374563945,0.0,0.0,0.0,98.6,0.2303602650611664,137,1,25.0,136,10.681415022205298,0.0,10.681415022205298,30720.41578958615,0.034769760589718875,5690.943926779326,0.4948916559111918,0.4969978799850405
segmented_diagnostic,gebco_puerto_rico_trench_complex,GEBCO Puerto Rico Trench,public,complex_relief,Transition-Aware Segmented Hybrid,22,1,30709.734374563945,30709.734374563945,0.0,0.0,0.0,98.6,0.2303602650611664,137,1,50.0,136,21.362830044410597,0.0,21.362830044410597,30731.097204608355,0.06951535085837118,5694.900006417179,0.4969978799850723,0.5012056717180293
segmented_diagnostic,gebco_puerto_rico_trench_complex,GEBCO Puerto Rico Trench,public,complex_relief,Transition-Aware Segmented Hybrid,22,1,30709.734374563945,30709.734374563945,0.0,0.0,0.0,98.6,0.2303602650611664,137,1,100.0,136,42.72566008882119,0.0,42.72566008882119,30752.460034652766,0.1389341211749456,5702.812165692886,0.5012056717180235,0.5096026774942685
segmented_diagnostic,gebco_puerto_rico_trench_complex,GEBCO Puerto Rico Trench,public,complex_relief,Coverage-Preserving Segmented Hybrid,23,1,30709.56192232213,30709.56192232213,0.0,0.0,0.0,97.77222222222224,0.1166771174999693,137,1,25.0,136,10.681415022205298,0.0,10.681415022205298,30720.243337344335,0.0347699557744736,5690.911991178989,0.49545023816227685,0.49755625626652783
segmented_diagnostic,gebco_puerto_rico_trench_complex,GEBCO Puerto Rico Trench,public,complex_relief,Coverage-Preserving Segmented Hybrid,23,1,30709.56192232213,30709.56192232213,0.0,0.0,0.0,97.77222222222224,0.1166771174999693,137,1,50.0,136,21.362830044410597,0.0,21.362830044410597,30730.92475236654,0.06951574095656031,5694.868070816842,0.4975562562665537,0.5017636365156645
segmented_diagnostic,gebco_puerto_rico_trench_complex,GEBCO Puerto Rico Trench,public,complex_relief,Coverage-Preserving Segmented Hybrid,23,1,30709.56192232213,30709.56192232213,0.0,0.0,0.0,97.77222222222224,0.1166771174999693,137,1,100.0,136,42.72566008882119,0.0,42.72566008882119,30752.28758241095,0.13893490028773836,5702.7802300925505,0.5017636365156527,0.5101598211409127
segmented_diagnostic,gebco_puerto_rico_trench_complex,GEBCO Puerto Rico Trench,public,complex_relief,Transition-Aware Segmented Hybrid,23,1,30709.56192232213,30709.56192232213,0.0,0.0,0.0,97.77222222222224,0.1166771174999693,137,1,25.0,136,10.681415022205298,0.0,10.681415022205298,30720.243337344335,0.0347699557744736,5690.911991178989,0.49545023816227685,0.49755625626652783
segmented_diagnostic,gebco_puerto_rico_trench_complex,GEBCO Puerto Rico Trench,public,complex_relief,Transition-Aware Segmented Hybrid,23,1,30709.56192232213,30709.56192232213,0.0,0.0,0.0,97.77222222222224,0.1166771174999693,137,1,50.0,136,21.362830044410597,0.0,21.362830044410597,30730.92475236654,0.06951574095656031,5694.868070816842,0.4975562562665537,0.5017636365156645
segmented_diagnostic,gebco_puerto_rico_trench_complex,GEBCO Puerto Rico Trench,public,complex_relief,Transition-Aware Segmented Hybrid,23,1,30709.56192232213,30709.56192232213,0.0,0.0,0.0,97.77222222222224,0.1166771174999693,137,1,100.0,136,42.72566008882119,0.0,42.72566008882119,30752.28758241095,0.13893490028773836,5702.7802300925505,0.5017636365156527,0.5101598211409127
segmented_diagnostic,gebco_puerto_rico_trench_complex,GEBCO Puerto Rico Trench,public,complex_relief,Coverage-Preserving Segmented Hybrid,24,1,30709.537451830627,30709.537451830627,0.0,0.0,0.0,97.7611111111111,0.3796333277679214,137,1,25.0,136,10.681415022205298,0.0,10.681415022205298,30720.218866852832,0.03476998347082274,5690.907459606489,0.49552949942373997,0.4976354883014747
segmented_diagnostic,gebco_puerto_rico_trench_complex,GEBCO Puerto Rico Trench,public,complex_relief,Coverage-Preserving Segmented Hybrid,24,1,30709.537451830627,30709.537451830627,0.0,0.0,0.0,97.7611111111111,0.3796333277679214,137,1,50.0,136,21.362830044410597,0.0,21.362830044410597,30730.900281875038,0.06951579631075862,5694.863539244342,0.4976354883015052,0.5018428101622018
segmented_diagnostic,gebco_puerto_rico_trench_complex,GEBCO Puerto Rico Trench,public,complex_relief,Coverage-Preserving Segmented Hybrid,24,1,30709.537451830627,30709.537451830627,0.0,0.0,0.0,97.7611111111111,0.3796333277679214,137,1,100.0,136,42.72566008882119,0.0,42.72566008882119,30752.26311191945,0.13893501084237572,5702.775698520049,0.5018428101621948,0.510238878268436
segmented_diagnostic,gebco_puerto_rico_trench_complex,GEBCO Puerto Rico Trench,public,complex_relief,Transition-Aware Segmented Hybrid,24,1,30709.537451830627,30709.537451830627,0.0,0.0,0.0,97.7611111111111,0.3796333277679214,137,1,25.0,136,10.681415022205298,0.0,10.681415022205298,30720.218866852832,0.03476998347082274,5690.907459606489,0.49552949942373997,0.4976354883014747
segmented_diagnostic,gebco_puerto_rico_trench_complex,GEBCO Puerto Rico Trench,public,complex_relief,Transition-Aware Segmented Hybrid,24,1,30709.537451830627,30709.537451830627,0.0,0.0,0.0,97.7611111111111,0.3796333277679214,137,1,50.0,136,21.362830044410597,0.0,21.362830044410597,30730.900281875038,0.06951579631075862,5694.863539244342,0.4976354883015052,0.5018428101622018
segmented_diagnostic,gebco_puerto_rico_trench_complex,GEBCO Puerto Rico Trench,public,complex_relief,Transition-Aware Segmented Hybrid,24,1,30709.537451830627,30709.537451830627,0.0,0.0,0.0,97.7611111111111,0.3796333277679214,137,1,100.0,136,42.72566008882119,0.0,42.72566008882119,30752.26311191945,0.13893501084237572,5702.775698520049,0.5018428101621948,0.510238878268436
segmented_diagnostic,gebco_puerto_rico_trench_complex,GEBCO Puerto Rico Trench,public,complex_relief,Coverage-Preserving Segmented Hybrid,25,1,30709.643792262257,30709.643792262257,0.0,0.0,0.0,98.55555555555556,0.3384712872336802,137,1,25.0,136,10.681415022205298,0.0,10.681415022205298,30720.325207284463,0.034769863112231965,5690.927152279013,0.49518505694473236,0.4972911728309474
segmented_diagnostic,gebco_puerto_rico_trench_complex,GEBCO Puerto Rico Trench,public,complex_relief,Coverage-Preserving Segmented Hybrid,25,1,30709.643792262257,30709.643792262257,0.0,0.0,0.0,98.55555555555556,0.3384712872336802,137,1,50.0,136,21.362830044410597,0.0,21.362830044410597,30731.006622306668,0.06951555576088417,5694.883231916866,0.4972911728309745,0.5014987484278395
segmented_diagnostic,gebco_puerto_rico_trench_complex,GEBCO Puerto Rico Trench,public,complex_relief,Coverage-Preserving Segmented Hybrid,25,1,30709.643792262257,30709.643792262257,0.0,0.0,0.0,98.55555555555556,0.3384712872336802,137,1,100.0,136,42.72566008882119,0.0,42.72566008882119,30752.36945235108,0.1389345304108095,5702.795391192574,0.5014987484278288,0.5098953228861247
segmented_diagnostic,gebco_puerto_rico_trench_complex,GEBCO Puerto Rico Trench,public,complex_relief,Transition-Aware Segmented Hybrid,25,1,30709.643792262257,30709.643792262257,0.0,0.0,0.0,98.55555555555556,0.3384712872336802,137,1,25.0,136,10.681415022205298,0.0,10.681415022205298,30720.325207284463,0.034769863112231965,5690.927152279013,0.49518505694473236,0.4972911728309474
segmented_diagnostic,gebco_puerto_rico_trench_complex,GEBCO Puerto Rico Trench,public,complex_relief,Transition-Aware Segmented Hybrid,25,1,30709.643792262257,30709.643792262257,0.0,0.0,0.0,98.55555555555556,0.3384712872336802,137,1,50.0,136,21.362830044410597,0.0,21.362830044410597,30731.006622306668,0.06951555576088417,5694.883231916866,0.4972911728309745,0.5014987484278395
segmented_diagnostic,gebco_puerto_rico_trench_complex,GEBCO Puerto Rico Trench,public,complex_relief,Transition-Aware Segmented Hybrid,25,1,30709.643792262257,30709.643792262257,0.0,0.0,0.0,98.55555555555556,0.3384712872336802,137,1,100.0,136,42.72566008882119,0.0,42.72566008882119,30752.36945235108,0.1389345304108095,5702.795391192574,0.5014987484278288,0.5098953228861247
segmented_diagnostic,gebco_puerto_rico_trench_complex,GEBCO Puerto Rico Trench,public,complex_relief,Coverage-Preserving Segmented Hybrid,26,1,30709.682213772292,30709.682213772292,0.0,0.0,0.0,97.7611111111111,0.2324222000268064,137,1,25.0,136,10.681415022205298,0.0,10.681415022205298,30720.363628794497,0.034769819626072083,5690.934267373464,0.4950606075705785,0.4971667693458145
segmented_diagnostic,gebco_puerto_rico_trench_complex,GEBCO Puerto Rico Trench,public,complex_relief,Coverage-Preserving Segmented Hybrid,26,1,30709.682213772292,30709.682213772292,0.0,0.0,0.0,97.7611111111111,0.2324222000268064,137,1,50.0,136,21.362830044410597,0.0,21.362830044410597,30731.045043816703,0.06951546884901315,5694.890347011317,0.4971667693458338,0.5013744366192661
segmented_diagnostic,gebco_puerto_rico_trench_complex,GEBCO Puerto Rico Trench,public,complex_relief,Coverage-Preserving Segmented Hybrid,26,1,30709.682213772292,30709.682213772292,0.0,0.0,0.0,97.7611111111111,0.2324222000268064,137,1,100.0,136,42.72566008882119,0.0,42.72566008882119,30752.407873861113,0.1389343568284846,5702.802506287025,0.5013744366192636,0.5097711940259596
segmented_diagnostic,gebco_puerto_rico_trench_complex,GEBCO Puerto Rico Trench,public,complex_relief,Transition-Aware Segmented Hybrid,26,1,30709.682213772292,30709.682213772292,0.0,0.0,0.0,97.7611111111111,0.2324222000268064,137,1,25.0,136,10.681415022205298,0.0,10.681415022205298,30720.363628794497,0.034769819626072083,5690.934267373464,0.4950606075705785,0.4971667693458145
segmented_diagnostic,gebco_puerto_rico_trench_complex,GEBCO Puerto Rico Trench,public,complex_relief,Transition-Aware Segmented Hybrid,26,1,30709.682213772292,30709.682213772292,0.0,0.0,0.0,97.7611111111111,0.2324222000268064,137,1,50.0,136,21.362830044410597,0.0,21.362830044410597,30731.045043816703,0.06951546884901315,5694.890347011317,0.4971667693458338,0.5013744366192661
segmented_diagnostic,gebco_puerto_rico_trench_complex,GEBCO Puerto Rico Trench,public,complex_relief,Transition-Aware Segmented Hybrid,26,1,30709.682213772292,30709.682213772292,0.0,0.0,0.0,97.7611111111111,0.2324222000268064,137,1,100.0,136,42.72566008882119,0.0,42.72566008882119,30752.407873861113,0.1389343568284846,5702.802506287025,0.5013744366192636,0.5097711940259596
segmented_diagnostic,gebco_puerto_rico_trench_complex,GEBCO Puerto Rico Trench,public,complex_relief,Coverage-Preserving Segmented Hybrid,27,1,30709.551317251586,30709.551317251586,0.0,0.0,0.0,98.58333333333331,0.8000276269637797,137,1,25.0,136,10.681415022205298,0.0,10.681415022205298,30720.23273227379,0.034769967777567364,5690.910027277037,0.4954845885662772,0.49759059400427474
segmented_diagnostic,gebco_puerto_rico_trench_complex,GEBCO Puerto Rico Trench,public,complex_relief,Coverage-Preserving Segmented Hybrid,27,1,30709.551317251586,30709.551317251586,0.0,0.0,0.0,98.58333333333331,0.8000276269637797,137,1,50.0,136,21.362830044410597,0.0,21.362830044410597,30730.914147295996,0.06951576494606265,5694.86610691489,0.49759059400431,0.5017979489489257
segmented_diagnostic,gebco_puerto_rico_trench_complex,GEBCO Puerto Rico Trench,public,complex_relief,Coverage-Preserving Segmented Hybrid,27,1,30709.551317251586,30709.551317251586,0.0,0.0,0.0,98.58333333333331,0.8000276269637797,137,1,100.0,136,42.72566008882119,0.0,42.72566008882119,30752.276977340407,0.13893494820010657,5702.778266190598,0.5017979489489234,0.5101940830769396
segmented_diagnostic,gebco_puerto_rico_trench_complex,GEBCO Puerto Rico Trench,public,complex_relief,Transition-Aware Segmented Hybrid,27,1,30709.551317251586,30709.551317251586,0.0,0.0,0.0,98.58333333333331,0.8000276269637797,137,1,25.0,136,10.681415022205298,0.0,10.681415022205298,30720.23273227379,0.034769967777567364,5690.910027277037,0.4954845885662772,0.49759059400427474
segmented_diagnostic,gebco_puerto_rico_trench_complex,GEBCO Puerto Rico Trench,public,complex_relief,Transition-Aware Segmented Hybrid,27,1,30709.551317251586,30709.551317251586,0.0,0.0,0.0,98.58333333333331,0.8000276269637797,137,1,50.0,136,21.362830044410597,0.0,21.362830044410597,30730.914147295996,0.06951576494606265,5694.86610691489,0.49759059400431,0.5017979489489257
segmented_diagnostic,gebco_puerto_rico_trench_complex,GEBCO Puerto Rico Trench,public,complex_relief,Transition-Aware Segmented Hybrid,27,1,30709.551317251586,30709.551317251586,0.0,0.0,0.0,98.58333333333331,0.8000276269637797,137,1,100.0,136,42.72566008882119,0.0,42.72566008882119,30752.276977340407,0.13893494820010657,5702.778266190598,0.5017979489489234,0.5101940830769396
segmented_diagnostic,gebco_puerto_rico_trench_complex,GEBCO Puerto Rico Trench,public,complex_relief,Coverage-Preserving Segmented Hybrid,28,1,30709.66964665729,30709.66964665729,0.0,0.0,0.0,97.73888888888888,0.4271422638132681,137,1,25.0,136,10.681415022205298,0.0,10.681415022205298,30720.351061679496,0.03476983384974814,5690.931940129945,0.4951013131439791,0.49720745990957876
segmented_diagnostic,gebco_puerto_rico_trench_complex,GEBCO Puerto Rico Trench,public,complex_relief,Coverage-Preserving Segmented Hybrid,28,1,30709.66964665729,30709.66964665729,0.0,0.0,0.0,97.73888888888888,0.4271422638132681,137,1,50.0,136,21.362830044410597,0.0,21.362830044410597,30731.0324767017,0.06951549727659338,5694.888019767799,0.4972074599096082,0.5014150971969609
segmented_diagnostic,gebco_puerto_rico_trench_complex,GEBCO Puerto Rico Trench,public,complex_relief,Coverage-Preserving Segmented Hybrid,28,1,30709.66964665729,30709.66964665729,0.0,0.0,0.0,97.73888888888888,0.4271422638132681,137,1,100.0,136,42.72566008882119,0.0,42.72566008882119,30752.39530674611,0.13893441360468115,5702.800179043506,0.5014150971969685,0.5098117947639063
segmented_diagnostic,gebco_puerto_rico_trench_complex,GEBCO Puerto Rico Trench,public,complex_relief,Transition-Aware Segmented Hybrid,28,1,30709.66964665729,30709.66964665729,0.0,0.0,0.0,97.73888888888888,0.4271422638132681,137,1,25.0,136,10.681415022205298,0.0,10.681415022205298,30720.351061679496,0.03476983384974814,5690.931940129945,0.4951013131439791,0.49720745990957876
segmented_diagnostic,gebco_puerto_rico_trench_complex,GEBCO Puerto Rico Trench,public,complex_relief,Transition-Aware Segmented Hybrid,28,1,30709.66964665729,30709.66964665729,0.0,0.0,0.0,97.73888888888888,0.4271422638132681,137,1,50.0,136,21.362830044410597,0.0,21.362830044410597,30731.0324767017,0.06951549727659338,5694.888019767799,0.4972074599096082,0.5014150971969609
segmented_diagnostic,gebco_puerto_rico_trench_complex,GEBCO Puerto Rico Trench,public,complex_relief,Transition-Aware Segmented Hybrid,28,1,30709.66964665729,30709.66964665729,0.0,0.0,0.0,97.73888888888888,0.4271422638132681,137,1,100.0,136,42.72566008882119,0.0,42.72566008882119,30752.39530674611,0.13893441360468115,5702.800179043506,0.5014150971969685,0.5098117947639063
segmented_diagnostic,gebco_puerto_rico_trench_complex,GEBCO Puerto Rico Trench,public,complex_relief,Coverage-Preserving Segmented Hybrid,29,1,30709.679022607008,30709.679022607008,0.0,0.0,0.0,97.78333333333332,0.4635172870835856,137,1,25.0,136,10.681415022205298,0.0,10.681415022205298,30720.360437629213,0.03476982323788652,5690.93367641693,0.4950709439296146,0.49717710189344694
segmented_diagnostic,gebco_puerto_rico_trench_complex,GEBCO Puerto Rico Trench,public,complex_relief,Coverage-Preserving Segmented Hybrid,29,1,30709.679022607008,30709.679022607008,0.0,0.0,0.0,97.78333333333332,0.4635172870835856,137,1,50.0,136,21.362830044410597,0.0,21.362830044410597,30731.04185265142,0.06951547606762135,5694.889756054783,0.4971771018934781,0.5013847615525571
segmented_diagnostic,gebco_puerto_rico_trench_complex,GEBCO Puerto Rico Trench,public,complex_relief,Coverage-Preserving Segmented Hybrid,29,1,30709.679022607008,30709.679022607008,0.0,0.0,0.0,97.78333333333332,0.4635172870835856,137,1,100.0,136,42.72566008882119,0.0,42.72566008882119,30752.40468269583,0.13893437124564972,5702.80191533049,0.5013847615525506,0.509781503764154
segmented_diagnostic,gebco_puerto_rico_trench_complex,GEBCO Puerto Rico Trench,public,complex_relief,Transition-Aware Segmented Hybrid,29,1,30709.679022607008,30709.679022607008,0.0,0.0,0.0,97.78333333333332,0.4635172870835856,137,1,25.0,136,10.681415022205298,0.0,10.681415022205298,30720.360437629213,0.03476982323788652,5690.93367641693,0.4950709439296146,0.49717710189344694
segmented_diagnostic,gebco_puerto_rico_trench_complex,GEBCO Puerto Rico Trench,public,complex_relief,Transition-Aware Segmented Hybrid,29,1,30709.679022607008,30709.679022607008,0.0,0.0,0.0,97.78333333333332,0.4635172870835856,137,1,50.0,136,21.362830044410597,0.0,21.362830044410597,30731.04185265142,0.06951547606762135,5694.889756054783,0.4971771018934781,0.5013847615525571
segmented_diagnostic,gebco_puerto_rico_trench_complex,GEBCO Puerto Rico Trench,public,complex_relief,Transition-Aware Segmented Hybrid,29,1,30709.679022607008,30709.679022607008,0.0,0.0,0.0,97.78333333333332,0.4635172870835856,137,1,100.0,136,42.72566008882119,0.0,42.72566008882119,30752.40468269583,0.13893437124564972,5702.80191533049,0.5013847615525506,0.509781503764154
segmented_diagnostic,usgs_southern_cascadia_30m_high,USGS Cascadia 30 m High,public,survey_grade_cascadia_high,Fixed-Spacing,0,1,97.254304852,97.254304852,0.0,0.0,0.0,97.2,29.96000598034999,12,0,25.0,11,0.863937979737193,0.0,0.863937979737193,98.11824283173719,0.8805069830069815,18.330033483606368,0.0,0.0
segmented_diagnostic,usgs_southern_cascadia_30m_high,USGS Cascadia 30 m High,public,survey_grade_cascadia_high,Fixed-Spacing,0,1,97.254304852,97.254304852,0.0,0.0,0.0,97.2,29.96000598034999,12,0,50.0,11,1.727875959474386,0.0,1.727875959474386,98.9821808114744,1.7456434535074257,18.650010513138664,0.0,0.0
segmented_diagnostic,usgs_southern_cascadia_30m_high,USGS Cascadia 30 m High,public,survey_grade_cascadia_high,Fixed-Spacing,0,1,97.254304852,97.254304852,0.0,0.0,0.0,97.2,29.96000598034999,12,0,100.0,11,3.455751918948772,0.0,3.455751918948772,100.71005677094878,3.4313871223490677,19.289964572203246,0.0,0.0
segmented_diagnostic,usgs_southern_cascadia_30m_high,USGS Cascadia 30 m High,public,survey_grade_cascadia_high,Full Geometry-Aware Hybrid GA,0,1,72.8691042136253,72.8691042136253,0.0,0.0,0.0,98.55,1.5733972802907423,12,1,25.0,11,0.863937979737193,0.0,0.863937979737193,73.7330421933625,1.1717107473628225,13.814255587611056,24.852871326072194,24.635950065416075
segmented_diagnostic,usgs_southern_cascadia_30m_high,USGS Cascadia 30 m High,public,survey_grade_cascadia_high,Full Geometry-Aware Hybrid GA,0,1,72.8691042136253,72.8691042136253,0.0,0.0,0.0,98.55,1.5733972802907423,12,1,50.0,11,1.727875959474386,0.0,1.727875959474386,74.5969801730997,2.3162813768934214,14.134232617143349,24.63595006541609,24.213272656409575
segmented_diagnostic,usgs_southern_cascadia_30m_high,USGS Cascadia 30 m High,public,survey_grade_cascadia_high,Full Geometry-Aware Hybrid GA,0,1,72.8691042136253,72.8691042136253,0.0,0.0,0.0,98.55,1.5733972802907423,12,1,100.0,11,3.455751918948772,0.0,3.455751918948772,76.32485613257408,4.527688742637432,14.774186676207938,24.213272656409572,23.40998543098687
segmented_diagnostic,usgs_southern_cascadia_30m_high,USGS Cascadia 30 m High,public,survey_grade_cascadia_high,Full Geometry-Aware Hybrid GA,1,1,72.82287786481395,72.82287786481395,0.0,0.0,0.0,98.36111111111111,1.6199860002956463,12,1,25.0,11,0.863937979737193,0.0,0.863937979737193,73.68681584455113,1.1724458030046334,13.805695152645987,24.899984225240836,24.682651752964688
segmented_diagnostic,usgs_southern_cascadia_30m_high,USGS Cascadia 30 m High,public,survey_grade_cascadia_high,Full Geometry-Aware Hybrid GA,1,1,72.82287786481395,72.82287786481395,0.0,0.0,0.0,98.36111111111111,1.6199860002956463,12,1,50.0,11,1.727875959474386,0.0,1.727875959474386,74.55075382428834,2.3177176230127547,14.12567218217828,24.682651752964684,24.259173086111954
segmented_diagnostic,usgs_southern_cascadia_30m_high,USGS Cascadia 30 m High,public,survey_grade_cascadia_high,Full Geometry-Aware Hybrid GA,1,1,72.82287786481395,72.82287786481395,0.0,0.0,0.0,98.36111111111111,1.6199860002956463,12,1,100.0,11,3.455751918948772,0.0,3.455751918948772,76.27862978376272,4.530432611001609,14.765626241242868,24.259173086111936,23.454363091365803
segmented_diagnostic,usgs_southern_cascadia_30m_high,USGS Cascadia 30 m High,public,survey_grade_cascadia_high,Full Geometry-Aware Hybrid GA,2,1,72.80812097767209,72.80812097767209,0.0,0.0,0.0,98.56111111111112,1.7080085212686391,12,1,25.0,11,0.863937979737193,0.0,0.863937979737193,73.67205895740928,1.1726806498467026,13.802962395767867,24.915024126808543,24.697560383003815
segmented_diagnostic,usgs_southern_cascadia_30m_high,USGS Cascadia 30 m High,public,survey_grade_cascadia_high,Full Geometry-Aware Hybrid GA,2,1,72.80812097767209,72.80812097767209,0.0,0.0,0.0,98.56111111111112,1.7080085212686391,12,1,50.0,11,1.727875959474386,0.0,1.727875959474386,74.53599693714648,2.3181764925361388,14.12293942530016,24.697560383003825,24.273825929745442
segmented_diagnostic,usgs_southern_cascadia_30m_high,USGS Cascadia 30 m High,public,survey_grade_cascadia_high,Full Geometry-Aware Hybrid GA,2,1,72.80812097767209,72.80812097767209,0.0,0.0,0.0,98.56111111111112,1.7080085212686391,12,1,100.0,11,3.455751918948772,0.0,3.455751918948772,76.26387289662087,4.531309239478567,14.76289348436475,24.273825929745435,23.468529819707324
segmented_diagnostic,usgs_southern_cascadia_30m_high,USGS Cascadia 30 m High,public,survey_grade_cascadia_high,Full Geometry-Aware Hybrid GA,3,1,72.89191814761692,72.89191814761692,0.0,0.0,0.0,98.47777777777776,1.6277879701442524,12,1,25.0,11,0.863937979737193,0.0,0.863937979737193,73.75585612735411,1.1713483174074109,13.818480390202094,24.829619855873386,24.612901539100964
segmented_diagnostic,usgs_southern_cascadia_30m_high,USGS Cascadia 30 m High,public,survey_grade_cascadia_high,Full Geometry-Aware Hybrid GA,3,1,72.89191814761692,72.89191814761692,0.0,0.0,0.0,98.47777777777776,1.6277879701442524,12,1,50.0,11,1.727875959474386,0.0,1.727875959474386,74.61979410709131,2.3155732070161013,14.138457419734387,24.612901539100967,24.1906195721764
segmented_diagnostic,usgs_southern_cascadia_30m_high,USGS Cascadia 30 m High,public,survey_grade_cascadia_high,Full Geometry-Aware Hybrid GA,3,1,72.89191814761692,72.89191814761692,0.0,0.0,0.0,98.47777777777776,1.6277879701442524,12,1,100.0,11,3.455751918948772,0.0,3.455751918948772,76.3476700665657,4.526335795101258,14.778411478798976,24.190619572176384,23.388083873961065
segmented_diagnostic,usgs_southern_cascadia_30m_high,USGS Cascadia 30 m High,public,survey_grade_cascadia_high,Full Geometry-Aware Hybrid GA,4,1,72.8274563288153,72.8274563288153,0.0,0.0,0.0,98.30555555555556,1.7791855028587769,12,1,25.0,11,0.863937979737193,0.0,0.863937979737193,73.69139430855249,1.1723729586657121,13.806543016349943,24.89531795333337,24.67802620929225
segmented_diagnostic,usgs_southern_cascadia_30m_high,USGS Cascadia 30 m High,public,survey_grade_cascadia_high,Full Geometry-Aware Hybrid GA,4,1,72.8274563288153,72.8274563288153,0.0,0.0,0.0,98.30555555555556,1.7791855028587769,12,1,50.0,11,1.727875959474386,0.0,1.727875959474386,74.55533228828969,2.3175752913192786,14.126520045882236,24.67802620929226,24.254626902594474
segmented_diagnostic,usgs_southern_cascadia_30m_high,USGS Cascadia 30 m High,public,survey_grade_cascadia_high,Full Geometry-Aware Hybrid GA,4,1,72.8274563288153,72.8274563288153,0.0,0.0,0.0,98.30555555555556,1.7791855028587769,12,1,100.0,11,3.455751918948772,0.0,3.455751918948772,76.28320824776408,4.530160697652701,14.766474104946825,24.254626902594463,23.449967729721756
segmented_diagnostic,usgs_southern_cascadia_30m_high,USGS Cascadia 30 m High,public,survey_grade_cascadia_high,Full Geometry-Aware Hybrid GA,5,1,72.95644847296327,72.95644847296327,0.0,0.0,0.0,98.50555555555556,1.736070561734954,12,1,25.0,11,0.863937979737193,0.0,0.863937979737193,73.82038645270046,1.1703243795543539,13.830430450451418,24.76385193801838,24.54770765792223
segmented_diagnostic,usgs_southern_cascadia_30m_high,USGS Cascadia 30 m High,public,survey_grade_cascadia_high,Full Geometry-Aware Hybrid GA,5,1,72.95644847296327,72.95644847296327,0.0,0.0,0.0,98.50555555555556,1.736070561734954,12,1,50.0,11,1.727875959474386,0.0,1.727875959474386,74.68432443243766,2.313572456610342,14.150407479983711,24.54770765792223,24.12654421821933
segmented_diagnostic,usgs_southern_cascadia_30m_high,USGS Cascadia 30 m High,public,survey_grade_cascadia_high,Full Geometry-Aware Hybrid GA,5,1,72.95644847296327,72.95644847296327,0.0,0.0,0.0,98.50555555555556,1.736070561734954,12,1,100.0,11,3.455751918948772,0.0,3.455751918948772,76.41220039191205,4.522513291365119,14.790361539048298,24.126544218219312,23.326134251375745
segmented_diagnostic,usgs_southern_cascadia_30m_high,USGS Cascadia 30 m High,public,survey_grade_cascadia_high,Full Geometry-Aware Hybrid GA,6,1,72.93477107272396,72.93477107272396,0.0,0.0,0.0,98.19444444444444,1.770516194005536,12,1,25.0,11,0.863937979737193,0.0,0.863937979737193,73.79870905246115,1.1706681469496263,13.826416117073768,24.78594507749346,24.569607963675853
segmented_diagnostic,usgs_southern_cascadia_30m_high,USGS Cascadia 30 m High,public,survey_grade_cascadia_high,Full Geometry-Aware Hybrid GA,6,1,72.93477107272396,72.93477107272396,0.0,0.0,0.0,98.19444444444444,1.770516194005536,12,1,50.0,11,1.727875959474386,0.0,1.727875959474386,74.66264703219835,2.314244174505677,14.14639314660606,24.569607963675853,24.148068781837253
segmented_diagnostic,usgs_southern_cascadia_30m_high,USGS Cascadia 30 m High,public,survey_grade_cascadia_high,Full Geometry-Aware Hybrid GA,6,1,72.93477107272396,72.93477107272396,0.0,0.0,0.0,98.19444444444444,1.770516194005536,12,1,100.0,11,3.455751918948772,0.0,3.455751918948772,76.39052299167274,4.52379664860454,14.78634720567065,24.148068781837235,23.34694472701256
segmented_diagnostic,usgs_southern_cascadia_30m_high,USGS Cascadia 30 m High,public,survey_grade_cascadia_high,Full Geometry-Aware Hybrid GA,7,1,72.83345975790567,72.83345975790567,0.0,0.0,0.0,98.35,1.840006709566106,12,1,25.0,11,0.863937979737193,0.0,0.863937979737193,73.69739773764286,1.172277456542966,13.80765476247779,24.889199387695516,24.67196104782464
segmented_diagnostic,usgs_southern_cascadia_30m_high,USGS Cascadia 30 m High,public,survey_grade_cascadia_high,Full Geometry-Aware Hybrid GA,7,1,72.83345975790567,72.83345975790567,0.0,0.0,0.0,98.35,1.840006709566106,12,1,50.0,11,1.727875959474386,0.0,1.727875959474386,74.56133571738006,2.3173886879170036,14.127631792010082,24.671961047824656,24.24866580071165
segmented_diagnostic,usgs_southern_cascadia_30m_high,USGS Cascadia 30 m High,public,survey_grade_cascadia_high,Full Geometry-Aware Hybrid GA,7,1,72.83345975790567,72.83345975790567,0.0,0.0,0.0,98.35,1.840006709566106,12,1,100.0,11,3.455751918948772,0.0,3.455751918948772,76.28921167685445,4.529804205588901,14.76758585107467,24.24866580071164,23.44420439032482
segmented_diagnostic,usgs_southern_cascadia_30m_high,USGS Cascadia 30 m High,public,survey_grade_cascadia_high,Full Geometry-Aware Hybrid GA,8,1,72.05220703025746,72.05220703025746,0.0,0.0,0.0,98.53888888888888,1.4185772851411391,12,1,25.0,11,0.863937979737193,0.0,0.863937979737193,72.91614500999465,1.1848377058589323,13.662978331431823,25.685435342499535,25.461247282218917
segmented_diagnostic,usgs_southern_cascadia_30m_high,USGS Cascadia 30 m High,public,survey_grade_cascadia_high,Full Geometry-Aware Hybrid GA,8,1,72.05220703025746,72.05220703025746,0.0,0.0,0.0,98.53888888888888,1.4185772851411391,12,1,50.0,11,1.727875959474386,0.0,1.727875959474386,73.78008298973185,2.3419273731568704,13.982955360964116,25.461247282218917,25.02441030200318
segmented_diagnostic,usgs_southern_cascadia_30m_high,USGS Cascadia 30 m High,public,survey_grade_cascadia_high,Full Geometry-Aware Hybrid GA,8,1,72.05220703025746,72.05220703025746,0.0,0.0,0.0,98.53888888888888,1.4185772851411391,12,1,100.0,11,3.455751918948772,0.0,3.455751918948772,75.50795894920624,4.576672402538964,14.622909420028703,25.024410302003165,24.1942131863723
segmented_diagnostic,usgs_southern_cascadia_30m_high,USGS Cascadia 30 m High,public,survey_grade_cascadia_high,Full Geometry-Aware Hybrid GA,9,1,73.29008914467052,73.29008914467052,0.0,0.0,0.0,98.6,1.893664716167038,12,1,25.0,11,0.863937979737193,0.0,0.863937979737193,74.1540271244077,1.1650587476358771,13.892215760026835,24.42381255076661,24.210636208321908
segmented_diagnostic,usgs_southern_cascadia_30m_high,USGS Cascadia 30 m High,public,survey_grade_cascadia_high,Full Geometry-Aware Hybrid GA,9,1,73.29008914467052,73.29008914467052,0.0,0.0,0.0,98.6,1.893664716167038,12,1,50.0,11,1.727875959474386,0.0,1.727875959474386,75.0179651041449,2.3032828964043937,14.212192789559127,24.210636208321915,23.795255881776356
segmented_diagnostic,usgs_southern_cascadia_30m_high,USGS Cascadia 30 m High,public,survey_grade_cascadia_high,Full Geometry-Aware Hybrid GA,9,1,73.29008914467052,73.29008914467052,0.0,0.0,0.0,98.6,1.893664716167038,12,1,100.0,11,3.455751918948772,0.0,3.455751918948772,76.7458410636193,4.502852364448112,14.852146848623716,23.795255881776345,23.005836568380253
segmented_diagnostic,usgs_southern_cascadia_30m_high,USGS Cascadia 30 m High,public,survey_grade_cascadia_high,Full Geometry-Aware Hybrid GA,10,1,72.61834453794481,72.61834453794481,0.0,0.0,0.0,98.35555555555555,1.681630963814628,12,1,25.0,11,0.863937979737193,0.0,0.863937979737193,73.482282517682,1.1757092323980332,13.767818610633185,25.108440187115217,24.889288265913105
segmented_diagnostic,usgs_southern_cascadia_30m_high,USGS Cascadia 30 m High,public,survey_grade_cascadia_high,Full Geometry-Aware Hybrid GA,10,1,72.61834453794481,72.61834453794481,0.0,0.0,0.0,98.35555555555555,1.681630963814628,12,1,50.0,11,1.727875959474386,0.0,1.727875959474386,74.3462204974192,2.324093878496979,14.087795640165478,24.889288265913112,24.46226434971268
segmented_diagnostic,usgs_southern_cascadia_30m_high,USGS Cascadia 30 m High,public,survey_grade_cascadia_high,Full Geometry-Aware Hybrid GA,10,1,72.61834453794481,72.61834453794481,0.0,0.0,0.0,98.35555555555555,1.681630963814628,12,1,100.0,11,3.455751918948772,0.0,3.455751918948772,76.07409645689359,4.542613162559124,14.727749699230067,24.462264349712672,23.6507167024418
segmented_diagnostic,usgs_southern_cascadia_30m_high,USGS Cascadia 30 m High,public,survey_grade_cascadia_high,Full Geometry-Aware Hybrid GA,11,1,72.81315520307494,72.81315520307494,0.0,0.0,0.0,98.39444444444445,1.9875495407912185,12,1,25.0,11,0.863937979737193,0.0,0.863937979737193,73.67709318281213,1.1726005226530003,13.803894659731359,24.90989335269604,24.692474391402516
segmented_diagnostic,usgs_southern_cascadia_30m_high,USGS Cascadia 30 m High,public,survey_grade_cascadia_high,Full Geometry-Aware Hybrid GA,11,1,72.81315520307494,72.81315520307494,0.0,0.0,0.0,98.39444444444445,1.9875495407912185,12,1,50.0,11,1.727875959474386,0.0,1.727875959474386,74.54103116254933,2.3180199314743315,14.123871689263652,24.69247439140253,24.268827198174566
segmented_diagnostic,usgs_southern_cascadia_30m_high,USGS Cascadia 30 m High,public,survey_grade_cascadia_high,Full Geometry-Aware Hybrid GA,11,1,72.81315520307494,72.81315520307494,0.0,0.0,0.0,98.39444444444445,1.9875495407912185,12,1,100.0,11,3.455751918948772,0.0,3.455751918948772,76.26890712202372,4.531010144697452,14.76382574832824,24.268827198174563,23.463696923514068
segmented_diagnostic,usgs_southern_cascadia_30m_high,USGS Cascadia 30 m High,public,survey_grade_cascadia_high,Full Geometry-Aware Hybrid GA,12,1,72.83533779034457,72.83533779034457,0.0,0.0,0.0,98.48333333333332,1.5408598141880474,12,1,25.0,11,0.863937979737193,0.0,0.863937979737193,73.69927577008175,1.172247584131497,13.80800254626277,24.887285337479476,24.67006370385475
segmented_diagnostic,usgs_southern_cascadia_30m_high,USGS Cascadia 30 m High,public,survey_grade_cascadia_high,Full Geometry-Aware Hybrid GA,12,1,72.83533779034457,72.83533779034457,0.0,0.0,0.0,98.48333333333332,1.5408598141880474,12,1,50.0,11,1.727875959474386,0.0,1.727875959474386,74.56321374981896,2.317330319575424,14.127979575795063,24.670063703854762,24.246801009350076
segmented_diagnostic,usgs_southern_cascadia_30m_high,USGS Cascadia 30 m High,public,survey_grade_cascadia_high,Full Geometry-Aware Hybrid GA,12,1,72.83533779034457,72.83533779034457,0.0,0.0,0.0,98.48333333333332,1.5408598141880474,12,1,100.0,11,3.455751918948772,0.0,3.455751918948772,76.29108970929335,4.529692696901945,14.76793363485965,24.24680100935007,23.442401464333546
segmented_diagnostic,usgs_southern_cascadia_30m_high,USGS Cascadia 30 m High,public,survey_grade_cascadia_high,Full Geometry-Aware Hybrid GA,13,1,73.1180153002585,73.1180153002585,0.0,0.0,0.0,98.43888888888888,1.6062124674236713,12,1,25.0,11,0.863937979737193,0.0,0.863937979737193,73.9819532799957,1.16776854548229,13.860350233283867,24.599186507174593,24.38447946273531
segmented_diagnostic,usgs_southern_cascadia_30m_high,USGS Cascadia 30 m High,public,survey_grade_cascadia_high,Full Geometry-Aware Hybrid GA,13,1,73.1180153002585,73.1180153002585,0.0,0.0,0.0,98.43888888888888,1.6062124674236713,12,1,50.0,11,1.727875959474386,0.0,1.727875959474386,74.8458912597329,2.3085782404250472,14.18032726281616,24.384479462735303,23.96611651866725
segmented_diagnostic,usgs_southern_cascadia_30m_high,USGS Cascadia 30 m High,public,survey_grade_cascadia_high,Full Geometry-Aware Hybrid GA,13,1,73.1180153002585,73.1180153002585,0.0,0.0,0.0,98.43888888888888,1.6062124674236713,12,1,100.0,11,3.455751918948772,0.0,3.455751918948772,76.57376721920728,4.512971014023655,14.82028132188075,23.966116518667228,23.171028819634486
segmented_diagnostic,usgs_southern_cascadia_30m_high,USGS Cascadia 30 m High,public,survey_grade_cascadia_high,Full Geometry-Aware Hybrid GA,14,1,72.95418637617745,72.95418637617745,0.0,0.0,0.0,98.34444444444443,1.8043885549914944,12,1,25.0,11,0.863937979737193,0.0,0.863937979737193,73.81812435591463,1.1703602431995015,13.830011543639229,24.766157418345525,24.549993015516172
segmented_diagnostic,usgs_southern_cascadia_30m_high,USGS Cascadia 30 m High,public,survey_grade_cascadia_high,Full Geometry-Aware Hybrid GA,14,1,72.95418637617745,72.95418637617745,0.0,0.0,0.0,98.34444444444443,1.8043885549914944,12,1,50.0,11,1.727875959474386,0.0,1.727875959474386,74.68206233565184,2.3136425340111826,14.14998857317152,24.54999301551618,24.12879036608019
segmented_diagnostic,usgs_southern_cascadia_30m_high,USGS Cascadia 30 m High,public,survey_grade_cascadia_high,Full Geometry-Aware Hybrid GA,14,1,72.95418637617745,72.95418637617745,0.0,0.0,0.0,98.34444444444443,1.8043885549914944,12,1,100.0,11,3.455751918948772,0.0,3.455751918948772,76.40993829512622,4.522647179220659,14.789942632236109,24.128790366080167,23.328305882176938
segmented_diagnostic,usgs_southern_cascadia_30m_high,USGS Cascadia 30 m High,public,survey_grade_cascadia_high,Full Geometry-Aware Hybrid GA,15,1,73.1571030444804,73.1571030444804,0.0,0.0,0.0,98.42222222222222,2.0223229190098486,12,1,25.0,11,0.863937979737193,0.0,0.863937979737193,74.02104102421758,1.1671518905746503,13.867588704436072,24.559349120065125,24.34498978499589
segmented_diagnostic,usgs_southern_cascadia_30m_high,USGS Cascadia 30 m High,public,survey_grade_cascadia_high,Full Geometry-Aware Hybrid GA,15,1,73.1571030444804,73.1571030444804,0.0,0.0,0.0,98.42222222222222,2.0223229190098486,12,1,50.0,11,1.727875959474386,0.0,1.727875959474386,74.88497900395478,2.3073732308626735,14.187565733968363,24.344989784995896,23.92730436278614
segmented_diagnostic,usgs_southern_cascadia_30m_high,USGS Cascadia 30 m High,public,survey_grade_cascadia_high,Full Geometry-Aware Hybrid GA,15,1,73.1571030444804,73.1571030444804,0.0,0.0,0.0,98.42222222222222,2.0223229190098486,12,1,100.0,11,3.455751918948772,0.0,3.455751918948772,76.61285496342917,4.51066850412814,14.827519793032952,23.927304362786124,23.13350427610768
segmented_diagnostic,usgs_southern_cascadia_30m_high,USGS Cascadia 30 m High,public,survey_grade_cascadia_high,Full Geometry-Aware Hybrid GA,16,1,72.86601720047472,72.86601720047472,0.0,0.0,0.0,98.57777777777775,1.6849787312957163,12,1,25.0,11,0.863937979737193,0.0,0.863937979737193,73.7299551802119,1.1717598059371424,13.813683918509092,24.856017543392745,24.639068821868296
segmented_diagnostic,usgs_southern_cascadia_30m_high,USGS Cascadia 30 m High,public,survey_grade_cascadia_high,Full Geometry-Aware Hybrid GA,16,1,72.86601720047472,72.86601720047472,0.0,0.0,0.0,98.57777777777775,1.6849787312957163,12,1,50.0,11,1.727875959474386,0.0,1.727875959474386,74.5938931599491,2.316377234486691,14.133660948041385,24.639068821868296,24.216337904558156
segmented_diagnostic,usgs_southern_cascadia_30m_high,USGS Cascadia 30 m High,public,survey_grade_cascadia_high,Full Geometry-Aware Hybrid GA,16,1,72.86601720047472,72.86601720047472,0.0,0.0,0.0,98.57777777777775,1.6849787312957163,12,1,100.0,11,3.455751918948772,0.0,3.455751918948772,76.3217691194235,4.527871875639346,14.773615007105974,24.216337904558138,23.412948988021014
segmented_diagnostic,usgs_southern_cascadia_30m_high,USGS Cascadia 30 m High,public,survey_grade_cascadia_high,Full Geometry-Aware Hybrid GA,17,1,73.00941769395924,73.00941769395924,0.0,0.0,0.0,98.42777777777778,1.720388523343908,12,1,25.0,11,0.863937979737193,0.0,0.863937979737193,73.87335567369642,1.1694852248938916,13.84023956545067,24.709866848735036,24.49419376222736
segmented_diagnostic,usgs_southern_cascadia_30m_high,USGS Cascadia 30 m High,public,survey_grade_cascadia_high,Full Geometry-Aware Hybrid GA,17,1,73.00941769395924,73.00941769395924,0.0,0.0,0.0,98.42777777777778,1.720388523343908,12,1,50.0,11,1.727875959474386,0.0,1.727875959474386,74.73729365343362,2.3119327380073025,14.160216594982963,24.49419376222736,24.073948456987228
segmented_diagnostic,usgs_southern_cascadia_30m_high,USGS Cascadia 30 m High,public,survey_grade_cascadia_high,Full Geometry-Aware Hybrid GA,17,1,73.00941769395924,73.00941769395924,0.0,0.0,0.0,98.42777777777778,1.720388523343908,12,1,100.0,11,3.455751918948772,0.0,3.455751918948772,76.46516961290801,4.519380440065629,14.80017065404755,24.07394845698721,23.275283380382508
segmented_diagnostic,usgs_southern_cascadia_30m_high,USGS Cascadia 30 m High,public,survey_grade_cascadia_high,Full Geometry-Aware Hybrid GA,18,1,73.37333893638746,73.37333893638746,0.0,0.0,0.0,98.47222222222224,1.897883570326418,12,1,25.0,11,0.863937979737193,0.0,0.863937979737193,74.23727691612464,1.1637522490396495,13.907632388122565,24.338966155932876,24.126530371256646
segmented_diagnostic,usgs_southern_cascadia_30m_high,USGS Cascadia 30 m High,public,survey_grade_cascadia_high,Full Geometry-Aware Hybrid GA,18,1,73.37333893638746,73.37333893638746,0.0,0.0,0.0,98.47222222222224,1.897883570326418,12,1,50.0,11,1.727875959474386,0.0,1.727875959474386,75.10121489586184,2.30072970440002,14.227609417654858,24.126530371256656,23.712593043142192
segmented_diagnostic,usgs_southern_cascadia_30m_high,USGS Cascadia 30 m High,public,survey_grade_cascadia_high,Full Geometry-Aware Hybrid GA,18,1,73.37333893638746,73.37333893638746,0.0,0.0,0.0,98.47222222222224,1.897883570326418,12,1,100.0,11,3.455751918948772,0.0,3.455751918948772,76.82909085533623,4.497973203217658,14.867563476719447,23.71259304314219,22.925916110060978
segmented_diagnostic,usgs_southern_cascadia_30m_high,USGS Cascadia 30 m High,public,survey_grade_cascadia_high,Full Geometry-Aware Hybrid GA,19,1,73.03307620106013,73.03307620106013,0.0,0.0,0.0,98.40555555555557,1.7226591781908376,12,1,25.0,11,0.863937979737193,0.0,0.863937979737193,73.89701418079731,1.1691108082167867,13.844620770469355,24.68575460781215,24.47029197818205
segmented_diagnostic,usgs_southern_cascadia_30m_high,USGS Cascadia 30 m High,public,survey_grade_cascadia_high,Full Geometry-Aware Hybrid GA,19,1,73.03307620106013,73.03307620106013,0.0,0.0,0.0,98.40555555555557,1.7226591781908376,12,1,50.0,11,1.727875959474386,0.0,1.727875959474386,74.76095216053452,2.3112011144054327,14.164597800001648,24.470291978182058,24.05045675431179
segmented_diagnostic,usgs_southern_cascadia_30m_high,USGS Cascadia 30 m High,public,survey_grade_cascadia_high,Full Geometry-Aware Hybrid GA,19,1,73.03307620106013,73.03307620106013,0.0,0.0,0.0,98.40555555555557,1.7226591781908376,12,1,100.0,11,3.455751918948772,0.0,3.455751918948772,76.4888281200089,4.517982565410455,14.804551859066237,24.050456754311778,23.252571026493584
segmented_diagnostic,usgs_southern_cascadia_30m_high,USGS Cascadia 30 m High,public,survey_grade_cascadia_high,Full Geometry-Aware Hybrid GA,20,1,73.11716995225842,73.11716995225842,0.0,0.0,0.0,98.27777777777776,1.8010179563655295,12,1,25.0,11,0.863937979737193,0.0,0.863937979737193,73.98110793199561,1.1677818890348817,13.860193687357928,24.600048067650697,24.38533350332438
segmented_diagnostic,usgs_southern_cascadia_30m_high,USGS Cascadia 30 m High,public,survey_grade_cascadia_high,Full Geometry-Aware Hybrid GA,20,1,73.11716995225842,73.11716995225842,0.0,0.0,0.0,98.27777777777776,1.8010179563655295,12,1,50.0,11,1.727875959474386,0.0,1.727875959474386,74.84504591173281,2.308604314989834,14.18017071689022,24.38533350332438,23.966955906536917
segmented_diagnostic,usgs_southern_cascadia_30m_high,USGS Cascadia 30 m High,public,survey_grade_cascadia_high,Full Geometry-Aware Hybrid GA,20,1,73.11716995225842,73.11716995225842,0.0,0.0,0.0,98.27777777777776,1.8010179563655295,12,1,100.0,11,3.455751918948772,0.0,3.455751918948772,76.5729218712072,4.513020836218341,14.82012477595481,23.966955906536906,23.171840360398875
segmented_diagnostic,usgs_southern_cascadia_30m_high,USGS Cascadia 30 m High,public,survey_grade_cascadia_high,Full Geometry-Aware Hybrid GA,21,1,72.71640685403159,72.71640685403159,0.0,0.0,0.0,98.36111111111111,1.8026913249362917,12,1,25.0,11,0.863937979737193,0.0,0.863937979737193,73.58034483376878,1.174142336093945,13.785978298797403,25.008497186449226,24.7902175894713
segmented_diagnostic,usgs_southern_cascadia_30m_high,USGS Cascadia 30 m High,public,survey_grade_cascadia_high,Full Geometry-Aware Hybrid GA,21,1,72.71640685403159,72.71640685403159,0.0,0.0,0.0,98.36111111111111,1.8026913249362917,12,1,50.0,11,1.727875959474386,0.0,1.727875959474386,74.44428281350598,2.321032447586301,14.105955328329696,24.790217589471304,24.364893422487597
segmented_diagnostic,usgs_southern_cascadia_30m_high,USGS Cascadia 30 m High,public,survey_grade_cascadia_high,Full Geometry-Aware Hybrid GA,21,1,72.71640685403159,72.71640685403159,0.0,0.0,0.0,98.36111111111111,1.8026913249362917,12,1,100.0,11,3.455751918948772,0.0,3.455751918948772,76.17215877298037,4.536765105014444,14.745909387394285,24.364893422487587,23.556576103602207
segmented_diagnostic,usgs_southern_cascadia_30m_high,USGS Cascadia 30 m High,public,survey_grade_cascadia_high,Full Geometry-Aware Hybrid GA,22,1,72.54046470626102,72.54046470626102,0.0,0.0,0.0,98.48333333333332,1.5227361962141814,12,1,25.0,11,0.863937979737193,0.0,0.863937979737193,73.4044026859982,1.1769566240227551,13.75339641958063,25.187813634331697,24.967968924437013
segmented_diagnostic,usgs_southern_cascadia_30m_high,USGS Cascadia 30 m High,public,survey_grade_cascadia_high,Full Geometry-Aware Hybrid GA,22,1,72.54046470626102,72.54046470626102,0.0,0.0,0.0,98.48333333333332,1.5227361962141814,12,1,50.0,11,1.727875959474386,0.0,1.727875959474386,74.26834066573541,2.3265309874784403,14.073373449112923,24.967968924437013,24.539595089244408
segmented_diagnostic,usgs_southern_cascadia_30m_high,USGS Cascadia 30 m High,public,survey_grade_cascadia_high,Full Geometry-Aware Hybrid GA,22,1,72.54046470626102,72.54046470626102,0.0,0.0,0.0,98.48333333333332,1.5227361962141814,12,1,100.0,11,3.455751918948772,0.0,3.455751918948772,75.9962166252098,4.547268367307662,14.713327508177512,24.53959508924439,23.725481956668016
segmented_diagnostic,usgs_southern_cascadia_30m_high,USGS Cascadia 30 m High,public,survey_grade_cascadia_high,Full Geometry-Aware Hybrid GA,23,1,72.9147306842187,72.9147306842187,0.0,0.0,0.0,98.44444444444444,1.8525813022488713,12,1,25.0,11,0.863937979737193,0.0,0.863937979737193,73.77866866395588,1.1709861337729244,13.822704934017239,24.806369809864208,24.58985442454483
segmented_diagnostic,usgs_southern_cascadia_30m_high,USGS Cascadia 30 m High,public,survey_grade_cascadia_high,Full Geometry-Aware Hybrid GA,23,1,72.9147306842187,72.9147306842187,0.0,0.0,0.0,98.44444444444444,1.8525813022488713,12,1,50.0,11,1.727875959474386,0.0,1.727875959474386,74.64260664369309,2.314865513368808,14.14268196354953,24.58985442454484,24.16796787548075
segmented_diagnostic,usgs_southern_cascadia_30m_high,USGS Cascadia 30 m High,public,survey_grade_cascadia_high,Full Geometry-Aware Hybrid GA,23,1,72.9147306842187,72.9147306842187,0.0,0.0,0.0,98.44444444444444,1.8525813022488713,12,1,100.0,11,3.455751918948772,0.0,3.455751918948772,76.37048260316747,4.524983738685245,14.782636022614119,24.16796787548073,23.366183658440555
segmented_diagnostic,usgs_southern_cascadia_30m_high,USGS Cascadia 30 m High,public,survey_grade_cascadia_high,Full Geometry-Aware Hybrid GA,24,1,73.40557719799891,73.40557719799891,0.0,0.0,0.0,98.30555555555556,1.9308337547483008,12,1,25.0,11,0.863937979737193,0.0,0.863937979737193,74.2695151777361,1.163247097641183,13.913602436569128,24.306109613988134,24.093960608348667
segmented_diagnostic,usgs_southern_cascadia_30m_high,USGS Cascadia 30 m High,public,survey_grade_cascadia_high,Full Geometry-Aware Hybrid GA,24,1,73.40557719799891,73.40557719799891,0.0,0.0,0.0,98.30555555555556,1.9308337547483008,12,1,50.0,11,1.727875959474386,0.0,1.727875959474386,75.1334531574733,2.299742507312829,14.233579466101421,24.09396060834867,23.68058207755932
segmented_diagnostic,usgs_southern_cascadia_30m_high,USGS Cascadia 30 m High,public,survey_grade_cascadia_high,Full Geometry-Aware Hybrid GA,24,1,73.40557719799891,73.40557719799891,0.0,0.0,0.0,98.30555555555556,1.9308337547483008,12,1,100.0,11,3.455751918948772,0.0,3.455751918948772,76.86132911694769,4.496086599921663,14.87353352516601,23.6805820775593,22.89496712400029
segmented_diagnostic,usgs_southern_cascadia_30m_high,USGS Cascadia 30 m High,public,survey_grade_cascadia_high,Full Geometry-Aware Hybrid GA,25,1,72.75919491373881,72.75919491373881,0.0,0.0,0.0,98.29444444444444,1.6337641841003456,12,1,25.0,11,0.863937979737193,0.0,0.863937979737193,73.623132893476,1.173459951761642,13.793902013558002,24.96488851748784,24.74698954644734
segmented_diagnostic,usgs_southern_cascadia_30m_high,USGS Cascadia 30 m High,public,survey_grade_cascadia_high,Full Geometry-Aware Hybrid GA,25,1,72.75919491373881,72.75919491373881,0.0,0.0,0.0,98.29444444444444,1.6337641841003456,12,1,50.0,11,1.727875959474386,0.0,1.727875959474386,74.4870708732132,2.3196991628459367,14.113879043090293,24.746989546447363,24.322407040214436
segmented_diagnostic,usgs_southern_cascadia_30m_high,USGS Cascadia 30 m High,public,survey_grade_cascadia_high,Full Geometry-Aware Hybrid GA,25,1,72.75919491373881,72.75919491373881,0.0,0.0,0.0,98.29444444444444,1.6337641841003456,12,1,100.0,11,3.455751918948772,0.0,3.455751918948772,76.21494683268759,4.534218106239819,14.753833102154882,24.32240704021443,23.51549922795042
segmented_diagnostic,usgs_southern_cascadia_30m_high,USGS Cascadia 30 m High,public,survey_grade_cascadia_high,Full Geometry-Aware Hybrid GA,26,1,73.02993006722723,73.02993006722723,0.0,0.0,0.0,98.44444444444444,1.856962160766862,12,1,25.0,11,0.863937979737193,0.0,0.863937979737193,73.89386804696441,1.1691605847295794,13.84403815309289,24.68896107965887,24.473470463245842
segmented_diagnostic,usgs_southern_cascadia_30m_high,USGS Cascadia 30 m High,public,survey_grade_cascadia_high,Full Geometry-Aware Hybrid GA,26,1,73.02993006722723,73.02993006722723,0.0,0.0,0.0,98.44444444444444,1.856962160766862,12,1,50.0,11,1.727875959474386,0.0,1.727875959474386,74.75780602670162,2.311298379806962,14.164015182625183,24.473470463245842,24.053580706311998
segmented_diagnostic,usgs_southern_cascadia_30m_high,USGS Cascadia 30 m High,public,survey_grade_cascadia_high,Full Geometry-Aware Hybrid GA,26,1,73.02993006722723,73.02993006722723,0.0,0.0,0.0,98.44444444444444,1.856962160766862,12,1,100.0,11,3.455751918948772,0.0,3.455751918948772,76.485681986176,4.518168406438951,14.803969241689773,24.05358070631198,23.255591339850216
segmented_diagnostic,usgs_southern_cascadia_30m_high,USGS Cascadia 30 m High,public,survey_grade_cascadia_high,Full Geometry-Aware Hybrid GA,27,1,73.0013456395729,73.0013456395729,0.0,0.0,0.0,98.39444444444445,1.798140353805952,12,1,25.0,11,0.863937979737193,0.0,0.863937979737193,73.86528361931009,1.1696130271289444,13.838744740564312,24.718093712724208,24.502348820360204
segmented_diagnostic,usgs_southern_cascadia_30m_high,USGS Cascadia 30 m High,public,survey_grade_cascadia_high,Full Geometry-Aware Hybrid GA,27,1,73.0013456395729,73.0013456395729,0.0,0.0,0.0,98.39444444444445,1.798140353805952,12,1,50.0,11,1.727875959474386,0.0,1.727875959474386,74.72922159904729,2.3121824669138724,14.158721770096605,24.502348820360204,24.081963599312775
segmented_diagnostic,usgs_southern_cascadia_30m_high,USGS Cascadia 30 m High,public,survey_grade_cascadia_high,Full Geometry-Aware Hybrid GA,27,1,73.0013456395729,73.0013456395729,0.0,0.0,0.0,98.39444444444445,1.798140353805952,12,1,100.0,11,3.455751918948772,0.0,3.455751918948772,76.45709755852168,4.519857579348569,14.798675829161194,24.081963599312758,23.283032616420556
segmented_diagnostic,usgs_southern_cascadia_30m_high,USGS Cascadia 30 m High,public,survey_grade_cascadia_high,Full Geometry-Aware Hybrid GA,28,1,73.01797300281706,73.01797300281706,0.0,0.0,0.0,98.35,1.7686715545550753,12,1,25.0,11,0.863937979737193,0.0,0.863937979737193,73.88191098255425,1.1693498019308068,13.841823881905825,24.701147462195987,24.48555048038845
segmented_diagnostic,usgs_southern_cascadia_30m_high,USGS Cascadia 30 m High,public,survey_grade_cascadia_high,Full Geometry-Aware Hybrid GA,28,1,73.01797300281706,73.01797300281706,0.0,0.0,0.0,98.35,1.7686715545550753,12,1,50.0,11,1.727875959474386,0.0,1.727875959474386,74.74584896229145,2.311668117310545,14.161800911438117,24.48555048038846,24.065453467378305
segmented_diagnostic,usgs_southern_cascadia_30m_high,USGS Cascadia 30 m High,public,survey_grade_cascadia_high,Full Geometry-Aware Hybrid GA,28,1,73.01797300281706,73.01797300281706,0.0,0.0,0.0,98.35,1.7686715545550753,12,1,100.0,11,3.455751918948772,0.0,3.455751918948772,76.47372492176584,4.5188748455552235,14.801754970502706,24.065453467378298,23.267070216230618
segmented_diagnostic,usgs_southern_cascadia_30m_high,USGS Cascadia 30 m High,public,survey_grade_cascadia_high,Full Geometry-Aware Hybrid GA,29,1,72.60630779748159,72.60630779748159,0.0,0.0,0.0,98.37777777777778,1.9484361196528792,12,1,25.0,11,0.863937979737193,0.0,0.863937979737193,73.47024577721878,1.1759018506034151,13.765589584621479,25.120707773769674,24.901448778405893
segmented_diagnostic,usgs_southern_cascadia_30m_high,USGS Cascadia 30 m High,public,survey_grade_cascadia_high,Full Geometry-Aware Hybrid GA,29,1,72.60630779748159,72.60630779748159,0.0,0.0,0.0,98.37777777777778,1.9484361196528792,12,1,50.0,11,1.727875959474386,0.0,1.727875959474386,74.33418375695598,2.324470212955956,14.085566614153771,24.901448778405904,24.474216225075622
segmented_diagnostic,usgs_southern_cascadia_30m_high,USGS Cascadia 30 m High,public,survey_grade_cascadia_high,Full Geometry-Aware Hybrid GA,29,1,72.60630779748159,72.60630779748159,0.0,0.0,0.0,98.37777777777778,1.9484361196528792,12,1,100.0,11,3.455751918948772,0.0,3.455751918948772,76.06205971643037,4.543332026285222,14.725520673218359,24.47421622507562,23.662272068463157
segmented_diagnostic,usgs_southern_cascadia_30m_high,USGS Cascadia 30 m High,public,survey_grade_cascadia_high,Coverage-Preserving Segmented Hybrid,0,1,72.8691042136253,72.8691042136253,0.0,0.0,0.0,98.55,1.5733972802907423,12,1,25.0,11,0.863937979737193,0.0,0.863937979737193,73.7330421933625,1.1717107473628225,13.814255587611056,24.852871326072194,24.635950065416075
segmented_diagnostic,usgs_southern_cascadia_30m_high,USGS Cascadia 30 m High,public,survey_grade_cascadia_high,Coverage-Preserving Segmented Hybrid,0,1,72.8691042136253,72.8691042136253,0.0,0.0,0.0,98.55,1.5733972802907423,12,1,50.0,11,1.727875959474386,0.0,1.727875959474386,74.5969801730997,2.3162813768934214,14.134232617143349,24.63595006541609,24.213272656409575
segmented_diagnostic,usgs_southern_cascadia_30m_high,USGS Cascadia 30 m High,public,survey_grade_cascadia_high,Coverage-Preserving Segmented Hybrid,0,1,72.8691042136253,72.8691042136253,0.0,0.0,0.0,98.55,1.5733972802907423,12,1,100.0,11,3.455751918948772,0.0,3.455751918948772,76.32485613257408,4.527688742637432,14.774186676207938,24.213272656409572,23.40998543098687
segmented_diagnostic,usgs_southern_cascadia_30m_high,USGS Cascadia 30 m High,public,survey_grade_cascadia_high,Transition-Aware Segmented Hybrid,0,1,72.8691042136253,72.8691042136253,0.0,0.0,0.0,98.55,1.5733972802907423,12,1,25.0,11,0.863937979737193,0.0,0.863937979737193,73.7330421933625,1.1717107473628225,13.814255587611056,24.852871326072194,24.635950065416075
segmented_diagnostic,usgs_southern_cascadia_30m_high,USGS Cascadia 30 m High,public,survey_grade_cascadia_high,Transition-Aware Segmented Hybrid,0,1,72.8691042136253,72.8691042136253,0.0,0.0,0.0,98.55,1.5733972802907423,12,1,50.0,11,1.727875959474386,0.0,1.727875959474386,74.5969801730997,2.3162813768934214,14.134232617143349,24.63595006541609,24.213272656409575
segmented_diagnostic,usgs_southern_cascadia_30m_high,USGS Cascadia 30 m High,public,survey_grade_cascadia_high,Transition-Aware Segmented Hybrid,0,1,72.8691042136253,72.8691042136253,0.0,0.0,0.0,98.55,1.5733972802907423,12,1,100.0,11,3.455751918948772,0.0,3.455751918948772,76.32485613257408,4.527688742637432,14.774186676207938,24.213272656409572,23.40998543098687
segmented_diagnostic,usgs_southern_cascadia_30m_high,USGS Cascadia 30 m High,public,survey_grade_cascadia_high,Coverage-Preserving Segmented Hybrid,1,2,76.08474808706488,68.57002833194522,7.41,0.1047197551196597,100.0,98.65555555555557,0.411814751379766,13,1,25.0,11,0.863937979737193,0.02617993877991492,0.8901179185171079,76.87014625046233,1.1579500780665606,14.400048920181376,21.655602432376604,21.440138486052458
segmented_diagnostic,usgs_southern_cascadia_30m_high,USGS Cascadia 30 m High,public,survey_grade_cascadia_high,Coverage-Preserving Segmented Hybrid,1,2,76.08474808706488,68.57002833194522,7.41,0.1047197551196597,100.0,98.65555555555557,0.411814751379766,13,1,50.0,11,1.727875959474386,0.05235987755982984,1.7802358370342157,77.76026416897943,2.2893901609768417,14.72972222333586,21.440138486052465,21.020300696565382
segmented_diagnostic,usgs_southern_cascadia_30m_high,USGS Cascadia 30 m High,public,survey_grade_cascadia_high,Coverage-Preserving Segmented Hybrid,1,2,76.08474808706488,68.57002833194522,7.41,0.1047197551196597,100.0,98.65555555555557,0.411814751379766,13,1,100.0,11,3.455751918948772,0.10471975511965968,3.5604716740684315,79.54050000601366,4.4763003423403696,15.38906882964483,21.020300696565368,20.22241009286036
segmented_diagnostic,usgs_southern_cascadia_30m_high,USGS Cascadia 30 m High,public,survey_grade_cascadia_high,Transition-Aware Segmented Hybrid,1,1,72.82287786481395,72.82287786481395,0.0,0.0,0.0,98.36111111111111,1.6199860002956463,12,1,25.0,11,0.863937979737193,0.0,0.863937979737193,73.68681584455113,1.1724458030046334,13.805695152645987,24.899984225240836,24.682651752964688
segmented_diagnostic,usgs_southern_cascadia_30m_high,USGS Cascadia 30 m High,public,survey_grade_cascadia_high,Transition-Aware Segmented Hybrid,1,1,72.82287786481395,72.82287786481395,0.0,0.0,0.0,98.36111111111111,1.6199860002956463,12,1,50.0,11,1.727875959474386,0.0,1.727875959474386,74.55075382428834,2.3177176230127547,14.12567218217828,24.682651752964684,24.259173086111954
segmented_diagnostic,usgs_southern_cascadia_30m_high,USGS Cascadia 30 m High,public,survey_grade_cascadia_high,Transition-Aware Segmented Hybrid,1,1,72.82287786481395,72.82287786481395,0.0,0.0,0.0,98.36111111111111,1.6199860002956463,12,1,100.0,11,3.455751918948772,0.0,3.455751918948772,76.27862978376272,4.530432611001609,14.765626241242868,24.259173086111936,23.454363091365803
segmented_diagnostic,usgs_southern_cascadia_30m_high,USGS Cascadia 30 m High,public,survey_grade_cascadia_high,Coverage-Preserving Segmented Hybrid,2,1,72.80812097767209,72.80812097767209,0.0,0.0,0.0,98.56111111111112,1.7080085212686391,12,1,25.0,11,0.863937979737193,0.0,0.863937979737193,73.67205895740928,1.1726806498467026,13.802962395767867,24.915024126808543,24.697560383003815
segmented_diagnostic,usgs_southern_cascadia_30m_high,USGS Cascadia 30 m High,public,survey_grade_cascadia_high,Coverage-Preserving Segmented Hybrid,2,1,72.80812097767209,72.80812097767209,0.0,0.0,0.0,98.56111111111112,1.7080085212686391,12,1,50.0,11,1.727875959474386,0.0,1.727875959474386,74.53599693714648,2.3181764925361388,14.12293942530016,24.697560383003825,24.273825929745442
segmented_diagnostic,usgs_southern_cascadia_30m_high,USGS Cascadia 30 m High,public,survey_grade_cascadia_high,Coverage-Preserving Segmented Hybrid,2,1,72.80812097767209,72.80812097767209,0.0,0.0,0.0,98.56111111111112,1.7080085212686391,12,1,100.0,11,3.455751918948772,0.0,3.455751918948772,76.26387289662087,4.531309239478567,14.76289348436475,24.273825929745435,23.468529819707324
segmented_diagnostic,usgs_southern_cascadia_30m_high,USGS Cascadia 30 m High,public,survey_grade_cascadia_high,Transition-Aware Segmented Hybrid,2,1,72.80812097767209,72.80812097767209,0.0,0.0,0.0,98.56111111111112,1.7080085212686391,12,1,25.0,11,0.863937979737193,0.0,0.863937979737193,73.67205895740928,1.1726806498467026,13.802962395767867,24.915024126808543,24.697560383003815
segmented_diagnostic,usgs_southern_cascadia_30m_high,USGS Cascadia 30 m High,public,survey_grade_cascadia_high,Transition-Aware Segmented Hybrid,2,1,72.80812097767209,72.80812097767209,0.0,0.0,0.0,98.56111111111112,1.7080085212686391,12,1,50.0,11,1.727875959474386,0.0,1.727875959474386,74.53599693714648,2.3181764925361388,14.12293942530016,24.697560383003825,24.273825929745442
segmented_diagnostic,usgs_southern_cascadia_30m_high,USGS Cascadia 30 m High,public,survey_grade_cascadia_high,Transition-Aware Segmented Hybrid,2,1,72.80812097767209,72.80812097767209,0.0,0.0,0.0,98.56111111111112,1.7080085212686391,12,1,100.0,11,3.455751918948772,0.0,3.455751918948772,76.26387289662087,4.531309239478567,14.76289348436475,24.273825929745435,23.468529819707324
segmented_diagnostic,usgs_southern_cascadia_30m_high,USGS Cascadia 30 m High,public,survey_grade_cascadia_high,Coverage-Preserving Segmented Hybrid,3,2,76.30133286242112,68.78661310730146,7.41,0.1047197551196597,100.0,98.57777777777778,0.4443459187134521,13,1,25.0,11,0.863937979737193,0.02617993877991492,0.8901179185171079,77.08673102581857,1.1546966730486752,14.440157211914013,21.434863893746577,21.221326601346917
segmented_diagnostic,usgs_southern_cascadia_30m_high,USGS Cascadia 30 m High,public,survey_grade_cascadia_high,Coverage-Preserving Segmented Hybrid,3,2,76.30133286242112,68.78661310730146,7.41,0.1047197551196597,100.0,98.57777777777778,0.4443459187134521,13,1,50.0,11,1.727875959474386,0.05235987755982984,1.7802358370342157,77.97684894433567,2.283031260092402,14.769830515068497,21.22132660134692,20.805242953276814
segmented_diagnostic,usgs_southern_cascadia_30m_high,USGS Cascadia 30 m High,public,survey_grade_cascadia_high,Coverage-Preserving Segmented Hybrid,3,2,76.30133286242112,68.78661310730146,7.41,0.1047197551196597,100.0,98.57777777777778,0.4443459187134521,13,1,100.0,11,3.455751918948772,0.10471975511965968,3.5604716740684315,79.7570847813699,4.464144701161527,15.429177121377466,20.8052429532768,20.014486995943777
segmented_diagnostic,usgs_southern_cascadia_30m_high,USGS Cascadia 30 m High,public,survey_grade_cascadia_high,Transition-Aware Segmented Hybrid,3,1,72.89191814761692,72.89191814761692,0.0,0.0,0.0,98.47777777777776,1.6277879701442524,12,1,25.0,11,0.863937979737193,0.0,0.863937979737193,73.75585612735411,1.1713483174074109,13.818480390202094,24.829619855873386,24.612901539100964
segmented_diagnostic,usgs_southern_cascadia_30m_high,USGS Cascadia 30 m High,public,survey_grade_cascadia_high,Transition-Aware Segmented Hybrid,3,1,72.89191814761692,72.89191814761692,0.0,0.0,0.0,98.47777777777776,1.6277879701442524,12,1,50.0,11,1.727875959474386,0.0,1.727875959474386,74.61979410709131,2.3155732070161013,14.138457419734387,24.612901539100967,24.1906195721764
segmented_diagnostic,usgs_southern_cascadia_30m_high,USGS Cascadia 30 m High,public,survey_grade_cascadia_high,Transition-Aware Segmented Hybrid,3,1,72.89191814761692,72.89191814761692,0.0,0.0,0.0,98.47777777777776,1.6277879701442524,12,1,100.0,11,3.455751918948772,0.0,3.455751918948772,76.3476700665657,4.526335795101258,14.778411478798976,24.190619572176384,23.388083873961065
segmented_diagnostic,usgs_southern_cascadia_30m_high,USGS Cascadia 30 m High,public,survey_grade_cascadia_high,Coverage-Preserving Segmented Hybrid,4,1,72.8274563288153,72.8274563288153,0.0,0.0,0.0,98.30555555555556,1.7791855028587769,12,1,25.0,11,0.863937979737193,0.0,0.863937979737193,73.69139430855249,1.1723729586657121,13.806543016349943,24.89531795333337,24.67802620929225
segmented_diagnostic,usgs_southern_cascadia_30m_high,USGS Cascadia 30 m High,public,survey_grade_cascadia_high,Coverage-Preserving Segmented Hybrid,4,1,72.8274563288153,72.8274563288153,0.0,0.0,0.0,98.30555555555556,1.7791855028587769,12,1,50.0,11,1.727875959474386,0.0,1.727875959474386,74.55533228828969,2.3175752913192786,14.126520045882236,24.67802620929226,24.254626902594474
segmented_diagnostic,usgs_southern_cascadia_30m_high,USGS Cascadia 30 m High,public,survey_grade_cascadia_high,Coverage-Preserving Segmented Hybrid,4,1,72.8274563288153,72.8274563288153,0.0,0.0,0.0,98.30555555555556,1.7791855028587769,12,1,100.0,11,3.455751918948772,0.0,3.455751918948772,76.28320824776408,4.530160697652701,14.766474104946825,24.254626902594463,23.449967729721756
segmented_diagnostic,usgs_southern_cascadia_30m_high,USGS Cascadia 30 m High,public,survey_grade_cascadia_high,Transition-Aware Segmented Hybrid,4,1,72.8274563288153,72.8274563288153,0.0,0.0,0.0,98.30555555555556,1.7791855028587769,12,1,25.0,11,0.863937979737193,0.0,0.863937979737193,73.69139430855249,1.1723729586657121,13.806543016349943,24.89531795333337,24.67802620929225
segmented_diagnostic,usgs_southern_cascadia_30m_high,USGS Cascadia 30 m High,public,survey_grade_cascadia_high,Transition-Aware Segmented Hybrid,4,1,72.8274563288153,72.8274563288153,0.0,0.0,0.0,98.30555555555556,1.7791855028587769,12,1,50.0,11,1.727875959474386,0.0,1.727875959474386,74.55533228828969,2.3175752913192786,14.126520045882236,24.67802620929226,24.254626902594474
segmented_diagnostic,usgs_southern_cascadia_30m_high,USGS Cascadia 30 m High,public,survey_grade_cascadia_high,Transition-Aware Segmented Hybrid,4,1,72.8274563288153,72.8274563288153,0.0,0.0,0.0,98.30555555555556,1.7791855028587769,12,1,100.0,11,3.455751918948772,0.0,3.455751918948772,76.28320824776408,4.530160697652701,14.766474104946825,24.254626902594463,23.449967729721756
segmented_diagnostic,usgs_southern_cascadia_30m_high,USGS Cascadia 30 m High,public,survey_grade_cascadia_high,Coverage-Preserving Segmented Hybrid,5,1,72.95644847296327,72.95644847296327,0.0,0.0,0.0,98.50555555555556,1.736070561734954,12,1,25.0,11,0.863937979737193,0.0,0.863937979737193,73.82038645270046,1.1703243795543539,13.830430450451418,24.76385193801838,24.54770765792223
segmented_diagnostic,usgs_southern_cascadia_30m_high,USGS Cascadia 30 m High,public,survey_grade_cascadia_high,Coverage-Preserving Segmented Hybrid,5,1,72.95644847296327,72.95644847296327,0.0,0.0,0.0,98.50555555555556,1.736070561734954,12,1,50.0,11,1.727875959474386,0.0,1.727875959474386,74.68432443243766,2.313572456610342,14.150407479983711,24.54770765792223,24.12654421821933
segmented_diagnostic,usgs_southern_cascadia_30m_high,USGS Cascadia 30 m High,public,survey_grade_cascadia_high,Coverage-Preserving Segmented Hybrid,5,1,72.95644847296327,72.95644847296327,0.0,0.0,0.0,98.50555555555556,1.736070561734954,12,1,100.0,11,3.455751918948772,0.0,3.455751918948772,76.41220039191205,4.522513291365119,14.790361539048298,24.126544218219312,23.326134251375745
segmented_diagnostic,usgs_southern_cascadia_30m_high,USGS Cascadia 30 m High,public,survey_grade_cascadia_high,Transition-Aware Segmented Hybrid,5,1,72.95644847296327,72.95644847296327,0.0,0.0,0.0,98.50555555555556,1.736070561734954,12,1,25.0,11,0.863937979737193,0.0,0.863937979737193,73.82038645270046,1.1703243795543539,13.830430450451418,24.76385193801838,24.54770765792223
segmented_diagnostic,usgs_southern_cascadia_30m_high,USGS Cascadia 30 m High,public,survey_grade_cascadia_high,Transition-Aware Segmented Hybrid,5,1,72.95644847296327,72.95644847296327,0.0,0.0,0.0,98.50555555555556,1.736070561734954,12,1,50.0,11,1.727875959474386,0.0,1.727875959474386,74.68432443243766,2.313572456610342,14.150407479983711,24.54770765792223,24.12654421821933
segmented_diagnostic,usgs_southern_cascadia_30m_high,USGS Cascadia 30 m High,public,survey_grade_cascadia_high,Transition-Aware Segmented Hybrid,5,1,72.95644847296327,72.95644847296327,0.0,0.0,0.0,98.50555555555556,1.736070561734954,12,1,100.0,11,3.455751918948772,0.0,3.455751918948772,76.41220039191205,4.522513291365119,14.790361539048298,24.126544218219312,23.326134251375745
segmented_diagnostic,usgs_southern_cascadia_30m_high,USGS Cascadia 30 m High,public,survey_grade_cascadia_high,Coverage-Preserving Segmented Hybrid,6,2,76.5088345694178,68.99411481429814,7.41,0.1047197551196597,100.0,98.65555555555557,0.4900437296182968,13,1,25.0,11,0.863937979737193,0.02617993877991492,0.8901179185171079,77.29423273281525,1.1515968100673164,14.478583453950437,21.223382622773833,21.011691184855227
segmented_diagnostic,usgs_southern_cascadia_30m_high,USGS Cascadia 30 m High,public,survey_grade_cascadia_high,Coverage-Preserving Segmented Hybrid,6,2,76.5088345694178,68.99411481429814,7.41,0.1047197551196597,100.0,98.65555555555557,0.4900437296182968,13,1,50.0,11,1.727875959474386,0.05235987755982984,1.7802358370342157,78.18435065133235,2.2769720822690984,14.808256757104921,21.01169118485524,20.599204238127815
segmented_diagnostic,usgs_southern_cascadia_30m_high,USGS Cascadia 30 m High,public,survey_grade_cascadia_high,Coverage-Preserving Segmented Hybrid,6,2,76.5088345694178,68.99411481429814,7.41,0.1047197551196597,100.0,98.65555555555557,0.4900437296182968,13,1,100.0,11,3.455751918948772,0.10471975511965968,3.5604716740684315,79.96458648836658,4.452560602669304,15.46760336341389,20.599204238127808,19.815283716473807
segmented_diagnostic,usgs_southern_cascadia_30m_high,USGS Cascadia 30 m High,public,survey_grade_cascadia_high,Transition-Aware Segmented Hybrid,6,1,72.93477107272396,72.93477107272396,0.0,0.0,0.0,98.19444444444444,1.770516194005536,12,1,25.0,11,0.863937979737193,0.0,0.863937979737193,73.79870905246115,1.1706681469496263,13.826416117073768,24.78594507749346,24.569607963675853
segmented_diagnostic,usgs_southern_cascadia_30m_high,USGS Cascadia 30 m High,public,survey_grade_cascadia_high,Transition-Aware Segmented Hybrid,6,1,72.93477107272396,72.93477107272396,0.0,0.0,0.0,98.19444444444444,1.770516194005536,12,1,50.0,11,1.727875959474386,0.0,1.727875959474386,74.66264703219835,2.314244174505677,14.14639314660606,24.569607963675853,24.148068781837253
segmented_diagnostic,usgs_southern_cascadia_30m_high,USGS Cascadia 30 m High,public,survey_grade_cascadia_high,Transition-Aware Segmented Hybrid,6,1,72.93477107272396,72.93477107272396,0.0,0.0,0.0,98.19444444444444,1.770516194005536,12,1,100.0,11,3.455751918948772,0.0,3.455751918948772,76.39052299167274,4.52379664860454,14.78634720567065,24.148068781837235,23.34694472701256
segmented_diagnostic,usgs_southern_cascadia_30m_high,USGS Cascadia 30 m High,public,survey_grade_cascadia_high,Coverage-Preserving Segmented Hybrid,7,1,72.83345975790567,72.83345975790567,0.0,0.0,0.0,98.35,1.840006709566106,12,1,25.0,11,0.863937979737193,0.0,0.863937979737193,73.69739773764286,1.172277456542966,13.80765476247779,24.889199387695516,24.67196104782464
segmented_diagnostic,usgs_southern_cascadia_30m_high,USGS Cascadia 30 m High,public,survey_grade_cascadia_high,Coverage-Preserving Segmented Hybrid,7,1,72.83345975790567,72.83345975790567,0.0,0.0,0.0,98.35,1.840006709566106,12,1,50.0,11,1.727875959474386,0.0,1.727875959474386,74.56133571738006,2.3173886879170036,14.127631792010082,24.671961047824656,24.24866580071165
segmented_diagnostic,usgs_southern_cascadia_30m_high,USGS Cascadia 30 m High,public,survey_grade_cascadia_high,Coverage-Preserving Segmented Hybrid,7,1,72.83345975790567,72.83345975790567,0.0,0.0,0.0,98.35,1.840006709566106,12,1,100.0,11,3.455751918948772,0.0,3.455751918948772,76.28921167685445,4.529804205588901,14.76758585107467,24.24866580071164,23.44420439032482
segmented_diagnostic,usgs_southern_cascadia_30m_high,USGS Cascadia 30 m High,public,survey_grade_cascadia_high,Transition-Aware Segmented Hybrid,7,1,72.83345975790567,72.83345975790567,0.0,0.0,0.0,98.35,1.840006709566106,12,1,25.0,11,0.863937979737193,0.0,0.863937979737193,73.69739773764286,1.172277456542966,13.80765476247779,24.889199387695516,24.67196104782464
segmented_diagnostic,usgs_southern_cascadia_30m_high,USGS Cascadia 30 m High,public,survey_grade_cascadia_high,Transition-Aware Segmented Hybrid,7,1,72.83345975790567,72.83345975790567,0.0,0.0,0.0,98.35,1.840006709566106,12,1,50.0,11,1.727875959474386,0.0,1.727875959474386,74.56133571738006,2.3173886879170036,14.127631792010082,24.671961047824656,24.24866580071165
segmented_diagnostic,usgs_southern_cascadia_30m_high,USGS Cascadia 30 m High,public,survey_grade_cascadia_high,Transition-Aware Segmented Hybrid,7,1,72.83345975790567,72.83345975790567,0.0,0.0,0.0,98.35,1.840006709566106,12,1,100.0,11,3.455751918948772,0.0,3.455751918948772,76.28921167685445,4.529804205588901,14.76758585107467,24.24866580071164,23.44420439032482
segmented_diagnostic,usgs_southern_cascadia_30m_high,USGS Cascadia 30 m High,public,survey_grade_cascadia_high,Coverage-Preserving Segmented Hybrid,8,1,72.05220703025746,72.05220703025746,0.0,0.0,0.0,98.53888888888888,1.4185772851411391,12,1,25.0,11,0.863937979737193,0.0,0.863937979737193,72.91614500999465,1.1848377058589323,13.662978331431823,25.685435342499535,25.461247282218917
segmented_diagnostic,usgs_southern_cascadia_30m_high,USGS Cascadia 30 m High,public,survey_grade_cascadia_high,Coverage-Preserving Segmented Hybrid,8,1,72.05220703025746,72.05220703025746,0.0,0.0,0.0,98.53888888888888,1.4185772851411391,12,1,50.0,11,1.727875959474386,0.0,1.727875959474386,73.78008298973185,2.3419273731568704,13.982955360964116,25.461247282218917,25.02441030200318
segmented_diagnostic,usgs_southern_cascadia_30m_high,USGS Cascadia 30 m High,public,survey_grade_cascadia_high,Coverage-Preserving Segmented Hybrid,8,1,72.05220703025746,72.05220703025746,0.0,0.0,0.0,98.53888888888888,1.4185772851411391,12,1,100.0,11,3.455751918948772,0.0,3.455751918948772,75.50795894920624,4.576672402538964,14.622909420028703,25.024410302003165,24.1942131863723
segmented_diagnostic,usgs_southern_cascadia_30m_high,USGS Cascadia 30 m High,public,survey_grade_cascadia_high,Transition-Aware Segmented Hybrid,8,1,72.05220703025746,72.05220703025746,0.0,0.0,0.0,98.53888888888888,1.4185772851411391,12,1,25.0,11,0.863937979737193,0.0,0.863937979737193,72.91614500999465,1.1848377058589323,13.662978331431823,25.685435342499535,25.461247282218917
segmented_diagnostic,usgs_southern_cascadia_30m_high,USGS Cascadia 30 m High,public,survey_grade_cascadia_high,Transition-Aware Segmented Hybrid,8,1,72.05220703025746,72.05220703025746,0.0,0.0,0.0,98.53888888888888,1.4185772851411391,12,1,50.0,11,1.727875959474386,0.0,1.727875959474386,73.78008298973185,2.3419273731568704,13.982955360964116,25.461247282218917,25.02441030200318
segmented_diagnostic,usgs_southern_cascadia_30m_high,USGS Cascadia 30 m High,public,survey_grade_cascadia_high,Transition-Aware Segmented Hybrid,8,1,72.05220703025746,72.05220703025746,0.0,0.0,0.0,98.53888888888888,1.4185772851411391,12,1,100.0,11,3.455751918948772,0.0,3.455751918948772,75.50795894920624,4.576672402538964,14.622909420028703,25.024410302003165,24.1942131863723
segmented_diagnostic,usgs_southern_cascadia_30m_high,USGS Cascadia 30 m High,public,survey_grade_cascadia_high,Coverage-Preserving Segmented Hybrid,9,1,73.29008914467052,73.29008914467052,0.0,0.0,0.0,98.6,1.893664716167038,12,1,25.0,11,0.863937979737193,0.0,0.863937979737193,74.1540271244077,1.1650587476358771,13.892215760026835,24.42381255076661,24.210636208321908
segmented_diagnostic,usgs_southern_cascadia_30m_high,USGS Cascadia 30 m High,public,survey_grade_cascadia_high,Coverage-Preserving Segmented Hybrid,9,1,73.29008914467052,73.29008914467052,0.0,0.0,0.0,98.6,1.893664716167038,12,1,50.0,11,1.727875959474386,0.0,1.727875959474386,75.0179651041449,2.3032828964043937,14.212192789559127,24.210636208321915,23.795255881776356
segmented_diagnostic,usgs_southern_cascadia_30m_high,USGS Cascadia 30 m High,public,survey_grade_cascadia_high,Coverage-Preserving Segmented Hybrid,9,1,73.29008914467052,73.29008914467052,0.0,0.0,0.0,98.6,1.893664716167038,12,1,100.0,11,3.455751918948772,0.0,3.455751918948772,76.7458410636193,4.502852364448112,14.852146848623716,23.795255881776345,23.005836568380253
segmented_diagnostic,usgs_southern_cascadia_30m_high,USGS Cascadia 30 m High,public,survey_grade_cascadia_high,Transition-Aware Segmented Hybrid,9,1,73.29008914467052,73.29008914467052,0.0,0.0,0.0,98.6,1.893664716167038,12,1,25.0,11,0.863937979737193,0.0,0.863937979737193,74.1540271244077,1.1650587476358771,13.892215760026835,24.42381255076661,24.210636208321908
segmented_diagnostic,usgs_southern_cascadia_30m_high,USGS Cascadia 30 m High,public,survey_grade_cascadia_high,Transition-Aware Segmented Hybrid,9,1,73.29008914467052,73.29008914467052,0.0,0.0,0.0,98.6,1.893664716167038,12,1,50.0,11,1.727875959474386,0.0,1.727875959474386,75.0179651041449,2.3032828964043937,14.212192789559127,24.210636208321915,23.795255881776356
segmented_diagnostic,usgs_southern_cascadia_30m_high,USGS Cascadia 30 m High,public,survey_grade_cascadia_high,Transition-Aware Segmented Hybrid,9,1,73.29008914467052,73.29008914467052,0.0,0.0,0.0,98.6,1.893664716167038,12,1,100.0,11,3.455751918948772,0.0,3.455751918948772,76.7458410636193,4.502852364448112,14.852146848623716,23.795255881776345,23.005836568380253
segmented_diagnostic,usgs_southern_cascadia_30m_high,USGS Cascadia 30 m High,public,survey_grade_cascadia_high,Coverage-Preserving Segmented Hybrid,10,2,76.13842590964343,68.62370615452377,7.41,0.1047197551196597,100.0,98.68888888888888,0.4175466348425928,13,1,25.0,11,0.863937979737193,0.02617993877991492,0.8901179185171079,76.92382407304088,1.1571420548098612,14.409989257695923,21.600895151620875,21.385908702329278
segmented_diagnostic,usgs_southern_cascadia_30m_high,USGS Cascadia 30 m High,public,survey_grade_cascadia_high,Coverage-Preserving Segmented Hybrid,10,2,76.13842590964343,68.62370615452377,7.41,0.1047197551196597,100.0,98.68888888888888,0.4175466348425928,13,1,50.0,11,1.727875959474386,0.05235987755982984,1.7802358370342157,77.81394199155798,2.287810887703585,14.739662560850407,21.38590870232929,20.967001329749777
segmented_diagnostic,usgs_southern_cascadia_30m_high,USGS Cascadia 30 m High,public,survey_grade_cascadia_high,Coverage-Preserving Segmented Hybrid,10,2,76.13842590964343,68.62370615452377,7.41,0.1047197551196597,100.0,98.68888888888888,0.4175466348425928,13,1,100.0,11,3.455751918948772,0.10471975511965968,3.5604716740684315,79.59417782859221,4.4732815530000005,15.399009167159376,20.967001329749767,20.170878958744797
segmented_diagnostic,usgs_southern_cascadia_30m_high,USGS Cascadia 30 m High,public,survey_grade_cascadia_high,Transition-Aware Segmented Hybrid,10,1,72.61834453794481,72.61834453794481,0.0,0.0,0.0,98.35555555555555,1.681630963814628,12,1,25.0,11,0.863937979737193,0.0,0.863937979737193,73.482282517682,1.1757092323980332,13.767818610633185,25.108440187115217,24.889288265913105
segmented_diagnostic,usgs_southern_cascadia_30m_high,USGS Cascadia 30 m High,public,survey_grade_cascadia_high,Transition-Aware Segmented Hybrid,10,1,72.61834453794481,72.61834453794481,0.0,0.0,0.0,98.35555555555555,1.681630963814628,12,1,50.0,11,1.727875959474386,0.0,1.727875959474386,74.3462204974192,2.324093878496979,14.087795640165478,24.889288265913112,24.46226434971268
segmented_diagnostic,usgs_southern_cascadia_30m_high,USGS Cascadia 30 m High,public,survey_grade_cascadia_high,Transition-Aware Segmented Hybrid,10,1,72.61834453794481,72.61834453794481,0.0,0.0,0.0,98.35555555555555,1.681630963814628,12,1,100.0,11,3.455751918948772,0.0,3.455751918948772,76.07409645689359,4.542613162559124,14.727749699230067,24.462264349712672,23.6507167024418
segmented_diagnostic,usgs_southern_cascadia_30m_high,USGS Cascadia 30 m High,public,survey_grade_cascadia_high,Coverage-Preserving Segmented Hybrid,11,2,76.62967874827184,69.11495899315219,7.41,0.1047197551196597,100.0,98.45555555555556,0.5012920719726341,13,1,25.0,11,0.863937979737193,0.02617993877991492,0.8901179185171079,77.41507691166929,1.1497991786958162,14.500962005590074,21.100220838210205,20.88960438310633
segmented_diagnostic,usgs_southern_cascadia_30m_high,USGS Cascadia 30 m High,public,survey_grade_cascadia_high,Coverage-Preserving Segmented Hybrid,11,2,76.62967874827184,69.11495899315219,7.41,0.1047197551196597,100.0,98.45555555555556,0.5012920719726341,13,1,50.0,11,1.727875959474386,0.05235987755982984,1.7802358370342157,78.3051948301864,2.273458154206572,14.830635308744558,20.88960438310634,20.479212071775567
segmented_diagnostic,usgs_southern_cascadia_30m_high,USGS Cascadia 30 m High,public,survey_grade_cascadia_high,Coverage-Preserving Segmented Hybrid,11,2,76.62967874827184,69.11495899315219,7.41,0.1047197551196597,100.0,98.45555555555556,0.5012920719726341,13,1,100.0,11,3.455751918948772,0.10471975511965968,3.5604716740684315,80.08543066722062,4.445841952031546,15.489981915053527,20.47921207177556,19.699272349237372
segmented_diagnostic,usgs_southern_cascadia_30m_high,USGS Cascadia 30 m High,public,survey_grade_cascadia_high,Transition-Aware Segmented Hybrid,11,1,72.81315520307494,72.81315520307494,0.0,0.0,0.0,98.39444444444445,1.9875495407912185,12,1,25.0,11,0.863937979737193,0.0,0.863937979737193,73.67709318281213,1.1726005226530003,13.803894659731359,24.90989335269604,24.692474391402516
segmented_diagnostic,usgs_southern_cascadia_30m_high,USGS Cascadia 30 m High,public,survey_grade_cascadia_high,Transition-Aware Segmented Hybrid,11,1,72.81315520307494,72.81315520307494,0.0,0.0,0.0,98.39444444444445,1.9875495407912185,12,1,50.0,11,1.727875959474386,0.0,1.727875959474386,74.54103116254933,2.3180199314743315,14.123871689263652,24.69247439140253,24.268827198174566
segmented_diagnostic,usgs_southern_cascadia_30m_high,USGS Cascadia 30 m High,public,survey_grade_cascadia_high,Transition-Aware Segmented Hybrid,11,1,72.81315520307494,72.81315520307494,0.0,0.0,0.0,98.39444444444445,1.9875495407912185,12,1,100.0,11,3.455751918948772,0.0,3.455751918948772,76.26890712202372,4.531010144697452,14.76382574832824,24.268827198174563,23.463696923514068
segmented_diagnostic,usgs_southern_cascadia_30m_high,USGS Cascadia 30 m High,public,survey_grade_cascadia_high,Coverage-Preserving Segmented Hybrid,12,1,72.83533779034457,72.83533779034457,0.0,0.0,0.0,98.48333333333332,1.5408598141880474,12,1,25.0,11,0.863937979737193,0.0,0.863937979737193,73.69927577008175,1.172247584131497,13.80800254626277,24.887285337479476,24.67006370385475
segmented_diagnostic,usgs_southern_cascadia_30m_high,USGS Cascadia 30 m High,public,survey_grade_cascadia_high,Coverage-Preserving Segmented Hybrid,12,1,72.83533779034457,72.83533779034457,0.0,0.0,0.0,98.48333333333332,1.5408598141880474,12,1,50.0,11,1.727875959474386,0.0,1.727875959474386,74.56321374981896,2.317330319575424,14.127979575795063,24.670063703854762,24.246801009350076
segmented_diagnostic,usgs_southern_cascadia_30m_high,USGS Cascadia 30 m High,public,survey_grade_cascadia_high,Coverage-Preserving Segmented Hybrid,12,1,72.83533779034457,72.83533779034457,0.0,0.0,0.0,98.48333333333332,1.5408598141880474,12,1,100.0,11,3.455751918948772,0.0,3.455751918948772,76.29108970929335,4.529692696901945,14.76793363485965,24.24680100935007,23.442401464333546
segmented_diagnostic,usgs_southern_cascadia_30m_high,USGS Cascadia 30 m High,public,survey_grade_cascadia_high,Transition-Aware Segmented Hybrid,12,1,72.83533779034457,72.83533779034457,0.0,0.0,0.0,98.48333333333332,1.5408598141880474,12,1,25.0,11,0.863937979737193,0.0,0.863937979737193,73.69927577008175,1.172247584131497,13.80800254626277,24.887285337479476,24.67006370385475
segmented_diagnostic,usgs_southern_cascadia_30m_high,USGS Cascadia 30 m High,public,survey_grade_cascadia_high,Transition-Aware Segmented Hybrid,12,1,72.83533779034457,72.83533779034457,0.0,0.0,0.0,98.48333333333332,1.5408598141880474,12,1,50.0,11,1.727875959474386,0.0,1.727875959474386,74.56321374981896,2.317330319575424,14.127979575795063,24.670063703854762,24.246801009350076
segmented_diagnostic,usgs_southern_cascadia_30m_high,USGS Cascadia 30 m High,public,survey_grade_cascadia_high,Transition-Aware Segmented Hybrid,12,1,72.83533779034457,72.83533779034457,0.0,0.0,0.0,98.48333333333332,1.5408598141880474,12,1,100.0,11,3.455751918948772,0.0,3.455751918948772,76.29108970929335,4.529692696901945,14.76793363485965,24.24680100935007,23.442401464333546
segmented_diagnostic,usgs_southern_cascadia_30m_high,USGS Cascadia 30 m High,public,survey_grade_cascadia_high,Coverage-Preserving Segmented Hybrid,13,1,73.1180153002585,73.1180153002585,0.0,0.0,0.0,98.43888888888888,1.6062124674236713,12,1,25.0,11,0.863937979737193,0.0,0.863937979737193,73.9819532799957,1.16776854548229,13.860350233283867,24.599186507174593,24.38447946273531
segmented_diagnostic,usgs_southern_cascadia_30m_high,USGS Cascadia 30 m High,public,survey_grade_cascadia_high,Coverage-Preserving Segmented Hybrid,13,1,73.1180153002585,73.1180153002585,0.0,0.0,0.0,98.43888888888888,1.6062124674236713,12,1,50.0,11,1.727875959474386,0.0,1.727875959474386,74.8458912597329,2.3085782404250472,14.18032726281616,24.384479462735303,23.96611651866725
segmented_diagnostic,usgs_southern_cascadia_30m_high,USGS Cascadia 30 m High,public,survey_grade_cascadia_high,Coverage-Preserving Segmented Hybrid,13,1,73.1180153002585,73.1180153002585,0.0,0.0,0.0,98.43888888888888,1.6062124674236713,12,1,100.0,11,3.455751918948772,0.0,3.455751918948772,76.57376721920728,4.512971014023655,14.82028132188075,23.966116518667228,23.171028819634486
segmented_diagnostic,usgs_southern_cascadia_30m_high,USGS Cascadia 30 m High,public,survey_grade_cascadia_high,Transition-Aware Segmented Hybrid,13,1,73.1180153002585,73.1180153002585,0.0,0.0,0.0,98.43888888888888,1.6062124674236713,12,1,25.0,11,0.863937979737193,0.0,0.863937979737193,73.9819532799957,1.16776854548229,13.860350233283867,24.599186507174593,24.38447946273531
segmented_diagnostic,usgs_southern_cascadia_30m_high,USGS Cascadia 30 m High,public,survey_grade_cascadia_high,Transition-Aware Segmented Hybrid,13,1,73.1180153002585,73.1180153002585,0.0,0.0,0.0,98.43888888888888,1.6062124674236713,12,1,50.0,11,1.727875959474386,0.0,1.727875959474386,74.8458912597329,2.3085782404250472,14.18032726281616,24.384479462735303,23.96611651866725
segmented_diagnostic,usgs_southern_cascadia_30m_high,USGS Cascadia 30 m High,public,survey_grade_cascadia_high,Transition-Aware Segmented Hybrid,13,1,73.1180153002585,73.1180153002585,0.0,0.0,0.0,98.43888888888888,1.6062124674236713,12,1,100.0,11,3.455751918948772,0.0,3.455751918948772,76.57376721920728,4.512971014023655,14.82028132188075,23.966116518667228,23.171028819634486
segmented_diagnostic,usgs_southern_cascadia_30m_high,USGS Cascadia 30 m High,public,survey_grade_cascadia_high,Coverage-Preserving Segmented Hybrid,14,1,72.95418637617745,72.95418637617745,0.0,0.0,0.0,98.34444444444443,1.8043885549914944,12,1,25.0,11,0.863937979737193,0.0,0.863937979737193,73.81812435591463,1.1703602431995015,13.830011543639229,24.766157418345525,24.549993015516172
segmented_diagnostic,usgs_southern_cascadia_30m_high,USGS Cascadia 30 m High,public,survey_grade_cascadia_high,Coverage-Preserving Segmented Hybrid,14,1,72.95418637617745,72.95418637617745,0.0,0.0,0.0,98.34444444444443,1.8043885549914944,12,1,50.0,11,1.727875959474386,0.0,1.727875959474386,74.68206233565184,2.3136425340111826,14.14998857317152,24.54999301551618,24.12879036608019
segmented_diagnostic,usgs_southern_cascadia_30m_high,USGS Cascadia 30 m High,public,survey_grade_cascadia_high,Coverage-Preserving Segmented Hybrid,14,1,72.95418637617745,72.95418637617745,0.0,0.0,0.0,98.34444444444443,1.8043885549914944,12,1,100.0,11,3.455751918948772,0.0,3.455751918948772,76.40993829512622,4.522647179220659,14.789942632236109,24.128790366080167,23.328305882176938
segmented_diagnostic,usgs_southern_cascadia_30m_high,USGS Cascadia 30 m High,public,survey_grade_cascadia_high,Transition-Aware Segmented Hybrid,14,1,72.95418637617745,72.95418637617745,0.0,0.0,0.0,98.34444444444443,1.8043885549914944,12,1,25.0,11,0.863937979737193,0.0,0.863937979737193,73.81812435591463,1.1703602431995015,13.830011543639229,24.766157418345525,24.549993015516172
segmented_diagnostic,usgs_southern_cascadia_30m_high,USGS Cascadia 30 m High,public,survey_grade_cascadia_high,Transition-Aware Segmented Hybrid,14,1,72.95418637617745,72.95418637617745,0.0,0.0,0.0,98.34444444444443,1.8043885549914944,12,1,50.0,11,1.727875959474386,0.0,1.727875959474386,74.68206233565184,2.3136425340111826,14.14998857317152,24.54999301551618,24.12879036608019
segmented_diagnostic,usgs_southern_cascadia_30m_high,USGS Cascadia 30 m High,public,survey_grade_cascadia_high,Transition-Aware Segmented Hybrid,14,1,72.95418637617745,72.95418637617745,0.0,0.0,0.0,98.34444444444443,1.8043885549914944,12,1,100.0,11,3.455751918948772,0.0,3.455751918948772,76.40993829512622,4.522647179220659,14.789942632236109,24.128790366080167,23.328305882176938
segmented_diagnostic,usgs_southern_cascadia_30m_high,USGS Cascadia 30 m High,public,survey_grade_cascadia_high,Coverage-Preserving Segmented Hybrid,15,1,73.1571030444804,73.1571030444804,0.0,0.0,0.0,98.42222222222222,2.0223229190098486,12,1,25.0,11,0.863937979737193,0.0,0.863937979737193,74.02104102421758,1.1671518905746503,13.867588704436072,24.559349120065125,24.34498978499589
segmented_diagnostic,usgs_southern_cascadia_30m_high,USGS Cascadia 30 m High,public,survey_grade_cascadia_high,Coverage-Preserving Segmented Hybrid,15,1,73.1571030444804,73.1571030444804,0.0,0.0,0.0,98.42222222222222,2.0223229190098486,12,1,50.0,11,1.727875959474386,0.0,1.727875959474386,74.88497900395478,2.3073732308626735,14.187565733968363,24.344989784995896,23.92730436278614
segmented_diagnostic,usgs_southern_cascadia_30m_high,USGS Cascadia 30 m High,public,survey_grade_cascadia_high,Coverage-Preserving Segmented Hybrid,15,1,73.1571030444804,73.1571030444804,0.0,0.0,0.0,98.42222222222222,2.0223229190098486,12,1,100.0,11,3.455751918948772,0.0,3.455751918948772,76.61285496342917,4.51066850412814,14.827519793032952,23.927304362786124,23.13350427610768
segmented_diagnostic,usgs_southern_cascadia_30m_high,USGS Cascadia 30 m High,public,survey_grade_cascadia_high,Transition-Aware Segmented Hybrid,15,1,73.1571030444804,73.1571030444804,0.0,0.0,0.0,98.42222222222222,2.0223229190098486,12,1,25.0,11,0.863937979737193,0.0,0.863937979737193,74.02104102421758,1.1671518905746503,13.867588704436072,24.559349120065125,24.34498978499589
segmented_diagnostic,usgs_southern_cascadia_30m_high,USGS Cascadia 30 m High,public,survey_grade_cascadia_high,Transition-Aware Segmented Hybrid,15,1,73.1571030444804,73.1571030444804,0.0,0.0,0.0,98.42222222222222,2.0223229190098486,12,1,50.0,11,1.727875959474386,0.0,1.727875959474386,74.88497900395478,2.3073732308626735,14.187565733968363,24.344989784995896,23.92730436278614
segmented_diagnostic,usgs_southern_cascadia_30m_high,USGS Cascadia 30 m High,public,survey_grade_cascadia_high,Transition-Aware Segmented Hybrid,15,1,73.1571030444804,73.1571030444804,0.0,0.0,0.0,98.42222222222222,2.0223229190098486,12,1,100.0,11,3.455751918948772,0.0,3.455751918948772,76.61285496342917,4.51066850412814,14.827519793032952,23.927304362786124,23.13350427610768
segmented_diagnostic,usgs_southern_cascadia_30m_high,USGS Cascadia 30 m High,public,survey_grade_cascadia_high,Coverage-Preserving Segmented Hybrid,16,1,72.86601720047472,72.86601720047472,0.0,0.0,0.0,98.57777777777775,1.6849787312957163,12,1,25.0,11,0.863937979737193,0.0,0.863937979737193,73.7299551802119,1.1717598059371424,13.813683918509092,24.856017543392745,24.639068821868296
segmented_diagnostic,usgs_southern_cascadia_30m_high,USGS Cascadia 30 m High,public,survey_grade_cascadia_high,Coverage-Preserving Segmented Hybrid,16,1,72.86601720047472,72.86601720047472,0.0,0.0,0.0,98.57777777777775,1.6849787312957163,12,1,50.0,11,1.727875959474386,0.0,1.727875959474386,74.5938931599491,2.316377234486691,14.133660948041385,24.639068821868296,24.216337904558156
segmented_diagnostic,usgs_southern_cascadia_30m_high,USGS Cascadia 30 m High,public,survey_grade_cascadia_high,Coverage-Preserving Segmented Hybrid,16,1,72.86601720047472,72.86601720047472,0.0,0.0,0.0,98.57777777777775,1.6849787312957163,12,1,100.0,11,3.455751918948772,0.0,3.455751918948772,76.3217691194235,4.527871875639346,14.773615007105974,24.216337904558138,23.412948988021014
segmented_diagnostic,usgs_southern_cascadia_30m_high,USGS Cascadia 30 m High,public,survey_grade_cascadia_high,Transition-Aware Segmented Hybrid,16,1,72.86601720047472,72.86601720047472,0.0,0.0,0.0,98.57777777777775,1.6849787312957163,12,1,25.0,11,0.863937979737193,0.0,0.863937979737193,73.7299551802119,1.1717598059371424,13.813683918509092,24.856017543392745,24.639068821868296
segmented_diagnostic,usgs_southern_cascadia_30m_high,USGS Cascadia 30 m High,public,survey_grade_cascadia_high,Transition-Aware Segmented Hybrid,16,1,72.86601720047472,72.86601720047472,0.0,0.0,0.0,98.57777777777775,1.6849787312957163,12,1,50.0,11,1.727875959474386,0.0,1.727875959474386,74.5938931599491,2.316377234486691,14.133660948041385,24.639068821868296,24.216337904558156
segmented_diagnostic,usgs_southern_cascadia_30m_high,USGS Cascadia 30 m High,public,survey_grade_cascadia_high,Transition-Aware Segmented Hybrid,16,1,72.86601720047472,72.86601720047472,0.0,0.0,0.0,98.57777777777775,1.6849787312957163,12,1,100.0,11,3.455751918948772,0.0,3.455751918948772,76.3217691194235,4.527871875639346,14.773615007105974,24.216337904558138,23.412948988021014
segmented_diagnostic,usgs_southern_cascadia_30m_high,USGS Cascadia 30 m High,public,survey_grade_cascadia_high,Coverage-Preserving Segmented Hybrid,17,1,73.00941769395924,73.00941769395924,0.0,0.0,0.0,98.42777777777778,1.720388523343908,12,1,25.0,11,0.863937979737193,0.0,0.863937979737193,73.87335567369642,1.1694852248938916,13.84023956545067,24.709866848735036,24.49419376222736
segmented_diagnostic,usgs_southern_cascadia_30m_high,USGS Cascadia 30 m High,public,survey_grade_cascadia_high,Coverage-Preserving Segmented Hybrid,17,1,73.00941769395924,73.00941769395924,0.0,0.0,0.0,98.42777777777778,1.720388523343908,12,1,50.0,11,1.727875959474386,0.0,1.727875959474386,74.73729365343362,2.3119327380073025,14.160216594982963,24.49419376222736,24.073948456987228
segmented_diagnostic,usgs_southern_cascadia_30m_high,USGS Cascadia 30 m High,public,survey_grade_cascadia_high,Coverage-Preserving Segmented Hybrid,17,1,73.00941769395924,73.00941769395924,0.0,0.0,0.0,98.42777777777778,1.720388523343908,12,1,100.0,11,3.455751918948772,0.0,3.455751918948772,76.46516961290801,4.519380440065629,14.80017065404755,24.07394845698721,23.275283380382508
segmented_diagnostic,usgs_southern_cascadia_30m_high,USGS Cascadia 30 m High,public,survey_grade_cascadia_high,Transition-Aware Segmented Hybrid,17,1,73.00941769395924,73.00941769395924,0.0,0.0,0.0,98.42777777777778,1.720388523343908,12,1,25.0,11,0.863937979737193,0.0,0.863937979737193,73.87335567369642,1.1694852248938916,13.84023956545067,24.709866848735036,24.49419376222736
segmented_diagnostic,usgs_southern_cascadia_30m_high,USGS Cascadia 30 m High,public,survey_grade_cascadia_high,Transition-Aware Segmented Hybrid,17,1,73.00941769395924,73.00941769395924,0.0,0.0,0.0,98.42777777777778,1.720388523343908,12,1,50.0,11,1.727875959474386,0.0,1.727875959474386,74.73729365343362,2.3119327380073025,14.160216594982963,24.49419376222736,24.073948456987228
segmented_diagnostic,usgs_southern_cascadia_30m_high,USGS Cascadia 30 m High,public,survey_grade_cascadia_high,Transition-Aware Segmented Hybrid,17,1,73.00941769395924,73.00941769395924,0.0,0.0,0.0,98.42777777777778,1.720388523343908,12,1,100.0,11,3.455751918948772,0.0,3.455751918948772,76.46516961290801,4.519380440065629,14.80017065404755,24.07394845698721,23.275283380382508
segmented_diagnostic,usgs_southern_cascadia_30m_high,USGS Cascadia 30 m High,public,survey_grade_cascadia_high,Coverage-Preserving Segmented Hybrid,18,1,73.37333893638746,73.37333893638746,0.0,0.0,0.0,98.47222222222224,1.897883570326418,12,1,25.0,11,0.863937979737193,0.0,0.863937979737193,74.23727691612464,1.1637522490396495,13.907632388122565,24.338966155932876,24.126530371256646
segmented_diagnostic,usgs_southern_cascadia_30m_high,USGS Cascadia 30 m High,public,survey_grade_cascadia_high,Coverage-Preserving Segmented Hybrid,18,1,73.37333893638746,73.37333893638746,0.0,0.0,0.0,98.47222222222224,1.897883570326418,12,1,50.0,11,1.727875959474386,0.0,1.727875959474386,75.10121489586184,2.30072970440002,14.227609417654858,24.126530371256656,23.712593043142192
segmented_diagnostic,usgs_southern_cascadia_30m_high,USGS Cascadia 30 m High,public,survey_grade_cascadia_high,Coverage-Preserving Segmented Hybrid,18,1,73.37333893638746,73.37333893638746,0.0,0.0,0.0,98.47222222222224,1.897883570326418,12,1,100.0,11,3.455751918948772,0.0,3.455751918948772,76.82909085533623,4.497973203217658,14.867563476719447,23.71259304314219,22.925916110060978
segmented_diagnostic,usgs_southern_cascadia_30m_high,USGS Cascadia 30 m High,public,survey_grade_cascadia_high,Transition-Aware Segmented Hybrid,18,1,73.37333893638746,73.37333893638746,0.0,0.0,0.0,98.47222222222224,1.897883570326418,12,1,25.0,11,0.863937979737193,0.0,0.863937979737193,74.23727691612464,1.1637522490396495,13.907632388122565,24.338966155932876,24.126530371256646
segmented_diagnostic,usgs_southern_cascadia_30m_high,USGS Cascadia 30 m High,public,survey_grade_cascadia_high,Transition-Aware Segmented Hybrid,18,1,73.37333893638746,73.37333893638746,0.0,0.0,0.0,98.47222222222224,1.897883570326418,12,1,50.0,11,1.727875959474386,0.0,1.727875959474386,75.10121489586184,2.30072970440002,14.227609417654858,24.126530371256656,23.712593043142192
segmented_diagnostic,usgs_southern_cascadia_30m_high,USGS Cascadia 30 m High,public,survey_grade_cascadia_high,Transition-Aware Segmented Hybrid,18,1,73.37333893638746,73.37333893638746,0.0,0.0,0.0,98.47222222222224,1.897883570326418,12,1,100.0,11,3.455751918948772,0.0,3.455751918948772,76.82909085533623,4.497973203217658,14.867563476719447,23.71259304314219,22.925916110060978
segmented_diagnostic,usgs_southern_cascadia_30m_high,USGS Cascadia 30 m High,public,survey_grade_cascadia_high,Coverage-Preserving Segmented Hybrid,19,1,73.03307620106013,73.03307620106013,0.0,0.0,0.0,98.40555555555557,1.7226591781908376,12,1,25.0,11,0.863937979737193,0.0,0.863937979737193,73.89701418079731,1.1691108082167867,13.844620770469355,24.68575460781215,24.47029197818205
segmented_diagnostic,usgs_southern_cascadia_30m_high,USGS Cascadia 30 m High,public,survey_grade_cascadia_high,Coverage-Preserving Segmented Hybrid,19,1,73.03307620106013,73.03307620106013,0.0,0.0,0.0,98.40555555555557,1.7226591781908376,12,1,50.0,11,1.727875959474386,0.0,1.727875959474386,74.76095216053452,2.3112011144054327,14.164597800001648,24.470291978182058,24.05045675431179
segmented_diagnostic,usgs_southern_cascadia_30m_high,USGS Cascadia 30 m High,public,survey_grade_cascadia_high,Coverage-Preserving Segmented Hybrid,19,1,73.03307620106013,73.03307620106013,0.0,0.0,0.0,98.40555555555557,1.7226591781908376,12,1,100.0,11,3.455751918948772,0.0,3.455751918948772,76.4888281200089,4.517982565410455,14.804551859066237,24.050456754311778,23.252571026493584
segmented_diagnostic,usgs_southern_cascadia_30m_high,USGS Cascadia 30 m High,public,survey_grade_cascadia_high,Transition-Aware Segmented Hybrid,19,1,73.03307620106013,73.03307620106013,0.0,0.0,0.0,98.40555555555557,1.7226591781908376,12,1,25.0,11,0.863937979737193,0.0,0.863937979737193,73.89701418079731,1.1691108082167867,13.844620770469355,24.68575460781215,24.47029197818205
segmented_diagnostic,usgs_southern_cascadia_30m_high,USGS Cascadia 30 m High,public,survey_grade_cascadia_high,Transition-Aware Segmented Hybrid,19,1,73.03307620106013,73.03307620106013,0.0,0.0,0.0,98.40555555555557,1.7226591781908376,12,1,50.0,11,1.727875959474386,0.0,1.727875959474386,74.76095216053452,2.3112011144054327,14.164597800001648,24.470291978182058,24.05045675431179
segmented_diagnostic,usgs_southern_cascadia_30m_high,USGS Cascadia 30 m High,public,survey_grade_cascadia_high,Transition-Aware Segmented Hybrid,19,1,73.03307620106013,73.03307620106013,0.0,0.0,0.0,98.40555555555557,1.7226591781908376,12,1,100.0,11,3.455751918948772,0.0,3.455751918948772,76.4888281200089,4.517982565410455,14.804551859066237,24.050456754311778,23.252571026493584
segmented_diagnostic,usgs_southern_cascadia_30m_high,USGS Cascadia 30 m High,public,survey_grade_cascadia_high,Coverage-Preserving Segmented Hybrid,20,2,76.56671973959914,69.05199998447948,7.41,0.1047197551196597,100.0,98.56111111111112,0.5669874685298745,13,1,25.0,11,0.863937979737193,0.02617993877991492,0.8901179185171079,77.35211790299658,1.1507350317587428,14.489302929909945,21.164387303951624,20.953210789993456
segmented_diagnostic,usgs_southern_cascadia_30m_high,USGS Cascadia 30 m High,public,survey_grade_cascadia_high,Coverage-Preserving Segmented Hybrid,20,2,76.56671973959914,69.05199998447948,7.41,0.1047197551196597,100.0,98.56111111111112,0.5669874685298745,13,1,50.0,11,1.727875959474386,0.05235987755982984,1.7802358370342157,78.24223582151369,2.2752875328042674,14.81897623306443,20.953210789993477,20.541727187635235
segmented_diagnostic,usgs_southern_cascadia_30m_high,USGS Cascadia 30 m High,public,survey_grade_cascadia_high,Coverage-Preserving Segmented Hybrid,20,2,76.56671973959914,69.05199998447948,7.41,0.1047197551196597,100.0,98.56111111111112,0.5669874685298745,13,1,100.0,11,3.455751918948772,0.10471975511965968,3.5604716740684315,80.02247165854791,4.449339792028413,15.478322839373398,20.541727187635235,19.759713495391313
segmented_diagnostic,usgs_southern_cascadia_30m_high,USGS Cascadia 30 m High,public,survey_grade_cascadia_high,Transition-Aware Segmented Hybrid,20,1,73.11716995225842,73.11716995225842,0.0,0.0,0.0,98.27777777777776,1.8010179563655295,12,1,25.0,11,0.863937979737193,0.0,0.863937979737193,73.98110793199561,1.1677818890348817,13.860193687357928,24.600048067650697,24.38533350332438
segmented_diagnostic,usgs_southern_cascadia_30m_high,USGS Cascadia 30 m High,public,survey_grade_cascadia_high,Transition-Aware Segmented Hybrid,20,1,73.11716995225842,73.11716995225842,0.0,0.0,0.0,98.27777777777776,1.8010179563655295,12,1,50.0,11,1.727875959474386,0.0,1.727875959474386,74.84504591173281,2.308604314989834,14.18017071689022,24.38533350332438,23.966955906536917
segmented_diagnostic,usgs_southern_cascadia_30m_high,USGS Cascadia 30 m High,public,survey_grade_cascadia_high,Transition-Aware Segmented Hybrid,20,1,73.11716995225842,73.11716995225842,0.0,0.0,0.0,98.27777777777776,1.8010179563655295,12,1,100.0,11,3.455751918948772,0.0,3.455751918948772,76.5729218712072,4.513020836218341,14.82012477595481,23.966955906536906,23.171840360398875
segmented_diagnostic,usgs_southern_cascadia_30m_high,USGS Cascadia 30 m High,public,survey_grade_cascadia_high,Coverage-Preserving Segmented Hybrid,21,2,75.9466797586883,68.43196000356865,7.41,0.1047197551196597,100.0,98.71111111111112,0.4279795559415218,13,1,25.0,11,0.863937979737193,0.02617993877991492,0.8901179185171079,76.73207792208575,1.16003364254118,14.374480711222752,21.796318699190874,21.579626550716892
segmented_diagnostic,usgs_southern_cascadia_30m_high,USGS Cascadia 30 m High,public,survey_grade_cascadia_high,Coverage-Preserving Segmented Hybrid,21,2,75.9466797586883,68.43196000356865,7.41,0.1047197551196597,100.0,98.71111111111112,0.4279795559415218,13,1,50.0,11,1.727875959474386,0.05235987755982984,1.7802358370342157,77.62219584060286,2.293462350240554,14.704154014377236,21.5796265507169,21.157395573485754
segmented_diagnostic,usgs_southern_cascadia_30m_high,USGS Cascadia 30 m High,public,survey_grade_cascadia_high,Coverage-Preserving Segmented Hybrid,21,2,75.9466797586883,68.43196000356865,7.41,0.1047197551196597,100.0,98.71111111111112,0.4279795559415218,13,1,100.0,11,3.455751918948772,0.10471975511965968,3.5604716740684315,79.40243167763708,4.484083923932525,15.363500620686205,21.157395573485747,20.354956779832857
segmented_diagnostic,usgs_southern_cascadia_30m_high,USGS Cascadia 30 m High,public,survey_grade_cascadia_high,Transition-Aware Segmented Hybrid,21,1,72.71640685403159,72.71640685403159,0.0,0.0,0.0,98.36111111111111,1.8026913249362917,12,1,25.0,11,0.863937979737193,0.0,0.863937979737193,73.58034483376878,1.174142336093945,13.785978298797403,25.008497186449226,24.7902175894713
segmented_diagnostic,usgs_southern_cascadia_30m_high,USGS Cascadia 30 m High,public,survey_grade_cascadia_high,Transition-Aware Segmented Hybrid,21,1,72.71640685403159,72.71640685403159,0.0,0.0,0.0,98.36111111111111,1.8026913249362917,12,1,50.0,11,1.727875959474386,0.0,1.727875959474386,74.44428281350598,2.321032447586301,14.105955328329696,24.790217589471304,24.364893422487597
segmented_diagnostic,usgs_southern_cascadia_30m_high,USGS Cascadia 30 m High,public,survey_grade_cascadia_high,Transition-Aware Segmented Hybrid,21,1,72.71640685403159,72.71640685403159,0.0,0.0,0.0,98.36111111111111,1.8026913249362917,12,1,100.0,11,3.455751918948772,0.0,3.455751918948772,76.17215877298037,4.536765105014444,14.745909387394285,24.364893422487587,23.556576103602207
segmented_diagnostic,usgs_southern_cascadia_30m_high,USGS Cascadia 30 m High,public,survey_grade_cascadia_high,Coverage-Preserving Segmented Hybrid,22,1,72.54046470626102,72.54046470626102,0.0,0.0,0.0,98.48333333333332,1.5227361962141814,12,1,25.0,11,0.863937979737193,0.0,0.863937979737193,73.4044026859982,1.1769566240227551,13.75339641958063,25.187813634331697,24.967968924437013
segmented_diagnostic,usgs_southern_cascadia_30m_high,USGS Cascadia 30 m High,public,survey_grade_cascadia_high,Coverage-Preserving Segmented Hybrid,22,1,72.54046470626102,72.54046470626102,0.0,0.0,0.0,98.48333333333332,1.5227361962141814,12,1,50.0,11,1.727875959474386,0.0,1.727875959474386,74.26834066573541,2.3265309874784403,14.073373449112923,24.967968924437013,24.539595089244408
segmented_diagnostic,usgs_southern_cascadia_30m_high,USGS Cascadia 30 m High,public,survey_grade_cascadia_high,Coverage-Preserving Segmented Hybrid,22,1,72.54046470626102,72.54046470626102,0.0,0.0,0.0,98.48333333333332,1.5227361962141814,12,1,100.0,11,3.455751918948772,0.0,3.455751918948772,75.9962166252098,4.547268367307662,14.713327508177512,24.53959508924439,23.725481956668016
segmented_diagnostic,usgs_southern_cascadia_30m_high,USGS Cascadia 30 m High,public,survey_grade_cascadia_high,Transition-Aware Segmented Hybrid,22,1,72.54046470626102,72.54046470626102,0.0,0.0,0.0,98.48333333333332,1.5227361962141814,12,1,25.0,11,0.863937979737193,0.0,0.863937979737193,73.4044026859982,1.1769566240227551,13.75339641958063,25.187813634331697,24.967968924437013
segmented_diagnostic,usgs_southern_cascadia_30m_high,USGS Cascadia 30 m High,public,survey_grade_cascadia_high,Transition-Aware Segmented Hybrid,22,1,72.54046470626102,72.54046470626102,0.0,0.0,0.0,98.48333333333332,1.5227361962141814,12,1,50.0,11,1.727875959474386,0.0,1.727875959474386,74.26834066573541,2.3265309874784403,14.073373449112923,24.967968924437013,24.539595089244408
segmented_diagnostic,usgs_southern_cascadia_30m_high,USGS Cascadia 30 m High,public,survey_grade_cascadia_high,Transition-Aware Segmented Hybrid,22,1,72.54046470626102,72.54046470626102,0.0,0.0,0.0,98.48333333333332,1.5227361962141814,12,1,100.0,11,3.455751918948772,0.0,3.455751918948772,75.9962166252098,4.547268367307662,14.713327508177512,24.53959508924439,23.725481956668016
segmented_diagnostic,usgs_southern_cascadia_30m_high,USGS Cascadia 30 m High,public,survey_grade_cascadia_high,Coverage-Preserving Segmented Hybrid,23,1,72.9147306842187,72.9147306842187,0.0,0.0,0.0,98.44444444444444,1.8525813022488713,12,1,25.0,11,0.863937979737193,0.0,0.863937979737193,73.77866866395588,1.1709861337729244,13.822704934017239,24.806369809864208,24.58985442454483
segmented_diagnostic,usgs_southern_cascadia_30m_high,USGS Cascadia 30 m High,public,survey_grade_cascadia_high,Coverage-Preserving Segmented Hybrid,23,1,72.9147306842187,72.9147306842187,0.0,0.0,0.0,98.44444444444444,1.8525813022488713,12,1,50.0,11,1.727875959474386,0.0,1.727875959474386,74.64260664369309,2.314865513368808,14.14268196354953,24.58985442454484,24.16796787548075
segmented_diagnostic,usgs_southern_cascadia_30m_high,USGS Cascadia 30 m High,public,survey_grade_cascadia_high,Coverage-Preserving Segmented Hybrid,23,1,72.9147306842187,72.9147306842187,0.0,0.0,0.0,98.44444444444444,1.8525813022488713,12,1,100.0,11,3.455751918948772,0.0,3.455751918948772,76.37048260316747,4.524983738685245,14.782636022614119,24.16796787548073,23.366183658440555
segmented_diagnostic,usgs_southern_cascadia_30m_high,USGS Cascadia 30 m High,public,survey_grade_cascadia_high,Transition-Aware Segmented Hybrid,23,1,72.9147306842187,72.9147306842187,0.0,0.0,0.0,98.44444444444444,1.8525813022488713,12,1,25.0,11,0.863937979737193,0.0,0.863937979737193,73.77866866395588,1.1709861337729244,13.822704934017239,24.806369809864208,24.58985442454483
segmented_diagnostic,usgs_southern_cascadia_30m_high,USGS Cascadia 30 m High,public,survey_grade_cascadia_high,Transition-Aware Segmented Hybrid,23,1,72.9147306842187,72.9147306842187,0.0,0.0,0.0,98.44444444444444,1.8525813022488713,12,1,50.0,11,1.727875959474386,0.0,1.727875959474386,74.64260664369309,2.314865513368808,14.14268196354953,24.58985442454484,24.16796787548075
segmented_diagnostic,usgs_southern_cascadia_30m_high,USGS Cascadia 30 m High,public,survey_grade_cascadia_high,Transition-Aware Segmented Hybrid,23,1,72.9147306842187,72.9147306842187,0.0,0.0,0.0,98.44444444444444,1.8525813022488713,12,1,100.0,11,3.455751918948772,0.0,3.455751918948772,76.37048260316747,4.524983738685245,14.782636022614119,24.16796787548073,23.366183658440555
segmented_diagnostic,usgs_southern_cascadia_30m_high,USGS Cascadia 30 m High,public,survey_grade_cascadia_high,Coverage-Preserving Segmented Hybrid,24,1,73.40557719799891,73.40557719799891,0.0,0.0,0.0,98.30555555555556,1.9308337547483008,12,1,25.0,11,0.863937979737193,0.0,0.863937979737193,74.2695151777361,1.163247097641183,13.913602436569128,24.306109613988134,24.093960608348667
segmented_diagnostic,usgs_southern_cascadia_30m_high,USGS Cascadia 30 m High,public,survey_grade_cascadia_high,Coverage-Preserving Segmented Hybrid,24,1,73.40557719799891,73.40557719799891,0.0,0.0,0.0,98.30555555555556,1.9308337547483008,12,1,50.0,11,1.727875959474386,0.0,1.727875959474386,75.1334531574733,2.299742507312829,14.233579466101421,24.09396060834867,23.68058207755932
segmented_diagnostic,usgs_southern_cascadia_30m_high,USGS Cascadia 30 m High,public,survey_grade_cascadia_high,Coverage-Preserving Segmented Hybrid,24,1,73.40557719799891,73.40557719799891,0.0,0.0,0.0,98.30555555555556,1.9308337547483008,12,1,100.0,11,3.455751918948772,0.0,3.455751918948772,76.86132911694769,4.496086599921663,14.87353352516601,23.6805820775593,22.89496712400029
segmented_diagnostic,usgs_southern_cascadia_30m_high,USGS Cascadia 30 m High,public,survey_grade_cascadia_high,Transition-Aware Segmented Hybrid,24,1,73.40557719799891,73.40557719799891,0.0,0.0,0.0,98.30555555555556,1.9308337547483008,12,1,25.0,11,0.863937979737193,0.0,0.863937979737193,74.2695151777361,1.163247097641183,13.913602436569128,24.306109613988134,24.093960608348667
segmented_diagnostic,usgs_southern_cascadia_30m_high,USGS Cascadia 30 m High,public,survey_grade_cascadia_high,Transition-Aware Segmented Hybrid,24,1,73.40557719799891,73.40557719799891,0.0,0.0,0.0,98.30555555555556,1.9308337547483008,12,1,50.0,11,1.727875959474386,0.0,1.727875959474386,75.1334531574733,2.299742507312829,14.233579466101421,24.09396060834867,23.68058207755932
segmented_diagnostic,usgs_southern_cascadia_30m_high,USGS Cascadia 30 m High,public,survey_grade_cascadia_high,Transition-Aware Segmented Hybrid,24,1,73.40557719799891,73.40557719799891,0.0,0.0,0.0,98.30555555555556,1.9308337547483008,12,1,100.0,11,3.455751918948772,0.0,3.455751918948772,76.86132911694769,4.496086599921663,14.87353352516601,23.6805820775593,22.89496712400029
segmented_diagnostic,usgs_southern_cascadia_30m_high,USGS Cascadia 30 m High,public,survey_grade_cascadia_high,Coverage-Preserving Segmented Hybrid,25,1,72.75919491373881,72.75919491373881,0.0,0.0,0.0,98.29444444444444,1.6337641841003456,12,1,25.0,11,0.863937979737193,0.0,0.863937979737193,73.623132893476,1.173459951761642,13.793902013558002,24.96488851748784,24.74698954644734
segmented_diagnostic,usgs_southern_cascadia_30m_high,USGS Cascadia 30 m High,public,survey_grade_cascadia_high,Coverage-Preserving Segmented Hybrid,25,1,72.75919491373881,72.75919491373881,0.0,0.0,0.0,98.29444444444444,1.6337641841003456,12,1,50.0,11,1.727875959474386,0.0,1.727875959474386,74.4870708732132,2.3196991628459367,14.113879043090293,24.746989546447363,24.322407040214436
segmented_diagnostic,usgs_southern_cascadia_30m_high,USGS Cascadia 30 m High,public,survey_grade_cascadia_high,Coverage-Preserving Segmented Hybrid,25,1,72.75919491373881,72.75919491373881,0.0,0.0,0.0,98.29444444444444,1.6337641841003456,12,1,100.0,11,3.455751918948772,0.0,3.455751918948772,76.21494683268759,4.534218106239819,14.753833102154882,24.32240704021443,23.51549922795042
segmented_diagnostic,usgs_southern_cascadia_30m_high,USGS Cascadia 30 m High,public,survey_grade_cascadia_high,Transition-Aware Segmented Hybrid,25,1,72.75919491373881,72.75919491373881,0.0,0.0,0.0,98.29444444444444,1.6337641841003456,12,1,25.0,11,0.863937979737193,0.0,0.863937979737193,73.623132893476,1.173459951761642,13.793902013558002,24.96488851748784,24.74698954644734
segmented_diagnostic,usgs_southern_cascadia_30m_high,USGS Cascadia 30 m High,public,survey_grade_cascadia_high,Transition-Aware Segmented Hybrid,25,1,72.75919491373881,72.75919491373881,0.0,0.0,0.0,98.29444444444444,1.6337641841003456,12,1,50.0,11,1.727875959474386,0.0,1.727875959474386,74.4870708732132,2.3196991628459367,14.113879043090293,24.746989546447363,24.322407040214436
segmented_diagnostic,usgs_southern_cascadia_30m_high,USGS Cascadia 30 m High,public,survey_grade_cascadia_high,Transition-Aware Segmented Hybrid,25,1,72.75919491373881,72.75919491373881,0.0,0.0,0.0,98.29444444444444,1.6337641841003456,12,1,100.0,11,3.455751918948772,0.0,3.455751918948772,76.21494683268759,4.534218106239819,14.753833102154882,24.32240704021443,23.51549922795042
segmented_diagnostic,usgs_southern_cascadia_30m_high,USGS Cascadia 30 m High,public,survey_grade_cascadia_high,Coverage-Preserving Segmented Hybrid,26,1,73.02993006722723,73.02993006722723,0.0,0.0,0.0,98.44444444444444,1.856962160766862,12,1,25.0,11,0.863937979737193,0.0,0.863937979737193,73.89386804696441,1.1691605847295794,13.84403815309289,24.68896107965887,24.473470463245842
segmented_diagnostic,usgs_southern_cascadia_30m_high,USGS Cascadia 30 m High,public,survey_grade_cascadia_high,Coverage-Preserving Segmented Hybrid,26,1,73.02993006722723,73.02993006722723,0.0,0.0,0.0,98.44444444444444,1.856962160766862,12,1,50.0,11,1.727875959474386,0.0,1.727875959474386,74.75780602670162,2.311298379806962,14.164015182625183,24.473470463245842,24.053580706311998
segmented_diagnostic,usgs_southern_cascadia_30m_high,USGS Cascadia 30 m High,public,survey_grade_cascadia_high,Coverage-Preserving Segmented Hybrid,26,1,73.02993006722723,73.02993006722723,0.0,0.0,0.0,98.44444444444444,1.856962160766862,12,1,100.0,11,3.455751918948772,0.0,3.455751918948772,76.485681986176,4.518168406438951,14.803969241689773,24.05358070631198,23.255591339850216
segmented_diagnostic,usgs_southern_cascadia_30m_high,USGS Cascadia 30 m High,public,survey_grade_cascadia_high,Transition-Aware Segmented Hybrid,26,1,73.02993006722723,73.02993006722723,0.0,0.0,0.0,98.44444444444444,1.856962160766862,12,1,25.0,11,0.863937979737193,0.0,0.863937979737193,73.89386804696441,1.1691605847295794,13.84403815309289,24.68896107965887,24.473470463245842
segmented_diagnostic,usgs_southern_cascadia_30m_high,USGS Cascadia 30 m High,public,survey_grade_cascadia_high,Transition-Aware Segmented Hybrid,26,1,73.02993006722723,73.02993006722723,0.0,0.0,0.0,98.44444444444444,1.856962160766862,12,1,50.0,11,1.727875959474386,0.0,1.727875959474386,74.75780602670162,2.311298379806962,14.164015182625183,24.473470463245842,24.053580706311998
segmented_diagnostic,usgs_southern_cascadia_30m_high,USGS Cascadia 30 m High,public,survey_grade_cascadia_high,Transition-Aware Segmented Hybrid,26,1,73.02993006722723,73.02993006722723,0.0,0.0,0.0,98.44444444444444,1.856962160766862,12,1,100.0,11,3.455751918948772,0.0,3.455751918948772,76.485681986176,4.518168406438951,14.803969241689773,24.05358070631198,23.255591339850216
segmented_diagnostic,usgs_southern_cascadia_30m_high,USGS Cascadia 30 m High,public,survey_grade_cascadia_high,Coverage-Preserving Segmented Hybrid,27,1,73.0013456395729,73.0013456395729,0.0,0.0,0.0,98.39444444444445,1.798140353805952,12,1,25.0,11,0.863937979737193,0.0,0.863937979737193,73.86528361931009,1.1696130271289444,13.838744740564312,24.718093712724208,24.502348820360204
segmented_diagnostic,usgs_southern_cascadia_30m_high,USGS Cascadia 30 m High,public,survey_grade_cascadia_high,Coverage-Preserving Segmented Hybrid,27,1,73.0013456395729,73.0013456395729,0.0,0.0,0.0,98.39444444444445,1.798140353805952,12,1,50.0,11,1.727875959474386,0.0,1.727875959474386,74.72922159904729,2.3121824669138724,14.158721770096605,24.502348820360204,24.081963599312775
segmented_diagnostic,usgs_southern_cascadia_30m_high,USGS Cascadia 30 m High,public,survey_grade_cascadia_high,Coverage-Preserving Segmented Hybrid,27,1,73.0013456395729,73.0013456395729,0.0,0.0,0.0,98.39444444444445,1.798140353805952,12,1,100.0,11,3.455751918948772,0.0,3.455751918948772,76.45709755852168,4.519857579348569,14.798675829161194,24.081963599312758,23.283032616420556
segmented_diagnostic,usgs_southern_cascadia_30m_high,USGS Cascadia 30 m High,public,survey_grade_cascadia_high,Transition-Aware Segmented Hybrid,27,1,73.0013456395729,73.0013456395729,0.0,0.0,0.0,98.39444444444445,1.798140353805952,12,1,25.0,11,0.863937979737193,0.0,0.863937979737193,73.86528361931009,1.1696130271289444,13.838744740564312,24.718093712724208,24.502348820360204
segmented_diagnostic,usgs_southern_cascadia_30m_high,USGS Cascadia 30 m High,public,survey_grade_cascadia_high,Transition-Aware Segmented Hybrid,27,1,73.0013456395729,73.0013456395729,0.0,0.0,0.0,98.39444444444445,1.798140353805952,12,1,50.0,11,1.727875959474386,0.0,1.727875959474386,74.72922159904729,2.3121824669138724,14.158721770096605,24.502348820360204,24.081963599312775
segmented_diagnostic,usgs_southern_cascadia_30m_high,USGS Cascadia 30 m High,public,survey_grade_cascadia_high,Transition-Aware Segmented Hybrid,27,1,73.0013456395729,73.0013456395729,0.0,0.0,0.0,98.39444444444445,1.798140353805952,12,1,100.0,11,3.455751918948772,0.0,3.455751918948772,76.45709755852168,4.519857579348569,14.798675829161194,24.081963599312758,23.283032616420556
segmented_diagnostic,usgs_southern_cascadia_30m_high,USGS Cascadia 30 m High,public,survey_grade_cascadia_high,Coverage-Preserving Segmented Hybrid,28,2,75.7377825137663,68.22306275864665,7.41,0.1047197551196597,100.0,98.57222222222222,0.3336947423728993,13,1,25.0,11,0.863937979737193,0.02617993877991492,0.8901179185171079,76.52318067716375,1.1632003670526194,14.335796036237197,22.009222272362518,21.790671855244856
segmented_diagnostic,usgs_southern_cascadia_30m_high,USGS Cascadia 30 m High,public,survey_grade_cascadia_high,Coverage-Preserving Segmented Hybrid,28,2,75.7377825137663,68.22306275864665,7.41,0.1047197551196597,100.0,98.57222222222222,0.3336947423728993,13,1,50.0,11,1.727875959474386,0.05235987755982984,1.7802358370342157,77.41329859568086,2.299651183102461,14.66546933939168,21.790671855244867,21.364819987312774
segmented_diagnostic,usgs_southern_cascadia_30m_high,USGS Cascadia 30 m High,public,survey_grade_cascadia_high,Coverage-Preserving Segmented Hybrid,28,2,75.7377825137663,68.22306275864665,7.41,0.1047197551196597,100.0,98.57222222222222,0.3336947423728993,13,1,100.0,11,3.455751918948772,0.10471975511965968,3.5604716740684315,79.19353443271508,4.4959120710712845,15.32481594570065,21.364819987312767,20.555499786745894
segmented_diagnostic,usgs_southern_cascadia_30m_high,USGS Cascadia 30 m High,public,survey_grade_cascadia_high,Transition-Aware Segmented Hybrid,28,1,73.01797300281706,73.01797300281706,0.0,0.0,0.0,98.35,1.7686715545550753,12,1,25.0,11,0.863937979737193,0.0,0.863937979737193,73.88191098255425,1.1693498019308068,13.841823881905825,24.701147462195987,24.48555048038845
segmented_diagnostic,usgs_southern_cascadia_30m_high,USGS Cascadia 30 m High,public,survey_grade_cascadia_high,Transition-Aware Segmented Hybrid,28,1,73.01797300281706,73.01797300281706,0.0,0.0,0.0,98.35,1.7686715545550753,12,1,50.0,11,1.727875959474386,0.0,1.727875959474386,74.74584896229145,2.311668117310545,14.161800911438117,24.48555048038846,24.065453467378305
segmented_diagnostic,usgs_southern_cascadia_30m_high,USGS Cascadia 30 m High,public,survey_grade_cascadia_high,Transition-Aware Segmented Hybrid,28,1,73.01797300281706,73.01797300281706,0.0,0.0,0.0,98.35,1.7686715545550753,12,1,100.0,11,3.455751918948772,0.0,3.455751918948772,76.47372492176584,4.5188748455552235,14.801754970502706,24.065453467378298,23.267070216230618
segmented_diagnostic,usgs_southern_cascadia_30m_high,USGS Cascadia 30 m High,public,survey_grade_cascadia_high,Coverage-Preserving Segmented Hybrid,29,1,72.60630779748159,72.60630779748159,0.0,0.0,0.0,98.37777777777778,1.9484361196528792,12,1,25.0,11,0.863937979737193,0.0,0.863937979737193,73.47024577721878,1.1759018506034151,13.765589584621479,25.120707773769674,24.901448778405893
segmented_diagnostic,usgs_southern_cascadia_30m_high,USGS Cascadia 30 m High,public,survey_grade_cascadia_high,Coverage-Preserving Segmented Hybrid,29,1,72.60630779748159,72.60630779748159,0.0,0.0,0.0,98.37777777777778,1.9484361196528792,12,1,50.0,11,1.727875959474386,0.0,1.727875959474386,74.33418375695598,2.324470212955956,14.085566614153771,24.901448778405904,24.474216225075622
segmented_diagnostic,usgs_southern_cascadia_30m_high,USGS Cascadia 30 m High,public,survey_grade_cascadia_high,Coverage-Preserving Segmented Hybrid,29,1,72.60630779748159,72.60630779748159,0.0,0.0,0.0,98.37777777777778,1.9484361196528792,12,1,100.0,11,3.455751918948772,0.0,3.455751918948772,76.06205971643037,4.543332026285222,14.725520673218359,24.47421622507562,23.662272068463157
segmented_diagnostic,usgs_southern_cascadia_30m_high,USGS Cascadia 30 m High,public,survey_grade_cascadia_high,Transition-Aware Segmented Hybrid,29,1,72.60630779748159,72.60630779748159,0.0,0.0,0.0,98.37777777777778,1.9484361196528792,12,1,25.0,11,0.863937979737193,0.0,0.863937979737193,73.47024577721878,1.1759018506034151,13.765589584621479,25.120707773769674,24.901448778405893
segmented_diagnostic,usgs_southern_cascadia_30m_high,USGS Cascadia 30 m High,public,survey_grade_cascadia_high,Transition-Aware Segmented Hybrid,29,1,72.60630779748159,72.60630779748159,0.0,0.0,0.0,98.37777777777778,1.9484361196528792,12,1,50.0,11,1.727875959474386,0.0,1.727875959474386,74.33418375695598,2.324470212955956,14.085566614153771,24.901448778405904,24.474216225075622
segmented_diagnostic,usgs_southern_cascadia_30m_high,USGS Cascadia 30 m High,public,survey_grade_cascadia_high,Transition-Aware Segmented Hybrid,29,1,72.60630779748159,72.60630779748159,0.0,0.0,0.0,98.37777777777778,1.9484361196528792,12,1,100.0,11,3.455751918948772,0.0,3.455751918948772,76.06205971643037,4.543332026285222,14.725520673218359,24.47421622507562,23.662272068463157
