evidence_block,scene_id,scene_name,scene_group,terrain_class,method,n_segments,radius_m,n_runs,path_length_km_mean,path_length_km_std,path_length_km_min,path_length_km_max,vehicle_length_km_mean,vehicle_length_km_std,vehicle_length_km_min,vehicle_length_km_max,mission_time_h_mean,mission_time_h_std,mission_time_h_min,mission_time_h_max,vehicle_length_gain_vs_fixed_pct_mean,vehicle_length_gain_vs_fixed_pct_std,vehicle_length_gain_vs_fixed_pct_min,vehicle_length_gain_vs_fixed_pct_max,mission_time_gain_vs_fixed_pct_mean,mission_time_gain_vs_fixed_pct_std,mission_time_gain_vs_fixed_pct_min,mission_time_gain_vs_fixed_pct_max,turn_arc_fraction_pct_mean,turn_arc_fraction_pct_std,turn_arc_fraction_pct_min,turn_arc_fraction_pct_max,line_count_mean,line_count_std,line_count_min,line_count_max,line_change_count_mean,line_change_count_std,line_change_count_min,line_change_count_max,coverage_pct_mean,coverage_pct_std,coverage_pct_min,coverage_pct_max,excess_overlap_pct_mean,excess_overlap_pct_std,excess_overlap_pct_min,excess_overlap_pct_max,feasible_mean,feasible_std,feasible_min,feasible_max
main_benchmark,gebco_cascadia_margin_moderate,GEBCO Cascadia Margin,public,moderate_slope,Adaptive Spacing w/o GA,1,25.0,1,15038.22386007842,,15038.22386007842,15038.22386007842,15047.25593895749,,15047.25593895749,15047.25593895749,2788.201484784548,,2788.201484784548,2788.201484784548,0.8471607749822607,,0.8471607749822607,0.8471607749822607,0.8471697195633777,,0.8471697195633777,0.8471697195633777,0.060024757442229154,,0.060024757442229154,0.060024757442229154,116.0,,116,116,115.0,,115,115,99.33333333333331,,99.33333333333331,99.33333333333331,0.0,,0.0,0.0,1.0,,1,1
main_benchmark,gebco_cascadia_margin_moderate,GEBCO Cascadia Margin,public,moderate_slope,Adaptive Spacing w/o GA,1,50.0,1,15038.22386007842,,15038.22386007842,15038.22386007842,15056.288017836561,,15056.288017836561,15056.288017836561,2791.546699184204,,2791.546699184204,2791.546699184204,0.8471697195633682,,0.8471697195633682,0.8471697195633682,0.8471875765648994,,0.8471875765648994,0.8471875765648994,0.11997749868188926,,0.11997749868188926,0.11997749868188926,116.0,,116,116,115.0,,115,115,99.33333333333331,,99.33333333333331,99.33333333333331,0.0,,0.0,0.0,1.0,,1,1
main_benchmark,gebco_cascadia_margin_moderate,GEBCO Cascadia Margin,public,moderate_slope,Adaptive Spacing w/o GA,1,100.0,1,15038.22386007842,,15038.22386007842,15038.22386007842,15074.352175594702,,15074.352175594702,15074.352175594702,2798.2371279835156,,2798.2371279835156,2798.2371279835156,0.8471875765648935,,0.8471875765648935,0.8471875765648935,0.8472231624634806,,0.8472231624634806,0.8472231624634806,0.23966745035169187,,0.23966745035169187,0.23966745035169187,116.0,,116,116,115.0,,115,115,99.33333333333331,,99.33333333333331,99.33333333333331,0.0,,0.0,0.0,1.0,,1,1
main_benchmark,gebco_cascadia_margin_moderate,GEBCO Cascadia Margin,public,moderate_slope,Fixed-Spacing,1,25.0,1,15166.708910596337,,15166.708910596337,15166.708910596337,15175.819529291748,,15175.819529291748,15175.819529291748,2812.024101479103,,2812.024101479103,2812.024101479103,0.0,,0.0,0.0,0.0,,0.0,0.0,0.06003378386139513,,0.06003378386139513,0.06003378386139513,117.0,,117,117,116.0,,116,116,100.0,,100.0,100.0,0.7985185185185184,,0.7985185185185184,0.7985185185185184,1.0,,1,1
main_benchmark,gebco_cascadia_margin_moderate,GEBCO Cascadia Margin,public,moderate_slope,Fixed-Spacing,1,50.0,1,15166.708910596337,,15166.708910596337,15166.708910596337,15184.930147987157,,15184.930147987157,15184.930147987157,2815.3984046996256,,2815.3984046996256,2815.3984046996256,0.0,,0.0,0.0,0.0,,0.0,0.0,0.11999552986574732,,0.11999552986574732,0.11999552986574732,117.0,,117,117,116.0,,116,116,100.0,,100.0,100.0,0.7985185185185184,,0.7985185185185184,0.7985185185185184,1.0,,1,1
main_benchmark,gebco_cascadia_margin_moderate,GEBCO Cascadia Margin,public,moderate_slope,Fixed-Spacing,1,100.0,1,15166.708910596337,,15166.708910596337,15166.708910596337,15203.151385377978,,15203.151385377978,15203.151385377978,2822.14701114067,,2822.14701114067,2822.14701114067,0.0,,0.0,0.0,0.0,,0.0,0.0,0.23970342633495767,,0.23970342633495767,0.23970342633495767,117.0,,117,117,116.0,,116,116,100.0,,100.0,100.0,0.7985185185185184,,0.7985185185185184,0.7985185185185184,1.0,,1,1
main_benchmark,gebco_cascadia_margin_moderate,GEBCO Cascadia Margin,public,moderate_slope,Full Geometry-Aware Hybrid GA,1,25.0,50,15038.154768103666,0.07077759179398672,15037.952874807275,15038.22386007842,15047.186846982737,0.07077759179398672,15046.984953686346,15047.25593895749,2788.1886899744086,0.013106961443241291,2788.151302326929,2788.201484784548,0.8476160517112755,0.00046638398445165036,0.8471607749822607,0.8489464134489147,0.8476247231365277,0.00046610416448240595,0.8471697195633777,0.848954286686847,0.060025033058439134,2.82341782126214e-07,0.060024757442229154,0.06002583844451771,116.0,0.0,116,116,115.0,0.0,115,115,98.98666666666666,0.3364480330029455,98.66666666666669,99.33333333333331,0.13534907866893026,0.14933951606845955,0.0,0.677862247805825,1.0,0.0,1,1
main_benchmark,gebco_cascadia_margin_moderate,GEBCO Cascadia Margin,public,moderate_slope,Full Geometry-Aware Hybrid GA,1,50.0,50,15038.154768103666,0.07077759179398672,15037.952874807275,15038.22386007842,15056.218925861807,0.07077759179398672,15056.017032565416,15056.288017836561,2791.533904374064,0.01310696144323918,2791.496516726585,2791.546699184204,0.8476247231365213,0.00046610416448493805,0.8471697195633682,0.8489542866868525,0.8476420348084694,0.0004655455306561814,0.8471875765648994,0.8489700048540987,0.11997804925314963,5.640062693650677e-07,0.11997749868188926,0.11997965809330206,116.0,0.0,116,116,115.0,0.0,115,115,98.98666666666666,0.3364480330029455,98.66666666666669,99.33333333333331,0.13534907866893026,0.14933951606845955,0.0,0.677862247805825,1.0,0.0,1,1
main_benchmark,gebco_cascadia_margin_moderate,GEBCO Cascadia Margin,public,moderate_slope,Full Geometry-Aware Hybrid GA,1,100.0,50,15038.154768103666,0.07077759179398672,15037.952874807275,15038.22386007842,15074.283083619948,0.07077759179398672,15074.081190323557,15074.352175594702,2798.2243331733757,0.013106961443243408,2798.1869455258966,2798.2371279835156,0.8476420348084693,0.0004655455306586815,0.8471875765648935,0.8489700048541077,0.847676533960038,0.00046443227059066205,0.8472231624634806,0.8490013284279371,0.23966854885670144,1.125310660248385e-06,0.23966745035169187,0.23967175882981392,116.0,0.0,116,116,115.0,0.0,115,115,98.98666666666666,0.3364480330029455,98.66666666666669,99.33333333333331,0.13534907866893026,0.14933951606845955,0.0,0.677862247805825,1.0,0.0,1,1
main_benchmark,gebco_monterey_canyon_complex,GEBCO Monterey Canyon,public,complex_relief,Adaptive Spacing w/o GA,1,25.0,1,6656.620000000046,,6656.620000000046,6656.620000000046,6661.175309347752,,6661.175309347752,6661.175309347752,1234.3945590176772,,1234.3945590176772,1234.3945590176772,0.6709660481263251,,0.6709660481263251,0.6709660481263251,0.6867831319369567,,0.6867831319369567,0.6867831319369567,0.06838596998509631,,0.06838596998509631,0.06838596998509631,59.0,,59,59,58.0,,58,58,100.0,,100.0,100.0,0.0,,0.0,0.0,1.0,,1,1
main_benchmark,gebco_monterey_canyon_complex,GEBCO Monterey Canyon,public,complex_relief,Adaptive Spacing w/o GA,1,50.0,1,6656.620000000046,,6656.620000000046,6656.620000000046,6665.7306186954565,,6665.7306186954565,6665.7306186954565,1236.0817106279385,,1236.0817106279385,1236.0817106279385,0.6867831319369635,,0.6867831319369635,0.6867831319369635,0.7183374765400813,,0.7183374765400813,0.7183374765400813,0.13667847107198924,,0.13667847107198924,0.13667847107198924,59.0,,59,59,58.0,,58,58,100.0,,100.0,100.0,0.0,,0.0,0.0,1.0,,1,1
main_benchmark,gebco_monterey_canyon_complex,GEBCO Monterey Canyon,public,complex_relief,Adaptive Spacing w/o GA,1,100.0,1,6656.620000000046,,6656.620000000046,6656.620000000046,6674.841237390867,,6674.841237390867,6674.841237390867,1239.4560138484608,,1239.4560138484608,1239.4560138484608,0.7183374765400967,,0.7183374765400967,0.7183374765400967,0.7811287472783764,,0.7811287472783764,0.7811287472783764,0.27298383201610515,,0.27298383201610515,0.27298383201610515,59.0,,59,59,58.0,,58,58,100.0,,100.0,100.0,0.0,,0.0,0.0,1.0,,1,1
main_benchmark,gebco_monterey_canyon_complex,GEBCO Monterey Canyon,public,complex_relief,Fixed-Spacing,1,25.0,1,6700.516576082014,,6700.516576082014,6700.516576082014,6706.1714428584755,,6706.1714428584755,6706.1714428584755,1242.9307980805438,,1242.9307980805438,1242.9307980805438,0.0,,0.0,0.0,0.0,,0.0,0.0,0.08432332553149381,,0.08432332553149381,0.08432332553149381,73.0,,73,73,72.0,,72,72,99.33333333333331,,99.33333333333331,99.33333333333331,0.8148148148148147,,0.8148148148148147,0.8148148148148147,1.0,,1,1
main_benchmark,gebco_monterey_canyon_complex,GEBCO Monterey Canyon,public,complex_relief,Fixed-Spacing,1,50.0,1,6700.516576082014,,6700.516576082014,6700.516576082014,6711.8263096349365,,6711.8263096349365,6711.8263096349365,1245.025193182937,,1245.025193182937,1245.025193182937,0.0,,0.0,0.0,0.0,,0.0,0.0,0.1685045624122893,,0.1685045624122893,0.1685045624122893,73.0,,73,73,72.0,,72,72,99.33333333333331,,99.33333333333331,99.33333333333331,0.8148148148148147,,0.8148148148148147,0.8148148148148147,1.0,,1,1
main_benchmark,gebco_monterey_canyon_complex,GEBCO Monterey Canyon,public,complex_relief,Fixed-Spacing,1,100.0,1,6700.516576082014,,6700.516576082014,6700.516576082014,6723.13604318786,,6723.13604318786,6723.13604318786,1249.2139833877236,,1249.2139833877236,1249.2139833877236,0.0,,0.0,0.0,0.0,,0.0,0.0,0.33644220436035094,,0.33644220436035094,0.33644220436035094,73.0,,73,73,72.0,,72,72,99.33333333333331,,99.33333333333331,99.33333333333331,0.8148148148148147,,0.8148148148148147,0.8148148148148147,1.0,,1,1
main_benchmark,gebco_monterey_canyon_complex,GEBCO Monterey Canyon,public,complex_relief,Full Geometry-Aware Hybrid GA,1,25.0,50,6656.567382856836,0.06120389455572786,6656.384253803436,6656.620000000046,6661.122692204541,0.061203894555577495,6660.939563151142,6661.175309347752,1234.3848151022678,0.011334054547418291,1234.350902314601,1234.3945590176772,0.6717506559112497,0.0009126503113915448,0.6709660481263251,0.6744814100376486,0.6875670786719297,0.0009118813826872482,0.6867831319369567,0.6902955320757025,0.06838651018113104,6.283578938990511e-07,0.06838596998509631,0.068388390324175,59.0,0.0,59,59,58.0,0.0,58,58,99.55000000000001,0.4195478615882307,99.16666666666669,100.0,0.09029313116666189,0.1152684511936221,0.0,0.4644609658001306,1.0,0.0,1,1
main_benchmark,gebco_monterey_canyon_complex,GEBCO Monterey Canyon,public,complex_relief,Full Geometry-Aware Hybrid GA,1,50.0,50,6656.567382856836,0.06120389455572786,6656.384253803436,6656.620000000046,6665.678001552245,0.061203894555577495,6665.494872498846,6665.7306186954565,1236.071966712529,0.011334054547399214,1236.0380539248622,1236.0817106279385,0.6875670786719309,0.0009118813826848385,0.6867831319369635,0.6902955320756842,0.7191201045112191,0.0009103474057761873,0.7183374765400813,0.7218439680806006,0.13667954998788637,1.254998691353731e-06,0.13667847107198924,0.13668330513612553,59.0,0.0,59,59,58.0,0.0,58,58,99.55000000000001,0.4195478615882307,99.16666666666669,100.0,0.09029313116666189,0.1152684511936221,0.0,0.4644609658001306,1.0,0.0,1,1
main_benchmark,gebco_monterey_canyon_complex,GEBCO Monterey Canyon,public,complex_relief,Full Geometry-Aware Hybrid GA,1,100.0,50,6656.567382856836,0.06120389455572786,6656.384253803436,6656.620000000046,6674.788620247656,0.06120389455572786,6674.6054911942565,6674.841237390867,1239.4462699330513,0.01133405454738425,1239.4123571453847,1239.4560138484608,0.7191201045112261,0.0009103474057722846,0.7183374765400967,0.721843968080591,0.7819087509878329,0.0009072948828686353,0.7811287472783764,0.7846234810595077,0.27298598396133356,2.503150078472144e-06,0.27298383201610515,0.272993473769497,59.0,0.0,59,59,58.0,0.0,58,58,99.55000000000001,0.4195478615882307,99.16666666666669,100.0,0.09029313116666189,0.1152684511936221,0.0,0.4644609658001306,1.0,0.0,1,1
main_benchmark,synthetic_complex,Complex Terrain,synthetic,complex_relief,Adaptive Spacing w/o GA,1,25.0,1,254.4283149777902,,254.4283149777902,254.4283149777902,257.49136781504023,,257.49136781504023,257.49136781504023,48.25081863931302,,48.25081863931302,48.25081863931302,25.544351113585247,,25.544351113585247,25.544351113585247,25.404051176796415,,25.404051176796415,25.404051176796415,1.1895749606061679,,1.1895749606061679,1.1895749606061679,40.0,,40,40,39.0,,39,39,96.87777777777778,,96.87777777777778,96.87777777777778,7.121152941554071,,7.121152941554071,7.121152941554071,0.0,,0,0
main_benchmark,synthetic_complex,Complex Terrain,synthetic,complex_relief,Adaptive Spacing w/o GA,1,50.0,1,254.4283149777902,,254.4283149777902,254.4283149777902,260.5544206522903,,260.5544206522903,260.5544206522903,49.385282653109336,,49.385282653109336,49.385282653109336,25.40405117679641,,25.40405117679641,25.40405117679641,25.131618225566537,,25.131618225566537,25.131618225566537,2.351180862394724,,2.351180862394724,2.351180862394724,40.0,,40,40,39.0,,39,39,96.87777777777778,,96.87777777777778,96.87777777777778,7.121152941554071,,7.121152941554071,7.121152941554071,0.0,,0,0
main_benchmark,synthetic_complex,Complex Terrain,synthetic,complex_relief,Adaptive Spacing w/o GA,1,100.0,1,254.4283149777902,,254.4283149777902,254.4283149777902,266.6805263267904,,266.6805263267904,266.6805263267904,51.65421068070197,,51.65421068070197,51.65421068070197,25.131618225566534,,25.131618225566534,25.131618225566534,24.617284356475054,,24.617284356475054,24.617284356475054,4.594340470884749,,4.594340470884749,4.594340470884749,40.0,,40,40,39.0,,39,39,96.87777777777778,,96.87777777777778,96.87777777777778,7.121152941554071,,7.121152941554071,7.121152941554071,0.0,,0,0
main_benchmark,synthetic_complex,Complex Terrain,synthetic,complex_relief,Fixed-Spacing,1,25.0,1,342.37612472999996,,342.37612472999996,342.37612472999996,345.8318766489487,,345.8318766489487,345.8318766489487,64.6828941792403,,64.6828941792403,64.6828941792403,0.0,,0.0,0.0,0.0,,0.0,0.0,0.9992577758980499,,0.9992577758980499,0.9992577758980499,45.0,,45,45,44.0,,44,44,96.1888888888889,,96.1888888888889,96.1888888888889,28.497640907255647,,28.497640907255647,28.497640907255647,0.0,,0,0
main_benchmark,synthetic_complex,Complex Terrain,synthetic,complex_relief,Fixed-Spacing,1,50.0,1,342.37612472999996,,342.37612472999996,342.37612472999996,349.2876285678975,,349.2876285678975,349.2876285678975,65.96280229736946,,65.96280229736946,65.96280229736946,0.0,,0.0,0.0,0.0,,0.0,0.0,1.9787428103981721,,1.9787428103981721,1.9787428103981721,45.0,,45,45,44.0,,44,44,96.1888888888889,,96.1888888888889,96.1888888888889,28.497640907255647,,28.497640907255647,28.497640907255647,0.0,,0,0
main_benchmark,synthetic_complex,Complex Terrain,synthetic,complex_relief,Fixed-Spacing,1,100.0,1,342.37612472999996,,342.37612472999996,342.37612472999996,356.19913240579507,,356.19913240579507,356.19913240579507,68.5226185336278,,68.5226185336278,68.5226185336278,0.0,,0.0,0.0,0.0,,0.0,0.0,3.8806966155233114,,3.8806966155233114,3.8806966155233114,45.0,,45,45,44.0,,44,44,96.1888888888889,,96.1888888888889,96.1888888888889,28.497640907255647,,28.497640907255647,28.497640907255647,0.0,,0,0
main_benchmark,synthetic_complex,Complex Terrain,synthetic,complex_relief,Full Geometry-Aware Hybrid GA,1,25.0,50,254.1132062990911,0.19222751544581257,253.77841703513968,254.58764098023187,257.1762591363412,0.19222751544582228,256.8414698723897,257.6506938174819,48.192465180294676,0.035597688045519715,48.130467168451815,48.28032345457999,25.635467259890905,0.05558409401367635,25.498280750151565,25.732274201806003,25.494265846005014,0.05503416088166459,25.358436620364827,25.590115007718552,1.1910331553439073,0.0008900685969370573,1.1888393513971651,1.192584997575317,40.0,0.0,40,40,39.0,0.0,39,39,96.831,0.042784918566474345,96.75555555555556,96.94444444444444,7.169650482957979,0.05287538692242723,7.0579624365977605,7.289344557660367,0.0,0.0,0,0
main_benchmark,synthetic_complex,Complex Terrain,synthetic,complex_relief,Full Geometry-Aware Hybrid GA,1,50.0,50,254.1132062990911,0.19222751544581257,253.77841703513968,254.58764098023187,260.2393119735912,0.1922275154458237,259.90452270963976,260.71374665473195,49.32692919409098,0.035597688045520985,49.26493118224813,49.41478746837631,25.494265846005,0.055034160881665566,25.358436620364817,25.590115007718545,25.2200824159678,0.0539663064723075,25.086888750408765,25.314071770094028,2.3540290292982364,0.0017384828435453182,2.349744021213047,2.357060050603298,40.0,0.0,40,40,39.0,0.0,39,39,96.831,0.042784918566474345,96.75555555555556,96.94444444444444,7.169650482957979,0.05287538692242723,7.0579624365977605,7.289344557660367,0.0,0.0,0,0
main_benchmark,synthetic_complex,Complex Terrain,synthetic,complex_relief,Full Geometry-Aware Hybrid GA,1,100.0,50,254.1132062990911,0.19222751544581257,253.77841703513968,254.58764098023187,266.3654176480913,0.19222751544581942,266.03062838413985,266.83985232923203,51.59585722168361,0.035597688045520166,51.53385920984075,51.683715495968926,25.220082415967795,0.053966306472308136,25.08688875040877,25.31407177009403,24.70244376845772,0.05195027394939702,24.574225851271443,24.792921939271398,4.5997778951178425,0.0033188868084825214,4.5915972603234625,4.60556418763496,40.0,0.0,40,40,39.0,0.0,39,39,96.831,0.042784918566474345,96.75555555555556,96.94444444444444,7.169650482957979,0.05287538692242723,7.0579624365977605,7.289344557660367,0.0,0.0,0,0
main_benchmark,synthetic_flat,Flat Seafloor,synthetic,flat,Adaptive Spacing w/o GA,1,25.0,1,201.44145911860127,,201.44145911860127,201.44145911860127,203.4049545270949,,203.4049545270949,203.4049545270949,38.031194432516386,,38.031194432516386,38.031194432516386,3.554910010005142,,3.554910010005142,3.554910010005142,3.5577028997602236,,3.5577028997602236,3.5577028997602236,0.9653134620337234,,0.9653134620337234,0.9653134620337234,26.0,,26,26,25.0,,25,25,99.33333333333331,,99.33333333333331,99.33333333333331,0.0,,0.0,0.0,1.0,,1,1
main_benchmark,synthetic_flat,Flat Seafloor,synthetic,flat,Adaptive Spacing w/o GA,1,50.0,1,201.44145911860127,,201.44145911860127,201.44145911860127,205.3684499355885,,205.3684499355885,205.3684499355885,38.7584149541807,,38.7584149541807,38.7584149541807,3.55770289976023,,3.55770289976023,3.55770289976023,3.563131008348598,,3.563131008348598,3.563131008348598,1.9121685040807863,,1.9121685040807863,1.9121685040807863,26.0,,26,26,25.0,,25,25,99.33333333333331,,99.33333333333331,99.33333333333331,0.0,,0.0,0.0,1.0,,1,1
main_benchmark,synthetic_flat,Flat Seafloor,synthetic,flat,Adaptive Spacing w/o GA,1,100.0,1,201.44145911860127,,201.44145911860127,201.44145911860127,209.29544075257576,,209.29544075257576,209.29544075257576,40.21285599750931,,40.21285599750931,40.21285599750931,3.563131008348614,,3.563131008348614,3.563131008348614,3.5733965741859026,,3.5733965741859026,3.5733965741859026,3.7525813298815613,,3.7525813298815613,3.7525813298815613,26.0,,26,26,25.0,,25,25,99.33333333333331,,99.33333333333331,99.33333333333331,0.0,,0.0,0.0,1.0,,1,1
main_benchmark,synthetic_flat,Flat Seafloor,synthetic,flat,Fixed-Spacing,1,25.0,1,208.860307806,,208.860307806,208.860307806,210.90234303083338,,210.90234303083338,210.90234303083338,39.43414412141976,,39.43414412141976,39.43414412141976,0.0,,0.0,0.0,0.0,,0.0,0.0,0.9682373346297177,,0.9682373346297177,0.9682373346297177,27.0,,27,27,26.0,,26,26,98.66666666666669,,98.66666666666669,98.66666666666669,3.611543204114926,,3.611543204114926,3.611543204114926,0.0,,0,0
main_benchmark,synthetic_flat,Flat Seafloor,synthetic,flat,Fixed-Spacing,1,50.0,1,208.860307806,,208.860307806,208.860307806,212.94437825566675,,212.94437825566675,212.94437825566675,40.19045346395064,,40.19045346395064,40.19045346395064,0.0,,0.0,0.0,0.0,,0.0,0.0,1.9179047989533144,,1.9179047989533144,1.9179047989533144,27.0,,27,27,26.0,,26,26,98.66666666666669,,98.66666666666669,98.66666666666669,3.611543204114926,,3.611543204114926,3.611543204114926,0.0,,0,0
main_benchmark,synthetic_flat,Flat Seafloor,synthetic,flat,Fixed-Spacing,1,100.0,1,208.860307806,,208.860307806,208.860307806,217.02844870533346,,217.02844870533346,217.02844870533346,41.70307214901239,,41.70307214901239,41.70307214901239,0.0,,0.0,0.0,0.0,,0.0,0.0,3.7636268185391724,,3.7636268185391724,3.7636268185391724,27.0,,27,27,26.0,,26,26,98.66666666666669,,98.66666666666669,98.66666666666669,3.611543204114926,,3.611543204114926,3.611543204114926,0.0,,0,0
main_benchmark,synthetic_flat,Flat Seafloor,synthetic,flat,Full Geometry-Aware Hybrid GA,1,25.0,50,201.4287239479153,0.012017288643362442,201.38250738105265,201.44145911860127,203.39221935640893,0.012017288643362442,203.34600278954628,203.4049545270949,38.028836067574545,0.0022254238228442552,38.02027744408146,38.031194432516386,3.5609484306802943,0.005698034678353849,3.554910010005142,3.5828621591853937,3.5636834148554204,0.005643393238081588,3.5577028997602236,3.5853870011352007,0.9653739073326331,5.704285530043779e-05,0.9653134620337234,0.965593314625293,26.0,0.0,26,26,25.0,0.0,25,25,98.90666666666668,0.32324881425668905,98.66666666666669,99.33333333333331,0.00051351128400703,0.0021129109359961456,0.0,0.0130550080660876,1.0,0.0,1,1
main_benchmark,synthetic_flat,Flat Seafloor,synthetic,flat,Full Geometry-Aware Hybrid GA,1,50.0,50,201.4287239479153,0.012017288643362442,201.38250738105265,201.44145911860127,205.35571476490256,0.012017288643362442,205.30949819803988,205.3684499355885,38.75605658923885,0.0022254238228456586,38.747497965745765,38.7584149541807,3.563683414855427,0.005643393238082691,3.55770289976023,3.5853870011352122,3.5689989813088014,0.005537195107393049,3.563131008348598,3.5902941465916833,1.912287093964283,0.00011191441145163696,1.9121685040807863,1.9127175563983394,26.0,0.0,26,26,25.0,0.0,25,25,98.90666666666668,0.32324881425668905,98.66666666666669,99.33333333333331,0.00051351128400703,0.0021129109359961456,0.0,0.0130550080660876,1.0,0.0,1,1
main_benchmark,synthetic_flat,Flat Seafloor,synthetic,flat,Full Geometry-Aware Hybrid GA,1,100.0,50,201.4287239479153,0.012017288643362442,201.38250738105265,201.44145911860127,209.2827055818898,0.012017288643362442,209.23648901502713,209.29544075257576,40.21049763256746,0.00222542382284536,40.20193900907437,40.21285599750931,3.5689989813088068,0.00553719510739076,3.563131008348614,3.590294146591686,3.5790517089765,0.005336354633281641,3.5733965741859026,3.599574473972104,3.7528096922855876,0.0002155074515219959,3.7525813298815613,3.7536386081351316,26.0,0.0,26,26,25.0,0.0,25,25,98.90666666666668,0.32324881425668905,98.66666666666669,99.33333333333331,0.00051351128400703,0.0021129109359961456,0.0,0.0130550080660876,1.0,0.0,1,1
main_benchmark,synthetic_uniform_slope,Uniform Slope,synthetic,moderate_slope,Adaptive Spacing w/o GA,1,25.0,1,179.32895893798403,,179.32895893798403,179.32895893798403,181.52807379549688,,181.52807379549688,181.52807379549688,34.02355345426106,,34.02355345426106,34.02355345426106,7.341377875488394,,7.341377875488394,7.341377875488394,7.1125856010328175,,7.1125856010328175,7.1125856010328175,1.211446147988272,,1.211446147988272,1.211446147988272,29.0,,29,29,28.0,,28,28,100.0,,100.0,100.0,0.0001480423916877,,0.0001480423916877,0.0001480423916877,1.0,,1,1
main_benchmark,synthetic_uniform_slope,Uniform Slope,synthetic,moderate_slope,Adaptive Spacing w/o GA,1,50.0,1,179.32895893798403,,179.32895893798403,179.32895893798403,183.72718865300973,,183.72718865300973,183.72718865300973,34.83804043852508,,34.83804043852508,34.83804043852508,7.1125856010328325,,7.1125856010328325,7.1125856010328325,6.6678384669265744,,6.6678384669265744,6.6678384669265744,2.3938915885401593,,2.3938915885401593,2.3938915885401593,29.0,,29,29,28.0,,28,28,100.0,,100.0,100.0,0.0001480423916877,,0.0001480423916877,0.0001480423916877,1.0,,1,1
main_benchmark,synthetic_uniform_slope,Uniform Slope,synthetic,moderate_slope,Adaptive Spacing w/o GA,1,100.0,1,179.32895893798403,,179.32895893798403,179.32895893798403,188.12541836803544,,188.12541836803544,188.12541836803544,36.46701440705312,,36.46701440705312,36.46701440705312,6.667838466926571,,6.667838466926571,6.667838466926571,5.826453658918942,,5.826453658918942,5.826453658918942,4.675848434708935,,4.675848434708935,4.675848434708935,29.0,,29,29,28.0,,28,28,100.0,,100.0,100.0,0.0001480423916877,,0.0001480423916877,0.0001480423916877,1.0,,1,1
main_benchmark,synthetic_uniform_slope,Uniform Slope,synthetic,moderate_slope,Fixed-Spacing,1,25.0,1,194.025656538,,194.025656538,194.025656538,195.91061213015388,,195.91061213015388,195.91061213015388,36.62880883746439,,36.62880883746439,36.62880883746439,0.0,,0.0,0.0,0.0,,0.0,0.0,0.9621508358626326,,0.9621508358626326,0.9621508358626326,25.0,,25,25,24.0,,24,24,97.18333333333334,,97.18333333333334,97.18333333333334,9.828537975319383,,9.828537975319383,9.828537975319383,0.0,,0,0
main_benchmark,synthetic_uniform_slope,Uniform Slope,synthetic,moderate_slope,Fixed-Spacing,1,50.0,1,194.025656538,,194.025656538,194.025656538,197.79556772230774,,197.79556772230774,197.79556772230774,37.32694053826213,,37.32694053826213,37.32694053826213,0.0,,0.0,0.0,0.0,,0.0,0.0,1.905963428665128,,1.905963428665128,1.905963428665128,25.0,,25,25,24.0,,24,24,97.18333333333334,,97.18333333333334,97.18333333333334,9.828537975319383,,9.828537975319383,9.828537975319383,0.0,,0,0
main_benchmark,synthetic_uniform_slope,Uniform Slope,synthetic,moderate_slope,Fixed-Spacing,1,100.0,1,194.025656538,,194.025656538,194.025656538,201.5654789066155,,201.5654789066155,201.5654789066155,38.7232039398576,,38.7232039398576,38.7232039398576,0.0,,0.0,0.0,0.0,,0.0,0.0,3.740631783535053,,3.740631783535053,3.740631783535053,25.0,,25,25,24.0,,24,24,97.18333333333334,,97.18333333333334,97.18333333333334,9.828537975319383,,9.828537975319383,9.828537975319383,0.0,,0,0
main_benchmark,synthetic_uniform_slope,Uniform Slope,synthetic,moderate_slope,Full Geometry-Aware Hybrid GA,1,25.0,50,179.12206042752874,0.16240481620335379,178.76612075853782,179.32895893798403,181.32117528504162,0.1624048162033533,180.96523561605068,181.52807379549688,33.98523891528786,0.030074965963585023,33.91932416177102,34.02355345426106,7.446986503936672,0.0828974063413477,7.341377875488394,7.628671235111138,7.217187798563227,0.08210740921725994,7.1125856010328175,7.39714110747187,1.2128294355612639,0.0010865079279105516,1.211446147988272,1.2152139884915028,29.0,0.0,29,29,28.0,0.0,28,28,99.99822222222222,0.0036265586218411283,99.98333333333332,100.0,0.03893832535098303,0.03578267869294963,0.0001480423916877,0.1214564987413941,1.0,0.0,1,1
main_benchmark,synthetic_uniform_slope,Uniform Slope,synthetic,moderate_slope,Full Geometry-Aware Hybrid GA,1,50.0,50,179.12206042752874,0.16240481620335379,178.76612075853782,179.32895893798403,183.52029014255444,0.16240481620335379,183.16435047356353,183.72718865300973,34.79972589955188,0.030074965963583063,34.73381114603504,34.83804043852508,7.217187798563241,0.08210740921725858,7.1125856010328325,7.39714110747188,6.770484272933423,0.08057174129434637,6.6678384669265744,6.947071886507798,2.3965922720106545,0.0021212446788666287,2.3938915885401593,2.4012476792859947,29.0,0.0,29,29,28.0,0.0,28,28,99.99822222222222,0.0036265586218411283,99.98333333333332,100.0,0.03893832535098303,0.03578267869294963,0.0001480423916877,0.1214564987413941,1.0,0.0,1,1
main_benchmark,synthetic_uniform_slope,Uniform Slope,synthetic,moderate_slope,Full Geometry-Aware Hybrid GA,1,100.0,50,179.12206042752874,0.16240481620335379,178.76612075853782,179.32895893798403,187.91851985758018,0.16240481620335379,187.56258018858924,188.12541836803544,36.428699868079924,0.030074965963583427,36.36278511456308,36.46701440705312,6.770484272933429,0.08057174129434944,6.667838466926571,6.947071886507788,5.92539830986442,0.07766652266246847,5.826453658918942,6.095618608833525,4.680999976224981,0.004046204506699615,4.675848434708935,4.68987973038482,29.0,0.0,29,29,28.0,0.0,28,28,99.99822222222222,0.0036265586218411283,99.98333333333332,100.0,0.03893832535098303,0.03578267869294963,0.0001480423916877,0.1214564987413941,1.0,0.0,1,1
segmented_diagnostic,gebco_mariana_trench_complex,GEBCO Mariana Trench,public,complex_relief,Coverage-Preserving Segmented Hybrid,1,25.0,30,31797.611931473006,0.05950972003199789,31797.431054071098,31797.663364969383,31808.921665025926,0.05950972003199789,31808.74078762402,31808.973098522307,5892.635444181269,0.011020318524276072,5892.601948366101,5892.64496890282,0.6819945438956584,0.00018580908718082457,0.6818339514578555,0.6825593031471208,0.681997266891192,0.00018574304072849064,0.681836731536501,0.6825618253971238,0.035555224638113496,6.651863110105511e-08,0.035555167146998065,0.03555542681942187,145.0,0.0,145,145,144.0,0.0,144,144,99.02222222222221,0.3382775089366013,98.66666666666669,99.33333333333331,0.12567596753806817,0.1399481425079196,0.0,0.5094416067437306,1.0,0.0,1,1
segmented_diagnostic,gebco_mariana_trench_complex,GEBCO Mariana Trench,public,complex_relief,Coverage-Preserving Segmented Hybrid,1,50.0,30,31797.611931473006,0.05950972003199789,31797.431054071098,31797.663364969383,31820.23139857885,0.05950972003199789,31820.050521176945,31820.28283207523,5896.824234386054,0.011020318524193736,5896.790738570887,5896.833759107606,0.6819972668911978,0.00018574304073113208,0.6818367315365038,0.6825618253971312,0.6820027070790279,0.00018561108858630363,0.6818422857689007,0.6825668645217333,0.07108517478264856,1.329427091379194e-07,0.0710850598821385,0.07108557885787377,145.0,0.0,145,145,144.0,0.0,144,144,99.02222222222221,0.3382775089366013,98.66666666666669,99.33333333333331,0.12567596753806817,0.1399481425079196,0.0,0.5094416067437306,1.0,0.0,1,1
segmented_diagnostic,gebco_mariana_trench_complex,GEBCO Mariana Trench,public,complex_relief,Coverage-Preserving Segmented Hybrid,1,100.0,30,31797.611931473006,0.05950972003199789,31797.431054071098,31797.663364969383,31842.850865684693,0.059509720031744665,31842.66998828279,31842.902299181074,5905.201814795627,0.011020318524497641,5905.168318980459,5905.211339517179,0.6820027070790274,0.00018561108859020112,0.6818422857688956,0.6825668645217327,0.6820135642992716,0.00018534774594656636,0.681853370592847,0.6825769213225995,0.1420693593129166,2.6550781034447427e-07,0.14206912983825742,0.14207016631563774,145.0,0.0,145,145,144.0,0.0,144,144,99.02222222222221,0.3382775089366013,98.66666666666669,99.33333333333331,0.12567596753806817,0.1399481425079196,0.0,0.5094416067437306,1.0,0.0,1,1
segmented_diagnostic,gebco_mariana_trench_complex,GEBCO Mariana Trench,public,complex_relief,Fixed-Spacing,1,25.0,1,32015.95814679676,,32015.95814679676,32015.95814679676,32027.34642016602,,32027.34642016602,32027.34642016602,5933.099017321349,,5933.099017321349,5933.099017321349,0.0,,0.0,0.0,0.0,,0.0,0.0,0.0355579673066276,,0.0355579673066276,0.0355579673066276,146.0,,146,146,145.0,,145,145,99.33333333333331,,99.33333333333331,99.33333333333331,0.6814814814814812,,0.6814814814814812,0.6814814814814812,1.0,,1,1
segmented_diagnostic,gebco_mariana_trench_complex,GEBCO Mariana Trench,public,complex_relief,Fixed-Spacing,1,50.0,1,32015.95814679676,,32015.95814679676,32015.95814679676,32038.734693535283,,32038.734693535283,32038.734693535283,5937.316896347002,,5937.316896347002,5937.316896347002,0.0,,0.0,0.0,0.0,,0.0,0.0,0.07109065622095809,,0.07109065622095809,0.07109065622095809,146.0,,146,146,145.0,,145,145,99.33333333333331,,99.33333333333331,99.33333333333331,0.6814814814814812,,0.6814814814814812,0.6814814814814812,1.0,,1,1
segmented_diagnostic,gebco_mariana_trench_complex,GEBCO Mariana Trench,public,complex_relief,Fixed-Spacing,1,100.0,1,32015.95814679676,,32015.95814679676,32015.95814679676,32061.51124027381,,32061.51124027381,32061.51124027381,5945.752654398308,,5945.752654398308,5945.752654398308,0.0,,0.0,0.0,0.0,,0.0,0.0,0.14208030661957957,,0.14208030661957957,0.14208030661957957,146.0,,146,146,145.0,,145,145,99.33333333333331,,99.33333333333331,99.33333333333331,0.6814814814814812,,0.6814814814814812,0.6814814814814812,1.0,,1,1
segmented_diagnostic,gebco_mariana_trench_complex,GEBCO Mariana Trench,public,complex_relief,Full Geometry-Aware Hybrid GA,1,25.0,30,31797.611931473006,0.05950972003199789,31797.431054071098,31797.663364969383,31808.921665025926,0.05950972003199789,31808.74078762402,31808.973098522307,5892.635444181269,0.011020318524276072,5892.601948366101,5892.64496890282,0.6819945438956584,0.00018580908718082457,0.6818339514578555,0.6825593031471208,0.681997266891192,0.00018574304072849064,0.681836731536501,0.6825618253971238,0.035555224638113496,6.651863110105511e-08,0.035555167146998065,0.03555542681942187,145.0,0.0,145,145,144.0,0.0,144,144,99.02222222222221,0.3382775089366013,98.66666666666669,99.33333333333331,0.12567596753806817,0.1399481425079196,0.0,0.5094416067437306,1.0,0.0,1,1
segmented_diagnostic,gebco_mariana_trench_complex,GEBCO Mariana Trench,public,complex_relief,Full Geometry-Aware Hybrid GA,1,50.0,30,31797.611931473006,0.05950972003199789,31797.431054071098,31797.663364969383,31820.23139857885,0.05950972003199789,31820.050521176945,31820.28283207523,5896.824234386054,0.011020318524193736,5896.790738570887,5896.833759107606,0.6819972668911978,0.00018574304073113208,0.6818367315365038,0.6825618253971312,0.6820027070790279,0.00018561108858630363,0.6818422857689007,0.6825668645217333,0.07108517478264856,1.329427091379194e-07,0.0710850598821385,0.07108557885787377,145.0,0.0,145,145,144.0,0.0,144,144,99.02222222222221,0.3382775089366013,98.66666666666669,99.33333333333331,0.12567596753806817,0.1399481425079196,0.0,0.5094416067437306,1.0,0.0,1,1
segmented_diagnostic,gebco_mariana_trench_complex,GEBCO Mariana Trench,public,complex_relief,Full Geometry-Aware Hybrid GA,1,100.0,30,31797.611931473006,0.05950972003199789,31797.431054071098,31797.663364969383,31842.850865684693,0.059509720031744665,31842.66998828279,31842.902299181074,5905.201814795627,0.011020318524497641,5905.168318980459,5905.211339517179,0.6820027070790274,0.00018561108859020112,0.6818422857688956,0.6825668645217327,0.6820135642992716,0.00018534774594656636,0.681853370592847,0.6825769213225995,0.1420693593129166,2.6550781034447427e-07,0.14206912983825742,0.14207016631563774,145.0,0.0,145,145,144.0,0.0,144,144,99.02222222222221,0.3382775089366013,98.66666666666669,99.33333333333331,0.12567596753806817,0.1399481425079196,0.0,0.5094416067437306,1.0,0.0,1,1
segmented_diagnostic,gebco_mariana_trench_complex,GEBCO Mariana Trench,public,complex_relief,Transition-Aware Segmented Hybrid,1,25.0,30,31797.611931473006,0.05950972003199789,31797.431054071098,31797.663364969383,31808.921665025926,0.05950972003199789,31808.74078762402,31808.973098522307,5892.635444181269,0.011020318524276072,5892.601948366101,5892.64496890282,0.6819945438956584,0.00018580908718082457,0.6818339514578555,0.6825593031471208,0.681997266891192,0.00018574304072849064,0.681836731536501,0.6825618253971238,0.035555224638113496,6.651863110105511e-08,0.035555167146998065,0.03555542681942187,145.0,0.0,145,145,144.0,0.0,144,144,99.02222222222221,0.3382775089366013,98.66666666666669,99.33333333333331,0.12567596753806817,0.1399481425079196,0.0,0.5094416067437306,1.0,0.0,1,1
segmented_diagnostic,gebco_mariana_trench_complex,GEBCO Mariana Trench,public,complex_relief,Transition-Aware Segmented Hybrid,1,50.0,30,31797.611931473006,0.05950972003199789,31797.431054071098,31797.663364969383,31820.23139857885,0.05950972003199789,31820.050521176945,31820.28283207523,5896.824234386054,0.011020318524193736,5896.790738570887,5896.833759107606,0.6819972668911978,0.00018574304073113208,0.6818367315365038,0.6825618253971312,0.6820027070790279,0.00018561108858630363,0.6818422857689007,0.6825668645217333,0.07108517478264856,1.329427091379194e-07,0.0710850598821385,0.07108557885787377,145.0,0.0,145,145,144.0,0.0,144,144,99.02222222222221,0.3382775089366013,98.66666666666669,99.33333333333331,0.12567596753806817,0.1399481425079196,0.0,0.5094416067437306,1.0,0.0,1,1
segmented_diagnostic,gebco_mariana_trench_complex,GEBCO Mariana Trench,public,complex_relief,Transition-Aware Segmented Hybrid,1,100.0,30,31797.611931473006,0.05950972003199789,31797.431054071098,31797.663364969383,31842.850865684693,0.059509720031744665,31842.66998828279,31842.902299181074,5905.201814795627,0.011020318524497641,5905.168318980459,5905.211339517179,0.6820027070790274,0.00018561108859020112,0.6818422857688956,0.6825668645217327,0.6820135642992716,0.00018534774594656636,0.681853370592847,0.6825769213225995,0.1420693593129166,2.6550781034447427e-07,0.14206912983825742,0.14207016631563774,145.0,0.0,145,145,144.0,0.0,144,144,99.02222222222221,0.3382775089366013,98.66666666666669,99.33333333333331,0.12567596753806817,0.1399481425079196,0.0,0.5094416067437306,1.0,0.0,1,1
segmented_diagnostic,gebco_monterey_canyon_complex,GEBCO Monterey Canyon,public,complex_relief,Coverage-Preserving Segmented Hybrid,1,25.0,16,6656.582891237133,0.05551871858567194,6656.457284226268,6656.620000000051,6661.138200584838,0.055518718585635105,6661.012593573973,6661.175309347756,1234.387687024545,0.010281244182508389,1234.3644264669774,1234.394559017678,0.671519400560581,0.000827875026142425,0.6709660481264189,0.673392406819594,0.6873360181591763,0.0008271775225459859,0.6867831319370654,0.6892074463676865,0.06838635096329215,5.699876314036796e-07,0.06838596998509626,0.06838764052330133,59.0,0.0,59,59,58.0,0.0,58,58,99.73958333333334,0.39892796156513266,99.16666666666669,100.0,0.09119665911924779,0.12431709225384602,0.0,0.4644609658001172,1.0,0.0,1,1
segmented_diagnostic,gebco_monterey_canyon_complex,GEBCO Monterey Canyon,public,complex_relief,Coverage-Preserving Segmented Hybrid,1,50.0,16,6656.582891237133,0.05551871858567194,6656.457284226268,6656.620000000051,6665.693509932543,0.055518718585635105,6665.567902921678,6665.730618695461,1236.0748386348062,0.01028124418254448,1236.0515780772384,1236.0817106279392,0.6873360181591704,0.0008271775225473605,0.6867831319370573,0.6892074463676832,0.7188894326910119,0.0008257860354038465,0.7183374765401896,0.7207577127623734,0.13667923198729748,1.138417676802617e-06,0.13667847107198916,0.1366818075833718,59.0,0.0,59,59,58.0,0.0,58,58,99.73958333333334,0.39892796156513266,99.16666666666669,100.0,0.09119665911924779,0.12431709225384602,0.0,0.4644609658001172,1.0,0.0,1,1
segmented_diagnostic,gebco_monterey_canyon_complex,GEBCO Monterey Canyon,public,complex_relief,Coverage-Preserving Segmented Hybrid,1,100.0,16,6656.582891237133,0.05551871858567194,6656.457284226268,6656.620000000051,6674.804128627953,0.05551871858567194,6674.678521617088,6674.841237390871,1239.4491418553287,0.010281244182555785,1239.425881297761,1239.4560138484617,0.7188894326910068,0.0008257860354019296,0.7183374765401903,0.7207577127623606,0.7816788526426771,0.0008230170586687189,0.7811287472784662,0.7835408681081587,0.2729853496951695,2.270624132717911e-06,0.272983832016105,0.2729904868348072,59.0,0.0,59,59,58.0,0.0,58,58,99.73958333333334,0.39892796156513266,99.16666666666669,100.0,0.09119665911924779,0.12431709225384602,0.0,0.4644609658001172,1.0,0.0,1,1
segmented_diagnostic,gebco_monterey_canyon_complex,GEBCO Monterey Canyon,public,complex_relief,Coverage-Preserving Segmented Hybrid,2,25.0,5,5787.715957168784,0.0,5787.715957168784,5787.715957168784,5794.313301741323,0.0,5794.313301741323,5794.313301741323,1074.2427122803447,0.0,1074.2427122803447,1074.2427122803447,13.597298382346256,0.0,13.597298382346256,13.597298382346256,13.57180030140903,0.0,13.571800301409029,13.571800301409029,0.11385895496116707,0.0,0.11385895496116707,0.11385895496116707,86.0,0.0,86,86,84.0,0.0,84,84,100.0,0.0,100.0,100.0,0.0,0.0,0.0,0.0,1.0,0.0,1,1
segmented_diagnostic,gebco_monterey_canyon_complex,GEBCO Monterey Canyon,public,complex_relief,Coverage-Preserving Segmented Hybrid,2,50.0,5,5787.715957168784,0.0,5787.715957168784,5787.715957168784,5800.910646313861,0.0,5800.910646313861,5800.910646313861,1076.6861732331367,0.0,1076.6861732331367,1076.6861732331367,13.571800301409024,0.0,13.571800301409024,13.571800301409024,13.52093281899295,0.0,13.520932818992948,13.520932818992948,0.2274589275644434,0.0,0.2274589275644434,0.2274589275644434,86.0,0.0,86,86,84.0,0.0,84,84,100.0,0.0,100.0,100.0,0.0,0.0,0.0,0.0,1.0,0.0,1,1
segmented_diagnostic,gebco_monterey_canyon_complex,GEBCO Monterey Canyon,public,complex_relief,Coverage-Preserving Segmented Hybrid,2,100.0,5,5787.715957168784,0.0,5787.715957168784,5787.715957168784,5814.1053354589385,0.0,5814.1053354589385,5814.1053354589385,1081.5730951387206,0.0,1081.5730951387206,1081.5730951387206,13.520932818992943,0.0,13.520932818992945,13.520932818992945,13.419709551631986,0.0,13.419709551631984,13.419709551631984,0.4538854521470621,0.0,0.4538854521470621,0.4538854521470621,86.0,0.0,86,86,84.0,0.0,84,84,100.0,0.0,100.0,100.0,0.0,0.0,0.0,0.0,1.0,0.0,1,1
segmented_diagnostic,gebco_monterey_canyon_complex,GEBCO Monterey Canyon,public,complex_relief,Coverage-Preserving Segmented Hybrid,3,25.0,3,5860.072830466927,3.472064731892767,5856.063635451723,5862.077427974529,5867.612652835543,3.472064731892767,5863.603457820338,5869.617250343144,1087.9911991118813,0.642974950350513,1087.248755590547,1088.3624208725482,12.504285003270224,0.05177417191727597,12.474393171176715,12.564068667457242,12.465665764171058,0.05173055099636058,12.435799116627981,12.52539905925721,0.1284990093136782,7.606319312726178e-05,0.12845509420865076,0.1285868395237331,99.0,0.0,99,99,96.0,0.0,96,96,99.76851851851852,0.40093768693723714,99.30555555555556,100.0,0.0,0.0,0.0,0.0,1.0,0.0,1,1
segmented_diagnostic,gebco_monterey_canyon_complex,GEBCO Monterey Canyon,public,complex_relief,Coverage-Preserving Segmented Hybrid,3,50.0,3,5860.072830466927,3.472064731892767,5856.063635451723,5862.077427974529,5875.152475204159,3.472064731892767,5871.143280188954,5877.1570727117605,1090.783725915072,0.642974950350513,1090.041282393738,1091.154947675739,12.465665764171051,0.0517305509963607,12.435799116627976,12.525399059257206,12.388622183101758,0.05164352929331003,12.358805777562361,12.448254994180546,0.2566682024530375,0.00015173611019055096,0.25658059756897317,0.2568434122211661,99.0,0.0,99,99,96.0,0.0,96,96,99.76851851851852,0.40093768693723714,99.30555555555556,100.0,0.0,0.0,0.0,0.0,1.0,0.0,1,1
segmented_diagnostic,gebco_monterey_canyon_complex,GEBCO Monterey Canyon,public,complex_relief,Coverage-Preserving Segmented Hybrid,3,100.0,3,5860.072830466927,3.472064731892767,5856.063635451723,5862.077427974529,5890.232119941389,3.472064731892767,5886.2229249261845,5892.236717448991,1096.368779521454,0.6429749503505293,1095.6263360001199,1096.740001282121,12.388622183101758,0.05164352929331003,12.358805777562361,12.448254994180546,12.235310034856711,0.051470361275244084,12.205593607919162,12.294742888731811,0.5120222064073144,0.00030192010041043594,0.5118478927560687,0.5123708337098059,99.0,0.0,99,99,96.0,0.0,96,96,99.76851851851852,0.40093768693723714,99.30555555555556,100.0,0.0,0.0,0.0,0.0,1.0,0.0,1,1
segmented_diagnostic,gebco_monterey_canyon_complex,GEBCO Monterey Canyon,public,complex_relief,Coverage-Preserving Segmented Hybrid,4,25.0,3,5897.538166654475,4.448914817806315,5892.401031853451,5900.121819914997,5903.939161686164,4.448914817806315,5898.80202688514,5906.522814946686,1094.5171327028543,0.8238731144086113,1093.5658114434052,1094.9955870103583,11.962597258479468,0.06634060664440647,11.924070756696205,12.039200352283387,11.940621763245899,0.0662847131699457,11.90212772091925,12.017160317195819,0.1093059595729889,8.240338167698767e-05,0.10925810517346293,0.10940111025656382,86.0,0.0,86,86,82.0,0.0,82,82,99.5537037037037,0.38651391192973916,99.32777777777778,100.0,0.0,0.0,0.0,0.0,1.0,0.0,1,1
segmented_diagnostic,gebco_monterey_canyon_complex,GEBCO Monterey Canyon,public,complex_relief,Coverage-Preserving Segmented Hybrid,4,50.0,3,5897.538166654475,4.448914817806315,5892.401031853451,5900.121819914997,5910.392516595413,4.448914817806315,5905.255381794389,5912.976169855935,1096.9072641507244,0.8238731144084633,1095.9559428912755,1097.3857184582284,11.940621763245886,0.06628471316994222,11.902127720919246,12.017160317195803,11.896781675039634,0.06617320829486323,11.858352387815266,11.973191474990493,0.21837322410757656,0.00016444698784195158,0.21827772424140393,0.21856311004412807,86.0,0.0,86,86,82.0,0.0,82,82,99.5537037037037,0.38651391192973916,99.32777777777778,100.0,0.0,0.0,0.0,0.0,1.0,0.0,1,1
segmented_diagnostic,gebco_monterey_canyon_complex,GEBCO Monterey Canyon,public,complex_relief,Coverage-Preserving Segmented Hybrid,4,100.0,3,5897.538166654475,4.448914817806315,5892.401031853451,5900.121819914997,5923.299226413913,4.448914817806315,5918.162091612888,5925.882879674434,1101.6875270464643,0.8238731144084804,1100.7362057870155,1102.1659813539684,11.896781675039625,0.06617320829487051,11.85835238781526,11.973191474990493,11.809542504574466,0.06595132021931295,11.77124207615575,11.88569609171804,0.4357947887255196,0.000327461924231217,0.4356046206302058,0.43617290701750877,86.0,0.0,86,86,82.0,0.0,82,82,99.5537037037037,0.38651391192973916,99.32777777777778,100.0,0.0,0.0,0.0,0.0,1.0,0.0,1,1
segmented_diagnostic,gebco_monterey_canyon_complex,GEBCO Monterey Canyon,public,complex_relief,Coverage-Preserving Segmented Hybrid,5,25.0,3,6003.591800423427,0.9593607458471074,6002.592112569224,6004.504973742528,6013.016578384198,0.9593607458463191,6012.016890529993,6013.929751703297,1115.2669178416606,0.1776593973789436,1115.0817904612525,1115.4360240118642,10.336074321697238,0.014305640021601186,10.322457411857085,10.350981304954704,10.271197755823277,0.014293587193538414,10.257592318540294,10.286092179607282,0.15673959979744637,2.5007920425042996e-05,0.15671579732204294,0.15676566005020873,125.0,0.0,125,125,120.0,0.0,120,120,99.43703703703704,0.02740490479063906,99.40555555555557,99.45555555555556,0.0,0.0,0.0,0.0,1.0,0.0,1,1
segmented_diagnostic,gebco_monterey_canyon_complex,GEBCO Monterey Canyon,public,complex_relief,Coverage-Preserving Segmented Hybrid,5,50.0,3,6003.591800423427,0.9593607458471074,6002.592112569224,6004.504973742528,6022.441356344967,0.9593607458471074,6021.441668490763,6023.354529664067,1118.757576345649,0.17765939737891911,1118.5724489652412,1118.9266825158527,10.271197755823271,0.01429358719354129,10.25759231854029,10.286092179607286,10.141772032297883,0.014269542363610839,10.128189482231466,10.156641400518028,0.3129886224723055,4.985941777773579e-05,0.3129411664000132,0.31304057996900403,125.0,0.0,125,125,120.0,0.0,120,120,99.43703703703704,0.02740490479063906,99.40555555555557,99.45555555555556,0.0,0.0,0.0,0.0,1.0,0.0,1,1
segmented_diagnostic,gebco_monterey_canyon_complex,GEBCO Monterey Canyon,public,complex_relief,Coverage-Preserving Segmented Hybrid,5,100.0,3,6003.591800423427,0.9593607458471074,6002.592112569224,6004.504973742528,6041.290912266505,0.9593607458471074,6040.291224412302,6042.204085585606,1125.7388933536265,0.1776593973789436,1125.5537659732183,1125.90799952383,10.141772032297874,0.014269542363623091,10.128189482231447,10.156641400518035,9.884222533216363,0.014221694580873247,9.870685527350872,9.899042042353297,0.6240241204132949,9.909753013120814e-05,0.623929799607617,0.6241273879430458,125.0,0.0,125,125,120.0,0.0,120,120,99.43703703703704,0.02740490479063906,99.40555555555557,99.45555555555556,0.0,0.0,0.0,0.0,1.0,0.0,1,1
segmented_diagnostic,gebco_monterey_canyon_complex,GEBCO Monterey Canyon,public,complex_relief,Fixed-Spacing,1,25.0,1,6700.516576082025,,6700.516576082025,6700.516576082025,6706.171442858486,,6706.171442858486,6706.171442858486,1242.9307980805459,,1242.9307980805459,1242.9307980805459,0.0,,0.0,0.0,0.0,,0.0,0.0,0.08432332553149367,,0.08432332553149367,0.08432332553149367,73.0,,73,73,72.0,,72,72,99.33333333333331,,99.33333333333331,99.33333333333331,0.8148148148148147,,0.8148148148148147,0.8148148148148147,1.0,,1,1
segmented_diagnostic,gebco_monterey_canyon_complex,GEBCO Monterey Canyon,public,complex_relief,Fixed-Spacing,1,50.0,1,6700.516576082025,,6700.516576082025,6700.516576082025,6711.826309634947,,6711.826309634947,6711.826309634947,1245.0251931829391,,1245.0251931829391,1245.0251931829391,0.0,,0.0,0.0,0.0,,0.0,0.0,0.16850456241228903,,0.16850456241228903,0.16850456241228903,73.0,,73,73,72.0,,72,72,99.33333333333331,,99.33333333333331,99.33333333333331,0.8148148148148147,,0.8148148148148147,0.8148148148148147,1.0,,1,1
segmented_diagnostic,gebco_monterey_canyon_complex,GEBCO Monterey Canyon,public,complex_relief,Fixed-Spacing,1,100.0,1,6700.516576082025,,6700.516576082025,6700.516576082025,6723.136043187871,,6723.136043187871,6723.136043187871,1249.2139833877256,,1249.2139833877256,1249.2139833877256,0.0,,0.0,0.0,0.0,,0.0,0.0,0.3364422043603504,,0.3364422043603504,0.3364422043603504,73.0,,73,73,72.0,,72,72,99.33333333333331,,99.33333333333331,99.33333333333331,0.8148148148148147,,0.8148148148148147,0.8148148148148147,1.0,,1,1
segmented_diagnostic,gebco_monterey_canyon_complex,GEBCO Monterey Canyon,public,complex_relief,Full Geometry-Aware Hybrid GA,1,25.0,30,6656.576768365371,0.04925818416597286,6656.457284226268,6656.620000000051,6661.132077713077,0.04925818416597286,6661.012593573973,6661.175309347756,1234.386553159404,0.009121885956686875,1234.3644264669774,1234.394559017678,0.6716107026069695,0.0007345202040503234,0.6709660481264189,0.673392406819594,0.6874272432815063,0.0007339013540207952,0.6867831319370654,0.6892074463676865,0.06838641382276789,5.057119369885931e-07,0.06838596998509626,0.06838764052330133,59.0,0.0,59,59,58.0,0.0,58,58,99.55555555555557,0.4228468861707612,99.16666666666669,100.0,0.08231750325490901,0.10636365702921496,0.0,0.4644609658001172,1.0,0.0,1,1
segmented_diagnostic,gebco_monterey_canyon_complex,GEBCO Monterey Canyon,public,complex_relief,Full Geometry-Aware Hybrid GA,1,50.0,30,6656.576768365371,0.04925818416597286,6656.457284226268,6656.620000000051,6665.6873870607815,0.04925818416597286,6665.567902921678,6665.730618695461,1236.073704769665,0.009121885956701442,1236.0515780772384,1236.0817106279392,0.6874272432815022,0.0007339013540224703,0.6867831319370573,0.6892074463676832,0.7189805043534332,0.0007326667770753997,0.7183374765401896,0.7207577127623734,0.13667935753447702,1.0100419338865225e-06,0.13667847107198916,0.1366818075833718,59.0,0.0,59,59,58.0,0.0,58,58,99.55555555555557,0.4228468861707612,99.16666666666669,100.0,0.08231750325490901,0.10636365702921496,0.0,0.4644609658001172,1.0,0.0,1,1
segmented_diagnostic,gebco_monterey_canyon_complex,GEBCO Monterey Canyon,public,complex_relief,Full Geometry-Aware Hybrid GA,1,100.0,30,6656.576768365371,0.04925818416597286,6656.457284226268,6656.620000000051,6674.798005756192,0.04925818416597286,6674.678521617088,6674.841237390871,1239.4480079901875,0.009121885956733172,1239.425881297761,1239.4560138484617,0.7189805043534323,0.0007326667770758291,0.7183374765401903,0.7207577127623606,0.7817696189290082,0.0007302100423149587,0.7811287472784662,0.7835408681081587,0.2729856001045498,2.0145730740449488e-06,0.272983832016105,0.2729904868348072,59.0,0.0,59,59,58.0,0.0,58,58,99.55555555555557,0.4228468861707612,99.16666666666669,100.0,0.08231750325490901,0.10636365702921496,0.0,0.4644609658001172,1.0,0.0,1,1
segmented_diagnostic,gebco_monterey_canyon_complex,GEBCO Monterey Canyon,public,complex_relief,Transition-Aware Segmented Hybrid,1,25.0,16,6656.582891237133,0.05551871858567194,6656.457284226268,6656.620000000051,6661.138200584838,0.055518718585635105,6661.012593573973,6661.175309347756,1234.387687024545,0.010281244182508389,1234.3644264669774,1234.394559017678,0.671519400560581,0.000827875026142425,0.6709660481264189,0.673392406819594,0.6873360181591763,0.0008271775225459859,0.6867831319370654,0.6892074463676865,0.06838635096329215,5.699876314036796e-07,0.06838596998509626,0.06838764052330133,59.0,0.0,59,59,58.0,0.0,58,58,99.73958333333334,0.39892796156513266,99.16666666666669,100.0,0.09119665911924779,0.12431709225384602,0.0,0.4644609658001172,1.0,0.0,1,1
segmented_diagnostic,gebco_monterey_canyon_complex,GEBCO Monterey Canyon,public,complex_relief,Transition-Aware Segmented Hybrid,1,50.0,16,6656.582891237133,0.05551871858567194,6656.457284226268,6656.620000000051,6665.693509932543,0.055518718585635105,6665.567902921678,6665.730618695461,1236.0748386348062,0.01028124418254448,1236.0515780772384,1236.0817106279392,0.6873360181591704,0.0008271775225473605,0.6867831319370573,0.6892074463676832,0.7188894326910119,0.0008257860354038465,0.7183374765401896,0.7207577127623734,0.13667923198729748,1.138417676802617e-06,0.13667847107198916,0.1366818075833718,59.0,0.0,59,59,58.0,0.0,58,58,99.73958333333334,0.39892796156513266,99.16666666666669,100.0,0.09119665911924779,0.12431709225384602,0.0,0.4644609658001172,1.0,0.0,1,1
segmented_diagnostic,gebco_monterey_canyon_complex,GEBCO Monterey Canyon,public,complex_relief,Transition-Aware Segmented Hybrid,1,100.0,16,6656.582891237133,0.05551871858567194,6656.457284226268,6656.620000000051,6674.804128627953,0.05551871858567194,6674.678521617088,6674.841237390871,1239.4491418553287,0.010281244182555785,1239.425881297761,1239.4560138484617,0.7188894326910068,0.0008257860354019296,0.7183374765401903,0.7207577127623606,0.7816788526426771,0.0008230170586687189,0.7811287472784662,0.7835408681081587,0.2729853496951695,2.270624132717911e-06,0.272983832016105,0.2729904868348072,59.0,0.0,59,59,58.0,0.0,58,58,99.73958333333334,0.39892796156513266,99.16666666666669,100.0,0.09119665911924779,0.12431709225384602,0.0,0.4644609658001172,1.0,0.0,1,1
segmented_diagnostic,gebco_monterey_canyon_complex,GEBCO Monterey Canyon,public,complex_relief,Transition-Aware Segmented Hybrid,2,25.0,5,5787.715957168784,0.0,5787.715957168784,5787.715957168784,5794.313301741323,0.0,5794.313301741323,5794.313301741323,1074.2427122803447,0.0,1074.2427122803447,1074.2427122803447,13.597298382346256,0.0,13.597298382346256,13.597298382346256,13.57180030140903,0.0,13.571800301409029,13.571800301409029,0.11385895496116707,0.0,0.11385895496116707,0.11385895496116707,86.0,0.0,86,86,84.0,0.0,84,84,100.0,0.0,100.0,100.0,0.0,0.0,0.0,0.0,1.0,0.0,1,1
segmented_diagnostic,gebco_monterey_canyon_complex,GEBCO Monterey Canyon,public,complex_relief,Transition-Aware Segmented Hybrid,2,50.0,5,5787.715957168784,0.0,5787.715957168784,5787.715957168784,5800.910646313861,0.0,5800.910646313861,5800.910646313861,1076.6861732331367,0.0,1076.6861732331367,1076.6861732331367,13.571800301409024,0.0,13.571800301409024,13.571800301409024,13.52093281899295,0.0,13.520932818992948,13.520932818992948,0.2274589275644434,0.0,0.2274589275644434,0.2274589275644434,86.0,0.0,86,86,84.0,0.0,84,84,100.0,0.0,100.0,100.0,0.0,0.0,0.0,0.0,1.0,0.0,1,1
segmented_diagnostic,gebco_monterey_canyon_complex,GEBCO Monterey Canyon,public,complex_relief,Transition-Aware Segmented Hybrid,2,100.0,5,5787.715957168784,0.0,5787.715957168784,5787.715957168784,5814.1053354589385,0.0,5814.1053354589385,5814.1053354589385,1081.5730951387206,0.0,1081.5730951387206,1081.5730951387206,13.520932818992943,0.0,13.520932818992945,13.520932818992945,13.419709551631986,0.0,13.419709551631984,13.419709551631984,0.4538854521470621,0.0,0.4538854521470621,0.4538854521470621,86.0,0.0,86,86,84.0,0.0,84,84,100.0,0.0,100.0,100.0,0.0,0.0,0.0,0.0,1.0,0.0,1,1
segmented_diagnostic,gebco_monterey_canyon_complex,GEBCO Monterey Canyon,public,complex_relief,Transition-Aware Segmented Hybrid,3,25.0,3,5860.072830466927,3.472064731892767,5856.063635451723,5862.077427974529,5867.612652835543,3.472064731892767,5863.603457820338,5869.617250343144,1087.9911991118813,0.642974950350513,1087.248755590547,1088.3624208725482,12.504285003270224,0.05177417191727597,12.474393171176715,12.564068667457242,12.465665764171058,0.05173055099636058,12.435799116627981,12.52539905925721,0.1284990093136782,7.606319312726178e-05,0.12845509420865076,0.1285868395237331,99.0,0.0,99,99,96.0,0.0,96,96,99.76851851851852,0.40093768693723714,99.30555555555556,100.0,0.0,0.0,0.0,0.0,1.0,0.0,1,1
segmented_diagnostic,gebco_monterey_canyon_complex,GEBCO Monterey Canyon,public,complex_relief,Transition-Aware Segmented Hybrid,3,50.0,3,5860.072830466927,3.472064731892767,5856.063635451723,5862.077427974529,5875.152475204159,3.472064731892767,5871.143280188954,5877.1570727117605,1090.783725915072,0.642974950350513,1090.041282393738,1091.154947675739,12.465665764171051,0.0517305509963607,12.435799116627976,12.525399059257206,12.388622183101758,0.05164352929331003,12.358805777562361,12.448254994180546,0.2566682024530375,0.00015173611019055096,0.25658059756897317,0.2568434122211661,99.0,0.0,99,99,96.0,0.0,96,96,99.76851851851852,0.40093768693723714,99.30555555555556,100.0,0.0,0.0,0.0,0.0,1.0,0.0,1,1
segmented_diagnostic,gebco_monterey_canyon_complex,GEBCO Monterey Canyon,public,complex_relief,Transition-Aware Segmented Hybrid,3,100.0,3,5860.072830466927,3.472064731892767,5856.063635451723,5862.077427974529,5890.232119941389,3.472064731892767,5886.2229249261845,5892.236717448991,1096.368779521454,0.6429749503505293,1095.6263360001199,1096.740001282121,12.388622183101758,0.05164352929331003,12.358805777562361,12.448254994180546,12.235310034856711,0.051470361275244084,12.205593607919162,12.294742888731811,0.5120222064073144,0.00030192010041043594,0.5118478927560687,0.5123708337098059,99.0,0.0,99,99,96.0,0.0,96,96,99.76851851851852,0.40093768693723714,99.30555555555556,100.0,0.0,0.0,0.0,0.0,1.0,0.0,1,1
segmented_diagnostic,gebco_monterey_canyon_complex,GEBCO Monterey Canyon,public,complex_relief,Transition-Aware Segmented Hybrid,4,25.0,3,5897.538166654475,4.448914817806315,5892.401031853451,5900.121819914997,5903.939161686164,4.448914817806315,5898.80202688514,5906.522814946686,1094.5171327028543,0.8238731144086113,1093.5658114434052,1094.9955870103583,11.962597258479468,0.06634060664440647,11.924070756696205,12.039200352283387,11.940621763245899,0.0662847131699457,11.90212772091925,12.017160317195819,0.1093059595729889,8.240338167698767e-05,0.10925810517346293,0.10940111025656382,86.0,0.0,86,86,82.0,0.0,82,82,99.5537037037037,0.38651391192973916,99.32777777777778,100.0,0.0,0.0,0.0,0.0,1.0,0.0,1,1
segmented_diagnostic,gebco_monterey_canyon_complex,GEBCO Monterey Canyon,public,complex_relief,Transition-Aware Segmented Hybrid,4,50.0,3,5897.538166654475,4.448914817806315,5892.401031853451,5900.121819914997,5910.392516595413,4.448914817806315,5905.255381794389,5912.976169855935,1096.9072641507244,0.8238731144084633,1095.9559428912755,1097.3857184582284,11.940621763245886,0.06628471316994222,11.902127720919246,12.017160317195803,11.896781675039634,0.06617320829486323,11.858352387815266,11.973191474990493,0.21837322410757656,0.00016444698784195158,0.21827772424140393,0.21856311004412807,86.0,0.0,86,86,82.0,0.0,82,82,99.5537037037037,0.38651391192973916,99.32777777777778,100.0,0.0,0.0,0.0,0.0,1.0,0.0,1,1
segmented_diagnostic,gebco_monterey_canyon_complex,GEBCO Monterey Canyon,public,complex_relief,Transition-Aware Segmented Hybrid,4,100.0,3,5897.538166654475,4.448914817806315,5892.401031853451,5900.121819914997,5923.299226413913,4.448914817806315,5918.162091612888,5925.882879674434,1101.6875270464643,0.8238731144084804,1100.7362057870155,1102.1659813539684,11.896781675039625,0.06617320829487051,11.85835238781526,11.973191474990493,11.809542504574466,0.06595132021931295,11.77124207615575,11.88569609171804,0.4357947887255196,0.000327461924231217,0.4356046206302058,0.43617290701750877,86.0,0.0,86,86,82.0,0.0,82,82,99.5537037037037,0.38651391192973916,99.32777777777778,100.0,0.0,0.0,0.0,0.0,1.0,0.0,1,1
segmented_diagnostic,gebco_monterey_canyon_complex,GEBCO Monterey Canyon,public,complex_relief,Transition-Aware Segmented Hybrid,5,25.0,3,6003.591800423427,0.9593607458471074,6002.592112569224,6004.504973742528,6013.016578384198,0.9593607458463191,6012.016890529993,6013.929751703297,1115.2669178416606,0.1776593973789436,1115.0817904612525,1115.4360240118642,10.336074321697238,0.014305640021601186,10.322457411857085,10.350981304954704,10.271197755823277,0.014293587193538414,10.257592318540294,10.286092179607282,0.15673959979744637,2.5007920425042996e-05,0.15671579732204294,0.15676566005020873,125.0,0.0,125,125,120.0,0.0,120,120,99.43703703703704,0.02740490479063906,99.40555555555557,99.45555555555556,0.0,0.0,0.0,0.0,1.0,0.0,1,1
segmented_diagnostic,gebco_monterey_canyon_complex,GEBCO Monterey Canyon,public,complex_relief,Transition-Aware Segmented Hybrid,5,50.0,3,6003.591800423427,0.9593607458471074,6002.592112569224,6004.504973742528,6022.441356344967,0.9593607458471074,6021.441668490763,6023.354529664067,1118.757576345649,0.17765939737891911,1118.5724489652412,1118.9266825158527,10.271197755823271,0.01429358719354129,10.25759231854029,10.286092179607286,10.141772032297883,0.014269542363610839,10.128189482231466,10.156641400518028,0.3129886224723055,4.985941777773579e-05,0.3129411664000132,0.31304057996900403,125.0,0.0,125,125,120.0,0.0,120,120,99.43703703703704,0.02740490479063906,99.40555555555557,99.45555555555556,0.0,0.0,0.0,0.0,1.0,0.0,1,1
segmented_diagnostic,gebco_monterey_canyon_complex,GEBCO Monterey Canyon,public,complex_relief,Transition-Aware Segmented Hybrid,5,100.0,3,6003.591800423427,0.9593607458471074,6002.592112569224,6004.504973742528,6041.290912266505,0.9593607458471074,6040.291224412302,6042.204085585606,1125.7388933536265,0.1776593973789436,1125.5537659732183,1125.90799952383,10.141772032297874,0.014269542363623091,10.128189482231447,10.156641400518035,9.884222533216363,0.014221694580873247,9.870685527350872,9.899042042353297,0.6240241204132949,9.909753013120814e-05,0.623929799607617,0.6241273879430458,125.0,0.0,125,125,120.0,0.0,120,120,99.43703703703704,0.02740490479063906,99.40555555555557,99.45555555555556,0.0,0.0,0.0,0.0,1.0,0.0,1,1
segmented_diagnostic,gebco_puerto_rico_trench_complex,GEBCO Puerto Rico Trench,public,complex_relief,Coverage-Preserving Segmented Hybrid,1,25.0,30,30709.656553550838,0.07044330783203423,30709.526696572655,30709.76,30720.337968573043,0.07044330783203423,30720.20811159486,30720.441415022204,5690.929515480602,0.013045057005783574,5690.905467892049,5690.948672230446,0.4951437224324803,0.00022816973005719728,0.49480865372110544,0.49556433629304236,0.4972498535602352,0.00022808559557304192,0.4969149084008928,0.49767031232516856,0.03476984866893944,7.972908008385323e-08,0.034769731586545886,0.034769995643921976,137.0,0.0,137,137,136.0,0.0,136,136,98.08407407407408,0.5577423118682447,97.71666666666668,99.40555555555557,0.2736649769643161,0.1899791245561311,0.0,0.8000276269637797,1.0,0.0,1,1
segmented_diagnostic,gebco_puerto_rico_trench_complex,GEBCO Puerto Rico Trench,public,complex_relief,Coverage-Preserving Segmented Hybrid,1,50.0,30,30709.656553550838,0.07044330783203423,30709.526696572655,30709.76,30731.01938359525,0.07044330783203423,30730.889526617066,30731.12283004441,5694.885595118455,0.01304505700604717,5694.861547529902,5694.9047518683,0.4972498535602613,0.00022808559557427796,0.496914908400914,0.49767031232518616,0.5014574596065033,0.00022791751261387464,0.5011227612780587,0.5018776085230517,0.06951552689437615,1.593473312279157e-07,0.0695152928923415,0.06951582064003557,137.0,0.0,137,137,136.0,0.0,136,136,98.08407407407408,0.5577423118682447,97.71666666666668,99.40555555555557,0.2736649769643161,0.1899791245561311,0.0,0.8000276269637797,1.0,0.0,1,1
segmented_diagnostic,gebco_puerto_rico_trench_complex,GEBCO Puerto Rico Trench,public,complex_relief,Coverage-Preserving Segmented Hybrid,1,100.0,30,30709.656553550838,0.07044330783203423,30709.526696572655,30709.76,30752.38221363966,0.07044330783203423,30752.252356661476,30752.48566008882,5702.797754394163,0.0130450570059798,5702.773706805609,5702.8169111440075,0.5014574596064977,0.00022791751261192454,0.5011227612780581,0.5018776085230318,0.5098540948291302,0.00022758208878621082,0.5095198890727278,0.510273625416901,0.1389344727579762,3.182520394025215e-07,0.1389340054038994,0.13893505943334936,137.0,0.0,137,137,136.0,0.0,136,136,98.08407407407408,0.5577423118682447,97.71666666666668,99.40555555555557,0.2736649769643161,0.1899791245561311,0.0,0.8000276269637797,1.0,0.0,1,1
segmented_diagnostic,gebco_puerto_rico_trench_complex,GEBCO Puerto Rico Trench,public,complex_relief,Fixed-Spacing,1,25.0,1,30861.81643020727,,30861.81643020727,30861.81643020727,30873.20470357653,,30873.20470357653,30873.20470357653,5719.369069804776,,5719.369069804776,5719.369069804776,0.0,,0.0,0.0,0.0,,0.0,0.0,0.0368872408245449,,0.0368872408245449,0.0368872408245449,146.0,,146,146,145.0,,145,145,99.42222222222222,,99.42222222222222,99.42222222222222,0.4385684882790331,,0.4385684882790331,0.4385684882790331,1.0,,1,1
segmented_diagnostic,gebco_puerto_rico_trench_complex,GEBCO Puerto Rico Trench,public,complex_relief,Fixed-Spacing,1,50.0,1,30861.81643020727,,30861.81643020727,30861.81643020727,30884.592976945794,,30884.592976945794,30884.592976945794,5723.58694883043,,5723.58694883043,5723.58694883043,0.0,,0.0,0.0,0.0,,0.0,0.0,0.07374727831293697,,0.07374727831293697,0.07374727831293697,146.0,,146,146,145.0,,145,145,99.42222222222222,,99.42222222222222,99.42222222222222,0.4385684882790331,,0.4385684882790331,0.4385684882790331,1.0,,1,1
segmented_diagnostic,gebco_puerto_rico_trench_complex,GEBCO Puerto Rico Trench,public,complex_relief,Fixed-Spacing,1,100.0,1,30861.81643020727,,30861.81643020727,30861.81643020727,30907.36952368432,,30907.36952368432,30907.36952368432,5732.022706881735,,5732.022706881735,5732.022706881735,0.0,,0.0,0.0,0.0,,0.0,0.0,0.1473858635628783,,0.1473858635628783,0.1473858635628783,146.0,,146,146,145.0,,145,145,99.42222222222222,,99.42222222222222,99.42222222222222,0.4385684882790331,,0.4385684882790331,0.4385684882790331,1.0,,1,1
segmented_diagnostic,gebco_puerto_rico_trench_complex,GEBCO Puerto Rico Trench,public,complex_relief,Full Geometry-Aware Hybrid GA,1,25.0,30,30709.656553550838,0.07044330783203423,30709.526696572655,30709.76,30720.337968573043,0.07044330783203423,30720.20811159486,30720.441415022204,5690.929515480602,0.013045057005783574,5690.905467892049,5690.948672230446,0.4951437224324803,0.00022816973005719728,0.49480865372110544,0.49556433629304236,0.4972498535602352,0.00022808559557304192,0.4969149084008928,0.49767031232516856,0.03476984866893944,7.972908008385323e-08,0.034769731586545886,0.034769995643921976,137.0,0.0,137,137,136.0,0.0,136,136,98.08407407407408,0.5577423118682447,97.71666666666668,99.40555555555557,0.2736649769643161,0.1899791245561311,0.0,0.8000276269637797,1.0,0.0,1,1
segmented_diagnostic,gebco_puerto_rico_trench_complex,GEBCO Puerto Rico Trench,public,complex_relief,Full Geometry-Aware Hybrid GA,1,50.0,30,30709.656553550838,0.07044330783203423,30709.526696572655,30709.76,30731.01938359525,0.07044330783203423,30730.889526617066,30731.12283004441,5694.885595118455,0.01304505700604717,5694.861547529902,5694.9047518683,0.4972498535602613,0.00022808559557427796,0.496914908400914,0.49767031232518616,0.5014574596065033,0.00022791751261387464,0.5011227612780587,0.5018776085230517,0.06951552689437615,1.593473312279157e-07,0.0695152928923415,0.06951582064003557,137.0,0.0,137,137,136.0,0.0,136,136,98.08407407407408,0.5577423118682447,97.71666666666668,99.40555555555557,0.2736649769643161,0.1899791245561311,0.0,0.8000276269637797,1.0,0.0,1,1
segmented_diagnostic,gebco_puerto_rico_trench_complex,GEBCO Puerto Rico Trench,public,complex_relief,Full Geometry-Aware Hybrid GA,1,100.0,30,30709.656553550838,0.07044330783203423,30709.526696572655,30709.76,30752.38221363966,0.07044330783203423,30752.252356661476,30752.48566008882,5702.797754394163,0.0130450570059798,5702.773706805609,5702.8169111440075,0.5014574596064977,0.00022791751261192454,0.5011227612780581,0.5018776085230318,0.5098540948291302,0.00022758208878621082,0.5095198890727278,0.510273625416901,0.1389344727579762,3.182520394025215e-07,0.1389340054038994,0.13893505943334936,137.0,0.0,137,137,136.0,0.0,136,136,98.08407407407408,0.5577423118682447,97.71666666666668,99.40555555555557,0.2736649769643161,0.1899791245561311,0.0,0.8000276269637797,1.0,0.0,1,1
segmented_diagnostic,gebco_puerto_rico_trench_complex,GEBCO Puerto Rico Trench,public,complex_relief,Transition-Aware Segmented Hybrid,1,25.0,30,30709.656553550838,0.07044330783203423,30709.526696572655,30709.76,30720.337968573043,0.07044330783203423,30720.20811159486,30720.441415022204,5690.929515480602,0.013045057005783574,5690.905467892049,5690.948672230446,0.4951437224324803,0.00022816973005719728,0.49480865372110544,0.49556433629304236,0.4972498535602352,0.00022808559557304192,0.4969149084008928,0.49767031232516856,0.03476984866893944,7.972908008385323e-08,0.034769731586545886,0.034769995643921976,137.0,0.0,137,137,136.0,0.0,136,136,98.08407407407408,0.5577423118682447,97.71666666666668,99.40555555555557,0.2736649769643161,0.1899791245561311,0.0,0.8000276269637797,1.0,0.0,1,1
segmented_diagnostic,gebco_puerto_rico_trench_complex,GEBCO Puerto Rico Trench,public,complex_relief,Transition-Aware Segmented Hybrid,1,50.0,30,30709.656553550838,0.07044330783203423,30709.526696572655,30709.76,30731.01938359525,0.07044330783203423,30730.889526617066,30731.12283004441,5694.885595118455,0.01304505700604717,5694.861547529902,5694.9047518683,0.4972498535602613,0.00022808559557427796,0.496914908400914,0.49767031232518616,0.5014574596065033,0.00022791751261387464,0.5011227612780587,0.5018776085230517,0.06951552689437615,1.593473312279157e-07,0.0695152928923415,0.06951582064003557,137.0,0.0,137,137,136.0,0.0,136,136,98.08407407407408,0.5577423118682447,97.71666666666668,99.40555555555557,0.2736649769643161,0.1899791245561311,0.0,0.8000276269637797,1.0,0.0,1,1
segmented_diagnostic,gebco_puerto_rico_trench_complex,GEBCO Puerto Rico Trench,public,complex_relief,Transition-Aware Segmented Hybrid,1,100.0,30,30709.656553550838,0.07044330783203423,30709.526696572655,30709.76,30752.38221363966,0.07044330783203423,30752.252356661476,30752.48566008882,5702.797754394163,0.0130450570059798,5702.773706805609,5702.8169111440075,0.5014574596064977,0.00022791751261192454,0.5011227612780581,0.5018776085230318,0.5098540948291302,0.00022758208878621082,0.5095198890727278,0.510273625416901,0.1389344727579762,3.182520394025215e-07,0.1389340054038994,0.13893505943334936,137.0,0.0,137,137,136.0,0.0,136,136,98.08407407407408,0.5577423118682447,97.71666666666668,99.40555555555557,0.2736649769643161,0.1899791245561311,0.0,0.8000276269637797,1.0,0.0,1,1
segmented_diagnostic,synthetic_complex,Complex Terrain,synthetic,complex_relief,Coverage-Preserving Segmented Hybrid,4,25.0,30,265.33660726531036,0.06472163708483422,265.20041747386966,265.4758884463801,272.6015402767367,0.06472163708483605,272.465350485296,272.7408214578065,51.894998598348515,0.011985488349044653,51.86977826660023,51.920791409657724,21.17512621502717,0.01871476906986628,21.134851968934143,21.21450656155866,19.770135123291997,0.01852961049613946,19.730259339073474,19.809125851935644,2.799489893727519,0.0006646729056681085,2.7980601193304704,2.8008890454337045,100.0,0.0,100,100,96.0,0.0,96,96,97.17611111111111,0.07960564253048101,97.01666666666668,97.33333333333331,1.3916902244452254,0.01735325213529143,1.3516066834227294,1.424088334200297,1.0,0.0,1,1
segmented_diagnostic,synthetic_complex,Complex Terrain,synthetic,complex_relief,Coverage-Preserving Segmented Hybrid,4,50.0,30,265.33660726531036,0.06472163708483422,265.20041747386966,265.4758884463801,280.2329924310819,0.06472163708483897,280.0968026396413,280.37227361215173,54.72146235921711,0.011985488349044246,54.696242027468834,54.74725517052632,19.770135123291986,0.01852961049614038,19.73025933907345,19.80912585193561,17.04193810243967,0.018170071512443927,17.002836047325427,17.08017227513988,5.446505410834987,0.0012579281499081366,5.443799457076163,5.449153351574281,100.0,0.0,100,100,96.0,0.0,96,96,97.17611111111111,0.07960564253048101,97.01666666666668,97.33333333333331,1.3916902244452254,0.01735325213529143,1.3516066834227294,1.424088334200297,1.0,0.0,1,1
segmented_diagnostic,synthetic_complex,Complex Terrain,synthetic,complex_relief,Coverage-Preserving Segmented Hybrid,4,100.0,30,265.33660726531036,0.06472163708483422,265.20041747386966,265.4758884463801,295.4958967397724,0.06472163708483991,295.3597069483317,295.6351779208421,60.37438988095429,0.011985488349045363,60.34916954920601,60.40018269226351,17.04193810243966,0.018170071512443795,17.002836047325427,17.080172275139876,11.891297832809364,0.017491287702560546,11.85365652274098,11.928103682159543,10.330366807050853,0.002262669119988637,10.325499432125858,10.33512963998194,100.0,0.0,100,100,96.0,0.0,96,96,97.17611111111111,0.07960564253048101,97.01666666666668,97.33333333333331,1.3916902244452254,0.01735325213529143,1.3516066834227294,1.424088334200297,1.0,0.0,1,1
segmented_diagnostic,synthetic_complex,Complex Terrain,synthetic,complex_relief,Fixed-Spacing,1,25.0,1,342.37612472999996,,342.37612472999996,342.37612472999996,345.8318766489487,,345.8318766489487,345.8318766489487,64.6828941792403,,64.6828941792403,64.6828941792403,0.0,,0.0,0.0,0.0,,0.0,0.0,0.9992577758980499,,0.9992577758980499,0.9992577758980499,45.0,,45,45,44.0,,44,44,96.1888888888889,,96.1888888888889,96.1888888888889,28.497640907255647,,28.497640907255647,28.497640907255647,0.0,,0,0
segmented_diagnostic,synthetic_complex,Complex Terrain,synthetic,complex_relief,Fixed-Spacing,1,50.0,1,342.37612472999996,,342.37612472999996,342.37612472999996,349.2876285678975,,349.2876285678975,349.2876285678975,65.96280229736946,,65.96280229736946,65.96280229736946,0.0,,0.0,0.0,0.0,,0.0,0.0,1.9787428103981721,,1.9787428103981721,1.9787428103981721,45.0,,45,45,44.0,,44,44,96.1888888888889,,96.1888888888889,96.1888888888889,28.497640907255647,,28.497640907255647,28.497640907255647,0.0,,0,0
segmented_diagnostic,synthetic_complex,Complex Terrain,synthetic,complex_relief,Fixed-Spacing,1,100.0,1,342.37612472999996,,342.37612472999996,342.37612472999996,356.19913240579507,,356.19913240579507,356.19913240579507,68.5226185336278,,68.5226185336278,68.5226185336278,0.0,,0.0,0.0,0.0,,0.0,0.0,3.8806966155233114,,3.8806966155233114,3.8806966155233114,45.0,,45,45,44.0,,44,44,96.1888888888889,,96.1888888888889,96.1888888888889,28.497640907255647,,28.497640907255647,28.497640907255647,0.0,,0,0
segmented_diagnostic,synthetic_complex,Complex Terrain,synthetic,complex_relief,Full Geometry-Aware Hybrid GA,1,25.0,30,254.14110953451876,0.2094150482788194,253.77841703513977,254.5876409802319,257.2041623717688,0.2094150482788162,256.84146987238984,257.65069381748197,48.19763244611461,0.038780564496076184,48.13046716845184,48.28032345458,25.627398820480973,0.06055400395938421,25.498280750151554,25.73227420180597,25.48627723342745,0.0599548999595068,25.358436620364817,25.590115007718516,1.1909040551840693,0.0009694681091727612,1.188839351397165,1.1925849975753164,40.0,0.0,40,40,39.0,0.0,39,39,96.8337037037037,0.0418529255391855,96.75555555555556,96.9,7.17164821570562,0.05598441942284023,7.0579624365977605,7.289344557660367,0.0,0.0,0,0
segmented_diagnostic,synthetic_complex,Complex Terrain,synthetic,complex_relief,Full Geometry-Aware Hybrid GA,1,50.0,30,254.14110953451876,0.2094150482788194,253.77841703513977,254.5876409802319,260.26721520901884,0.20941504827881027,259.9045227096399,260.713746654732,49.332096459910915,0.03878056449607633,49.26493118224815,49.41478746837632,25.48627723342744,0.059954899959507695,25.3584366203648,25.590115007718513,25.212248810299197,0.058791566072721395,25.086888750408754,25.314071770093992,2.3537768684461873,0.0018935702671300772,2.3497440212130467,2.357060050603297,40.0,0.0,40,40,39.0,0.0,39,39,96.8337037037037,0.0418529255391855,96.75555555555556,96.9,7.17164821570562,0.05598441942284023,7.0579624365977605,7.289344557660367,0.0,0.0,0,0
segmented_diagnostic,synthetic_complex,Complex Terrain,synthetic,complex_relief,Full Geometry-Aware Hybrid GA,1,100.0,30,254.14110953451876,0.2094150482788194,253.77841703513977,254.5876409802319,266.3933208835189,0.20941504827881718,266.03062838413996,266.8398523292321,51.601024487503544,0.03878056449607795,51.53385920984077,51.68371549596895,25.212248810299194,0.05879156607272323,25.086888750408754,25.314071770094,24.6949028047139,0.05659527514560255,24.57422585127141,24.792921939271366,4.59929649374108,0.0036149752336884487,4.591597260323462,4.6055641876349585,40.0,0.0,40,40,39.0,0.0,39,39,96.8337037037037,0.0418529255391855,96.75555555555556,96.9,7.17164821570562,0.05598441942284023,7.0579624365977605,7.289344557660367,0.0,0.0,0,0
segmented_diagnostic,synthetic_complex,Complex Terrain,synthetic,complex_relief,Transition-Aware Segmented Hybrid,4,25.0,30,265.33660726531036,0.06472163708483422,265.20041747386966,265.4758884463801,272.6015402767367,0.06472163708483605,272.465350485296,272.7408214578065,51.894998598348515,0.011985488349044653,51.86977826660023,51.920791409657724,21.17512621502717,0.01871476906986628,21.134851968934143,21.21450656155866,19.770135123291997,0.01852961049613946,19.730259339073474,19.809125851935644,2.799489893727519,0.0006646729056681085,2.7980601193304704,2.8008890454337045,100.0,0.0,100,100,96.0,0.0,96,96,97.17611111111111,0.07960564253048101,97.01666666666668,97.33333333333331,1.3916902244452254,0.01735325213529143,1.3516066834227294,1.424088334200297,1.0,0.0,1,1
segmented_diagnostic,synthetic_complex,Complex Terrain,synthetic,complex_relief,Transition-Aware Segmented Hybrid,4,50.0,30,265.33660726531036,0.06472163708483422,265.20041747386966,265.4758884463801,280.2329924310819,0.06472163708483897,280.0968026396413,280.37227361215173,54.72146235921711,0.011985488349044246,54.696242027468834,54.74725517052632,19.770135123291986,0.01852961049614038,19.73025933907345,19.80912585193561,17.04193810243967,0.018170071512443927,17.002836047325427,17.08017227513988,5.446505410834987,0.0012579281499081366,5.443799457076163,5.449153351574281,100.0,0.0,100,100,96.0,0.0,96,96,97.17611111111111,0.07960564253048101,97.01666666666668,97.33333333333331,1.3916902244452254,0.01735325213529143,1.3516066834227294,1.424088334200297,1.0,0.0,1,1
segmented_diagnostic,synthetic_complex,Complex Terrain,synthetic,complex_relief,Transition-Aware Segmented Hybrid,4,100.0,30,265.33660726531036,0.06472163708483422,265.20041747386966,265.4758884463801,295.4958967397724,0.06472163708483991,295.3597069483317,295.6351779208421,60.37438988095429,0.011985488349045363,60.34916954920601,60.40018269226351,17.04193810243966,0.018170071512443795,17.002836047325427,17.080172275139876,11.891297832809364,0.017491287702560546,11.85365652274098,11.928103682159543,10.330366807050853,0.002262669119988637,10.325499432125858,10.33512963998194,100.0,0.0,100,100,96.0,0.0,96,96,97.17611111111111,0.07960564253048101,97.01666666666668,97.33333333333331,1.3916902244452254,0.01735325213529143,1.3516066834227294,1.424088334200297,1.0,0.0,1,1
segmented_diagnostic,usgs_southern_cascadia_30m_high,USGS Cascadia 30 m High,public,usgs_cascadia_high,Coverage-Preserving Segmented Hybrid,1,25.0,22,72.92004224888869,0.29100148331380465,72.05220703025746,73.40557719799891,73.78398022862588,0.29100148331380465,72.91614500999465,74.2695151777361,13.823688557104274,0.05388916357663069,13.662978331431823,13.913602436569128,24.800956377543468,0.2965824447272706,24.306109613988134,25.685435342499535,24.58448824183755,0.2939938087119527,24.093960608348667,25.461247282218917,1.170919284845601,0.004634769542004497,1.163247097641183,1.1848377058589323,12.0,0.0,12,12,11.0,0.0,11,11,98.44217171717172,0.09058661607262689,98.29444444444444,98.6,1.749639018515215,0.15481928529098096,1.4185772851411391,2.0223229190098486,1.0,0.0,1,1
segmented_diagnostic,usgs_southern_cascadia_30m_high,USGS Cascadia 30 m High,public,usgs_cascadia_high,Coverage-Preserving Segmented Hybrid,1,50.0,22,72.92004224888869,0.29100148331380465,72.05220703025746,73.40557719799891,74.64791820836308,0.29100148331380615,73.78008298973185,75.1334531574733,14.143665586636565,0.05388916357663057,13.982955360964116,14.233579466101421,24.58448824183756,0.29399380871195274,24.09396060834867,25.461247282218917,24.162693760024652,0.28894977586563075,23.68058207755932,25.02441030200318,2.3147344964406376,0.009055829007720489,2.299742507312829,2.3419273731568704,12.0,0.0,12,12,11.0,0.0,11,11,98.44217171717172,0.09058661607262689,98.29444444444444,98.6,1.749639018515215,0.15481928529098096,1.4185772851411391,2.0223229190098486,1.0,0.0,1,1
segmented_diagnostic,usgs_southern_cascadia_30m_high,USGS Cascadia 30 m High,public,usgs_cascadia_high,Coverage-Preserving Segmented Hybrid,1,100.0,22,72.92004224888869,0.29100148331380465,72.05220703025746,73.40557719799891,76.37579416783747,0.29100148331380465,75.50795894920624,76.86132911694769,14.783619645701156,0.0538891635766311,14.622909420028703,14.87353352516601,24.162693760024638,0.28894977586563103,23.6805820775593,25.024410302003165,23.361084514357866,0.2793637249820833,22.89496712400029,24.1942131863723,4.524731965752019,0.017299998416803592,4.496086599921663,4.576672402538964,12.0,0.0,12,12,11.0,0.0,11,11,98.44217171717172,0.09058661607262689,98.29444444444444,98.6,1.749639018515215,0.15481928529098096,1.4185772851411391,2.0223229190098486,1.0,0.0,1,1
segmented_diagnostic,usgs_southern_cascadia_30m_high,USGS Cascadia 30 m High,public,usgs_cascadia_high,Coverage-Preserving Segmented Hybrid,2,25.0,8,76.23927527360911,0.3178733976966195,75.7377825137663,76.62967874827184,77.02467343700656,0.3178733976966195,76.52318067716375,77.41507691166929,14.428665065837714,0.058865444017892524,14.335796036237197,14.500962005590074,21.49811165177914,0.32396972114730915,21.100220838210205,22.009222272362518,21.284022319205675,0.32114204303303356,20.88960438310633,21.790671855244856,1.1556442295050964,0.004772942915011721,1.1497991786958162,1.1632003670526194,13.0,0.0,13,13,11.0,0.0,11,11,98.60972222222223,0.08392646062864015,98.45555555555556,98.71111111111112,0.4492131091713797,0.07017387264122797,0.3336947423728993,0.5669874685298745,1.0,0.0,1,1
segmented_diagnostic,usgs_southern_cascadia_30m_high,USGS Cascadia 30 m High,public,usgs_cascadia_high,Coverage-Preserving Segmented Hybrid,2,50.0,8,76.23927527360911,0.3178733976966195,75.7377825137663,76.62967874827184,77.91479135552365,0.3178733976966181,77.41329859568086,78.3051948301864,14.758338368992199,0.058865444017892524,14.66546933939168,14.830635308744558,21.284022319205686,0.32114204303303173,20.88960438310634,21.790671855244867,20.86686300474114,0.3156322296784925,20.479212071775567,21.364819987312774,2.2848829514244726,0.009328934721709911,2.273458154206572,2.299651183102461,13.0,0.0,13,13,11.0,0.0,11,11,98.60972222222223,0.08392646062864015,98.45555555555556,98.71111111111112,0.4492131091713797,0.07017387264122797,0.3336947423728993,0.5669874685298745,1.0,0.0,1,1
segmented_diagnostic,usgs_southern_cascadia_30m_high,USGS Cascadia 30 m High,public,usgs_cascadia_high,Coverage-Preserving Segmented Hybrid,2,100.0,8,76.23927527360911,0.3178733976966195,75.7377825137663,76.62967874827184,79.69502719255789,0.3178733976966195,79.19353443271508,80.08543066722062,15.417684975301167,0.058865444017892524,15.32481594570065,15.489981915053527,20.86686300474113,0.3156322296784905,20.47921207177556,21.364819987312767,20.074062771903773,0.30516097527062164,19.699272349237372,20.555499786745894,4.467683117279371,0.017833292536032608,4.445841952031546,4.4959120710712845,13.0,0.0,13,13,11.0,0.0,11,11,98.60972222222223,0.08392646062864015,98.45555555555556,98.71111111111112,0.4492131091713797,0.07017387264122797,0.3336947423728993,0.5669874685298745,1.0,0.0,1,1
segmented_diagnostic,usgs_southern_cascadia_30m_high,USGS Cascadia 30 m High,public,usgs_cascadia_high,Fixed-Spacing,1,25.0,1,97.254304852,,97.254304852,97.254304852,98.11824283173719,,98.11824283173719,98.11824283173719,18.330033483606368,,18.330033483606368,18.330033483606368,0.0,,0.0,0.0,0.0,,0.0,0.0,0.8805069830069815,,0.8805069830069815,0.8805069830069815,12.0,,12,12,11.0,,11,11,97.2,,97.2,97.2,29.96000598034999,,29.96000598034999,29.96000598034999,0.0,,0,0
segmented_diagnostic,usgs_southern_cascadia_30m_high,USGS Cascadia 30 m High,public,usgs_cascadia_high,Fixed-Spacing,1,50.0,1,97.254304852,,97.254304852,97.254304852,98.9821808114744,,98.9821808114744,98.9821808114744,18.650010513138664,,18.650010513138664,18.650010513138664,0.0,,0.0,0.0,0.0,,0.0,0.0,1.7456434535074257,,1.7456434535074257,1.7456434535074257,12.0,,12,12,11.0,,11,11,97.2,,97.2,97.2,29.96000598034999,,29.96000598034999,29.96000598034999,0.0,,0,0
segmented_diagnostic,usgs_southern_cascadia_30m_high,USGS Cascadia 30 m High,public,usgs_cascadia_high,Fixed-Spacing,1,100.0,1,97.254304852,,97.254304852,97.254304852,100.71005677094878,,100.71005677094878,100.71005677094878,19.289964572203246,,19.289964572203246,19.289964572203246,0.0,,0.0,0.0,0.0,,0.0,0.0,3.4313871223490677,,3.4313871223490677,3.4313871223490677,12.0,,12,12,11.0,,11,11,97.2,,97.2,97.2,29.96000598034999,,29.96000598034999,29.96000598034999,0.0,,0,0
segmented_diagnostic,usgs_southern_cascadia_30m_high,USGS Cascadia 30 m High,public,usgs_cascadia_high,Full Geometry-Aware Hybrid GA,1,25.0,30,72.90578487036109,0.260968570711752,72.05220703025746,73.40557719799891,73.76972285009829,0.260968570711752,72.91614500999465,74.2695151777361,13.821048301821385,0.048327513094768786,13.662978331431823,13.913602436569128,24.81548719068904,0.2659735469980684,24.306109613988134,25.685435342499535,24.59889222688891,0.2636520720924526,24.093960608348667,25.461247282218917,1.1711423438691853,0.004154981830955361,1.163247097641183,1.1848377058589323,12.0,0.0,12,12,11.0,0.0,11,11,98.41666666666667,0.09718253158075445,98.19444444444444,98.6,1.751730330408097,0.14412094502921954,1.4185772851411391,2.0223229190098486,1.0,0.0,1,1
segmented_diagnostic,usgs_southern_cascadia_30m_high,USGS Cascadia 30 m High,public,usgs_cascadia_high,Full Geometry-Aware Hybrid GA,1,50.0,30,72.90578487036109,0.260968570711752,72.05220703025746,73.40557719799891,74.63366082983548,0.26096857071175267,73.78008298973185,75.1334531574733,14.14102533135368,0.04832751309476872,13.982955360964116,14.233579466101421,24.598892226888918,0.2636520720924527,24.09396060834867,25.461247282218917,24.17685061683193,0.2591286104676594,23.68058207755932,25.02441030200318,2.3151704205362185,0.008118410176619838,2.299742507312829,2.3419273731568704,12.0,0.0,12,12,11.0,0.0,11,11,98.41666666666667,0.09718253158075445,98.19444444444444,98.6,1.751730330408097,0.14412094502921954,1.4185772851411391,2.0223229190098486,1.0,0.0,1,1
segmented_diagnostic,usgs_southern_cascadia_30m_high,USGS Cascadia 30 m High,public,usgs_cascadia_high,Full Geometry-Aware Hybrid GA,1,100.0,30,72.90578487036109,0.260968570711752,72.05220703025746,73.40557719799891,76.36153678930987,0.260968570711752,75.50795894920624,76.86132911694769,14.780979390418269,0.04832751309476891,14.622909420028703,14.87353352516601,24.17685061683192,0.25912861046765917,23.6805820775593,25.024410302003165,23.37477171048,0.25053189140849247,22.89496712400029,24.1942131863723,4.525565079843214,0.015509303662283798,4.496086599921663,4.576672402538964,12.0,0.0,12,12,11.0,0.0,11,11,98.41666666666667,0.09718253158075445,98.19444444444444,98.6,1.751730330408097,0.14412094502921954,1.4185772851411391,2.0223229190098486,1.0,0.0,1,1
segmented_diagnostic,usgs_southern_cascadia_30m_high,USGS Cascadia 30 m High,public,usgs_cascadia_high,Transition-Aware Segmented Hybrid,1,25.0,30,72.90578487036109,0.260968570711752,72.05220703025746,73.40557719799891,73.76972285009829,0.260968570711752,72.91614500999465,74.2695151777361,13.821048301821385,0.048327513094768786,13.662978331431823,13.913602436569128,24.81548719068904,0.2659735469980684,24.306109613988134,25.685435342499535,24.59889222688891,0.2636520720924526,24.093960608348667,25.461247282218917,1.1711423438691853,0.004154981830955361,1.163247097641183,1.1848377058589323,12.0,0.0,12,12,11.0,0.0,11,11,98.41666666666667,0.09718253158075445,98.19444444444444,98.6,1.751730330408097,0.14412094502921954,1.4185772851411391,2.0223229190098486,1.0,0.0,1,1
segmented_diagnostic,usgs_southern_cascadia_30m_high,USGS Cascadia 30 m High,public,usgs_cascadia_high,Transition-Aware Segmented Hybrid,1,50.0,30,72.90578487036109,0.260968570711752,72.05220703025746,73.40557719799891,74.63366082983548,0.26096857071175267,73.78008298973185,75.1334531574733,14.14102533135368,0.04832751309476872,13.982955360964116,14.233579466101421,24.598892226888918,0.2636520720924527,24.09396060834867,25.461247282218917,24.17685061683193,0.2591286104676594,23.68058207755932,25.02441030200318,2.3151704205362185,0.008118410176619838,2.299742507312829,2.3419273731568704,12.0,0.0,12,12,11.0,0.0,11,11,98.41666666666667,0.09718253158075445,98.19444444444444,98.6,1.751730330408097,0.14412094502921954,1.4185772851411391,2.0223229190098486,1.0,0.0,1,1
segmented_diagnostic,usgs_southern_cascadia_30m_high,USGS Cascadia 30 m High,public,usgs_cascadia_high,Transition-Aware Segmented Hybrid,1,100.0,30,72.90578487036109,0.260968570711752,72.05220703025746,73.40557719799891,76.36153678930987,0.260968570711752,75.50795894920624,76.86132911694769,14.780979390418269,0.04832751309476891,14.622909420028703,14.87353352516601,24.17685061683192,0.25912861046765917,23.6805820775593,25.024410302003165,23.37477171048,0.25053189140849247,22.89496712400029,24.1942131863723,4.525565079843214,0.015509303662283798,4.496086599921663,4.576672402538964,12.0,0.0,12,12,11.0,0.0,11,11,98.41666666666667,0.09718253158075445,98.19444444444444,98.6,1.751730330408097,0.14412094502921954,1.4185772851411391,2.0223229190098486,1.0,0.0,1,1
usgs_extension,usgs_southern_cascadia_30m_high,USGS Cascadia 30 m High,public,usgs_cascadia_high,Adaptive Spacing w/o GA,1,25.0,1,73.89166194729708,,73.89166194729708,73.89166194729708,74.75559992703427,,74.75559992703427,74.75559992703427,14.003618130883606,,14.003618130883606,14.003618130883606,23.810702505921842,,23.810702505921842,23.810702505921842,23.602877521157453,,23.602877521157453,23.602877521157453,1.155683294068198,,1.155683294068198,1.155683294068198,12.0,,12,12,11.0,,11,11,98.55,,98.55,98.55,2.2372345564469054,,2.2372345564469054,2.2372345564469054,1.0,,1,1
usgs_extension,usgs_southern_cascadia_30m_high,USGS Cascadia 30 m High,public,usgs_cascadia_high,Adaptive Spacing w/o GA,1,50.0,1,73.89166194729708,,73.89166194729708,73.89166194729708,75.61953790677147,,75.61953790677147,75.61953790677147,14.323595160415898,,14.323595160415898,14.323595160415898,23.60287752115746,,23.60287752115746,23.60287752115746,23.197924471275062,,23.197924471275062,23.197924471275062,2.2849596907146146,,2.2849596907146146,2.2849596907146146,12.0,,12,12,11.0,,11,11,98.55,,98.55,98.55,2.2372345564469054,,2.2372345564469054,2.2372345564469054,1.0,,1,1
usgs_extension,usgs_southern_cascadia_30m_high,USGS Cascadia 30 m High,public,usgs_cascadia_high,Adaptive Spacing w/o GA,1,100.0,1,73.89166194729708,,73.89166194729708,73.89166194729708,77.34741386624586,,77.34741386624586,77.34741386624586,14.963549219480488,,14.963549219480488,14.963549219480488,23.19792447127505,,23.19792447127505,23.19792447127505,22.4283219211149,,22.4283219211149,22.4283219211149,4.467831238578554,,4.467831238578554,4.467831238578554,12.0,,12,12,11.0,,11,11,98.55,,98.55,98.55,2.2372345564469054,,2.2372345564469054,2.2372345564469054,1.0,,1,1
usgs_extension,usgs_southern_cascadia_30m_high,USGS Cascadia 30 m High,public,usgs_cascadia_high,Fixed-Spacing,1,25.0,1,97.254304852,,97.254304852,97.254304852,98.11824283173719,,98.11824283173719,98.11824283173719,18.330033483606368,,18.330033483606368,18.330033483606368,0.0,,0.0,0.0,0.0,,0.0,0.0,0.8805069830069815,,0.8805069830069815,0.8805069830069815,12.0,,12,12,11.0,,11,11,97.2,,97.2,97.2,29.96000598034999,,29.96000598034999,29.96000598034999,0.0,,0,0
usgs_extension,usgs_southern_cascadia_30m_high,USGS Cascadia 30 m High,public,usgs_cascadia_high,Fixed-Spacing,1,50.0,1,97.254304852,,97.254304852,97.254304852,98.9821808114744,,98.9821808114744,98.9821808114744,18.650010513138664,,18.650010513138664,18.650010513138664,0.0,,0.0,0.0,0.0,,0.0,0.0,1.7456434535074257,,1.7456434535074257,1.7456434535074257,12.0,,12,12,11.0,,11,11,97.2,,97.2,97.2,29.96000598034999,,29.96000598034999,29.96000598034999,0.0,,0,0
usgs_extension,usgs_southern_cascadia_30m_high,USGS Cascadia 30 m High,public,usgs_cascadia_high,Fixed-Spacing,1,100.0,1,97.254304852,,97.254304852,97.254304852,100.71005677094878,,100.71005677094878,100.71005677094878,19.289964572203246,,19.289964572203246,19.289964572203246,0.0,,0.0,0.0,0.0,,0.0,0.0,3.4313871223490677,,3.4313871223490677,3.4313871223490677,12.0,,12,12,11.0,,11,11,97.2,,97.2,97.2,29.96000598034999,,29.96000598034999,29.96000598034999,0.0,,0,0
usgs_extension,usgs_southern_cascadia_30m_high,USGS Cascadia 30 m High,public,usgs_cascadia_high,Full Geometry-Aware Hybrid GA,1,25.0,20,72.90322226476134,0.26780961486025123,72.05220703025746,73.37333893638746,73.76716024449851,0.26780961486025123,72.91614500999465,74.23727691612464,13.820573745228836,0.04959437312226869,13.662978331431823,13.907632388122565,24.81809894312753,0.2729457918641228,24.338966155932876,25.685435342499535,24.60148118338467,0.27056346169047435,24.126530371256646,25.461247282218917,1.171183550967774,0.004271429018454838,1.1637522490396495,1.1848377058589323,12.0,0.0,12,12,11.0,0.0,11,11,98.43833333333333,0.10321190123335898,98.19444444444444,98.6,1.731803750242431,0.15018862014805406,1.4185772851411391,2.0223229190098486,1.0,0.0,1,1
usgs_extension,usgs_southern_cascadia_30m_high,USGS Cascadia 30 m High,public,usgs_cascadia_high,Full Geometry-Aware Hybrid GA,1,50.0,20,72.90322226476134,0.26780961486025123,72.05220703025746,73.37333893638746,74.63109822423573,0.26780961486025207,73.78008298973185,75.10121489586184,14.14055077476113,0.04959437312226856,13.982955360964116,14.227609417654858,24.601481183384678,0.27056346169047374,24.126530371256656,25.461247282218917,24.179395154767796,0.26592142179936007,23.712593043142192,25.02441030200318,2.3152509252758535,0.008345764480376805,2.30072970440002,2.3419273731568704,12.0,0.0,12,12,11.0,0.0,11,11,98.43833333333333,0.10321190123335898,98.19444444444444,98.6,1.731803750242431,0.15018862014805406,1.4185772851411391,2.0223229190098486,1.0,0.0,1,1
usgs_extension,usgs_southern_cascadia_30m_high,USGS Cascadia 30 m High,public,usgs_cascadia_high,Full Geometry-Aware Hybrid GA,1,100.0,20,72.90322226476134,0.26780961486025123,72.05220703025746,73.37333893638746,76.3589741837101,0.26780961486025123,75.50795894920624,76.82909085533623,14.78050483382572,0.04959437312226873,14.622909420028703,14.867563476719447,24.179395154767782,0.2659214217993588,23.71259304314219,25.024410302003165,23.377231832118756,0.2570993478844123,22.925916110060978,24.1942131863723,4.525718839214063,0.01594300507082874,4.497973203217658,4.576672402538964,12.0,0.0,12,12,11.0,0.0,11,11,98.43833333333333,0.10321190123335898,98.19444444444444,98.6,1.731803750242431,0.15018862014805406,1.4185772851411391,2.0223229190098486,1.0,0.0,1,1
usgs_extension,usgs_southern_cascadia_30m_low,USGS Cascadia 30 m Low,public,usgs_cascadia_low,Adaptive Spacing w/o GA,1,25.0,1,52.11,,52.11,52.11,52.50269908169872,,52.50269908169872,52.50269908169872,9.79544410433286,,9.79544410433286,9.79544410433286,-0.34401895001429617,,-0.34401895001429617,-0.34401895001429617,-0.3414562087571996,,-0.3414562087571996,-0.3414562087571996,0.7479597974337482,,0.7479597974337482,0.7479597974337482,6.0,,6,6,5.0,,5,5,100.0,,100.0,100.0,0.0,,0.0,0.0,1.0,,1,1
usgs_extension,usgs_southern_cascadia_30m_low,USGS Cascadia 30 m Low,public,usgs_cascadia_low,Adaptive Spacing w/o GA,1,50.0,1,52.11,,52.11,52.11,52.895398163397445,,52.895398163397445,52.895398163397445,9.940888208665722,,9.940888208665722,9.940888208665722,-0.3414562087572003,,-0.3414562087572003,-0.3414562087572003,-0.3364435902982058,,-0.3364435902982058,-0.3364435902982058,1.4848137846912515,,1.4848137846912515,1.4848137846912515,6.0,,6,6,5.0,,5,5,100.0,,100.0,100.0,0.0,,0.0,0.0,1.0,,1,1
usgs_extension,usgs_southern_cascadia_30m_low,USGS Cascadia 30 m Low,public,usgs_cascadia_low,Adaptive Spacing w/o GA,1,100.0,1,52.11,,52.11,52.11,53.6807963267949,,53.6807963267949,53.6807963267949,10.231776417331442,,10.231776417331442,10.231776417331442,-0.3364435902982064,,-0.3364435902982064,-0.3364435902982064,-0.3268472752045355,,-0.3268472752045355,-0.3268472752045355,2.926179256418426,,2.926179256418426,2.926179256418426,6.0,,6,6,5.0,,5,5,100.0,,100.0,100.0,0.0,,0.0,0.0,1.0,,1,1
usgs_extension,usgs_southern_cascadia_30m_low,USGS Cascadia 30 m Low,public,usgs_cascadia_low,Fixed-Spacing,1,25.0,1,51.93,,51.93,51.93,52.32269908169872,,52.32269908169872,52.32269908169872,9.762110770999527,,9.762110770999527,9.762110770999527,0.0,,0.0,0.0,0.0,,0.0,0.0,0.7505329208754089,,0.7505329208754089,0.7505329208754089,6.0,,6,6,5.0,,5,5,100.0,,100.0,100.0,1.6333333333333329,,1.6333333333333329,1.6333333333333329,1.0,,1,1
usgs_extension,usgs_southern_cascadia_30m_low,USGS Cascadia 30 m Low,public,usgs_cascadia_low,Fixed-Spacing,1,50.0,1,51.93,,51.93,51.93,52.715398163397445,,52.715398163397445,52.715398163397445,9.907554875332389,,9.907554875332389,9.907554875332389,0.0,,0.0,0.0,0.0,,0.0,0.0,1.4898837735475625,,1.4898837735475625,1.4898837735475625,6.0,,6,6,5.0,,5,5,100.0,,100.0,100.0,1.6333333333333329,,1.6333333333333329,1.6333333333333329,1.0,,1,1
usgs_extension,usgs_southern_cascadia_30m_low,USGS Cascadia 30 m Low,public,usgs_cascadia_low,Fixed-Spacing,1,100.0,1,51.93,,51.93,51.93,53.5007963267949,,53.5007963267949,53.5007963267949,10.198443083998109,,10.198443083998109,10.198443083998109,0.0,,0.0,0.0,0.0,,0.0,0.0,2.9360241989672815,,2.9360241989672815,2.9360241989672815,6.0,,6,6,5.0,,5,5,100.0,,100.0,100.0,1.6333333333333329,,1.6333333333333329,1.6333333333333329,1.0,,1,1
usgs_extension,usgs_southern_cascadia_30m_low,USGS Cascadia 30 m Low,public,usgs_cascadia_low,Full Geometry-Aware Hybrid GA,1,25.0,20,51.9732629856119,0.05544772412915609,51.84408002631985,52.06334510898327,52.365962067310626,0.05544772412915609,52.236779108018574,52.45604419068199,9.770122435001733,0.010268097060954039,9.746199664762464,9.786804309700132,-0.08268492713717185,0.1059725990866363,-0.254851357677593,0.16421166183722624,-0.08206897248088463,0.10518316480753327,-0.25295286316523485,0.16298838038521457,0.749913655194447,0.0007945242312471911,0.7486250397975703,0.7517674106335609,6.0,0.0,6,6,5.0,0.0,5,5,98.9,0.4472135954999434,98.0,100.0,0.0,0.0,0.0,0.0,1.0,0.0,1,1
usgs_extension,usgs_southern_cascadia_30m_low,USGS Cascadia 30 m Low,public,usgs_cascadia_low,Full Geometry-Aware Hybrid GA,1,50.0,20,51.9732629856119,0.05544772412915609,51.84408002631985,52.06334510898327,52.75866114900934,0.05544772412915609,52.6294781897173,52.848743272380716,9.915566539334595,0.010268097060954263,9.891643769095325,9.932248414032994,-0.08206897248087866,0.10518316480753709,-0.2529528631652409,0.16298838038523342,-0.08086419003493796,0.10363906322154054,-0.2492394845279789,0.1605956912404251,1.48866360690464,0.0015654738744968982,1.4861245788750956,1.4923160753490023,6.0,0.0,6,6,5.0,0.0,5,5,98.9,0.4472135954999434,98.0,100.0,0.0,0.0,0.0,0.0,1.0,0.0,1,1
usgs_extension,usgs_southern_cascadia_30m_low,USGS Cascadia 30 m Low,public,usgs_cascadia_low,Full Geometry-Aware Hybrid GA,1,100.0,20,51.9732629856119,0.05544772412915609,51.84408002631985,52.06334510898327,53.54405931240681,0.05544772412915609,53.41487635311475,53.63414143577817,10.206454748000315,0.010268097060953921,10.182531977761046,10.223136622698714,-0.08086419003493747,0.10363906322154263,-0.2492394845279849,0.16059569124042578,-0.07855771646924745,0.10068298637725814,-0.24213047518351644,0.15601505157221565,2.933654915522655,0.003039743460297883,2.9287246607196598,2.940746911797915,6.0,0.0,6,6,5.0,0.0,5,5,98.9,0.4472135954999434,98.0,100.0,0.0,0.0,0.0,0.0,1.0,0.0,1,1
usgs_extension,usgs_southern_cascadia_30m_medium,USGS Cascadia 30 m Medium,public,usgs_cascadia_medium,Adaptive Spacing w/o GA,1,25.0,1,52.11,,52.11,52.11,52.50269908169872,,52.50269908169872,52.50269908169872,9.79544410433286,,9.79544410433286,9.79544410433286,-0.34401895001429617,,-0.34401895001429617,-0.34401895001429617,-0.3414562087571996,,-0.3414562087571996,-0.3414562087571996,0.7479597974337482,,0.7479597974337482,0.7479597974337482,6.0,,6,6,5.0,,5,5,100.0,,100.0,100.0,0.0,,0.0,0.0,1.0,,1,1
usgs_extension,usgs_southern_cascadia_30m_medium,USGS Cascadia 30 m Medium,public,usgs_cascadia_medium,Adaptive Spacing w/o GA,1,50.0,1,52.11,,52.11,52.11,52.895398163397445,,52.895398163397445,52.895398163397445,9.940888208665722,,9.940888208665722,9.940888208665722,-0.3414562087572003,,-0.3414562087572003,-0.3414562087572003,-0.3364435902982058,,-0.3364435902982058,-0.3364435902982058,1.4848137846912515,,1.4848137846912515,1.4848137846912515,6.0,,6,6,5.0,,5,5,100.0,,100.0,100.0,0.0,,0.0,0.0,1.0,,1,1
usgs_extension,usgs_southern_cascadia_30m_medium,USGS Cascadia 30 m Medium,public,usgs_cascadia_medium,Adaptive Spacing w/o GA,1,100.0,1,52.11,,52.11,52.11,53.6807963267949,,53.6807963267949,53.6807963267949,10.231776417331442,,10.231776417331442,10.231776417331442,-0.3364435902982064,,-0.3364435902982064,-0.3364435902982064,-0.3268472752045355,,-0.3268472752045355,-0.3268472752045355,2.926179256418426,,2.926179256418426,2.926179256418426,6.0,,6,6,5.0,,5,5,100.0,,100.0,100.0,0.0,,0.0,0.0,1.0,,1,1
usgs_extension,usgs_southern_cascadia_30m_medium,USGS Cascadia 30 m Medium,public,usgs_cascadia_medium,Fixed-Spacing,1,25.0,1,51.93,,51.93,51.93,52.32269908169872,,52.32269908169872,52.32269908169872,9.762110770999527,,9.762110770999527,9.762110770999527,0.0,,0.0,0.0,0.0,,0.0,0.0,0.7505329208754089,,0.7505329208754089,0.7505329208754089,6.0,,6,6,5.0,,5,5,100.0,,100.0,100.0,1.6333333333333329,,1.6333333333333329,1.6333333333333329,1.0,,1,1
usgs_extension,usgs_southern_cascadia_30m_medium,USGS Cascadia 30 m Medium,public,usgs_cascadia_medium,Fixed-Spacing,1,50.0,1,51.93,,51.93,51.93,52.715398163397445,,52.715398163397445,52.715398163397445,9.907554875332389,,9.907554875332389,9.907554875332389,0.0,,0.0,0.0,0.0,,0.0,0.0,1.4898837735475625,,1.4898837735475625,1.4898837735475625,6.0,,6,6,5.0,,5,5,100.0,,100.0,100.0,1.6333333333333329,,1.6333333333333329,1.6333333333333329,1.0,,1,1
usgs_extension,usgs_southern_cascadia_30m_medium,USGS Cascadia 30 m Medium,public,usgs_cascadia_medium,Fixed-Spacing,1,100.0,1,51.93,,51.93,51.93,53.5007963267949,,53.5007963267949,53.5007963267949,10.198443083998109,,10.198443083998109,10.198443083998109,0.0,,0.0,0.0,0.0,,0.0,0.0,2.9360241989672815,,2.9360241989672815,2.9360241989672815,6.0,,6,6,5.0,,5,5,100.0,,100.0,100.0,1.6333333333333329,,1.6333333333333329,1.6333333333333329,1.0,,1,1
usgs_extension,usgs_southern_cascadia_30m_medium,USGS Cascadia 30 m Medium,public,usgs_cascadia_medium,Full Geometry-Aware Hybrid GA,1,25.0,20,51.9732629856119,0.05544772412915609,51.84408002631985,52.06334510898327,52.365962067310626,0.05544772412915609,52.236779108018574,52.45604419068199,9.770122435001733,0.010268097060954039,9.746199664762464,9.786804309700132,-0.08268492713717185,0.1059725990866363,-0.254851357677593,0.16421166183722624,-0.08206897248088463,0.10518316480753327,-0.25295286316523485,0.16298838038521457,0.749913655194447,0.0007945242312471911,0.7486250397975703,0.7517674106335609,6.0,0.0,6,6,5.0,0.0,5,5,98.9,0.4472135954999434,98.0,100.0,0.0,0.0,0.0,0.0,1.0,0.0,1,1
usgs_extension,usgs_southern_cascadia_30m_medium,USGS Cascadia 30 m Medium,public,usgs_cascadia_medium,Full Geometry-Aware Hybrid GA,1,50.0,20,51.9732629856119,0.05544772412915609,51.84408002631985,52.06334510898327,52.75866114900934,0.05544772412915609,52.6294781897173,52.848743272380716,9.915566539334595,0.010268097060954263,9.891643769095325,9.932248414032994,-0.08206897248087866,0.10518316480753709,-0.2529528631652409,0.16298838038523342,-0.08086419003493796,0.10363906322154054,-0.2492394845279789,0.1605956912404251,1.48866360690464,0.0015654738744968982,1.4861245788750956,1.4923160753490023,6.0,0.0,6,6,5.0,0.0,5,5,98.9,0.4472135954999434,98.0,100.0,0.0,0.0,0.0,0.0,1.0,0.0,1,1
usgs_extension,usgs_southern_cascadia_30m_medium,USGS Cascadia 30 m Medium,public,usgs_cascadia_medium,Full Geometry-Aware Hybrid GA,1,100.0,20,51.9732629856119,0.05544772412915609,51.84408002631985,52.06334510898327,53.54405931240681,0.05544772412915609,53.41487635311475,53.63414143577817,10.206454748000315,0.010268097060953921,10.182531977761046,10.223136622698714,-0.08086419003493747,0.10363906322154263,-0.2492394845279849,0.16059569124042578,-0.07855771646924745,0.10068298637725814,-0.24213047518351644,0.15601505157221565,2.933654915522655,0.003039743460297883,2.9287246607196598,2.940746911797915,6.0,0.0,6,6,5.0,0.0,5,5,98.9,0.4472135954999434,98.0,100.0,0.0,0.0,0.0,0.0,1.0,0.0,1,1
