scene_id,scene_name,scenario,scenario_label,method,method_label,seed,orientation_deg,line_count,prior_rmse_m,prior_mae_m,prior_abs_p95_m,planned_path_length_km,replay_path_length_km,path_gain_vs_truth_fixed_pct,planned_coverage_pct,replay_coverage_pct,coverage_loss_pp,truth_nominal_method_coverage_pct,planned_excess_overlap_pct,replay_excess_overlap_pct,overlap_increase_pp,truth_nominal_method_excess_overlap_pct,planned_feasible,replay_feasible,truth_nominal_method_feasible,planning_time_s
gebco_cascadia_margin_moderate,GEBCO Cascadia Margin,nominal,Nominal,Fixed-Spacing,Fixed,0,0.0,117,0.0,0.0,0.0,15166.70891059631,15166.70891059631,0.0,100.0,100.0,0.0,100.0,0.7985185185185184,0.7985185185185184,0.0,0.7985185185185184,1,1,1,0.06444629095494747
gebco_cascadia_margin_moderate,GEBCO Cascadia Margin,nominal,Nominal,Adaptive Spacing w/o GA,Adaptive,0,0.0,116,0.0,0.0,0.0,15038.223860078393,15038.223860078393,0.8471518196551509,99.33333333333333,99.33333333333333,0.0,99.33333333333333,0.0,0.0,0.0,0.0,1,1,1,0.7801732920343056
gebco_cascadia_margin_moderate,GEBCO Cascadia Margin,nominal,Nominal,Full Geometry-Aware Hybrid GA,Hybrid,0,0.0,116,0.0,0.0,0.0,15038.151353299834,15038.151353299834,0.847629884995405,99.33333333333333,99.33333333333333,0.0,99.33333333333333,0.017754944001838673,0.017754944001838673,0.0,0.017754944001838673,1,1,1,0.8234123339643702
gebco_cascadia_margin_moderate,GEBCO Cascadia Margin,nominal,Nominal,Fixed-Spacing,Fixed,1,0.0,117,0.0,0.0,0.0,15166.70891059631,15166.70891059631,0.0,100.0,100.0,0.0,100.0,0.7985185185185184,0.7985185185185184,0.0,0.7985185185185184,1,1,1,0.09863091597799212
gebco_cascadia_margin_moderate,GEBCO Cascadia Margin,nominal,Nominal,Adaptive Spacing w/o GA,Adaptive,1,0.0,116,0.0,0.0,0.0,15038.223860078393,15038.223860078393,0.8471518196551509,99.33333333333333,99.33333333333333,0.0,99.33333333333333,0.0,0.0,0.0,0.0,1,1,1,0.7865429590456188
gebco_cascadia_margin_moderate,GEBCO Cascadia Margin,nominal,Nominal,Full Geometry-Aware Hybrid GA,Hybrid,1,0.0,116,0.0,0.0,0.0,15038.132129077272,15038.132129077272,0.8477566377581529,98.66666666666667,98.66666666666667,0.0,99.33333333333333,0.09615307101296579,0.09615307101296579,0.0,0.017754944001838673,1,1,1,0.8044079169631004
gebco_cascadia_margin_moderate,GEBCO Cascadia Margin,nominal,Nominal,Fixed-Spacing,Fixed,2,0.0,117,0.0,0.0,0.0,15166.70891059631,15166.70891059631,0.0,100.0,100.0,0.0,100.0,0.7985185185185184,0.7985185185185184,0.0,0.7985185185185184,1,1,1,0.06344079109840095
gebco_cascadia_margin_moderate,GEBCO Cascadia Margin,nominal,Nominal,Adaptive Spacing w/o GA,Adaptive,2,0.0,116,0.0,0.0,0.0,15038.223860078393,15038.223860078393,0.8471518196551509,99.33333333333333,99.33333333333333,0.0,99.33333333333333,0.0,0.0,0.0,0.0,1,1,1,0.7889257919741794
gebco_cascadia_margin_moderate,GEBCO Cascadia Margin,nominal,Nominal,Full Geometry-Aware Hybrid GA,Hybrid,2,0.0,116,0.0,0.0,0.0,15038.186461415387,15038.186461415387,0.8473984035595832,98.66666666666667,98.66666666666667,0.0,99.33333333333333,0.12063838321477975,0.12063838321477975,0.0,0.017754944001838673,1,1,1,0.8312839999562129
gebco_cascadia_margin_moderate,GEBCO Cascadia Margin,nominal,Nominal,Fixed-Spacing,Fixed,3,0.0,117,0.0,0.0,0.0,15166.70891059631,15166.70891059631,0.0,100.0,100.0,0.0,100.0,0.7985185185185184,0.7985185185185184,0.0,0.7985185185185184,1,1,1,0.059199708979576826
gebco_cascadia_margin_moderate,GEBCO Cascadia Margin,nominal,Nominal,Adaptive Spacing w/o GA,Adaptive,3,0.0,116,0.0,0.0,0.0,15038.223860078393,15038.223860078393,0.8471518196551509,99.33333333333333,99.33333333333333,0.0,99.33333333333333,0.0,0.0,0.0,0.0,1,1,1,0.781104875029996
gebco_cascadia_margin_moderate,GEBCO Cascadia Margin,nominal,Nominal,Full Geometry-Aware Hybrid GA,Hybrid,3,0.0,116,0.0,0.0,0.0,15038.167326861087,15038.167326861087,0.8475245651046723,98.66666666666667,98.66666666666667,0.0,99.33333333333333,0.0358239719493603,0.0358239719493603,0.0,0.017754944001838673,1,1,1,0.8251474170247093
gebco_cascadia_margin_moderate,GEBCO Cascadia Margin,nominal,Nominal,Fixed-Spacing,Fixed,4,0.0,117,0.0,0.0,0.0,15166.70891059631,15166.70891059631,0.0,100.0,100.0,0.0,100.0,0.7985185185185184,0.7985185185185184,0.0,0.7985185185185184,1,1,1,0.06194970803335309
gebco_cascadia_margin_moderate,GEBCO Cascadia Margin,nominal,Nominal,Adaptive Spacing w/o GA,Adaptive,4,0.0,116,0.0,0.0,0.0,15038.223860078393,15038.223860078393,0.8471518196551509,99.33333333333333,99.33333333333333,0.0,99.33333333333333,0.0,0.0,0.0,0.0,1,1,1,0.7785121250199154
gebco_cascadia_margin_moderate,GEBCO Cascadia Margin,nominal,Nominal,Full Geometry-Aware Hybrid GA,Hybrid,4,0.0,116,0.0,0.0,0.0,15038.223860078393,15038.223860078393,0.8471518196551509,99.33333333333333,99.33333333333333,0.0,99.33333333333333,0.0,0.0,0.0,0.017754944001838673,1,1,1,0.8438044170616195
gebco_cascadia_margin_moderate,GEBCO Cascadia Margin,nominal,Nominal,Fixed-Spacing,Fixed,5,0.0,117,0.0,0.0,0.0,15166.70891059631,15166.70891059631,0.0,100.0,100.0,0.0,100.0,0.7985185185185184,0.7985185185185184,0.0,0.7985185185185184,1,1,1,0.05818783293943852
gebco_cascadia_margin_moderate,GEBCO Cascadia Margin,nominal,Nominal,Adaptive Spacing w/o GA,Adaptive,5,0.0,116,0.0,0.0,0.0,15038.223860078393,15038.223860078393,0.8471518196551509,99.33333333333333,99.33333333333333,0.0,99.33333333333333,0.0,0.0,0.0,0.0,1,1,1,0.7845758330076933
gebco_cascadia_margin_moderate,GEBCO Cascadia Margin,nominal,Nominal,Full Geometry-Aware Hybrid GA,Hybrid,5,0.0,116,0.0,0.0,0.0,15037.95287480725,15037.95287480725,0.848938530752071,98.66666666666667,98.66666666666667,0.0,99.33333333333333,0.032189008120580155,0.032189008120580155,0.0,0.017754944001838673,1,1,1,0.8449497079709545
gebco_cascadia_margin_moderate,GEBCO Cascadia Margin,nominal,Nominal,Fixed-Spacing,Fixed,6,0.0,117,0.0,0.0,0.0,15166.70891059631,15166.70891059631,0.0,100.0,100.0,0.0,100.0,0.7985185185185184,0.7985185185185184,0.0,0.7985185185185184,1,1,1,0.06166158302221447
gebco_cascadia_margin_moderate,GEBCO Cascadia Margin,nominal,Nominal,Adaptive Spacing w/o GA,Adaptive,6,0.0,116,0.0,0.0,0.0,15038.223860078393,15038.223860078393,0.8471518196551509,99.33333333333333,99.33333333333333,0.0,99.33333333333333,0.0,0.0,0.0,0.0,1,1,1,0.7848704169737175
gebco_cascadia_margin_moderate,GEBCO Cascadia Margin,nominal,Nominal,Full Geometry-Aware Hybrid GA,Hybrid,6,0.0,116,0.0,0.0,0.0,15038.185303017577,15038.185303017577,0.8474060413260699,98.66666666666667,98.66666666666667,0.0,99.33333333333333,0.11202583806354252,0.11202583806354252,0.0,0.017754944001838673,1,1,1,0.8373409999767318
gebco_cascadia_margin_moderate,GEBCO Cascadia Margin,nominal,Nominal,Fixed-Spacing,Fixed,7,0.0,117,0.0,0.0,0.0,15166.70891059631,15166.70891059631,0.0,100.0,100.0,0.0,100.0,0.7985185185185184,0.7985185185185184,0.0,0.7985185185185184,1,1,1,0.06250095798168331
gebco_cascadia_margin_moderate,GEBCO Cascadia Margin,nominal,Nominal,Adaptive Spacing w/o GA,Adaptive,7,0.0,116,0.0,0.0,0.0,15038.223860078393,15038.223860078393,0.8471518196551509,99.33333333333333,99.33333333333333,0.0,99.33333333333333,0.0,0.0,0.0,0.0,1,1,1,0.7856307920301333
gebco_cascadia_margin_moderate,GEBCO Cascadia Margin,nominal,Nominal,Full Geometry-Aware Hybrid GA,Hybrid,7,0.0,116,0.0,0.0,0.0,15038.118332088465,15038.118332088465,0.8478476066617477,98.66666666666667,98.66666666666667,0.0,99.33333333333333,0.4793535101948629,0.4793535101948629,0.0,0.017754944001838673,1,1,1,0.8781073340214789
gebco_cascadia_margin_moderate,GEBCO Cascadia Margin,nominal,Nominal,Fixed-Spacing,Fixed,8,0.0,117,0.0,0.0,0.0,15166.70891059631,15166.70891059631,0.0,100.0,100.0,0.0,100.0,0.7985185185185184,0.7985185185185184,0.0,0.7985185185185184,1,1,1,0.06136104092001915
gebco_cascadia_margin_moderate,GEBCO Cascadia Margin,nominal,Nominal,Adaptive Spacing w/o GA,Adaptive,8,0.0,116,0.0,0.0,0.0,15038.223860078393,15038.223860078393,0.8471518196551509,99.33333333333333,99.33333333333333,0.0,99.33333333333333,0.0,0.0,0.0,0.0,1,1,1,0.7869167909957469
gebco_cascadia_margin_moderate,GEBCO Cascadia Margin,nominal,Nominal,Full Geometry-Aware Hybrid GA,Hybrid,8,0.0,116,0.0,0.0,0.0,15038.223860078393,15038.223860078393,0.8471518196551509,99.33333333333333,99.33333333333333,0.0,99.33333333333333,0.0,0.0,0.0,0.017754944001838673,1,1,1,0.8445716249989346
gebco_cascadia_margin_moderate,GEBCO Cascadia Margin,nominal,Nominal,Fixed-Spacing,Fixed,9,0.0,117,0.0,0.0,0.0,15166.70891059631,15166.70891059631,0.0,100.0,100.0,0.0,100.0,0.7985185185185184,0.7985185185185184,0.0,0.7985185185185184,1,1,1,0.060415541054680943
gebco_cascadia_margin_moderate,GEBCO Cascadia Margin,nominal,Nominal,Adaptive Spacing w/o GA,Adaptive,9,0.0,116,0.0,0.0,0.0,15038.223860078393,15038.223860078393,0.8471518196551509,99.33333333333333,99.33333333333333,0.0,99.33333333333333,0.0,0.0,0.0,0.0,1,1,1,0.7693090829998255
gebco_cascadia_margin_moderate,GEBCO Cascadia Margin,nominal,Nominal,Full Geometry-Aware Hybrid GA,Hybrid,9,0.0,116,0.0,0.0,0.0,15038.223860078393,15038.223860078393,0.8471518196551509,99.33333333333333,99.33333333333333,0.0,99.33333333333333,0.0,0.0,0.0,0.017754944001838673,1,1,1,0.7482790830545127
gebco_cascadia_margin_moderate,GEBCO Cascadia Margin,nominal,Nominal,Fixed-Spacing,Fixed,10,0.0,117,0.0,0.0,0.0,15166.70891059631,15166.70891059631,0.0,100.0,100.0,0.0,100.0,0.7985185185185184,0.7985185185185184,0.0,0.7985185185185184,1,1,1,0.05940949998330325
gebco_cascadia_margin_moderate,GEBCO Cascadia Margin,nominal,Nominal,Adaptive Spacing w/o GA,Adaptive,10,0.0,116,0.0,0.0,0.0,15038.223860078393,15038.223860078393,0.8471518196551509,99.33333333333333,99.33333333333333,0.0,99.33333333333333,0.0,0.0,0.0,0.0,1,1,1,0.7548325420357287
gebco_cascadia_margin_moderate,GEBCO Cascadia Margin,nominal,Nominal,Full Geometry-Aware Hybrid GA,Hybrid,10,0.0,116,0.0,0.0,0.0,15038.156566999354,15038.156566999354,0.8475955090503615,98.66666666666667,98.66666666666667,0.0,99.33333333333333,0.1241459171535219,0.1241459171535219,0.0,0.017754944001838673,1,1,1,0.8263619169592857
gebco_cascadia_margin_moderate,GEBCO Cascadia Margin,nominal,Nominal,Fixed-Spacing,Fixed,11,0.0,117,0.0,0.0,0.0,15166.70891059631,15166.70891059631,0.0,100.0,100.0,0.0,100.0,0.7985185185185184,0.7985185185185184,0.0,0.7985185185185184,1,1,1,0.06044241599738598
gebco_cascadia_margin_moderate,GEBCO Cascadia Margin,nominal,Nominal,Adaptive Spacing w/o GA,Adaptive,11,0.0,116,0.0,0.0,0.0,15038.223860078393,15038.223860078393,0.8471518196551509,99.33333333333333,99.33333333333333,0.0,99.33333333333333,0.0,0.0,0.0,0.0,1,1,1,0.7593110000016168
gebco_cascadia_margin_moderate,GEBCO Cascadia Margin,nominal,Nominal,Full Geometry-Aware Hybrid GA,Hybrid,11,0.0,116,0.0,0.0,0.0,15038.138430800387,15038.138430800387,0.8477150880511455,98.66666666666667,98.66666666666667,0.0,99.33333333333333,0.27074978347474526,0.27074978347474526,0.0,0.017754944001838673,1,1,1,0.8056785829830915
gebco_cascadia_margin_moderate,GEBCO Cascadia Margin,nominal,Nominal,Fixed-Spacing,Fixed,12,0.0,117,0.0,0.0,0.0,15166.70891059631,15166.70891059631,0.0,100.0,100.0,0.0,100.0,0.7985185185185184,0.7985185185185184,0.0,0.7985185185185184,1,1,1,0.058216959005221725
gebco_cascadia_margin_moderate,GEBCO Cascadia Margin,nominal,Nominal,Adaptive Spacing w/o GA,Adaptive,12,0.0,116,0.0,0.0,0.0,15038.223860078393,15038.223860078393,0.8471518196551509,99.33333333333333,99.33333333333333,0.0,99.33333333333333,0.0,0.0,0.0,0.0,1,1,1,0.756850165897049
gebco_cascadia_margin_moderate,GEBCO Cascadia Margin,nominal,Nominal,Full Geometry-Aware Hybrid GA,Hybrid,12,0.0,116,0.0,0.0,0.0,15038.186954711968,15038.186954711968,0.8473951510637173,99.33333333333333,99.33333333333333,0.0,99.33333333333333,0.15391068844486552,0.15391068844486552,0.0,0.017754944001838673,1,1,1,0.7882027080049738
gebco_cascadia_margin_moderate,GEBCO Cascadia Margin,nominal,Nominal,Fixed-Spacing,Fixed,13,0.0,117,0.0,0.0,0.0,15166.70891059631,15166.70891059631,0.0,100.0,100.0,0.0,100.0,0.7985185185185184,0.7985185185185184,0.0,0.7985185185185184,1,1,1,0.05992354196496308
gebco_cascadia_margin_moderate,GEBCO Cascadia Margin,nominal,Nominal,Adaptive Spacing w/o GA,Adaptive,13,0.0,116,0.0,0.0,0.0,15038.223860078393,15038.223860078393,0.8471518196551509,99.33333333333333,99.33333333333333,0.0,99.33333333333333,0.0,0.0,0.0,0.0,1,1,1,0.7685848749242723
gebco_cascadia_margin_moderate,GEBCO Cascadia Margin,nominal,Nominal,Full Geometry-Aware Hybrid GA,Hybrid,13,0.0,116,0.0,0.0,0.0,15038.223860078393,15038.223860078393,0.8471518196551509,99.33333333333333,99.33333333333333,0.0,99.33333333333333,0.0,0.0,0.0,0.017754944001838673,1,1,1,0.8084244170458987
gebco_cascadia_margin_moderate,GEBCO Cascadia Margin,nominal,Nominal,Fixed-Spacing,Fixed,14,0.0,117,0.0,0.0,0.0,15166.70891059631,15166.70891059631,0.0,100.0,100.0,0.0,100.0,0.7985185185185184,0.7985185185185184,0.0,0.7985185185185184,1,1,1,0.0621842909604311
gebco_cascadia_margin_moderate,GEBCO Cascadia Margin,nominal,Nominal,Adaptive Spacing w/o GA,Adaptive,14,0.0,116,0.0,0.0,0.0,15038.223860078393,15038.223860078393,0.8471518196551509,99.33333333333333,99.33333333333333,0.0,99.33333333333333,0.0,0.0,0.0,0.0,1,1,1,0.7686438750242814
gebco_cascadia_margin_moderate,GEBCO Cascadia Margin,nominal,Nominal,Full Geometry-Aware Hybrid GA,Hybrid,14,0.0,116,0.0,0.0,0.0,15038.032532372597,15038.032532372597,0.8484133174983773,98.66666666666667,98.66666666666667,0.0,99.33333333333333,0.2299499147434906,0.2299499147434906,0.0,0.017754944001838673,1,1,1,0.7963670840254053
gebco_cascadia_margin_moderate,GEBCO Cascadia Margin,nominal,Nominal,Fixed-Spacing,Fixed,15,0.0,117,0.0,0.0,0.0,15166.70891059631,15166.70891059631,0.0,100.0,100.0,0.0,100.0,0.7985185185185184,0.7985185185185184,0.0,0.7985185185185184,1,1,1,0.060659458045847714
gebco_cascadia_margin_moderate,GEBCO Cascadia Margin,nominal,Nominal,Adaptive Spacing w/o GA,Adaptive,15,0.0,116,0.0,0.0,0.0,15038.223860078393,15038.223860078393,0.8471518196551509,99.33333333333333,99.33333333333333,0.0,99.33333333333333,0.0,0.0,0.0,0.0,1,1,1,0.762545834062621
gebco_cascadia_margin_moderate,GEBCO Cascadia Margin,nominal,Nominal,Full Geometry-Aware Hybrid GA,Hybrid,15,0.0,116,0.0,0.0,0.0,15038.223860078393,15038.223860078393,0.8471518196551509,99.33333333333333,99.33333333333333,0.0,99.33333333333333,0.0,0.0,0.0,0.017754944001838673,1,1,1,0.813392624957487
gebco_cascadia_margin_moderate,GEBCO Cascadia Margin,nominal,Nominal,Fixed-Spacing,Fixed,16,0.0,117,0.0,0.0,0.0,15166.70891059631,15166.70891059631,0.0,100.0,100.0,0.0,100.0,0.7985185185185184,0.7985185185185184,0.0,0.7985185185185184,1,1,1,0.06165391707327217
gebco_cascadia_margin_moderate,GEBCO Cascadia Margin,nominal,Nominal,Adaptive Spacing w/o GA,Adaptive,16,0.0,116,0.0,0.0,0.0,15038.223860078393,15038.223860078393,0.8471518196551509,99.33333333333333,99.33333333333333,0.0,99.33333333333333,0.0,0.0,0.0,0.0,1,1,1,0.7666118330089375
gebco_cascadia_margin_moderate,GEBCO Cascadia Margin,nominal,Nominal,Full Geometry-Aware Hybrid GA,Hybrid,16,0.0,116,0.0,0.0,0.0,15038.223860078393,15038.223860078393,0.8471518196551509,99.33333333333333,99.33333333333333,0.0,99.33333333333333,0.0,0.0,0.0,0.017754944001838673,1,1,1,0.7921261669835076
gebco_cascadia_margin_moderate,GEBCO Cascadia Margin,nominal,Nominal,Fixed-Spacing,Fixed,17,0.0,117,0.0,0.0,0.0,15166.70891059631,15166.70891059631,0.0,100.0,100.0,0.0,100.0,0.7985185185185184,0.7985185185185184,0.0,0.7985185185185184,1,1,1,0.06246062507852912
gebco_cascadia_margin_moderate,GEBCO Cascadia Margin,nominal,Nominal,Adaptive Spacing w/o GA,Adaptive,17,0.0,116,0.0,0.0,0.0,15038.223860078393,15038.223860078393,0.8471518196551509,99.33333333333333,99.33333333333333,0.0,99.33333333333333,0.0,0.0,0.0,0.0,1,1,1,0.7535085420822725
gebco_cascadia_margin_moderate,GEBCO Cascadia Margin,nominal,Nominal,Full Geometry-Aware Hybrid GA,Hybrid,17,0.0,116,0.0,0.0,0.0,15038.195937012873,15038.195937012873,0.8473359272666587,99.33333333333333,99.33333333333333,0.0,99.33333333333333,0.07733462461178231,0.07733462461178231,0.0,0.017754944001838673,1,1,1,0.8019941250095144
gebco_cascadia_margin_moderate,GEBCO Cascadia Margin,nominal,Nominal,Fixed-Spacing,Fixed,18,0.0,117,0.0,0.0,0.0,15166.70891059631,15166.70891059631,0.0,100.0,100.0,0.0,100.0,0.7985185185185184,0.7985185185185184,0.0,0.7985185185185184,1,1,1,0.05948641605209559
gebco_cascadia_margin_moderate,GEBCO Cascadia Margin,nominal,Nominal,Adaptive Spacing w/o GA,Adaptive,18,0.0,116,0.0,0.0,0.0,15038.223860078393,15038.223860078393,0.8471518196551509,99.33333333333333,99.33333333333333,0.0,99.33333333333333,0.0,0.0,0.0,0.0,1,1,1,0.7597613750258461
gebco_cascadia_margin_moderate,GEBCO Cascadia Margin,nominal,Nominal,Full Geometry-Aware Hybrid GA,Hybrid,18,0.0,116,0.0,0.0,0.0,15038.038175310907,15038.038175310907,0.8483761114153526,98.66666666666667,98.66666666666667,0.0,99.33333333333333,0.28774862639887644,0.28774862639887644,0.0,0.017754944001838673,1,1,1,0.7609934579813853
gebco_cascadia_margin_moderate,GEBCO Cascadia Margin,nominal,Nominal,Fixed-Spacing,Fixed,19,0.0,117,0.0,0.0,0.0,15166.70891059631,15166.70891059631,0.0,100.0,100.0,0.0,100.0,0.7985185185185184,0.7985185185185184,0.0,0.7985185185185184,1,1,1,0.05925799999386072
gebco_cascadia_margin_moderate,GEBCO Cascadia Margin,nominal,Nominal,Adaptive Spacing w/o GA,Adaptive,19,0.0,116,0.0,0.0,0.0,15038.223860078393,15038.223860078393,0.8471518196551509,99.33333333333333,99.33333333333333,0.0,99.33333333333333,0.0,0.0,0.0,0.0,1,1,1,0.7624314159620553
gebco_cascadia_margin_moderate,GEBCO Cascadia Margin,nominal,Nominal,Full Geometry-Aware Hybrid GA,Hybrid,19,0.0,116,0.0,0.0,0.0,15038.1527627635,15038.1527627635,0.847620591854259,98.66666666666667,98.66666666666667,0.0,99.33333333333333,0.07262029135950054,0.07262029135950054,0.0,0.017754944001838673,1,1,1,0.7838449589908123
gebco_cascadia_margin_moderate,GEBCO Cascadia Margin,correlated_bias,Correlated bias,Fixed-Spacing,Fixed,0,0.0,117,35.0,27.862146478992454,67.93713030799836,15166.70891059631,15166.70891059631,0.0,100.0,100.0,0.0,100.0,0.7985185185185184,0.7985185185185184,0.0,0.7985185185185184,1,1,1,0.0565859159687534
gebco_cascadia_margin_moderate,GEBCO Cascadia Margin,correlated_bias,Correlated bias,Adaptive Spacing w/o GA,Adaptive,0,0.0,116,35.0,27.862146478992454,67.93713030799836,15038.223860078393,15038.223860078393,0.8471518196551509,99.33333333333333,99.33333333333333,0.0,99.33333333333333,0.0,0.0,0.0,0.0,1,1,1,0.7590479999780655
gebco_cascadia_margin_moderate,GEBCO Cascadia Margin,correlated_bias,Correlated bias,Full Geometry-Aware Hybrid GA,Hybrid,0,0.0,116,35.0,27.862146478992454,67.93713030799836,15038.151353299834,15038.151353299834,0.847629884995405,99.33333333333333,99.33333333333333,0.0,99.33333333333333,0.017754944001838673,0.017754944001838673,0.0,0.017754944001838673,1,1,1,0.7821969999931753
gebco_cascadia_margin_moderate,GEBCO Cascadia Margin,correlated_bias,Correlated bias,Fixed-Spacing,Fixed,1,0.0,117,35.0,27.782307057351773,68.23572005912024,15166.70891059631,15166.70891059631,0.0,100.0,100.0,0.0,100.0,0.7985185185185184,0.7985185185185184,0.0,0.7985185185185184,1,1,1,0.05764820799231529
gebco_cascadia_margin_moderate,GEBCO Cascadia Margin,correlated_bias,Correlated bias,Adaptive Spacing w/o GA,Adaptive,1,0.0,116,35.0,27.782307057351773,68.23572005912024,15038.223860078393,15038.223860078393,0.8471518196551509,99.33333333333333,99.33333333333333,0.0,99.33333333333333,0.0,0.0,0.0,0.0,1,1,1,0.7790470829932019
gebco_cascadia_margin_moderate,GEBCO Cascadia Margin,correlated_bias,Correlated bias,Full Geometry-Aware Hybrid GA,Hybrid,1,0.0,116,35.0,27.782307057351773,68.23572005912024,15038.132129077272,15038.132129077272,0.8477566377581529,98.66666666666667,98.66666666666667,0.0,99.33333333333333,0.09615307101296579,0.09615307101296579,0.0,0.017754944001838673,1,1,1,0.7585740829817951
gebco_cascadia_margin_moderate,GEBCO Cascadia Margin,correlated_bias,Correlated bias,Fixed-Spacing,Fixed,2,0.0,117,35.00000000000001,28.508459025908397,67.54310663974547,15166.70891059631,15166.70891059631,0.0,100.0,100.0,0.0,100.0,0.7985185185185184,0.7985185185185184,0.0,0.7985185185185184,1,1,1,0.060005791019648314
gebco_cascadia_margin_moderate,GEBCO Cascadia Margin,correlated_bias,Correlated bias,Adaptive Spacing w/o GA,Adaptive,2,0.0,116,35.00000000000001,28.508459025908397,67.54310663974547,15038.223860078393,15038.223860078393,0.8471518196551509,99.33333333333333,99.33333333333333,0.0,99.33333333333333,0.0,0.0,0.0,0.0,1,1,1,0.7581777500454336
gebco_cascadia_margin_moderate,GEBCO Cascadia Margin,correlated_bias,Correlated bias,Full Geometry-Aware Hybrid GA,Hybrid,2,0.0,116,35.00000000000001,28.508459025908397,67.54310663974547,15038.186461415387,15038.186461415387,0.8473984035595832,98.66666666666667,98.66666666666667,0.0,99.33333333333333,0.12063838321477975,0.12063838321477975,0.0,0.017754944001838673,1,1,1,0.7684254590421915
gebco_cascadia_margin_moderate,GEBCO Cascadia Margin,correlated_bias,Correlated bias,Fixed-Spacing,Fixed,3,0.0,117,35.0,27.98201054676321,67.59935112563517,15166.70891059631,15166.70891059631,0.0,100.0,100.0,0.0,100.0,0.7985185185185184,0.7985185185185184,0.0,0.7985185185185184,1,1,1,0.06187437498010695
gebco_cascadia_margin_moderate,GEBCO Cascadia Margin,correlated_bias,Correlated bias,Adaptive Spacing w/o GA,Adaptive,3,0.0,116,35.0,27.98201054676321,67.59935112563517,15038.223860078393,15038.223860078393,0.8471518196551509,99.33333333333333,99.33333333333333,0.0,99.33333333333333,0.0,0.0,0.0,0.0,1,1,1,0.7856692090863362
gebco_cascadia_margin_moderate,GEBCO Cascadia Margin,correlated_bias,Correlated bias,Full Geometry-Aware Hybrid GA,Hybrid,3,0.0,116,35.0,27.98201054676321,67.59935112563517,15038.167326861087,15038.167326861087,0.8475245651046723,98.66666666666667,98.66666666666667,0.0,99.33333333333333,0.0358239719493603,0.0358239719493603,0.0,0.017754944001838673,1,1,1,0.7774932499742135
gebco_cascadia_margin_moderate,GEBCO Cascadia Margin,correlated_bias,Correlated bias,Fixed-Spacing,Fixed,4,0.0,117,35.0,28.032010773618623,68.78299192706436,15166.70891059631,15166.70891059631,0.0,100.0,100.0,0.0,100.0,0.7985185185185184,0.7985185185185184,0.0,0.7985185185185184,1,1,1,0.05771912506315857
gebco_cascadia_margin_moderate,GEBCO Cascadia Margin,correlated_bias,Correlated bias,Adaptive Spacing w/o GA,Adaptive,4,0.0,116,35.0,28.032010773618623,68.78299192706436,15038.223860078393,15038.223860078393,0.8471518196551509,99.33333333333333,99.33333333333333,0.0,99.33333333333333,0.0,0.0,0.0,0.0,1,1,1,0.7645057499175891
gebco_cascadia_margin_moderate,GEBCO Cascadia Margin,correlated_bias,Correlated bias,Full Geometry-Aware Hybrid GA,Hybrid,4,0.0,116,35.0,28.032010773618623,68.78299192706436,15038.223860078393,15038.223860078393,0.8471518196551509,99.33333333333333,99.33333333333333,0.0,99.33333333333333,0.0,0.0,0.0,0.017754944001838673,1,1,1,0.7924117089714855
gebco_cascadia_margin_moderate,GEBCO Cascadia Margin,correlated_bias,Correlated bias,Fixed-Spacing,Fixed,5,0.0,117,35.0,28.003292009546122,69.45316500346416,15166.70891059631,15166.70891059631,0.0,100.0,100.0,0.0,100.0,0.7985185185185184,0.7985185185185184,0.0,0.7985185185185184,1,1,1,0.0632981670787558
gebco_cascadia_margin_moderate,GEBCO Cascadia Margin,correlated_bias,Correlated bias,Adaptive Spacing w/o GA,Adaptive,5,0.0,116,35.0,28.003292009546122,69.45316500346416,15038.223860078393,15038.223860078393,0.8471518196551509,99.33333333333333,99.33333333333333,0.0,99.33333333333333,0.0,0.0,0.0,0.0,1,1,1,0.7705374161014333
gebco_cascadia_margin_moderate,GEBCO Cascadia Margin,correlated_bias,Correlated bias,Full Geometry-Aware Hybrid GA,Hybrid,5,0.0,116,35.0,28.003292009546122,69.45316500346416,15037.95287480725,15037.95287480725,0.848938530752071,98.66666666666667,98.66666666666667,0.0,99.33333333333333,0.032189008120580155,0.032189008120580155,0.0,0.017754944001838673,1,1,1,0.7794104999629781
gebco_cascadia_margin_moderate,GEBCO Cascadia Margin,correlated_bias,Correlated bias,Fixed-Spacing,Fixed,6,0.0,117,35.0,27.953698154468942,67.14540275462969,15166.70891059631,15166.70891059631,0.0,100.0,100.0,0.0,100.0,0.7985185185185184,0.7985185185185184,0.0,0.7985185185185184,1,1,1,0.05647704191505909
gebco_cascadia_margin_moderate,GEBCO Cascadia Margin,correlated_bias,Correlated bias,Adaptive Spacing w/o GA,Adaptive,6,0.0,116,35.0,27.953698154468942,67.14540275462969,15038.223860078393,15038.223860078393,0.8471518196551509,99.33333333333333,99.33333333333333,0.0,99.33333333333333,0.0,0.0,0.0,0.0,1,1,1,0.7612510420149192
gebco_cascadia_margin_moderate,GEBCO Cascadia Margin,correlated_bias,Correlated bias,Full Geometry-Aware Hybrid GA,Hybrid,6,0.0,116,35.0,27.953698154468942,67.14540275462969,15038.185303017577,15038.185303017577,0.8474060413260699,98.66666666666667,98.66666666666667,0.0,99.33333333333333,0.11202583806354252,0.11202583806354252,0.0,0.017754944001838673,1,1,1,0.788996166898869
gebco_cascadia_margin_moderate,GEBCO Cascadia Margin,correlated_bias,Correlated bias,Fixed-Spacing,Fixed,7,0.0,117,35.0,27.9030419359517,70.810906700744,15166.70891059631,15166.70891059631,0.0,100.0,100.0,0.0,100.0,0.7985185185185184,0.7985185185185184,0.0,0.7985185185185184,1,1,1,0.06220883398782462
gebco_cascadia_margin_moderate,GEBCO Cascadia Margin,correlated_bias,Correlated bias,Adaptive Spacing w/o GA,Adaptive,7,0.0,116,35.0,27.9030419359517,70.810906700744,15038.223860078393,15038.223860078393,0.8471518196551509,99.33333333333333,99.33333333333333,0.0,99.33333333333333,0.0,0.0,0.0,0.0,1,1,1,0.7646336250472814
gebco_cascadia_margin_moderate,GEBCO Cascadia Margin,correlated_bias,Correlated bias,Full Geometry-Aware Hybrid GA,Hybrid,7,0.0,116,35.0,27.9030419359517,70.810906700744,15038.118332088465,15038.118332088465,0.8478476066617477,98.66666666666667,98.66666666666667,0.0,99.33333333333333,0.4793535101948629,0.4793535101948629,0.0,0.017754944001838673,1,1,1,0.7447662909980863
gebco_cascadia_margin_moderate,GEBCO Cascadia Margin,correlated_bias,Correlated bias,Fixed-Spacing,Fixed,8,0.0,117,35.0,27.70648942971139,71.19249209651935,15166.70891059631,15166.70891059631,0.0,100.0,100.0,0.0,100.0,0.7985185185185184,0.7985185185185184,0.0,0.7985185185185184,1,1,1,0.05355183291248977
gebco_cascadia_margin_moderate,GEBCO Cascadia Margin,correlated_bias,Correlated bias,Adaptive Spacing w/o GA,Adaptive,8,0.0,116,35.0,27.70648942971139,71.19249209651935,15038.223860078393,15038.223860078393,0.8471518196551509,99.33333333333333,99.33333333333333,0.0,99.33333333333333,0.0,0.0,0.0,0.0,1,1,1,0.7647955000866205
gebco_cascadia_margin_moderate,GEBCO Cascadia Margin,correlated_bias,Correlated bias,Full Geometry-Aware Hybrid GA,Hybrid,8,0.0,116,35.0,27.70648942971139,71.19249209651935,15038.223860078393,15038.223860078393,0.8471518196551509,99.33333333333333,99.33333333333333,0.0,99.33333333333333,0.0,0.0,0.0,0.017754944001838673,1,1,1,1.0043423749739304
gebco_cascadia_margin_moderate,GEBCO Cascadia Margin,correlated_bias,Correlated bias,Fixed-Spacing,Fixed,9,0.0,117,34.99999999999999,27.289155247882398,70.54353950363748,15166.70891059631,15166.70891059631,0.0,100.0,100.0,0.0,100.0,0.7985185185185184,0.7985185185185184,0.0,0.7985185185185184,1,1,1,0.06835075002163649
gebco_cascadia_margin_moderate,GEBCO Cascadia Margin,correlated_bias,Correlated bias,Adaptive Spacing w/o GA,Adaptive,9,0.0,116,34.99999999999999,27.289155247882398,70.54353950363748,15038.223860078393,15038.223860078393,0.8471518196551509,99.33333333333333,99.33333333333333,0.0,99.33333333333333,0.0,0.0,0.0,0.0,1,1,1,0.7462713330751285
gebco_cascadia_margin_moderate,GEBCO Cascadia Margin,correlated_bias,Correlated bias,Full Geometry-Aware Hybrid GA,Hybrid,9,0.0,116,34.99999999999999,27.289155247882398,70.54353950363748,15038.223860078393,15038.223860078393,0.8471518196551509,99.33333333333333,99.33333333333333,0.0,99.33333333333333,0.0,0.0,0.0,0.017754944001838673,1,1,1,0.8218460419448093
gebco_cascadia_margin_moderate,GEBCO Cascadia Margin,correlated_bias,Correlated bias,Fixed-Spacing,Fixed,10,0.0,117,35.0,27.947872892256612,69.4559154019289,15166.70891059631,15166.70891059631,0.0,100.0,100.0,0.0,100.0,0.7985185185185184,0.7985185185185184,0.0,0.7985185185185184,1,1,1,0.05852787499316037
gebco_cascadia_margin_moderate,GEBCO Cascadia Margin,correlated_bias,Correlated bias,Adaptive Spacing w/o GA,Adaptive,10,0.0,116,35.0,27.947872892256612,69.4559154019289,15038.223860078393,15038.223860078393,0.8471518196551509,99.33333333333333,99.33333333333333,0.0,99.33333333333333,0.0,0.0,0.0,0.0,1,1,1,0.7706359580624849
gebco_cascadia_margin_moderate,GEBCO Cascadia Margin,correlated_bias,Correlated bias,Full Geometry-Aware Hybrid GA,Hybrid,10,0.0,116,35.0,27.947872892256612,69.4559154019289,15038.156566999354,15038.156566999354,0.8475955090503615,98.66666666666667,98.66666666666667,0.0,99.33333333333333,0.1241459171535219,0.1241459171535219,0.0,0.017754944001838673,1,1,1,0.7900692920666188
gebco_cascadia_margin_moderate,GEBCO Cascadia Margin,correlated_bias,Correlated bias,Fixed-Spacing,Fixed,11,0.0,117,35.0,27.87816101010942,68.34125330601091,15166.70891059631,15166.70891059631,0.0,100.0,100.0,0.0,100.0,0.7985185185185184,0.7985185185185184,0.0,0.7985185185185184,1,1,1,0.06243295792955905
gebco_cascadia_margin_moderate,GEBCO Cascadia Margin,correlated_bias,Correlated bias,Adaptive Spacing w/o GA,Adaptive,11,0.0,116,35.0,27.87816101010942,68.34125330601091,15038.223860078393,15038.223860078393,0.8471518196551509,99.33333333333333,99.33333333333333,0.0,99.33333333333333,0.0,0.0,0.0,0.0,1,1,1,0.771416625007987
gebco_cascadia_margin_moderate,GEBCO Cascadia Margin,correlated_bias,Correlated bias,Full Geometry-Aware Hybrid GA,Hybrid,11,0.0,116,35.0,27.87816101010942,68.34125330601091,15038.138430800387,15038.138430800387,0.8477150880511455,98.66666666666667,98.66666666666667,0.0,99.33333333333333,0.27074978347474526,0.27074978347474526,0.0,0.017754944001838673,1,1,1,0.77066395804286
gebco_cascadia_margin_moderate,GEBCO Cascadia Margin,correlated_bias,Correlated bias,Fixed-Spacing,Fixed,12,0.0,117,35.0,27.568487559199024,71.64250878831763,15166.70891059631,15166.70891059631,0.0,100.0,100.0,0.0,100.0,0.7985185185185184,0.7985185185185184,0.0,0.7985185185185184,1,1,1,0.05949041701387614
gebco_cascadia_margin_moderate,GEBCO Cascadia Margin,correlated_bias,Correlated bias,Adaptive Spacing w/o GA,Adaptive,12,0.0,116,35.0,27.568487559199024,71.64250878831763,15038.223860078393,15038.223860078393,0.8471518196551509,99.33333333333333,99.33333333333333,0.0,99.33333333333333,0.0,0.0,0.0,0.0,1,1,1,0.7431138750398532
gebco_cascadia_margin_moderate,GEBCO Cascadia Margin,correlated_bias,Correlated bias,Full Geometry-Aware Hybrid GA,Hybrid,12,0.0,116,35.0,27.568487559199024,71.64250878831763,15038.186954711968,15038.186954711968,0.8473951510637173,99.33333333333333,99.33333333333333,0.0,99.33333333333333,0.15391068844486552,0.15391068844486552,0.0,0.017754944001838673,1,1,1,0.7761038750177249
gebco_cascadia_margin_moderate,GEBCO Cascadia Margin,correlated_bias,Correlated bias,Fixed-Spacing,Fixed,13,0.0,117,35.0,27.330962323896173,72.17076564395711,15166.70891059631,15166.70891059631,0.0,100.0,100.0,0.0,100.0,0.7985185185185184,0.7985185185185184,0.0,0.7985185185185184,1,1,1,0.05664683401118964
gebco_cascadia_margin_moderate,GEBCO Cascadia Margin,correlated_bias,Correlated bias,Adaptive Spacing w/o GA,Adaptive,13,0.0,116,35.0,27.330962323896173,72.17076564395711,15038.223860078393,15038.223860078393,0.8471518196551509,99.33333333333333,99.33333333333333,0.0,99.33333333333333,0.0,0.0,0.0,0.0,1,1,1,0.7650871250079945
gebco_cascadia_margin_moderate,GEBCO Cascadia Margin,correlated_bias,Correlated bias,Full Geometry-Aware Hybrid GA,Hybrid,13,0.0,116,35.0,27.330962323896173,72.17076564395711,15038.223860078393,15038.223860078393,0.8471518196551509,99.33333333333333,99.33333333333333,0.0,99.33333333333333,0.0,0.0,0.0,0.017754944001838673,1,1,1,0.8261002498911694
gebco_cascadia_margin_moderate,GEBCO Cascadia Margin,correlated_bias,Correlated bias,Fixed-Spacing,Fixed,14,0.0,117,35.000000000000014,27.982602985928075,68.0791813318283,15166.70891059631,15166.70891059631,0.0,100.0,100.0,0.0,100.0,0.7985185185185184,0.7985185185185184,0.0,0.7985185185185184,1,1,1,0.0571702920133248
gebco_cascadia_margin_moderate,GEBCO Cascadia Margin,correlated_bias,Correlated bias,Adaptive Spacing w/o GA,Adaptive,14,0.0,116,35.000000000000014,27.982602985928075,68.0791813318283,15038.223860078393,15038.223860078393,0.8471518196551509,99.33333333333333,99.33333333333333,0.0,99.33333333333333,0.0,0.0,0.0,0.0,1,1,1,0.753533957991749
gebco_cascadia_margin_moderate,GEBCO Cascadia Margin,correlated_bias,Correlated bias,Full Geometry-Aware Hybrid GA,Hybrid,14,0.0,116,35.000000000000014,27.982602985928075,68.0791813318283,15038.032532372597,15038.032532372597,0.8484133174983773,98.66666666666667,98.66666666666667,0.0,99.33333333333333,0.2299499147434906,0.2299499147434906,0.0,0.017754944001838673,1,1,1,0.7720603330526501
gebco_cascadia_margin_moderate,GEBCO Cascadia Margin,correlated_bias,Correlated bias,Fixed-Spacing,Fixed,15,0.0,117,35.0,27.953074623725243,68.9604517950861,15166.70891059631,15166.70891059631,0.0,100.0,100.0,0.0,100.0,0.7985185185185184,0.7985185185185184,0.0,0.7985185185185184,1,1,1,0.05872654193080962
gebco_cascadia_margin_moderate,GEBCO Cascadia Margin,correlated_bias,Correlated bias,Adaptive Spacing w/o GA,Adaptive,15,0.0,116,35.0,27.953074623725243,68.9604517950861,15038.223860078393,15038.223860078393,0.8471518196551509,99.33333333333333,99.33333333333333,0.0,99.33333333333333,0.0,0.0,0.0,0.0,1,1,1,0.7361556249670684
gebco_cascadia_margin_moderate,GEBCO Cascadia Margin,correlated_bias,Correlated bias,Full Geometry-Aware Hybrid GA,Hybrid,15,0.0,116,35.0,27.953074623725243,68.9604517950861,15038.223860078393,15038.223860078393,0.8471518196551509,99.33333333333333,99.33333333333333,0.0,99.33333333333333,0.0,0.0,0.0,0.017754944001838673,1,1,1,0.7909687079954892
gebco_cascadia_margin_moderate,GEBCO Cascadia Margin,correlated_bias,Correlated bias,Fixed-Spacing,Fixed,16,0.0,117,35.0,27.429200216000886,67.45733343116171,15166.70891059631,15166.70891059631,0.0,100.0,100.0,0.0,100.0,0.7985185185185184,0.7985185185185184,0.0,0.7985185185185184,1,1,1,0.058965624892152846
gebco_cascadia_margin_moderate,GEBCO Cascadia Margin,correlated_bias,Correlated bias,Adaptive Spacing w/o GA,Adaptive,16,0.0,116,35.0,27.429200216000886,67.45733343116171,15038.223860078393,15038.223860078393,0.8471518196551509,99.33333333333333,99.33333333333333,0.0,99.33333333333333,0.0,0.0,0.0,0.0,1,1,1,0.7469322080723941
gebco_cascadia_margin_moderate,GEBCO Cascadia Margin,correlated_bias,Correlated bias,Full Geometry-Aware Hybrid GA,Hybrid,16,0.0,116,35.0,27.429200216000886,67.45733343116171,15038.223860078393,15038.223860078393,0.8471518196551509,99.33333333333333,99.33333333333333,0.0,99.33333333333333,0.0,0.0,0.0,0.017754944001838673,1,1,1,0.7965267080580816
gebco_cascadia_margin_moderate,GEBCO Cascadia Margin,correlated_bias,Correlated bias,Fixed-Spacing,Fixed,17,0.0,117,34.99999999999999,27.427315972524056,69.50268668235503,15166.70891059631,15166.70891059631,0.0,100.0,100.0,0.0,100.0,0.7985185185185184,0.7985185185185184,0.0,0.7985185185185184,1,1,1,0.05196999991312623
gebco_cascadia_margin_moderate,GEBCO Cascadia Margin,correlated_bias,Correlated bias,Adaptive Spacing w/o GA,Adaptive,17,0.0,116,34.99999999999999,27.427315972524056,69.50268668235503,15038.223860078393,15038.223860078393,0.8471518196551509,99.33333333333333,99.33333333333333,0.0,99.33333333333333,0.0,0.0,0.0,0.0,1,1,1,0.7518387089949101
gebco_cascadia_margin_moderate,GEBCO Cascadia Margin,correlated_bias,Correlated bias,Full Geometry-Aware Hybrid GA,Hybrid,17,0.0,116,34.99999999999999,27.427315972524056,69.50268668235503,15038.195937012873,15038.195937012873,0.8473359272666587,99.33333333333333,99.33333333333333,0.0,99.33333333333333,0.07733462461178231,0.07733462461178231,0.0,0.017754944001838673,1,1,1,0.8010776670416817
gebco_cascadia_margin_moderate,GEBCO Cascadia Margin,correlated_bias,Correlated bias,Fixed-Spacing,Fixed,18,0.0,117,35.0,27.55983034204934,70.38311636731532,15166.70891059631,15166.70891059631,0.0,100.0,100.0,0.0,100.0,0.7985185185185184,0.7985185185185184,0.0,0.7985185185185184,1,1,1,0.05821629101410508
gebco_cascadia_margin_moderate,GEBCO Cascadia Margin,correlated_bias,Correlated bias,Adaptive Spacing w/o GA,Adaptive,18,0.0,116,35.0,27.55983034204934,70.38311636731532,15038.223860078393,15038.223860078393,0.8471518196551509,99.33333333333333,99.33333333333333,0.0,99.33333333333333,0.0,0.0,0.0,0.0,1,1,1,0.7479680419201031
gebco_cascadia_margin_moderate,GEBCO Cascadia Margin,correlated_bias,Correlated bias,Full Geometry-Aware Hybrid GA,Hybrid,18,0.0,116,35.0,27.55983034204934,70.38311636731532,15038.038175310907,15038.038175310907,0.8483761114153526,98.66666666666667,98.66666666666667,0.0,99.33333333333333,0.28774862639887644,0.28774862639887644,0.0,0.017754944001838673,1,1,1,0.7968725829850882
gebco_cascadia_margin_moderate,GEBCO Cascadia Margin,correlated_bias,Correlated bias,Fixed-Spacing,Fixed,19,0.0,117,35.0,27.916753459978107,68.74199153736845,15166.70891059631,15166.70891059631,0.0,100.0,100.0,0.0,100.0,0.7985185185185184,0.7985185185185184,0.0,0.7985185185185184,1,1,1,0.06055558298248798
gebco_cascadia_margin_moderate,GEBCO Cascadia Margin,correlated_bias,Correlated bias,Adaptive Spacing w/o GA,Adaptive,19,0.0,116,35.0,27.916753459978107,68.74199153736845,15038.223860078393,15038.223860078393,0.8471518196551509,99.33333333333333,99.33333333333333,0.0,99.33333333333333,0.0,0.0,0.0,0.0,1,1,1,0.7834476249990985
gebco_cascadia_margin_moderate,GEBCO Cascadia Margin,correlated_bias,Correlated bias,Full Geometry-Aware Hybrid GA,Hybrid,19,0.0,116,35.0,27.916753459978107,68.74199153736845,15038.1527627635,15038.1527627635,0.847620591854259,98.66666666666667,98.66666666666667,0.0,99.33333333333333,0.07262029135950054,0.07262029135950054,0.0,0.017754944001838673,1,1,1,0.7433125829556957
gebco_cascadia_margin_moderate,GEBCO Cascadia Margin,slope_amplified,Slope amplified,Fixed-Spacing,Fixed,0,0.0,117,29.00617410355579,21.491049261402225,56.97851585496962,15166.70891059631,15166.70891059631,0.0,100.0,100.0,0.0,100.0,0.7985185185185184,0.7985185185185184,0.0,0.7985185185185184,1,1,1,0.0550422080559656
gebco_cascadia_margin_moderate,GEBCO Cascadia Margin,slope_amplified,Slope amplified,Adaptive Spacing w/o GA,Adaptive,0,0.0,116,29.00617410355579,21.491049261402225,56.97851585496962,15038.223860078393,15038.223860078393,0.8471518196551509,99.33333333333333,99.33333333333333,0.0,99.33333333333333,0.0,0.0,0.0,0.0,1,1,1,0.7653250000439584
gebco_cascadia_margin_moderate,GEBCO Cascadia Margin,slope_amplified,Slope amplified,Full Geometry-Aware Hybrid GA,Hybrid,0,0.0,116,29.00617410355579,21.491049261402225,56.97851585496962,15038.151353299834,15038.151353299834,0.847629884995405,99.33333333333333,99.33333333333333,0.0,99.33333333333333,0.017754944001838673,0.017754944001838673,0.0,0.017754944001838673,1,1,1,0.7784315829630941
gebco_cascadia_margin_moderate,GEBCO Cascadia Margin,slope_amplified,Slope amplified,Fixed-Spacing,Fixed,1,0.0,117,27.55856359970163,20.698365819713526,54.57630680383863,15166.70891059631,15166.70891059631,0.0,100.0,100.0,0.0,100.0,0.7985185185185184,0.7985185185185184,0.0,0.7985185185185184,1,1,1,0.0579642920056358
gebco_cascadia_margin_moderate,GEBCO Cascadia Margin,slope_amplified,Slope amplified,Adaptive Spacing w/o GA,Adaptive,1,0.0,116,27.55856359970163,20.698365819713526,54.57630680383863,15038.223860078393,15038.223860078393,0.8471518196551509,99.33333333333333,99.33333333333333,0.0,99.33333333333333,0.0,0.0,0.0,0.0,1,1,1,0.7639525829581544
gebco_cascadia_margin_moderate,GEBCO Cascadia Margin,slope_amplified,Slope amplified,Full Geometry-Aware Hybrid GA,Hybrid,1,0.0,116,27.55856359970163,20.698365819713526,54.57630680383863,15038.132129077272,15038.132129077272,0.8477566377581529,98.66666666666667,98.66666666666667,0.0,99.33333333333333,0.09615307101296579,0.09615307101296579,0.0,0.017754944001838673,1,1,1,0.8080033749574795
gebco_cascadia_margin_moderate,GEBCO Cascadia Margin,slope_amplified,Slope amplified,Fixed-Spacing,Fixed,2,0.0,117,26.92438240062093,19.59738970208555,53.040518101397744,15166.70891059631,15166.70891059631,0.0,100.0,100.0,0.0,100.0,0.7985185185185184,0.7985185185185184,0.0,0.7985185185185184,1,1,1,0.059871832956559956
gebco_cascadia_margin_moderate,GEBCO Cascadia Margin,slope_amplified,Slope amplified,Adaptive Spacing w/o GA,Adaptive,2,0.0,116,26.92438240062093,19.59738970208555,53.040518101397744,15038.223860078393,15038.223860078393,0.8471518196551509,99.33333333333333,99.33333333333333,0.0,99.33333333333333,0.0,0.0,0.0,0.0,1,1,1,0.7684889580123127
gebco_cascadia_margin_moderate,GEBCO Cascadia Margin,slope_amplified,Slope amplified,Full Geometry-Aware Hybrid GA,Hybrid,2,0.0,116,26.92438240062093,19.59738970208555,53.040518101397744,15038.186461415387,15038.186461415387,0.8473984035595832,98.66666666666667,98.66666666666667,0.0,99.33333333333333,0.12063838321477975,0.12063838321477975,0.0,0.017754944001838673,1,1,1,0.7882542919833213
gebco_cascadia_margin_moderate,GEBCO Cascadia Margin,slope_amplified,Slope amplified,Fixed-Spacing,Fixed,3,0.0,117,29.080548414702026,22.251891005313546,57.101608743262034,15166.70891059631,15166.70891059631,0.0,100.0,100.0,0.0,100.0,0.7985185185185184,0.7985185185185184,0.0,0.7985185185185184,1,1,1,0.05608708399813622
gebco_cascadia_margin_moderate,GEBCO Cascadia Margin,slope_amplified,Slope amplified,Adaptive Spacing w/o GA,Adaptive,3,0.0,116,29.080548414702026,22.251891005313546,57.101608743262034,15038.223860078393,15038.223860078393,0.8471518196551509,99.33333333333333,99.33333333333333,0.0,99.33333333333333,0.0,0.0,0.0,0.0,1,1,1,0.8453235420165583
gebco_cascadia_margin_moderate,GEBCO Cascadia Margin,slope_amplified,Slope amplified,Full Geometry-Aware Hybrid GA,Hybrid,3,0.0,116,29.080548414702026,22.251891005313546,57.101608743262034,15038.167326861087,15038.167326861087,0.8475245651046723,98.66666666666667,98.66666666666667,0.0,99.33333333333333,0.0358239719493603,0.0358239719493603,0.0,0.017754944001838673,1,1,1,0.8352240839740261
gebco_cascadia_margin_moderate,GEBCO Cascadia Margin,slope_amplified,Slope amplified,Fixed-Spacing,Fixed,4,0.0,117,27.676820761358716,21.121038174904424,55.124431839369294,15166.70891059631,15166.70891059631,0.0,100.0,100.0,0.0,100.0,0.7985185185185184,0.7985185185185184,0.0,0.7985185185185184,1,1,1,0.06080954195931554
gebco_cascadia_margin_moderate,GEBCO Cascadia Margin,slope_amplified,Slope amplified,Adaptive Spacing w/o GA,Adaptive,4,0.0,116,27.676820761358716,21.121038174904424,55.124431839369294,15038.223860078393,15038.223860078393,0.8471518196551509,99.33333333333333,99.33333333333333,0.0,99.33333333333333,0.0,0.0,0.0,0.0,1,1,1,0.7431994579965249
gebco_cascadia_margin_moderate,GEBCO Cascadia Margin,slope_amplified,Slope amplified,Full Geometry-Aware Hybrid GA,Hybrid,4,0.0,116,27.676820761358716,21.121038174904424,55.124431839369294,15038.223860078393,15038.223860078393,0.8471518196551509,99.33333333333333,99.33333333333333,0.0,99.33333333333333,0.0,0.0,0.0,0.017754944001838673,1,1,1,0.7831853330135345
gebco_cascadia_margin_moderate,GEBCO Cascadia Margin,slope_amplified,Slope amplified,Fixed-Spacing,Fixed,5,0.0,117,29.70944099592385,22.091760133216205,58.07188432525693,15166.70891059631,15166.70891059631,0.0,100.0,100.0,0.0,100.0,0.7985185185185184,0.7985185185185184,0.0,0.7985185185185184,1,1,1,0.0614268749486655
gebco_cascadia_margin_moderate,GEBCO Cascadia Margin,slope_amplified,Slope amplified,Adaptive Spacing w/o GA,Adaptive,5,0.0,116,29.70944099592385,22.091760133216205,58.07188432525693,15038.223860078393,15038.223860078393,0.8471518196551509,99.33333333333333,99.33333333333333,0.0,99.33333333333333,0.0,0.0,0.0,0.0,1,1,1,0.7572086660657078
gebco_cascadia_margin_moderate,GEBCO Cascadia Margin,slope_amplified,Slope amplified,Full Geometry-Aware Hybrid GA,Hybrid,5,0.0,116,29.70944099592385,22.091760133216205,58.07188432525693,15037.95287480725,15037.95287480725,0.848938530752071,98.66666666666667,98.66666666666667,0.0,99.33333333333333,0.032189008120580155,0.032189008120580155,0.0,0.017754944001838673,1,1,1,0.7633204159792513
gebco_cascadia_margin_moderate,GEBCO Cascadia Margin,slope_amplified,Slope amplified,Fixed-Spacing,Fixed,6,0.0,117,28.106882001853084,20.95282522215611,54.514278264495594,15166.70891059631,15166.70891059631,0.0,100.0,100.0,0.0,100.0,0.7985185185185184,0.7985185185185184,0.0,0.7985185185185184,1,1,1,0.05761320795863867
gebco_cascadia_margin_moderate,GEBCO Cascadia Margin,slope_amplified,Slope amplified,Adaptive Spacing w/o GA,Adaptive,6,0.0,116,28.106882001853084,20.95282522215611,54.514278264495594,15038.223860078393,15038.223860078393,0.8471518196551509,99.33333333333333,99.33333333333333,0.0,99.33333333333333,0.0,0.0,0.0,0.0,1,1,1,0.782871791976504
gebco_cascadia_margin_moderate,GEBCO Cascadia Margin,slope_amplified,Slope amplified,Full Geometry-Aware Hybrid GA,Hybrid,6,0.0,116,28.106882001853084,20.95282522215611,54.514278264495594,15038.185303017577,15038.185303017577,0.8474060413260699,98.66666666666667,98.66666666666667,0.0,99.33333333333333,0.11202583806354252,0.11202583806354252,0.0,0.017754944001838673,1,1,1,0.7861191669944674
gebco_cascadia_margin_moderate,GEBCO Cascadia Margin,slope_amplified,Slope amplified,Fixed-Spacing,Fixed,7,0.0,117,28.439188005865102,22.323228882123686,53.632027849885205,15166.70891059631,15166.70891059631,0.0,100.0,100.0,0.0,100.0,0.7985185185185184,0.7985185185185184,0.0,0.7985185185185184,1,1,1,0.05748616706114262
gebco_cascadia_margin_moderate,GEBCO Cascadia Margin,slope_amplified,Slope amplified,Adaptive Spacing w/o GA,Adaptive,7,0.0,116,28.439188005865102,22.323228882123686,53.632027849885205,15038.223860078393,15038.223860078393,0.8471518196551509,99.33333333333333,99.33333333333333,0.0,99.33333333333333,0.0,0.0,0.0,0.0,1,1,1,0.7517736660083756
gebco_cascadia_margin_moderate,GEBCO Cascadia Margin,slope_amplified,Slope amplified,Full Geometry-Aware Hybrid GA,Hybrid,7,0.0,116,28.439188005865102,22.323228882123686,53.632027849885205,15038.118332088465,15038.118332088465,0.8478476066617477,98.66666666666667,98.66666666666667,0.0,99.33333333333333,0.4793535101948629,0.4793535101948629,0.0,0.017754944001838673,1,1,1,0.7490974169922993
gebco_cascadia_margin_moderate,GEBCO Cascadia Margin,slope_amplified,Slope amplified,Fixed-Spacing,Fixed,8,0.0,117,30.366321082320237,22.512271595484545,57.13761270889314,15166.70891059631,15166.70891059631,0.0,100.0,100.0,0.0,100.0,0.7985185185185184,0.7985185185185184,0.0,0.7985185185185184,1,1,1,0.059684540960006416
gebco_cascadia_margin_moderate,GEBCO Cascadia Margin,slope_amplified,Slope amplified,Adaptive Spacing w/o GA,Adaptive,8,0.0,116,30.366321082320237,22.512271595484545,57.13761270889314,15038.223860078393,15038.223860078393,0.8471518196551509,99.33333333333333,99.33333333333333,0.0,99.33333333333333,0.0,0.0,0.0,0.0,1,1,1,0.7526840000646189
gebco_cascadia_margin_moderate,GEBCO Cascadia Margin,slope_amplified,Slope amplified,Full Geometry-Aware Hybrid GA,Hybrid,8,0.0,116,30.366321082320237,22.512271595484545,57.13761270889314,15038.223860078393,15038.223860078393,0.8471518196551509,99.33333333333333,99.33333333333333,0.0,99.33333333333333,0.0,0.0,0.0,0.017754944001838673,1,1,1,0.798241583048366
gebco_cascadia_margin_moderate,GEBCO Cascadia Margin,slope_amplified,Slope amplified,Fixed-Spacing,Fixed,9,0.0,117,29.391359653552364,21.710073578026243,57.96654092158773,15166.70891059631,15166.70891059631,0.0,100.0,100.0,0.0,100.0,0.7985185185185184,0.7985185185185184,0.0,0.7985185185185184,1,1,1,0.0555541249923408
gebco_cascadia_margin_moderate,GEBCO Cascadia Margin,slope_amplified,Slope amplified,Adaptive Spacing w/o GA,Adaptive,9,0.0,116,29.391359653552364,21.710073578026243,57.96654092158773,15038.223860078393,15038.223860078393,0.8471518196551509,99.33333333333333,99.33333333333333,0.0,99.33333333333333,0.0,0.0,0.0,0.0,1,1,1,0.7565866659861058
gebco_cascadia_margin_moderate,GEBCO Cascadia Margin,slope_amplified,Slope amplified,Full Geometry-Aware Hybrid GA,Hybrid,9,0.0,116,29.391359653552364,21.710073578026243,57.96654092158773,15038.223860078393,15038.223860078393,0.8471518196551509,99.33333333333333,99.33333333333333,0.0,99.33333333333333,0.0,0.0,0.0,0.017754944001838673,1,1,1,0.7545303750084713
gebco_cascadia_margin_moderate,GEBCO Cascadia Margin,slope_amplified,Slope amplified,Fixed-Spacing,Fixed,10,0.0,117,27.118669076549356,20.313922918082888,54.28147480473263,15166.70891059631,15166.70891059631,0.0,100.0,100.0,0.0,100.0,0.7985185185185184,0.7985185185185184,0.0,0.7985185185185184,1,1,1,0.06076495803426951
gebco_cascadia_margin_moderate,GEBCO Cascadia Margin,slope_amplified,Slope amplified,Adaptive Spacing w/o GA,Adaptive,10,0.0,116,27.118669076549356,20.313922918082888,54.28147480473263,15038.223860078393,15038.223860078393,0.8471518196551509,99.33333333333333,99.33333333333333,0.0,99.33333333333333,0.0,0.0,0.0,0.0,1,1,1,0.7854241250315681
gebco_cascadia_margin_moderate,GEBCO Cascadia Margin,slope_amplified,Slope amplified,Full Geometry-Aware Hybrid GA,Hybrid,10,0.0,116,27.118669076549356,20.313922918082888,54.28147480473263,15038.156566999354,15038.156566999354,0.8475955090503615,98.66666666666667,98.66666666666667,0.0,99.33333333333333,0.1241459171535219,0.1241459171535219,0.0,0.017754944001838673,1,1,1,0.7981209999416023
gebco_cascadia_margin_moderate,GEBCO Cascadia Margin,slope_amplified,Slope amplified,Fixed-Spacing,Fixed,11,0.0,117,28.5366915191258,21.802768677025924,56.168188360092536,15166.70891059631,15166.70891059631,0.0,100.0,100.0,0.0,100.0,0.7985185185185184,0.7985185185185184,0.0,0.7985185185185184,1,1,1,0.05649266694672406
gebco_cascadia_margin_moderate,GEBCO Cascadia Margin,slope_amplified,Slope amplified,Adaptive Spacing w/o GA,Adaptive,11,0.0,116,28.5366915191258,21.802768677025924,56.168188360092536,15038.223860078393,15038.223860078393,0.8471518196551509,99.33333333333333,99.33333333333333,0.0,99.33333333333333,0.0,0.0,0.0,0.0,1,1,1,0.8012328330660239
gebco_cascadia_margin_moderate,GEBCO Cascadia Margin,slope_amplified,Slope amplified,Full Geometry-Aware Hybrid GA,Hybrid,11,0.0,116,28.5366915191258,21.802768677025924,56.168188360092536,15038.138430800387,15038.138430800387,0.8477150880511455,98.66666666666667,98.66666666666667,0.0,99.33333333333333,0.27074978347474526,0.27074978347474526,0.0,0.017754944001838673,1,1,1,0.8048081250162795
gebco_cascadia_margin_moderate,GEBCO Cascadia Margin,slope_amplified,Slope amplified,Fixed-Spacing,Fixed,12,0.0,117,26.153819865151938,20.387770620489544,52.06507086948912,15166.70891059631,15166.70891059631,0.0,100.0,100.0,0.0,100.0,0.7985185185185184,0.7985185185185184,0.0,0.7985185185185184,1,1,1,0.06080374994780868
gebco_cascadia_margin_moderate,GEBCO Cascadia Margin,slope_amplified,Slope amplified,Adaptive Spacing w/o GA,Adaptive,12,0.0,116,26.153819865151938,20.387770620489544,52.06507086948912,15038.223860078393,15038.223860078393,0.8471518196551509,99.33333333333333,99.33333333333333,0.0,99.33333333333333,0.0,0.0,0.0,0.0,1,1,1,0.7509284160332754
gebco_cascadia_margin_moderate,GEBCO Cascadia Margin,slope_amplified,Slope amplified,Full Geometry-Aware Hybrid GA,Hybrid,12,0.0,116,26.153819865151938,20.387770620489544,52.06507086948912,15038.186954711968,15038.186954711968,0.8473951510637173,99.33333333333333,99.33333333333333,0.0,99.33333333333333,0.15391068844486552,0.15391068844486552,0.0,0.017754944001838673,1,1,1,0.779282332980074
gebco_cascadia_margin_moderate,GEBCO Cascadia Margin,slope_amplified,Slope amplified,Fixed-Spacing,Fixed,13,0.0,117,28.429923761628018,21.457955722607057,57.69135800715442,15166.70891059631,15166.70891059631,0.0,100.0,100.0,0.0,100.0,0.7985185185185184,0.7985185185185184,0.0,0.7985185185185184,1,1,1,0.05785070895217359
gebco_cascadia_margin_moderate,GEBCO Cascadia Margin,slope_amplified,Slope amplified,Adaptive Spacing w/o GA,Adaptive,13,0.0,116,28.429923761628018,21.457955722607057,57.69135800715442,15038.223860078393,15038.223860078393,0.8471518196551509,99.33333333333333,99.33333333333333,0.0,99.33333333333333,0.0,0.0,0.0,0.0,1,1,1,0.7593730000080541
gebco_cascadia_margin_moderate,GEBCO Cascadia Margin,slope_amplified,Slope amplified,Full Geometry-Aware Hybrid GA,Hybrid,13,0.0,116,28.429923761628018,21.457955722607057,57.69135800715442,15038.223860078393,15038.223860078393,0.8471518196551509,99.33333333333333,99.33333333333333,0.0,99.33333333333333,0.0,0.0,0.0,0.017754944001838673,1,1,1,0.7814802910434082
gebco_cascadia_margin_moderate,GEBCO Cascadia Margin,slope_amplified,Slope amplified,Fixed-Spacing,Fixed,14,0.0,117,27.919975312318794,21.207997933033827,54.970196048852706,15166.70891059631,15166.70891059631,0.0,100.0,100.0,0.0,100.0,0.7985185185185184,0.7985185185185184,0.0,0.7985185185185184,1,1,1,0.05884487507864833
gebco_cascadia_margin_moderate,GEBCO Cascadia Margin,slope_amplified,Slope amplified,Adaptive Spacing w/o GA,Adaptive,14,0.0,116,27.919975312318794,21.207997933033827,54.970196048852706,15038.223860078393,15038.223860078393,0.8471518196551509,99.33333333333333,99.33333333333333,0.0,99.33333333333333,0.0,0.0,0.0,0.0,1,1,1,0.7470851659309119
gebco_cascadia_margin_moderate,GEBCO Cascadia Margin,slope_amplified,Slope amplified,Full Geometry-Aware Hybrid GA,Hybrid,14,0.0,116,27.919975312318794,21.207997933033827,54.970196048852706,15038.032532372597,15038.032532372597,0.8484133174983773,98.66666666666667,98.66666666666667,0.0,99.33333333333333,0.2299499147434906,0.2299499147434906,0.0,0.017754944001838673,1,1,1,0.7434568329481408
gebco_cascadia_margin_moderate,GEBCO Cascadia Margin,slope_amplified,Slope amplified,Fixed-Spacing,Fixed,15,0.0,117,24.756463275020142,19.248576240987152,47.85653776562423,15166.70891059631,15166.70891059631,0.0,100.0,100.0,0.0,100.0,0.7985185185185184,0.7985185185185184,0.0,0.7985185185185184,1,1,1,0.055723334080539644
gebco_cascadia_margin_moderate,GEBCO Cascadia Margin,slope_amplified,Slope amplified,Adaptive Spacing w/o GA,Adaptive,15,0.0,116,24.756463275020142,19.248576240987152,47.85653776562423,15038.223860078393,15038.223860078393,0.8471518196551509,99.33333333333333,99.33333333333333,0.0,99.33333333333333,0.0,0.0,0.0,0.0,1,1,1,0.740404290962033
gebco_cascadia_margin_moderate,GEBCO Cascadia Margin,slope_amplified,Slope amplified,Full Geometry-Aware Hybrid GA,Hybrid,15,0.0,116,24.756463275020142,19.248576240987152,47.85653776562423,15038.223860078393,15038.223860078393,0.8471518196551509,99.33333333333333,99.33333333333333,0.0,99.33333333333333,0.0,0.0,0.0,0.017754944001838673,1,1,1,0.7985662919236347
gebco_cascadia_margin_moderate,GEBCO Cascadia Margin,slope_amplified,Slope amplified,Fixed-Spacing,Fixed,16,0.0,117,28.798503254834674,21.61970989052926,56.95124035861888,15166.70891059631,15166.70891059631,0.0,100.0,100.0,0.0,100.0,0.7985185185185184,0.7985185185185184,0.0,0.7985185185185184,1,1,1,0.057053708005696535
gebco_cascadia_margin_moderate,GEBCO Cascadia Margin,slope_amplified,Slope amplified,Adaptive Spacing w/o GA,Adaptive,16,0.0,116,28.798503254834674,21.61970989052926,56.95124035861888,15038.223860078393,15038.223860078393,0.8471518196551509,99.33333333333333,99.33333333333333,0.0,99.33333333333333,0.0,0.0,0.0,0.0,1,1,1,0.7520832919981331
gebco_cascadia_margin_moderate,GEBCO Cascadia Margin,slope_amplified,Slope amplified,Full Geometry-Aware Hybrid GA,Hybrid,16,0.0,116,28.798503254834674,21.61970989052926,56.95124035861888,15038.223860078393,15038.223860078393,0.8471518196551509,99.33333333333333,99.33333333333333,0.0,99.33333333333333,0.0,0.0,0.0,0.017754944001838673,1,1,1,0.7960397499846295
gebco_cascadia_margin_moderate,GEBCO Cascadia Margin,slope_amplified,Slope amplified,Fixed-Spacing,Fixed,17,0.0,117,27.75066068082468,21.360495373555114,56.25412189359765,15166.70891059631,15166.70891059631,0.0,100.0,100.0,0.0,100.0,0.7985185185185184,0.7985185185185184,0.0,0.7985185185185184,1,1,1,0.061650666990317404
gebco_cascadia_margin_moderate,GEBCO Cascadia Margin,slope_amplified,Slope amplified,Adaptive Spacing w/o GA,Adaptive,17,0.0,116,27.75066068082468,21.360495373555114,56.25412189359765,15038.223860078393,15038.223860078393,0.8471518196551509,99.33333333333333,99.33333333333333,0.0,99.33333333333333,0.0,0.0,0.0,0.0,1,1,1,0.7591112920781597
gebco_cascadia_margin_moderate,GEBCO Cascadia Margin,slope_amplified,Slope amplified,Full Geometry-Aware Hybrid GA,Hybrid,17,0.0,116,27.75066068082468,21.360495373555114,56.25412189359765,15038.195937012873,15038.195937012873,0.8473359272666587,99.33333333333333,99.33333333333333,0.0,99.33333333333333,0.07733462461178231,0.07733462461178231,0.0,0.017754944001838673,1,1,1,0.7633766670478508
gebco_cascadia_margin_moderate,GEBCO Cascadia Margin,slope_amplified,Slope amplified,Fixed-Spacing,Fixed,18,0.0,117,30.321947328764317,22.149659720396137,56.94125571335543,15166.70891059631,15166.70891059631,0.0,100.0,100.0,0.0,100.0,0.7985185185185184,0.7985185185185184,0.0,0.7985185185185184,1,1,1,0.05518741603009403
gebco_cascadia_margin_moderate,GEBCO Cascadia Margin,slope_amplified,Slope amplified,Adaptive Spacing w/o GA,Adaptive,18,0.0,116,30.321947328764317,22.149659720396137,56.94125571335543,15038.223860078393,15038.223860078393,0.8471518196551509,99.33333333333333,99.33333333333333,0.0,99.33333333333333,0.0,0.0,0.0,0.0,1,1,1,0.778090542065911
gebco_cascadia_margin_moderate,GEBCO Cascadia Margin,slope_amplified,Slope amplified,Full Geometry-Aware Hybrid GA,Hybrid,18,0.0,116,30.321947328764317,22.149659720396137,56.94125571335543,15038.038175310907,15038.038175310907,0.8483761114153526,98.66666666666667,98.66666666666667,0.0,99.33333333333333,0.28774862639887644,0.28774862639887644,0.0,0.017754944001838673,1,1,1,0.7767657500226051
gebco_cascadia_margin_moderate,GEBCO Cascadia Margin,slope_amplified,Slope amplified,Fixed-Spacing,Fixed,19,0.0,117,27.92135850123747,21.45392998890973,54.52016530195683,15166.70891059631,15166.70891059631,0.0,100.0,100.0,0.0,100.0,0.7985185185185184,0.7985185185185184,0.0,0.7985185185185184,1,1,1,0.060415833024308085
gebco_cascadia_margin_moderate,GEBCO Cascadia Margin,slope_amplified,Slope amplified,Adaptive Spacing w/o GA,Adaptive,19,0.0,116,27.92135850123747,21.45392998890973,54.52016530195683,15038.223860078393,15038.223860078393,0.8471518196551509,99.33333333333333,99.33333333333333,0.0,99.33333333333333,0.0,0.0,0.0,0.0,1,1,1,0.7549557499587536
gebco_cascadia_margin_moderate,GEBCO Cascadia Margin,slope_amplified,Slope amplified,Full Geometry-Aware Hybrid GA,Hybrid,19,0.0,116,27.92135850123747,21.45392998890973,54.52016530195683,15038.1527627635,15038.1527627635,0.847620591854259,98.66666666666667,98.66666666666667,0.0,99.33333333333333,0.07262029135950054,0.07262029135950054,0.0,0.017754944001838673,1,1,1,0.7596364999189973
gebco_cascadia_margin_moderate,GEBCO Cascadia Margin,canyon_wall_bias,Local wall bias,Fixed-Spacing,Fixed,0,0.0,117,24.939870430280553,18.209635913948397,51.672214869352004,15166.70891059631,15166.70891059631,0.0,100.0,100.0,0.0,100.0,0.7985185185185184,0.7985185185185184,0.0,0.7985185185185184,1,1,1,0.05797795800026506
gebco_cascadia_margin_moderate,GEBCO Cascadia Margin,canyon_wall_bias,Local wall bias,Adaptive Spacing w/o GA,Adaptive,0,0.0,116,24.939870430280553,18.209635913948397,51.672214869352004,15038.223860078393,15038.223860078393,0.8471518196551509,99.33333333333333,99.33333333333333,0.0,99.33333333333333,0.0,0.0,0.0,0.0,1,1,1,0.7504974579205737
gebco_cascadia_margin_moderate,GEBCO Cascadia Margin,canyon_wall_bias,Local wall bias,Full Geometry-Aware Hybrid GA,Hybrid,0,0.0,116,24.939870430280553,18.209635913948397,51.672214869352004,15038.151353299834,15038.151353299834,0.847629884995405,99.33333333333333,99.33333333333333,0.0,99.33333333333333,0.017754944001838673,0.017754944001838673,0.0,0.017754944001838673,1,1,1,0.7491910840617493
gebco_cascadia_margin_moderate,GEBCO Cascadia Margin,canyon_wall_bias,Local wall bias,Fixed-Spacing,Fixed,1,0.0,117,23.548590467913858,17.438860036210443,48.377579680397304,15166.70891059631,15166.70891059631,0.0,100.0,100.0,0.0,100.0,0.7985185185185184,0.7985185185185184,0.0,0.7985185185185184,1,1,1,0.06139266607351601
gebco_cascadia_margin_moderate,GEBCO Cascadia Margin,canyon_wall_bias,Local wall bias,Adaptive Spacing w/o GA,Adaptive,1,0.0,116,23.548590467913858,17.438860036210443,48.377579680397304,15038.223860078393,15038.223860078393,0.8471518196551509,99.33333333333333,99.33333333333333,0.0,99.33333333333333,0.0,0.0,0.0,0.0,1,1,1,0.7597534999949858
gebco_cascadia_margin_moderate,GEBCO Cascadia Margin,canyon_wall_bias,Local wall bias,Full Geometry-Aware Hybrid GA,Hybrid,1,0.0,116,23.548590467913858,17.438860036210443,48.377579680397304,15038.132129077272,15038.132129077272,0.8477566377581529,98.66666666666667,98.66666666666667,0.0,99.33333333333333,0.09615307101296579,0.09615307101296579,0.0,0.017754944001838673,1,1,1,0.7777895000763237
gebco_cascadia_margin_moderate,GEBCO Cascadia Margin,canyon_wall_bias,Local wall bias,Fixed-Spacing,Fixed,2,0.0,117,24.0263894978999,17.268179989326246,45.406746041168276,15166.70891059631,15166.70891059631,0.0,100.0,100.0,0.0,100.0,0.7985185185185184,0.7985185185185184,0.0,0.7985185185185184,1,1,1,0.05143691704142839
gebco_cascadia_margin_moderate,GEBCO Cascadia Margin,canyon_wall_bias,Local wall bias,Adaptive Spacing w/o GA,Adaptive,2,0.0,116,24.0263894978999,17.268179989326246,45.406746041168276,15038.223860078393,15038.223860078393,0.8471518196551509,99.33333333333333,99.33333333333333,0.0,99.33333333333333,0.0,0.0,0.0,0.0,1,1,1,0.7401454580249265
gebco_cascadia_margin_moderate,GEBCO Cascadia Margin,canyon_wall_bias,Local wall bias,Full Geometry-Aware Hybrid GA,Hybrid,2,0.0,116,24.0263894978999,17.268179989326246,45.406746041168276,15038.186461415387,15038.186461415387,0.8473984035595832,98.66666666666667,98.66666666666667,0.0,99.33333333333333,0.12063838321477975,0.12063838321477975,0.0,0.017754944001838673,1,1,1,0.7992098750546575
gebco_cascadia_margin_moderate,GEBCO Cascadia Margin,canyon_wall_bias,Local wall bias,Fixed-Spacing,Fixed,3,0.0,117,22.943027104039025,16.901980129157035,43.45409020780534,15166.70891059631,15166.70891059631,0.0,100.0,100.0,0.0,100.0,0.7985185185185184,0.7985185185185184,0.0,0.7985185185185184,1,1,1,0.056281124940142035
gebco_cascadia_margin_moderate,GEBCO Cascadia Margin,canyon_wall_bias,Local wall bias,Adaptive Spacing w/o GA,Adaptive,3,0.0,116,22.943027104039025,16.901980129157035,43.45409020780534,15038.223860078393,15038.223860078393,0.8471518196551509,99.33333333333333,99.33333333333333,0.0,99.33333333333333,0.0,0.0,0.0,0.0,1,1,1,0.745880291913636
gebco_cascadia_margin_moderate,GEBCO Cascadia Margin,canyon_wall_bias,Local wall bias,Full Geometry-Aware Hybrid GA,Hybrid,3,0.0,116,22.943027104039025,16.901980129157035,43.45409020780534,15038.167326861087,15038.167326861087,0.8475245651046723,98.66666666666667,98.66666666666667,0.0,99.33333333333333,0.0358239719493603,0.0358239719493603,0.0,0.017754944001838673,1,1,1,0.7647001659497619
gebco_cascadia_margin_moderate,GEBCO Cascadia Margin,canyon_wall_bias,Local wall bias,Fixed-Spacing,Fixed,4,0.0,117,23.20848487194992,17.48127337305392,45.57313620511258,15166.70891059631,15166.70891059631,0.0,100.0,100.0,0.0,100.0,0.7985185185185184,0.7985185185185184,0.0,0.7985185185185184,1,1,1,0.058167749899439514
gebco_cascadia_margin_moderate,GEBCO Cascadia Margin,canyon_wall_bias,Local wall bias,Adaptive Spacing w/o GA,Adaptive,4,0.0,116,23.20848487194992,17.48127337305392,45.57313620511258,15038.223860078393,15038.223860078393,0.8471518196551509,99.33333333333333,99.33333333333333,0.0,99.33333333333333,0.0,0.0,0.0,0.0,1,1,1,0.7513494580052793
gebco_cascadia_margin_moderate,GEBCO Cascadia Margin,canyon_wall_bias,Local wall bias,Full Geometry-Aware Hybrid GA,Hybrid,4,0.0,116,23.20848487194992,17.48127337305392,45.57313620511258,15038.223860078393,15038.223860078393,0.8471518196551509,99.33333333333333,99.33333333333333,0.0,99.33333333333333,0.0,0.0,0.0,0.017754944001838673,1,1,1,0.7733765000011772
gebco_cascadia_margin_moderate,GEBCO Cascadia Margin,canyon_wall_bias,Local wall bias,Fixed-Spacing,Fixed,5,0.0,117,23.20672968947494,17.319183333344483,46.44583875549196,15166.70891059631,15166.70891059631,0.0,100.0,100.0,0.0,100.0,0.7985185185185184,0.7985185185185184,0.0,0.7985185185185184,1,1,1,0.05355558299925178
gebco_cascadia_margin_moderate,GEBCO Cascadia Margin,canyon_wall_bias,Local wall bias,Adaptive Spacing w/o GA,Adaptive,5,0.0,116,23.20672968947494,17.319183333344483,46.44583875549196,15038.223860078393,15038.223860078393,0.8471518196551509,99.33333333333333,99.33333333333333,0.0,99.33333333333333,0.0,0.0,0.0,0.0,1,1,1,0.7871375830145553
gebco_cascadia_margin_moderate,GEBCO Cascadia Margin,canyon_wall_bias,Local wall bias,Full Geometry-Aware Hybrid GA,Hybrid,5,0.0,116,23.20672968947494,17.319183333344483,46.44583875549196,15037.95287480725,15037.95287480725,0.848938530752071,98.66666666666667,98.66666666666667,0.0,99.33333333333333,0.032189008120580155,0.032189008120580155,0.0,0.017754944001838673,1,1,1,0.8010716669959947
gebco_cascadia_margin_moderate,GEBCO Cascadia Margin,canyon_wall_bias,Local wall bias,Fixed-Spacing,Fixed,6,0.0,117,25.348282674106105,17.83988459111487,46.88650218199077,15166.70891059631,15166.70891059631,0.0,100.0,100.0,0.0,100.0,0.7985185185185184,0.7985185185185184,0.0,0.7985185185185184,1,1,1,0.06038975005503744
gebco_cascadia_margin_moderate,GEBCO Cascadia Margin,canyon_wall_bias,Local wall bias,Adaptive Spacing w/o GA,Adaptive,6,0.0,116,25.348282674106105,17.83988459111487,46.88650218199077,15038.223860078393,15038.223860078393,0.8471518196551509,99.33333333333333,99.33333333333333,0.0,99.33333333333333,0.0,0.0,0.0,0.0,1,1,1,0.7496632090769708
gebco_cascadia_margin_moderate,GEBCO Cascadia Margin,canyon_wall_bias,Local wall bias,Full Geometry-Aware Hybrid GA,Hybrid,6,0.0,116,25.348282674106105,17.83988459111487,46.88650218199077,15038.185303017577,15038.185303017577,0.8474060413260699,98.66666666666667,98.66666666666667,0.0,99.33333333333333,0.11202583806354252,0.11202583806354252,0.0,0.017754944001838673,1,1,1,0.7765325410291553
gebco_cascadia_margin_moderate,GEBCO Cascadia Margin,canyon_wall_bias,Local wall bias,Fixed-Spacing,Fixed,7,0.0,117,24.045540179664375,17.755783515747105,48.045777867370134,15166.70891059631,15166.70891059631,0.0,100.0,100.0,0.0,100.0,0.7985185185185184,0.7985185185185184,0.0,0.7985185185185184,1,1,1,0.06486020900774747
gebco_cascadia_margin_moderate,GEBCO Cascadia Margin,canyon_wall_bias,Local wall bias,Adaptive Spacing w/o GA,Adaptive,7,0.0,116,24.045540179664375,17.755783515747105,48.045777867370134,15038.223860078393,15038.223860078393,0.8471518196551509,99.33333333333333,99.33333333333333,0.0,99.33333333333333,0.0,0.0,0.0,0.0,1,1,1,0.7831288749584928
gebco_cascadia_margin_moderate,GEBCO Cascadia Margin,canyon_wall_bias,Local wall bias,Full Geometry-Aware Hybrid GA,Hybrid,7,0.0,116,24.045540179664375,17.755783515747105,48.045777867370134,15038.118332088465,15038.118332088465,0.8478476066617477,98.66666666666667,98.66666666666667,0.0,99.33333333333333,0.4793535101948629,0.4793535101948629,0.0,0.017754944001838673,1,1,1,0.8773014170583338
gebco_cascadia_margin_moderate,GEBCO Cascadia Margin,canyon_wall_bias,Local wall bias,Fixed-Spacing,Fixed,8,0.0,117,27.59421275599597,19.020812620730148,63.050368822388094,15166.70891059631,15166.70891059631,0.0,100.0,100.0,0.0,100.0,0.7985185185185184,0.7985185185185184,0.0,0.7985185185185184,1,1,1,0.06073570798616856
gebco_cascadia_margin_moderate,GEBCO Cascadia Margin,canyon_wall_bias,Local wall bias,Adaptive Spacing w/o GA,Adaptive,8,0.0,116,27.59421275599597,19.020812620730148,63.050368822388094,15038.223860078393,15038.223860078393,0.8471518196551509,99.33333333333333,99.33333333333333,0.0,99.33333333333333,0.0,0.0,0.0,0.0,1,1,1,0.7629268749151379
gebco_cascadia_margin_moderate,GEBCO Cascadia Margin,canyon_wall_bias,Local wall bias,Full Geometry-Aware Hybrid GA,Hybrid,8,0.0,116,27.59421275599597,19.020812620730148,63.050368822388094,15038.223860078393,15038.223860078393,0.8471518196551509,99.33333333333333,99.33333333333333,0.0,99.33333333333333,0.0,0.0,0.0,0.017754944001838673,1,1,1,0.7817528329323977
gebco_cascadia_margin_moderate,GEBCO Cascadia Margin,canyon_wall_bias,Local wall bias,Fixed-Spacing,Fixed,9,0.0,117,24.14242848885215,17.670832898457302,47.75466505910444,15166.70891059631,15166.70891059631,0.0,100.0,100.0,0.0,100.0,0.7985185185185184,0.7985185185185184,0.0,0.7985185185185184,1,1,1,0.05991058307699859
gebco_cascadia_margin_moderate,GEBCO Cascadia Margin,canyon_wall_bias,Local wall bias,Adaptive Spacing w/o GA,Adaptive,9,0.0,116,24.14242848885215,17.670832898457302,47.75466505910444,15038.223860078393,15038.223860078393,0.8471518196551509,99.33333333333333,99.33333333333333,0.0,99.33333333333333,0.0,0.0,0.0,0.0,1,1,1,0.7659675000468269
gebco_cascadia_margin_moderate,GEBCO Cascadia Margin,canyon_wall_bias,Local wall bias,Full Geometry-Aware Hybrid GA,Hybrid,9,0.0,116,24.14242848885215,17.670832898457302,47.75466505910444,15038.223860078393,15038.223860078393,0.8471518196551509,99.33333333333333,99.33333333333333,0.0,99.33333333333333,0.0,0.0,0.0,0.017754944001838673,1,1,1,0.7703155839117244
gebco_cascadia_margin_moderate,GEBCO Cascadia Margin,canyon_wall_bias,Local wall bias,Fixed-Spacing,Fixed,10,0.0,117,24.12434259325185,18.271193611973946,49.221835272276415,15166.70891059631,15166.70891059631,0.0,100.0,100.0,0.0,100.0,0.7985185185185184,0.7985185185185184,0.0,0.7985185185185184,1,1,1,0.059068916947580874
gebco_cascadia_margin_moderate,GEBCO Cascadia Margin,canyon_wall_bias,Local wall bias,Adaptive Spacing w/o GA,Adaptive,10,0.0,116,24.12434259325185,18.271193611973946,49.221835272276415,15038.223860078393,15038.223860078393,0.8471518196551509,99.33333333333333,99.33333333333333,0.0,99.33333333333333,0.0,0.0,0.0,0.0,1,1,1,0.7348149589961395
gebco_cascadia_margin_moderate,GEBCO Cascadia Margin,canyon_wall_bias,Local wall bias,Full Geometry-Aware Hybrid GA,Hybrid,10,0.0,116,24.12434259325185,18.271193611973946,49.221835272276415,15038.156566999354,15038.156566999354,0.8475955090503615,98.66666666666667,98.66666666666667,0.0,99.33333333333333,0.1241459171535219,0.1241459171535219,0.0,0.017754944001838673,1,1,1,0.7608957500196993
gebco_cascadia_margin_moderate,GEBCO Cascadia Margin,canyon_wall_bias,Local wall bias,Fixed-Spacing,Fixed,11,0.0,117,26.03851731027663,18.32168075880247,49.53610659190154,15166.70891059631,15166.70891059631,0.0,100.0,100.0,0.0,100.0,0.7985185185185184,0.7985185185185184,0.0,0.7985185185185184,1,1,1,0.05798475001938641
gebco_cascadia_margin_moderate,GEBCO Cascadia Margin,canyon_wall_bias,Local wall bias,Adaptive Spacing w/o GA,Adaptive,11,0.0,116,26.03851731027663,18.32168075880247,49.53610659190154,15038.223860078393,15038.223860078393,0.8471518196551509,99.33333333333333,99.33333333333333,0.0,99.33333333333333,0.0,0.0,0.0,0.0,1,1,1,0.7640033341012895
gebco_cascadia_margin_moderate,GEBCO Cascadia Margin,canyon_wall_bias,Local wall bias,Full Geometry-Aware Hybrid GA,Hybrid,11,0.0,116,26.03851731027663,18.32168075880247,49.53610659190154,15038.138430800387,15038.138430800387,0.8477150880511455,98.66666666666667,98.66666666666667,0.0,99.33333333333333,0.27074978347474526,0.27074978347474526,0.0,0.017754944001838673,1,1,1,0.8135800409363583
gebco_cascadia_margin_moderate,GEBCO Cascadia Margin,canyon_wall_bias,Local wall bias,Fixed-Spacing,Fixed,12,0.0,117,23.96734795554737,17.254978135638297,45.72831179170291,15166.70891059631,15166.70891059631,0.0,100.0,100.0,0.0,100.0,0.7985185185185184,0.7985185185185184,0.0,0.7985185185185184,1,1,1,0.05834758293349296
gebco_cascadia_margin_moderate,GEBCO Cascadia Margin,canyon_wall_bias,Local wall bias,Adaptive Spacing w/o GA,Adaptive,12,0.0,116,23.96734795554737,17.254978135638297,45.72831179170291,15038.223860078393,15038.223860078393,0.8471518196551509,99.33333333333333,99.33333333333333,0.0,99.33333333333333,0.0,0.0,0.0,0.0,1,1,1,0.7337657500756904
gebco_cascadia_margin_moderate,GEBCO Cascadia Margin,canyon_wall_bias,Local wall bias,Full Geometry-Aware Hybrid GA,Hybrid,12,0.0,116,23.96734795554737,17.254978135638297,45.72831179170291,15038.186954711968,15038.186954711968,0.8473951510637173,99.33333333333333,99.33333333333333,0.0,99.33333333333333,0.15391068844486552,0.15391068844486552,0.0,0.017754944001838673,1,1,1,0.7568914160365239
gebco_cascadia_margin_moderate,GEBCO Cascadia Margin,canyon_wall_bias,Local wall bias,Fixed-Spacing,Fixed,13,0.0,117,22.13016315918769,16.65962861798441,43.21537002840814,15166.70891059631,15166.70891059631,0.0,100.0,100.0,0.0,100.0,0.7985185185185184,0.7985185185185184,0.0,0.7985185185185184,1,1,1,0.06043462501838803
gebco_cascadia_margin_moderate,GEBCO Cascadia Margin,canyon_wall_bias,Local wall bias,Adaptive Spacing w/o GA,Adaptive,13,0.0,116,22.13016315918769,16.65962861798441,43.21537002840814,15038.223860078393,15038.223860078393,0.8471518196551509,99.33333333333333,99.33333333333333,0.0,99.33333333333333,0.0,0.0,0.0,0.0,1,1,1,0.761984791024588
gebco_cascadia_margin_moderate,GEBCO Cascadia Margin,canyon_wall_bias,Local wall bias,Full Geometry-Aware Hybrid GA,Hybrid,13,0.0,116,22.13016315918769,16.65962861798441,43.21537002840814,15038.223860078393,15038.223860078393,0.8471518196551509,99.33333333333333,99.33333333333333,0.0,99.33333333333333,0.0,0.0,0.0,0.017754944001838673,1,1,1,0.7506363749271259
gebco_cascadia_margin_moderate,GEBCO Cascadia Margin,canyon_wall_bias,Local wall bias,Fixed-Spacing,Fixed,14,0.0,117,21.25406763834523,16.470305818318433,42.12776903070182,15166.70891059631,15166.70891059631,0.0,100.0,100.0,0.0,100.0,0.7985185185185184,0.7985185185185184,0.0,0.7985185185185184,1,1,1,0.05960749997757375
gebco_cascadia_margin_moderate,GEBCO Cascadia Margin,canyon_wall_bias,Local wall bias,Adaptive Spacing w/o GA,Adaptive,14,0.0,116,21.25406763834523,16.470305818318433,42.12776903070182,15038.223860078393,15038.223860078393,0.8471518196551509,99.33333333333333,99.33333333333333,0.0,99.33333333333333,0.0,0.0,0.0,0.0,1,1,1,0.7377207920653746
gebco_cascadia_margin_moderate,GEBCO Cascadia Margin,canyon_wall_bias,Local wall bias,Full Geometry-Aware Hybrid GA,Hybrid,14,0.0,116,21.25406763834523,16.470305818318433,42.12776903070182,15038.032532372597,15038.032532372597,0.8484133174983773,98.66666666666667,98.66666666666667,0.0,99.33333333333333,0.2299499147434906,0.2299499147434906,0.0,0.017754944001838673,1,1,1,0.7921465419931337
gebco_cascadia_margin_moderate,GEBCO Cascadia Margin,canyon_wall_bias,Local wall bias,Fixed-Spacing,Fixed,15,0.0,117,25.23598814561917,18.581871075762596,48.89483107150864,15166.70891059631,15166.70891059631,0.0,100.0,100.0,0.0,100.0,0.7985185185185184,0.7985185185185184,0.0,0.7985185185185184,1,1,1,0.05714658310171217
gebco_cascadia_margin_moderate,GEBCO Cascadia Margin,canyon_wall_bias,Local wall bias,Adaptive Spacing w/o GA,Adaptive,15,0.0,116,25.23598814561917,18.581871075762596,48.89483107150864,15038.223860078393,15038.223860078393,0.8471518196551509,99.33333333333333,99.33333333333333,0.0,99.33333333333333,0.0,0.0,0.0,0.0,1,1,1,0.7604995409492403
gebco_cascadia_margin_moderate,GEBCO Cascadia Margin,canyon_wall_bias,Local wall bias,Full Geometry-Aware Hybrid GA,Hybrid,15,0.0,116,25.23598814561917,18.581871075762596,48.89483107150864,15038.223860078393,15038.223860078393,0.8471518196551509,99.33333333333333,99.33333333333333,0.0,99.33333333333333,0.0,0.0,0.0,0.017754944001838673,1,1,1,0.783029375015758
gebco_cascadia_margin_moderate,GEBCO Cascadia Margin,canyon_wall_bias,Local wall bias,Fixed-Spacing,Fixed,16,0.0,117,25.388963301240732,18.244777290239266,50.90645947159187,15166.70891059631,15166.70891059631,0.0,100.0,100.0,0.0,100.0,0.7985185185185184,0.7985185185185184,0.0,0.7985185185185184,1,1,1,0.05731595796532929
gebco_cascadia_margin_moderate,GEBCO Cascadia Margin,canyon_wall_bias,Local wall bias,Adaptive Spacing w/o GA,Adaptive,16,0.0,116,25.388963301240732,18.244777290239266,50.90645947159187,15038.223860078393,15038.223860078393,0.8471518196551509,99.33333333333333,99.33333333333333,0.0,99.33333333333333,0.0,0.0,0.0,0.0,1,1,1,0.7569454999174923
gebco_cascadia_margin_moderate,GEBCO Cascadia Margin,canyon_wall_bias,Local wall bias,Full Geometry-Aware Hybrid GA,Hybrid,16,0.0,116,25.388963301240732,18.244777290239266,50.90645947159187,15038.223860078393,15038.223860078393,0.8471518196551509,99.33333333333333,99.33333333333333,0.0,99.33333333333333,0.0,0.0,0.0,0.017754944001838673,1,1,1,0.8022881670622155
gebco_cascadia_margin_moderate,GEBCO Cascadia Margin,canyon_wall_bias,Local wall bias,Fixed-Spacing,Fixed,17,0.0,117,21.66978351710354,16.86845324496656,42.34221870535954,15166.70891059631,15166.70891059631,0.0,100.0,100.0,0.0,100.0,0.7985185185185184,0.7985185185185184,0.0,0.7985185185185184,1,1,1,0.055488415993750095
gebco_cascadia_margin_moderate,GEBCO Cascadia Margin,canyon_wall_bias,Local wall bias,Adaptive Spacing w/o GA,Adaptive,17,0.0,116,21.66978351710354,16.86845324496656,42.34221870535954,15038.223860078393,15038.223860078393,0.8471518196551509,99.33333333333333,99.33333333333333,0.0,99.33333333333333,0.0,0.0,0.0,0.0,1,1,1,0.7560681250179186
gebco_cascadia_margin_moderate,GEBCO Cascadia Margin,canyon_wall_bias,Local wall bias,Full Geometry-Aware Hybrid GA,Hybrid,17,0.0,116,21.66978351710354,16.86845324496656,42.34221870535954,15038.195937012873,15038.195937012873,0.8473359272666587,99.33333333333333,99.33333333333333,0.0,99.33333333333333,0.07733462461178231,0.07733462461178231,0.0,0.017754944001838673,1,1,1,0.7711596670560539
gebco_cascadia_margin_moderate,GEBCO Cascadia Margin,canyon_wall_bias,Local wall bias,Fixed-Spacing,Fixed,18,0.0,117,25.192920567104874,17.719718251733667,46.87033981903769,15166.70891059631,15166.70891059631,0.0,100.0,100.0,0.0,100.0,0.7985185185185184,0.7985185185185184,0.0,0.7985185185185184,1,1,1,0.05785958294291049
gebco_cascadia_margin_moderate,GEBCO Cascadia Margin,canyon_wall_bias,Local wall bias,Adaptive Spacing w/o GA,Adaptive,18,0.0,116,25.192920567104874,17.719718251733667,46.87033981903769,15038.223860078393,15038.223860078393,0.8471518196551509,99.33333333333333,99.33333333333333,0.0,99.33333333333333,0.0,0.0,0.0,0.0,1,1,1,0.795592166017741
gebco_cascadia_margin_moderate,GEBCO Cascadia Margin,canyon_wall_bias,Local wall bias,Full Geometry-Aware Hybrid GA,Hybrid,18,0.0,116,25.192920567104874,17.719718251733667,46.87033981903769,15038.038175310907,15038.038175310907,0.8483761114153526,98.66666666666667,98.66666666666667,0.0,99.33333333333333,0.28774862639887644,0.28774862639887644,0.0,0.017754944001838673,1,1,1,0.7982466670218855
gebco_cascadia_margin_moderate,GEBCO Cascadia Margin,canyon_wall_bias,Local wall bias,Fixed-Spacing,Fixed,19,0.0,117,24.447295540816235,18.164495366254208,48.02720802903502,15166.70891059631,15166.70891059631,0.0,100.0,100.0,0.0,100.0,0.7985185185185184,0.7985185185185184,0.0,0.7985185185185184,1,1,1,0.05661583296023309
gebco_cascadia_margin_moderate,GEBCO Cascadia Margin,canyon_wall_bias,Local wall bias,Adaptive Spacing w/o GA,Adaptive,19,0.0,116,24.447295540816235,18.164495366254208,48.02720802903502,15038.223860078393,15038.223860078393,0.8471518196551509,99.33333333333333,99.33333333333333,0.0,99.33333333333333,0.0,0.0,0.0,0.0,1,1,1,0.7522744580637664
gebco_cascadia_margin_moderate,GEBCO Cascadia Margin,canyon_wall_bias,Local wall bias,Full Geometry-Aware Hybrid GA,Hybrid,19,0.0,116,24.447295540816235,18.164495366254208,48.02720802903502,15038.1527627635,15038.1527627635,0.847620591854259,98.66666666666667,98.66666666666667,0.0,99.33333333333333,0.07262029135950054,0.07262029135950054,0.0,0.017754944001838673,1,1,1,0.7866296248976141
gebco_monterey_canyon_complex,GEBCO Monterey Canyon,nominal,Nominal,Fixed-Spacing,Fixed,0,0.0,73,0.0,0.0,0.0,6700.516576082025,6700.516576082025,0.0,99.33333333333333,99.33333333333333,0.0,99.33333333333333,0.8148148148148147,0.8148148148148147,0.0,0.8148148148148147,1,1,1,0.04804487503133714
gebco_monterey_canyon_complex,GEBCO Monterey Canyon,nominal,Nominal,Adaptive Spacing w/o GA,Adaptive,0,90.0,59,0.0,0.0,0.0,6656.620000000051,6656.620000000051,0.6551222668214232,100.0,100.0,0.0,100.0,0.0,0.0,0.0,0.0,1,1,1,0.6131742079742253
gebco_monterey_canyon_complex,GEBCO Monterey Canyon,nominal,Nominal,Full Geometry-Aware Hybrid GA,Hybrid,0,90.0,59,0.0,0.0,0.0,6656.620000000051,6656.620000000051,0.6551222668214232,100.0,100.0,0.0,100.0,0.0,0.0,0.0,0.0,1,1,1,0.3751771670067683
gebco_monterey_canyon_complex,GEBCO Monterey Canyon,nominal,Nominal,Fixed-Spacing,Fixed,1,0.0,73,0.0,0.0,0.0,6700.516576082025,6700.516576082025,0.0,99.33333333333333,99.33333333333333,0.0,99.33333333333333,0.8148148148148147,0.8148148148148147,0.0,0.8148148148148147,1,1,1,0.044065333902835846
gebco_monterey_canyon_complex,GEBCO Monterey Canyon,nominal,Nominal,Adaptive Spacing w/o GA,Adaptive,1,90.0,59,0.0,0.0,0.0,6656.620000000051,6656.620000000051,0.6551222668214232,100.0,100.0,0.0,100.0,0.0,0.0,0.0,0.0,1,1,1,0.6052148339804262
gebco_monterey_canyon_complex,GEBCO Monterey Canyon,nominal,Nominal,Full Geometry-Aware Hybrid GA,Hybrid,1,90.0,59,0.0,0.0,0.0,6656.620000000051,6656.620000000051,0.6551222668214232,100.0,100.0,0.0,100.0,0.0,0.0,0.0,0.0,1,1,1,0.3504169579828158
gebco_monterey_canyon_complex,GEBCO Monterey Canyon,nominal,Nominal,Fixed-Spacing,Fixed,2,0.0,73,0.0,0.0,0.0,6700.516576082025,6700.516576082025,0.0,99.33333333333333,99.33333333333333,0.0,99.33333333333333,0.8148148148148147,0.8148148148148147,0.0,0.8148148148148147,1,1,1,0.04546054103411734
gebco_monterey_canyon_complex,GEBCO Monterey Canyon,nominal,Nominal,Adaptive Spacing w/o GA,Adaptive,2,90.0,59,0.0,0.0,0.0,6656.620000000051,6656.620000000051,0.6551222668214232,100.0,100.0,0.0,100.0,0.0,0.0,0.0,0.0,1,1,1,0.6147024999372661
gebco_monterey_canyon_complex,GEBCO Monterey Canyon,nominal,Nominal,Full Geometry-Aware Hybrid GA,Hybrid,2,90.0,59,0.0,0.0,0.0,6656.620000000051,6656.620000000051,0.6551222668214232,100.0,100.0,0.0,100.0,0.0,0.0,0.0,0.0,1,1,1,0.3470710420515388
gebco_monterey_canyon_complex,GEBCO Monterey Canyon,nominal,Nominal,Fixed-Spacing,Fixed,3,0.0,73,0.0,0.0,0.0,6700.516576082025,6700.516576082025,0.0,99.33333333333333,99.33333333333333,0.0,99.33333333333333,0.8148148148148147,0.8148148148148147,0.0,0.8148148148148147,1,1,1,0.03878433397039771
gebco_monterey_canyon_complex,GEBCO Monterey Canyon,nominal,Nominal,Adaptive Spacing w/o GA,Adaptive,3,90.0,59,0.0,0.0,0.0,6656.620000000051,6656.620000000051,0.6551222668214232,100.0,100.0,0.0,100.0,0.0,0.0,0.0,0.0,1,1,1,0.6111878330120817
gebco_monterey_canyon_complex,GEBCO Monterey Canyon,nominal,Nominal,Full Geometry-Aware Hybrid GA,Hybrid,3,90.0,59,0.0,0.0,0.0,6656.620000000051,6656.620000000051,0.6551222668214232,100.0,100.0,0.0,100.0,0.0,0.0,0.0,0.0,1,1,1,0.38397283398080617
gebco_monterey_canyon_complex,GEBCO Monterey Canyon,nominal,Nominal,Fixed-Spacing,Fixed,4,0.0,73,0.0,0.0,0.0,6700.516576082025,6700.516576082025,0.0,99.33333333333333,99.33333333333333,0.0,99.33333333333333,0.8148148148148147,0.8148148148148147,0.0,0.8148148148148147,1,1,1,0.044296792009845376
gebco_monterey_canyon_complex,GEBCO Monterey Canyon,nominal,Nominal,Adaptive Spacing w/o GA,Adaptive,4,90.0,59,0.0,0.0,0.0,6656.620000000051,6656.620000000051,0.6551222668214232,100.0,100.0,0.0,100.0,0.0,0.0,0.0,0.0,1,1,1,0.6052983750123531
gebco_monterey_canyon_complex,GEBCO Monterey Canyon,nominal,Nominal,Full Geometry-Aware Hybrid GA,Hybrid,4,90.0,59,0.0,0.0,0.0,6656.547473748718,6656.547473748718,0.6562046647307321,99.16666666666667,99.16666666666667,0.0,100.0,0.007684744332857689,0.007684744332857689,0.0,0.0,1,1,1,0.37458954204339534
gebco_monterey_canyon_complex,GEBCO Monterey Canyon,nominal,Nominal,Fixed-Spacing,Fixed,5,0.0,73,0.0,0.0,0.0,6700.516576082025,6700.516576082025,0.0,99.33333333333333,99.33333333333333,0.0,99.33333333333333,0.8148148148148147,0.8148148148148147,0.0,0.8148148148148147,1,1,1,0.045824042055755854
gebco_monterey_canyon_complex,GEBCO Monterey Canyon,nominal,Nominal,Adaptive Spacing w/o GA,Adaptive,5,90.0,59,0.0,0.0,0.0,6656.620000000051,6656.620000000051,0.6551222668214232,100.0,100.0,0.0,100.0,0.0,0.0,0.0,0.0,1,1,1,0.6075879579875618
gebco_monterey_canyon_complex,GEBCO Monterey Canyon,nominal,Nominal,Full Geometry-Aware Hybrid GA,Hybrid,5,90.0,59,0.0,0.0,0.0,6656.486502297005,6656.486502297005,0.6571146162400053,100.0,100.0,0.0,100.0,0.12672119973036983,0.12672119973036983,0.0,0.0,1,1,1,0.3799872910603881
gebco_monterey_canyon_complex,GEBCO Monterey Canyon,nominal,Nominal,Fixed-Spacing,Fixed,6,0.0,73,0.0,0.0,0.0,6700.516576082025,6700.516576082025,0.0,99.33333333333333,99.33333333333333,0.0,99.33333333333333,0.8148148148148147,0.8148148148148147,0.0,0.8148148148148147,1,1,1,0.046122291940264404
gebco_monterey_canyon_complex,GEBCO Monterey Canyon,nominal,Nominal,Adaptive Spacing w/o GA,Adaptive,6,90.0,59,0.0,0.0,0.0,6656.620000000051,6656.620000000051,0.6551222668214232,100.0,100.0,0.0,100.0,0.0,0.0,0.0,0.0,1,1,1,0.6039198340149596
gebco_monterey_canyon_complex,GEBCO Monterey Canyon,nominal,Nominal,Full Geometry-Aware Hybrid GA,Hybrid,6,90.0,59,0.0,0.0,0.0,6656.577842791205,6656.577842791205,0.6557514303846729,100.0,100.0,0.0,100.0,0.12859499620712966,0.12859499620712966,0.0,0.0,1,1,1,0.4128597079543397
gebco_monterey_canyon_complex,GEBCO Monterey Canyon,nominal,Nominal,Fixed-Spacing,Fixed,7,0.0,73,0.0,0.0,0.0,6700.516576082025,6700.516576082025,0.0,99.33333333333333,99.33333333333333,0.0,99.33333333333333,0.8148148148148147,0.8148148148148147,0.0,0.8148148148148147,1,1,1,0.044609541073441505
gebco_monterey_canyon_complex,GEBCO Monterey Canyon,nominal,Nominal,Adaptive Spacing w/o GA,Adaptive,7,90.0,59,0.0,0.0,0.0,6656.620000000051,6656.620000000051,0.6551222668214232,100.0,100.0,0.0,100.0,0.0,0.0,0.0,0.0,1,1,1,0.5937704170355573
gebco_monterey_canyon_complex,GEBCO Monterey Canyon,nominal,Nominal,Full Geometry-Aware Hybrid GA,Hybrid,7,90.0,59,0.0,0.0,0.0,6656.613021799817,6656.613021799817,0.6552264110341051,99.16666666666667,99.16666666666667,0.0,100.0,0.010865618508658545,0.010865618508658545,0.0,0.0,1,1,1,0.3758705420186743
gebco_monterey_canyon_complex,GEBCO Monterey Canyon,nominal,Nominal,Fixed-Spacing,Fixed,8,0.0,73,0.0,0.0,0.0,6700.516576082025,6700.516576082025,0.0,99.33333333333333,99.33333333333333,0.0,99.33333333333333,0.8148148148148147,0.8148148148148147,0.0,0.8148148148148147,1,1,1,0.036147458013147116
gebco_monterey_canyon_complex,GEBCO Monterey Canyon,nominal,Nominal,Adaptive Spacing w/o GA,Adaptive,8,90.0,59,0.0,0.0,0.0,6656.620000000051,6656.620000000051,0.6551222668214232,100.0,100.0,0.0,100.0,0.0,0.0,0.0,0.0,1,1,1,0.6091098330216482
gebco_monterey_canyon_complex,GEBCO Monterey Canyon,nominal,Nominal,Full Geometry-Aware Hybrid GA,Hybrid,8,90.0,59,0.0,0.0,0.0,6656.5705483833935,6656.5705483833935,0.6558602937495825,99.16666666666667,99.16666666666667,0.0,100.0,0.11610392836292135,0.11610392836292135,0.0,0.0,1,1,1,0.37253737496212125
gebco_monterey_canyon_complex,GEBCO Monterey Canyon,nominal,Nominal,Fixed-Spacing,Fixed,9,0.0,73,0.0,0.0,0.0,6700.516576082025,6700.516576082025,0.0,99.33333333333333,99.33333333333333,0.0,99.33333333333333,0.8148148148148147,0.8148148148148147,0.0,0.8148148148148147,1,1,1,0.044579582987353206
gebco_monterey_canyon_complex,GEBCO Monterey Canyon,nominal,Nominal,Adaptive Spacing w/o GA,Adaptive,9,90.0,59,0.0,0.0,0.0,6656.620000000051,6656.620000000051,0.6551222668214232,100.0,100.0,0.0,100.0,0.0,0.0,0.0,0.0,1,1,1,0.5968499999726191
gebco_monterey_canyon_complex,GEBCO Monterey Canyon,nominal,Nominal,Full Geometry-Aware Hybrid GA,Hybrid,9,90.0,59,0.0,0.0,0.0,6656.531270035219,6656.531270035219,0.6564464925557312,99.16666666666667,99.16666666666667,0.0,100.0,0.19888171260447932,0.19888171260447932,0.0,0.0,1,1,1,0.36661104194354266
gebco_monterey_canyon_complex,GEBCO Monterey Canyon,nominal,Nominal,Fixed-Spacing,Fixed,10,0.0,73,0.0,0.0,0.0,6700.516576082025,6700.516576082025,0.0,99.33333333333333,99.33333333333333,0.0,99.33333333333333,0.8148148148148147,0.8148148148148147,0.0,0.8148148148148147,1,1,1,0.04390179202891886
gebco_monterey_canyon_complex,GEBCO Monterey Canyon,nominal,Nominal,Adaptive Spacing w/o GA,Adaptive,10,90.0,59,0.0,0.0,0.0,6656.620000000051,6656.620000000051,0.6551222668214232,100.0,100.0,0.0,100.0,0.0,0.0,0.0,0.0,1,1,1,0.6112448329804465
gebco_monterey_canyon_complex,GEBCO Monterey Canyon,nominal,Nominal,Full Geometry-Aware Hybrid GA,Hybrid,10,90.0,59,0.0,0.0,0.0,6656.620000000051,6656.620000000051,0.6551222668214232,100.0,100.0,0.0,100.0,0.0,0.0,0.0,0.0,1,1,1,0.3814052500529215
gebco_monterey_canyon_complex,GEBCO Monterey Canyon,nominal,Nominal,Fixed-Spacing,Fixed,11,0.0,73,0.0,0.0,0.0,6700.516576082025,6700.516576082025,0.0,99.33333333333333,99.33333333333333,0.0,99.33333333333333,0.8148148148148147,0.8148148148148147,0.0,0.8148148148148147,1,1,1,0.04365820798557252
gebco_monterey_canyon_complex,GEBCO Monterey Canyon,nominal,Nominal,Adaptive Spacing w/o GA,Adaptive,11,90.0,59,0.0,0.0,0.0,6656.620000000051,6656.620000000051,0.6551222668214232,100.0,100.0,0.0,100.0,0.0,0.0,0.0,0.0,1,1,1,0.5943247920367867
gebco_monterey_canyon_complex,GEBCO Monterey Canyon,nominal,Nominal,Full Geometry-Aware Hybrid GA,Hybrid,11,90.0,59,0.0,0.0,0.0,6656.605018589165,6656.605018589165,0.65534585273029,99.16666666666667,99.16666666666667,0.0,100.0,0.020773690686440117,0.020773690686440117,0.0,0.0,1,1,1,0.41307316708844155
gebco_monterey_canyon_complex,GEBCO Monterey Canyon,nominal,Nominal,Fixed-Spacing,Fixed,12,0.0,73,0.0,0.0,0.0,6700.516576082025,6700.516576082025,0.0,99.33333333333333,99.33333333333333,0.0,99.33333333333333,0.8148148148148147,0.8148148148148147,0.0,0.8148148148148147,1,1,1,0.04270391701720655
gebco_monterey_canyon_complex,GEBCO Monterey Canyon,nominal,Nominal,Adaptive Spacing w/o GA,Adaptive,12,90.0,59,0.0,0.0,0.0,6656.620000000051,6656.620000000051,0.6551222668214232,100.0,100.0,0.0,100.0,0.0,0.0,0.0,0.0,1,1,1,0.5990078330505639
gebco_monterey_canyon_complex,GEBCO Monterey Canyon,nominal,Nominal,Full Geometry-Aware Hybrid GA,Hybrid,12,90.0,59,0.0,0.0,0.0,6656.612269000877,6656.612269000877,0.655237645972957,99.16666666666667,99.16666666666667,0.0,100.0,0.1539267079611943,0.1539267079611943,0.0,0.0,1,1,1,0.3826972079696134
gebco_monterey_canyon_complex,GEBCO Monterey Canyon,nominal,Nominal,Fixed-Spacing,Fixed,13,0.0,73,0.0,0.0,0.0,6700.516576082025,6700.516576082025,0.0,99.33333333333333,99.33333333333333,0.0,99.33333333333333,0.8148148148148147,0.8148148148148147,0.0,0.8148148148148147,1,1,1,0.042671583010815084
gebco_monterey_canyon_complex,GEBCO Monterey Canyon,nominal,Nominal,Adaptive Spacing w/o GA,Adaptive,13,90.0,59,0.0,0.0,0.0,6656.620000000051,6656.620000000051,0.6551222668214232,100.0,100.0,0.0,100.0,0.0,0.0,0.0,0.0,1,1,1,0.608908333000727
gebco_monterey_canyon_complex,GEBCO Monterey Canyon,nominal,Nominal,Full Geometry-Aware Hybrid GA,Hybrid,13,90.0,59,0.0,0.0,0.0,6656.600344672872,6656.600344672872,0.6554156072968294,100.0,100.0,0.0,100.0,0.18360107655310753,0.18360107655310753,0.0,0.0,1,1,1,0.3766345410840586
gebco_monterey_canyon_complex,GEBCO Monterey Canyon,nominal,Nominal,Fixed-Spacing,Fixed,14,0.0,73,0.0,0.0,0.0,6700.516576082025,6700.516576082025,0.0,99.33333333333333,99.33333333333333,0.0,99.33333333333333,0.8148148148148147,0.8148148148148147,0.0,0.8148148148148147,1,1,1,0.044474583002738655
gebco_monterey_canyon_complex,GEBCO Monterey Canyon,nominal,Nominal,Adaptive Spacing w/o GA,Adaptive,14,90.0,59,0.0,0.0,0.0,6656.620000000051,6656.620000000051,0.6551222668214232,100.0,100.0,0.0,100.0,0.0,0.0,0.0,0.0,1,1,1,0.6171030419645831
gebco_monterey_canyon_complex,GEBCO Monterey Canyon,nominal,Nominal,Full Geometry-Aware Hybrid GA,Hybrid,14,90.0,59,0.0,0.0,0.0,6656.620000000051,6656.620000000051,0.6551222668214232,100.0,100.0,0.0,100.0,0.0,0.0,0.0,0.0,1,1,1,0.3589746669167653
gebco_monterey_canyon_complex,GEBCO Monterey Canyon,nominal,Nominal,Fixed-Spacing,Fixed,15,0.0,73,0.0,0.0,0.0,6700.516576082025,6700.516576082025,0.0,99.33333333333333,99.33333333333333,0.0,99.33333333333333,0.8148148148148147,0.8148148148148147,0.0,0.8148148148148147,1,1,1,0.04316333308815956
gebco_monterey_canyon_complex,GEBCO Monterey Canyon,nominal,Nominal,Adaptive Spacing w/o GA,Adaptive,15,90.0,59,0.0,0.0,0.0,6656.620000000051,6656.620000000051,0.6551222668214232,100.0,100.0,0.0,100.0,0.0,0.0,0.0,0.0,1,1,1,0.6009312919341028
gebco_monterey_canyon_complex,GEBCO Monterey Canyon,nominal,Nominal,Full Geometry-Aware Hybrid GA,Hybrid,15,90.0,59,0.0,0.0,0.0,6656.5126207799085,6656.5126207799085,0.6567248181907551,99.16666666666667,99.16666666666667,0.0,100.0,0.08986579629006744,0.08986579629006744,0.0,0.0,1,1,1,0.3803925419924781
gebco_monterey_canyon_complex,GEBCO Monterey Canyon,nominal,Nominal,Fixed-Spacing,Fixed,16,0.0,73,0.0,0.0,0.0,6700.516576082025,6700.516576082025,0.0,99.33333333333333,99.33333333333333,0.0,99.33333333333333,0.8148148148148147,0.8148148148148147,0.0,0.8148148148148147,1,1,1,0.04599424998741597
gebco_monterey_canyon_complex,GEBCO Monterey Canyon,nominal,Nominal,Adaptive Spacing w/o GA,Adaptive,16,90.0,59,0.0,0.0,0.0,6656.620000000051,6656.620000000051,0.6551222668214232,100.0,100.0,0.0,100.0,0.0,0.0,0.0,0.0,1,1,1,0.6173925830516964
gebco_monterey_canyon_complex,GEBCO Monterey Canyon,nominal,Nominal,Full Geometry-Aware Hybrid GA,Hybrid,16,90.0,59,0.0,0.0,0.0,6656.457284226268,6656.457284226268,0.6575506732276373,99.16666666666667,99.16666666666667,0.0,100.0,0.1706374865906993,0.1706374865906993,0.0,0.0,1,1,1,0.3783496249234304
gebco_monterey_canyon_complex,GEBCO Monterey Canyon,nominal,Nominal,Fixed-Spacing,Fixed,17,0.0,73,0.0,0.0,0.0,6700.516576082025,6700.516576082025,0.0,99.33333333333333,99.33333333333333,0.0,99.33333333333333,0.8148148148148147,0.8148148148148147,0.0,0.8148148148148147,1,1,1,0.037699999986216426
gebco_monterey_canyon_complex,GEBCO Monterey Canyon,nominal,Nominal,Adaptive Spacing w/o GA,Adaptive,17,90.0,59,0.0,0.0,0.0,6656.620000000051,6656.620000000051,0.6551222668214232,100.0,100.0,0.0,100.0,0.0,0.0,0.0,0.0,1,1,1,0.6126061250688508
gebco_monterey_canyon_complex,GEBCO Monterey Canyon,nominal,Nominal,Full Geometry-Aware Hybrid GA,Hybrid,17,90.0,59,0.0,0.0,0.0,6656.584803088315,6656.584803088315,0.6556475533621825,100.0,100.0,0.0,100.0,0.023072209947898787,0.023072209947898787,0.0,0.0,1,1,1,0.36096741596702486
gebco_monterey_canyon_complex,GEBCO Monterey Canyon,nominal,Nominal,Fixed-Spacing,Fixed,18,0.0,73,0.0,0.0,0.0,6700.516576082025,6700.516576082025,0.0,99.33333333333333,99.33333333333333,0.0,99.33333333333333,0.8148148148148147,0.8148148148148147,0.0,0.8148148148148147,1,1,1,0.04557354096323252
gebco_monterey_canyon_complex,GEBCO Monterey Canyon,nominal,Nominal,Adaptive Spacing w/o GA,Adaptive,18,90.0,59,0.0,0.0,0.0,6656.620000000051,6656.620000000051,0.6551222668214232,100.0,100.0,0.0,100.0,0.0,0.0,0.0,0.0,1,1,1,0.6111152920639142
gebco_monterey_canyon_complex,GEBCO Monterey Canyon,nominal,Nominal,Full Geometry-Aware Hybrid GA,Hybrid,18,90.0,59,0.0,0.0,0.0,6656.48129046351,6656.48129046351,0.657192398802529,99.16666666666667,99.16666666666667,0.0,100.0,0.46446096580011725,0.46446096580011725,0.0,0.0,1,1,1,0.362723832949996
gebco_monterey_canyon_complex,GEBCO Monterey Canyon,nominal,Nominal,Fixed-Spacing,Fixed,19,0.0,73,0.0,0.0,0.0,6700.516576082025,6700.516576082025,0.0,99.33333333333333,99.33333333333333,0.0,99.33333333333333,0.8148148148148147,0.8148148148148147,0.0,0.8148148148148147,1,1,1,0.041194082936272025
gebco_monterey_canyon_complex,GEBCO Monterey Canyon,nominal,Nominal,Adaptive Spacing w/o GA,Adaptive,19,90.0,59,0.0,0.0,0.0,6656.620000000051,6656.620000000051,0.6551222668214232,100.0,100.0,0.0,100.0,0.0,0.0,0.0,0.0,1,1,1,0.6084914159728214
gebco_monterey_canyon_complex,GEBCO Monterey Canyon,nominal,Nominal,Full Geometry-Aware Hybrid GA,Hybrid,19,90.0,59,0.0,0.0,0.0,6656.588120938873,6656.588120938873,0.6555980370223652,100.0,100.0,0.0,100.0,0.002071706937115577,0.002071706937115577,0.0,0.0,1,1,1,0.39095658296719193
gebco_monterey_canyon_complex,GEBCO Monterey Canyon,correlated_bias,Correlated bias,Fixed-Spacing,Fixed,0,0.0,73,34.99999999999999,27.618245936039468,70.15765653032622,6700.516576082025,6700.516576082025,0.0,99.33333333333333,99.33333333333333,0.0,99.33333333333333,0.8148148148148147,0.8148148148148147,0.0,0.8148148148148147,1,1,1,0.04335962503682822
gebco_monterey_canyon_complex,GEBCO Monterey Canyon,correlated_bias,Correlated bias,Adaptive Spacing w/o GA,Adaptive,0,90.0,59,34.99999999999999,27.618245936039468,70.15765653032622,6656.620000000051,6656.620000000051,0.6551222668214232,100.0,100.0,0.0,100.0,0.0,0.0,0.0,0.0,1,1,1,0.6146707918960601
gebco_monterey_canyon_complex,GEBCO Monterey Canyon,correlated_bias,Correlated bias,Full Geometry-Aware Hybrid GA,Hybrid,0,90.0,59,34.99999999999999,27.618245936039468,70.15765653032622,6656.620000000051,6656.620000000051,0.6551222668214232,100.0,100.0,0.0,100.0,0.0,0.0,0.0,0.0,1,1,1,0.36320516699925065
gebco_monterey_canyon_complex,GEBCO Monterey Canyon,correlated_bias,Correlated bias,Fixed-Spacing,Fixed,1,0.0,73,35.0,28.169121042822994,68.81024903424714,6700.516576082025,6700.516576082025,0.0,99.33333333333333,99.33333333333333,0.0,99.33333333333333,0.8148148148148147,0.8148148148148147,0.0,0.8148148148148147,1,1,1,0.04377508396282792
gebco_monterey_canyon_complex,GEBCO Monterey Canyon,correlated_bias,Correlated bias,Adaptive Spacing w/o GA,Adaptive,1,90.0,59,35.0,28.169121042822994,68.81024903424714,6656.620000000051,6656.620000000051,0.6551222668214232,100.0,100.0,0.0,100.0,0.0,0.0,0.0,0.0,1,1,1,0.5975595000199974
gebco_monterey_canyon_complex,GEBCO Monterey Canyon,correlated_bias,Correlated bias,Full Geometry-Aware Hybrid GA,Hybrid,1,90.0,59,35.0,28.169121042822994,68.81024903424714,6656.620000000051,6656.620000000051,0.6551222668214232,100.0,100.0,0.0,100.0,0.0,0.0,0.0,0.0,1,1,1,0.4087011670926586
gebco_monterey_canyon_complex,GEBCO Monterey Canyon,correlated_bias,Correlated bias,Fixed-Spacing,Fixed,2,0.0,73,35.00000000000001,27.649424875008286,69.52251179110863,6700.516576082025,6700.516576082025,0.0,99.33333333333333,99.33333333333333,0.0,99.33333333333333,0.8148148148148147,0.8148148148148147,0.0,0.8148148148148147,1,1,1,0.046633000019937754
gebco_monterey_canyon_complex,GEBCO Monterey Canyon,correlated_bias,Correlated bias,Adaptive Spacing w/o GA,Adaptive,2,90.0,59,35.00000000000001,27.649424875008286,69.52251179110863,6656.620000000051,6656.620000000051,0.6551222668214232,100.0,100.0,0.0,100.0,0.0,0.0,0.0,0.0,1,1,1,0.5916419579880312
gebco_monterey_canyon_complex,GEBCO Monterey Canyon,correlated_bias,Correlated bias,Full Geometry-Aware Hybrid GA,Hybrid,2,90.0,59,35.00000000000001,27.649424875008286,69.52251179110863,6656.620000000051,6656.620000000051,0.6551222668214232,100.0,100.0,0.0,100.0,0.0,0.0,0.0,0.0,1,1,1,0.35780558304395527
gebco_monterey_canyon_complex,GEBCO Monterey Canyon,correlated_bias,Correlated bias,Fixed-Spacing,Fixed,3,0.0,73,35.0,27.124491102437403,71.52207371820305,6700.516576082025,6700.516576082025,0.0,99.33333333333333,99.33333333333333,0.0,99.33333333333333,0.8148148148148147,0.8148148148148147,0.0,0.8148148148148147,1,1,1,0.043077333946712315
gebco_monterey_canyon_complex,GEBCO Monterey Canyon,correlated_bias,Correlated bias,Adaptive Spacing w/o GA,Adaptive,3,90.0,59,35.0,27.124491102437403,71.52207371820305,6656.620000000051,6656.620000000051,0.6551222668214232,100.0,100.0,0.0,100.0,0.0,0.0,0.0,0.0,1,1,1,0.5923711250070482
gebco_monterey_canyon_complex,GEBCO Monterey Canyon,correlated_bias,Correlated bias,Full Geometry-Aware Hybrid GA,Hybrid,3,90.0,59,35.0,27.124491102437403,71.52207371820305,6656.620000000051,6656.620000000051,0.6551222668214232,100.0,100.0,0.0,100.0,0.0,0.0,0.0,0.0,1,1,1,0.3884039999684319
gebco_monterey_canyon_complex,GEBCO Monterey Canyon,correlated_bias,Correlated bias,Fixed-Spacing,Fixed,4,0.0,73,34.999999999999986,27.136959773941545,72.9222360093936,6700.516576082025,6700.516576082025,0.0,99.33333333333333,99.33333333333333,0.0,99.33333333333333,0.8148148148148147,0.8148148148148147,0.0,0.8148148148148147,1,1,1,0.0448490830603987
gebco_monterey_canyon_complex,GEBCO Monterey Canyon,correlated_bias,Correlated bias,Adaptive Spacing w/o GA,Adaptive,4,90.0,59,34.999999999999986,27.136959773941545,72.9222360093936,6656.620000000051,6656.620000000051,0.6551222668214232,100.0,100.0,0.0,100.0,0.0,0.0,0.0,0.0,1,1,1,0.6026062919991091
gebco_monterey_canyon_complex,GEBCO Monterey Canyon,correlated_bias,Correlated bias,Full Geometry-Aware Hybrid GA,Hybrid,4,90.0,59,34.999999999999986,27.136959773941545,72.9222360093936,6656.547473748718,6656.547473748718,0.6562046647307321,99.16666666666667,99.16666666666667,0.0,100.0,0.007684744332857689,0.007684744332857689,0.0,0.0,1,1,1,0.3709908330347389
gebco_monterey_canyon_complex,GEBCO Monterey Canyon,correlated_bias,Correlated bias,Fixed-Spacing,Fixed,5,0.0,73,35.0,28.043452232294072,68.60626639069233,6700.516576082025,6700.516576082025,0.0,99.33333333333333,99.33333333333333,0.0,99.33333333333333,0.8148148148148147,0.8148148148148147,0.0,0.8148148148148147,1,1,1,0.045385041972622275
gebco_monterey_canyon_complex,GEBCO Monterey Canyon,correlated_bias,Correlated bias,Adaptive Spacing w/o GA,Adaptive,5,90.0,59,35.0,28.043452232294072,68.60626639069233,6656.620000000051,6656.620000000051,0.6551222668214232,100.0,100.0,0.0,100.0,0.0,0.0,0.0,0.0,1,1,1,0.6283244169317186
gebco_monterey_canyon_complex,GEBCO Monterey Canyon,correlated_bias,Correlated bias,Full Geometry-Aware Hybrid GA,Hybrid,5,90.0,59,35.0,28.043452232294072,68.60626639069233,6656.486502297005,6656.486502297005,0.6571146162400053,100.0,100.0,0.0,100.0,0.12672119973036983,0.12672119973036983,0.0,0.0,1,1,1,0.38099291594699025
gebco_monterey_canyon_complex,GEBCO Monterey Canyon,correlated_bias,Correlated bias,Fixed-Spacing,Fixed,6,0.0,73,35.00000000000001,27.737975586302948,70.22338229222396,6700.516576082025,6700.516576082025,0.0,99.33333333333333,99.33333333333333,0.0,99.33333333333333,0.8148148148148147,0.8148148148148147,0.0,0.8148148148148147,1,1,1,0.04476487508509308
gebco_monterey_canyon_complex,GEBCO Monterey Canyon,correlated_bias,Correlated bias,Adaptive Spacing w/o GA,Adaptive,6,90.0,59,35.00000000000001,27.737975586302948,70.22338229222396,6656.620000000051,6656.620000000051,0.6551222668214232,100.0,100.0,0.0,100.0,0.0,0.0,0.0,0.0,1,1,1,0.6011957919690758
gebco_monterey_canyon_complex,GEBCO Monterey Canyon,correlated_bias,Correlated bias,Full Geometry-Aware Hybrid GA,Hybrid,6,90.0,59,35.00000000000001,27.737975586302948,70.22338229222396,6656.577842791205,6656.577842791205,0.6557514303846729,100.0,100.0,0.0,100.0,0.12859499620712966,0.12859499620712966,0.0,0.0,1,1,1,0.35542333393823355
gebco_monterey_canyon_complex,GEBCO Monterey Canyon,correlated_bias,Correlated bias,Fixed-Spacing,Fixed,7,0.0,73,35.00000000000001,27.739578979833354,67.86020274351176,6700.516576082025,6700.516576082025,0.0,99.33333333333333,99.33333333333333,0.0,99.33333333333333,0.8148148148148147,0.8148148148148147,0.0,0.8148148148148147,1,1,1,0.0447694999165833
gebco_monterey_canyon_complex,GEBCO Monterey Canyon,correlated_bias,Correlated bias,Adaptive Spacing w/o GA,Adaptive,7,90.0,59,35.00000000000001,27.739578979833354,67.86020274351176,6656.620000000051,6656.620000000051,0.6551222668214232,100.0,100.0,0.0,100.0,0.0,0.0,0.0,0.0,1,1,1,0.6001519579440355
gebco_monterey_canyon_complex,GEBCO Monterey Canyon,correlated_bias,Correlated bias,Full Geometry-Aware Hybrid GA,Hybrid,7,90.0,59,35.00000000000001,27.739578979833354,67.86020274351176,6656.613021799817,6656.613021799817,0.6552264110341051,99.16666666666667,99.16666666666667,0.0,100.0,0.010865618508658545,0.010865618508658545,0.0,0.0,1,1,1,0.3842924169730395
gebco_monterey_canyon_complex,GEBCO Monterey Canyon,correlated_bias,Correlated bias,Fixed-Spacing,Fixed,8,0.0,73,35.0,26.841322461012304,72.54075356537714,6700.516576082025,6700.516576082025,0.0,99.33333333333333,99.33333333333333,0.0,99.33333333333333,0.8148148148148147,0.8148148148148147,0.0,0.8148148148148147,1,1,1,0.04643837490584701
gebco_monterey_canyon_complex,GEBCO Monterey Canyon,correlated_bias,Correlated bias,Adaptive Spacing w/o GA,Adaptive,8,90.0,59,35.0,26.841322461012304,72.54075356537714,6656.620000000051,6656.620000000051,0.6551222668214232,100.0,100.0,0.0,100.0,0.0,0.0,0.0,0.0,1,1,1,0.6239322089822963
gebco_monterey_canyon_complex,GEBCO Monterey Canyon,correlated_bias,Correlated bias,Full Geometry-Aware Hybrid GA,Hybrid,8,90.0,59,35.0,26.841322461012304,72.54075356537714,6656.5705483833935,6656.5705483833935,0.6558602937495825,99.16666666666667,99.16666666666667,0.0,100.0,0.11610392836292135,0.11610392836292135,0.0,0.0,1,1,1,0.3701147499959916
gebco_monterey_canyon_complex,GEBCO Monterey Canyon,correlated_bias,Correlated bias,Fixed-Spacing,Fixed,9,0.0,73,35.0,28.01414413621923,67.9498727332516,6700.516576082025,6700.516576082025,0.0,99.33333333333333,99.33333333333333,0.0,99.33333333333333,0.8148148148148147,0.8148148148148147,0.0,0.8148148148148147,1,1,1,0.04606837499886751
gebco_monterey_canyon_complex,GEBCO Monterey Canyon,correlated_bias,Correlated bias,Adaptive Spacing w/o GA,Adaptive,9,90.0,59,35.0,28.01414413621923,67.9498727332516,6656.620000000051,6656.620000000051,0.6551222668214232,100.0,100.0,0.0,100.0,0.0,0.0,0.0,0.0,1,1,1,0.6161135829752311
gebco_monterey_canyon_complex,GEBCO Monterey Canyon,correlated_bias,Correlated bias,Full Geometry-Aware Hybrid GA,Hybrid,9,90.0,59,35.0,28.01414413621923,67.9498727332516,6656.531270035219,6656.531270035219,0.6564464925557312,99.16666666666667,99.16666666666667,0.0,100.0,0.19888171260447932,0.19888171260447932,0.0,0.0,1,1,1,0.3683182919630781
gebco_monterey_canyon_complex,GEBCO Monterey Canyon,correlated_bias,Correlated bias,Fixed-Spacing,Fixed,10,0.0,73,35.0,27.455519905864232,70.04039018662115,6700.516576082025,6700.516576082025,0.0,99.33333333333333,99.33333333333333,0.0,99.33333333333333,0.8148148148148147,0.8148148148148147,0.0,0.8148148148148147,1,1,1,0.04651799995917827
gebco_monterey_canyon_complex,GEBCO Monterey Canyon,correlated_bias,Correlated bias,Adaptive Spacing w/o GA,Adaptive,10,90.0,59,35.0,27.455519905864232,70.04039018662115,6656.620000000051,6656.620000000051,0.6551222668214232,100.0,100.0,0.0,100.0,0.0,0.0,0.0,0.0,1,1,1,0.6301554579986259
gebco_monterey_canyon_complex,GEBCO Monterey Canyon,correlated_bias,Correlated bias,Full Geometry-Aware Hybrid GA,Hybrid,10,90.0,59,35.0,27.455519905864232,70.04039018662115,6656.620000000051,6656.620000000051,0.6551222668214232,100.0,100.0,0.0,100.0,0.0,0.0,0.0,0.0,1,1,1,0.3605459160171449
gebco_monterey_canyon_complex,GEBCO Monterey Canyon,correlated_bias,Correlated bias,Fixed-Spacing,Fixed,11,0.0,73,35.0,27.96623030448394,69.39693628009172,6700.516576082025,6700.516576082025,0.0,99.33333333333333,99.33333333333333,0.0,99.33333333333333,0.8148148148148147,0.8148148148148147,0.0,0.8148148148148147,1,1,1,0.04339583299588412
gebco_monterey_canyon_complex,GEBCO Monterey Canyon,correlated_bias,Correlated bias,Adaptive Spacing w/o GA,Adaptive,11,90.0,59,35.0,27.96623030448394,69.39693628009172,6656.620000000051,6656.620000000051,0.6551222668214232,100.0,100.0,0.0,100.0,0.0,0.0,0.0,0.0,1,1,1,0.6012938750209287
gebco_monterey_canyon_complex,GEBCO Monterey Canyon,correlated_bias,Correlated bias,Full Geometry-Aware Hybrid GA,Hybrid,11,90.0,59,35.0,27.96623030448394,69.39693628009172,6656.605018589165,6656.605018589165,0.65534585273029,99.16666666666667,99.16666666666667,0.0,100.0,0.020773690686440117,0.020773690686440117,0.0,0.0,1,1,1,0.371028000023216
gebco_monterey_canyon_complex,GEBCO Monterey Canyon,correlated_bias,Correlated bias,Fixed-Spacing,Fixed,12,0.0,73,35.0,28.04898771432709,68.1980511871634,6700.516576082025,6700.516576082025,0.0,99.33333333333333,99.33333333333333,0.0,99.33333333333333,0.8148148148148147,0.8148148148148147,0.0,0.8148148148148147,1,1,1,0.044197874958626926
gebco_monterey_canyon_complex,GEBCO Monterey Canyon,correlated_bias,Correlated bias,Adaptive Spacing w/o GA,Adaptive,12,90.0,59,35.0,28.04898771432709,68.1980511871634,6656.620000000051,6656.620000000051,0.6551222668214232,100.0,100.0,0.0,100.0,0.0,0.0,0.0,0.0,1,1,1,0.6206520409323275
gebco_monterey_canyon_complex,GEBCO Monterey Canyon,correlated_bias,Correlated bias,Full Geometry-Aware Hybrid GA,Hybrid,12,90.0,59,35.0,28.04898771432709,68.1980511871634,6656.612269000877,6656.612269000877,0.655237645972957,99.16666666666667,99.16666666666667,0.0,100.0,0.1539267079611943,0.1539267079611943,0.0,0.0,1,1,1,0.5099847089732066
gebco_monterey_canyon_complex,GEBCO Monterey Canyon,correlated_bias,Correlated bias,Fixed-Spacing,Fixed,13,0.0,73,35.0,28.57729938771987,67.40081229744055,6700.516576082025,6700.516576082025,0.0,99.33333333333333,99.33333333333333,0.0,99.33333333333333,0.8148148148148147,0.8148148148148147,0.0,0.8148148148148147,1,1,1,0.048519209027290344
gebco_monterey_canyon_complex,GEBCO Monterey Canyon,correlated_bias,Correlated bias,Adaptive Spacing w/o GA,Adaptive,13,90.0,59,35.0,28.57729938771987,67.40081229744055,6656.620000000051,6656.620000000051,0.6551222668214232,100.0,100.0,0.0,100.0,0.0,0.0,0.0,0.0,1,1,1,0.6890155000146478
gebco_monterey_canyon_complex,GEBCO Monterey Canyon,correlated_bias,Correlated bias,Full Geometry-Aware Hybrid GA,Hybrid,13,90.0,59,35.0,28.57729938771987,67.40081229744055,6656.600344672872,6656.600344672872,0.6554156072968294,100.0,100.0,0.0,100.0,0.18360107655310753,0.18360107655310753,0.0,0.0,1,1,1,0.5082084579626098
gebco_monterey_canyon_complex,GEBCO Monterey Canyon,correlated_bias,Correlated bias,Fixed-Spacing,Fixed,14,0.0,73,34.99999999999999,27.79985297344173,70.65646713241449,6700.516576082025,6700.516576082025,0.0,99.33333333333333,99.33333333333333,0.0,99.33333333333333,0.8148148148148147,0.8148148148148147,0.0,0.8148148148148147,1,1,1,0.05967745801899582
gebco_monterey_canyon_complex,GEBCO Monterey Canyon,correlated_bias,Correlated bias,Adaptive Spacing w/o GA,Adaptive,14,90.0,59,34.99999999999999,27.79985297344173,70.65646713241449,6656.620000000051,6656.620000000051,0.6551222668214232,100.0,100.0,0.0,100.0,0.0,0.0,0.0,0.0,1,1,1,0.6101484589744359
gebco_monterey_canyon_complex,GEBCO Monterey Canyon,correlated_bias,Correlated bias,Full Geometry-Aware Hybrid GA,Hybrid,14,90.0,59,34.99999999999999,27.79985297344173,70.65646713241449,6656.620000000051,6656.620000000051,0.6551222668214232,100.0,100.0,0.0,100.0,0.0,0.0,0.0,0.0,1,1,1,0.44426254101563245
gebco_monterey_canyon_complex,GEBCO Monterey Canyon,correlated_bias,Correlated bias,Fixed-Spacing,Fixed,15,0.0,73,35.00000000000001,27.63619918508178,70.29334411991522,6700.516576082025,6700.516576082025,0.0,99.33333333333333,99.33333333333333,0.0,99.33333333333333,0.8148148148148147,0.8148148148148147,0.0,0.8148148148148147,1,1,1,0.042742416029796004
gebco_monterey_canyon_complex,GEBCO Monterey Canyon,correlated_bias,Correlated bias,Adaptive Spacing w/o GA,Adaptive,15,90.0,59,35.00000000000001,27.63619918508178,70.29334411991522,6656.620000000051,6656.620000000051,0.6551222668214232,100.0,100.0,0.0,100.0,0.0,0.0,0.0,0.0,1,1,1,0.5880268330220133
gebco_monterey_canyon_complex,GEBCO Monterey Canyon,correlated_bias,Correlated bias,Full Geometry-Aware Hybrid GA,Hybrid,15,90.0,59,35.00000000000001,27.63619918508178,70.29334411991522,6656.5126207799085,6656.5126207799085,0.6567248181907551,99.16666666666667,99.16666666666667,0.0,100.0,0.08986579629006744,0.08986579629006744,0.0,0.0,1,1,1,0.3698242499958724
gebco_monterey_canyon_complex,GEBCO Monterey Canyon,correlated_bias,Correlated bias,Fixed-Spacing,Fixed,16,0.0,73,35.0,27.396161405790437,70.10487267145345,6700.516576082025,6700.516576082025,0.0,99.33333333333333,99.33333333333333,0.0,99.33333333333333,0.8148148148148147,0.8148148148148147,0.0,0.8148148148148147,1,1,1,0.04697608400601894
gebco_monterey_canyon_complex,GEBCO Monterey Canyon,correlated_bias,Correlated bias,Adaptive Spacing w/o GA,Adaptive,16,90.0,59,35.0,27.396161405790437,70.10487267145345,6656.620000000051,6656.620000000051,0.6551222668214232,100.0,100.0,0.0,100.0,0.0,0.0,0.0,0.0,1,1,1,0.6197949170600623
gebco_monterey_canyon_complex,GEBCO Monterey Canyon,correlated_bias,Correlated bias,Full Geometry-Aware Hybrid GA,Hybrid,16,90.0,59,35.0,27.396161405790437,70.10487267145345,6656.457284226268,6656.457284226268,0.6575506732276373,99.16666666666667,99.16666666666667,0.0,100.0,0.1706374865906993,0.1706374865906993,0.0,0.0,1,1,1,0.3930611250689253
gebco_monterey_canyon_complex,GEBCO Monterey Canyon,correlated_bias,Correlated bias,Fixed-Spacing,Fixed,17,0.0,73,35.0,27.94179680261979,68.95552891644456,6700.516576082025,6700.516576082025,0.0,99.33333333333333,99.33333333333333,0.0,99.33333333333333,0.8148148148148147,0.8148148148148147,0.0,0.8148148148148147,1,1,1,0.048217125004157424
gebco_monterey_canyon_complex,GEBCO Monterey Canyon,correlated_bias,Correlated bias,Adaptive Spacing w/o GA,Adaptive,17,90.0,59,35.0,27.94179680261979,68.95552891644456,6656.620000000051,6656.620000000051,0.6551222668214232,100.0,100.0,0.0,100.0,0.0,0.0,0.0,0.0,1,1,1,0.6155961670447141
gebco_monterey_canyon_complex,GEBCO Monterey Canyon,correlated_bias,Correlated bias,Full Geometry-Aware Hybrid GA,Hybrid,17,90.0,59,35.0,27.94179680261979,68.95552891644456,6656.584803088315,6656.584803088315,0.6556475533621825,100.0,100.0,0.0,100.0,0.023072209947898787,0.023072209947898787,0.0,0.0,1,1,1,0.3415019999956712
gebco_monterey_canyon_complex,GEBCO Monterey Canyon,correlated_bias,Correlated bias,Fixed-Spacing,Fixed,18,0.0,73,35.0,27.845380926135565,68.64924812026038,6700.516576082025,6700.516576082025,0.0,99.33333333333333,99.33333333333333,0.0,99.33333333333333,0.8148148148148147,0.8148148148148147,0.0,0.8148148148148147,1,1,1,0.03977725002914667
gebco_monterey_canyon_complex,GEBCO Monterey Canyon,correlated_bias,Correlated bias,Adaptive Spacing w/o GA,Adaptive,18,90.0,59,35.0,27.845380926135565,68.64924812026038,6656.620000000051,6656.620000000051,0.6551222668214232,100.0,100.0,0.0,100.0,0.0,0.0,0.0,0.0,1,1,1,0.6074571660719812
gebco_monterey_canyon_complex,GEBCO Monterey Canyon,correlated_bias,Correlated bias,Full Geometry-Aware Hybrid GA,Hybrid,18,90.0,59,35.0,27.845380926135565,68.64924812026038,6656.48129046351,6656.48129046351,0.657192398802529,99.16666666666667,99.16666666666667,0.0,100.0,0.46446096580011725,0.46446096580011725,0.0,0.0,1,1,1,0.3591573329176754
gebco_monterey_canyon_complex,GEBCO Monterey Canyon,correlated_bias,Correlated bias,Fixed-Spacing,Fixed,19,0.0,73,35.0,27.572784386838677,68.09629454182004,6700.516576082025,6700.516576082025,0.0,99.33333333333333,99.33333333333333,0.0,99.33333333333333,0.8148148148148147,0.8148148148148147,0.0,0.8148148148148147,1,1,1,0.042062917025759816
gebco_monterey_canyon_complex,GEBCO Monterey Canyon,correlated_bias,Correlated bias,Adaptive Spacing w/o GA,Adaptive,19,90.0,59,35.0,27.572784386838677,68.09629454182004,6656.620000000051,6656.620000000051,0.6551222668214232,100.0,100.0,0.0,100.0,0.0,0.0,0.0,0.0,1,1,1,0.6051770830526948
gebco_monterey_canyon_complex,GEBCO Monterey Canyon,correlated_bias,Correlated bias,Full Geometry-Aware Hybrid GA,Hybrid,19,90.0,59,35.0,27.572784386838677,68.09629454182004,6656.588120938873,6656.588120938873,0.6555980370223652,100.0,100.0,0.0,100.0,0.002071706937115577,0.002071706937115577,0.0,0.0,1,1,1,0.3790550419362262
gebco_monterey_canyon_complex,GEBCO Monterey Canyon,slope_amplified,Slope amplified,Fixed-Spacing,Fixed,0,0.0,73,31.30531624391633,23.45049533598198,62.78613713841363,6700.516576082025,6700.516576082025,0.0,99.33333333333333,99.33333333333333,0.0,99.33333333333333,0.8148148148148147,0.8148148148148147,0.0,0.8148148148148147,1,1,1,0.037374041974544525
gebco_monterey_canyon_complex,GEBCO Monterey Canyon,slope_amplified,Slope amplified,Adaptive Spacing w/o GA,Adaptive,0,90.0,59,31.30531624391633,23.45049533598198,62.78613713841363,6656.620000000051,6656.620000000051,0.6551222668214232,100.0,100.0,0.0,100.0,0.0,0.0,0.0,0.0,1,1,1,0.5933392910519615
gebco_monterey_canyon_complex,GEBCO Monterey Canyon,slope_amplified,Slope amplified,Full Geometry-Aware Hybrid GA,Hybrid,0,90.0,59,31.30531624391633,23.45049533598198,62.78613713841363,6656.620000000051,6656.620000000051,0.6551222668214232,100.0,100.0,0.0,100.0,0.0,0.0,0.0,0.0,1,1,1,0.3649959999602288
gebco_monterey_canyon_complex,GEBCO Monterey Canyon,slope_amplified,Slope amplified,Fixed-Spacing,Fixed,1,0.0,73,29.257486238980015,22.169321423732185,57.01583612302209,6700.516576082025,6700.516576082025,0.0,99.33333333333333,99.33333333333333,0.0,99.33333333333333,0.8148148148148147,0.8148148148148147,0.0,0.8148148148148147,1,1,1,0.04286266700364649
gebco_monterey_canyon_complex,GEBCO Monterey Canyon,slope_amplified,Slope amplified,Adaptive Spacing w/o GA,Adaptive,1,90.0,59,29.257486238980015,22.169321423732185,57.01583612302209,6656.620000000051,6656.620000000051,0.6551222668214232,100.0,100.0,0.0,100.0,0.0,0.0,0.0,0.0,1,1,1,0.6066932500107214
gebco_monterey_canyon_complex,GEBCO Monterey Canyon,slope_amplified,Slope amplified,Full Geometry-Aware Hybrid GA,Hybrid,1,90.0,59,29.257486238980015,22.169321423732185,57.01583612302209,6656.620000000051,6656.620000000051,0.6551222668214232,100.0,100.0,0.0,100.0,0.0,0.0,0.0,0.0,1,1,1,0.367998042027466
gebco_monterey_canyon_complex,GEBCO Monterey Canyon,slope_amplified,Slope amplified,Fixed-Spacing,Fixed,2,0.0,73,32.011980300584106,24.46531816661735,64.84137515764094,6700.516576082025,6700.516576082025,0.0,99.33333333333333,99.33333333333333,0.0,99.33333333333333,0.8148148148148147,0.8148148148148147,0.0,0.8148148148148147,1,1,1,0.03542195807676762
gebco_monterey_canyon_complex,GEBCO Monterey Canyon,slope_amplified,Slope amplified,Adaptive Spacing w/o GA,Adaptive,2,90.0,59,32.011980300584106,24.46531816661735,64.84137515764094,6656.620000000051,6656.620000000051,0.6551222668214232,100.0,100.0,0.0,100.0,0.0,0.0,0.0,0.0,1,1,1,0.5999808330088854
gebco_monterey_canyon_complex,GEBCO Monterey Canyon,slope_amplified,Slope amplified,Full Geometry-Aware Hybrid GA,Hybrid,2,90.0,59,32.011980300584106,24.46531816661735,64.84137515764094,6656.620000000051,6656.620000000051,0.6551222668214232,100.0,100.0,0.0,100.0,0.0,0.0,0.0,0.0,1,1,1,0.3631105830427259
gebco_monterey_canyon_complex,GEBCO Monterey Canyon,slope_amplified,Slope amplified,Fixed-Spacing,Fixed,3,0.0,73,29.53652729350931,22.354966642874036,57.50386646666632,6700.516576082025,6700.516576082025,0.0,99.33333333333333,99.33333333333333,0.0,99.33333333333333,0.8148148148148147,0.8148148148148147,0.0,0.8148148148148147,1,1,1,0.04620470805093646
gebco_monterey_canyon_complex,GEBCO Monterey Canyon,slope_amplified,Slope amplified,Adaptive Spacing w/o GA,Adaptive,3,90.0,59,29.53652729350931,22.354966642874036,57.50386646666632,6656.620000000051,6656.620000000051,0.6551222668214232,100.0,100.0,0.0,100.0,0.0,0.0,0.0,0.0,1,1,1,0.5860124579630792
gebco_monterey_canyon_complex,GEBCO Monterey Canyon,slope_amplified,Slope amplified,Full Geometry-Aware Hybrid GA,Hybrid,3,90.0,59,29.53652729350931,22.354966642874036,57.50386646666632,6656.620000000051,6656.620000000051,0.6551222668214232,100.0,100.0,0.0,100.0,0.0,0.0,0.0,0.0,1,1,1,0.34782420902047306
gebco_monterey_canyon_complex,GEBCO Monterey Canyon,slope_amplified,Slope amplified,Fixed-Spacing,Fixed,4,0.0,73,32.67756996468066,25.30827532847749,61.13836912184938,6700.516576082025,6700.516576082025,0.0,99.33333333333333,99.33333333333333,0.0,99.33333333333333,0.8148148148148147,0.8148148148148147,0.0,0.8148148148148147,1,1,1,0.04617754102218896
gebco_monterey_canyon_complex,GEBCO Monterey Canyon,slope_amplified,Slope amplified,Adaptive Spacing w/o GA,Adaptive,4,90.0,59,32.67756996468066,25.30827532847749,61.13836912184938,6656.620000000051,6656.620000000051,0.6551222668214232,100.0,100.0,0.0,100.0,0.0,0.0,0.0,0.0,1,1,1,0.727918624994345
gebco_monterey_canyon_complex,GEBCO Monterey Canyon,slope_amplified,Slope amplified,Full Geometry-Aware Hybrid GA,Hybrid,4,90.0,59,32.67756996468066,25.30827532847749,61.13836912184938,6656.547473748718,6656.547473748718,0.6562046647307321,99.16666666666667,99.16666666666667,0.0,100.0,0.007684744332857689,0.007684744332857689,0.0,0.0,1,1,1,0.3765886250184849
gebco_monterey_canyon_complex,GEBCO Monterey Canyon,slope_amplified,Slope amplified,Fixed-Spacing,Fixed,5,0.0,73,29.21420386689725,22.49980026876037,58.543254212840566,6700.516576082025,6700.516576082025,0.0,99.33333333333333,99.33333333333333,0.0,99.33333333333333,0.8148148148148147,0.8148148148148147,0.0,0.8148148148148147,1,1,1,0.04168258304707706
gebco_monterey_canyon_complex,GEBCO Monterey Canyon,slope_amplified,Slope amplified,Adaptive Spacing w/o GA,Adaptive,5,90.0,59,29.21420386689725,22.49980026876037,58.543254212840566,6656.620000000051,6656.620000000051,0.6551222668214232,100.0,100.0,0.0,100.0,0.0,0.0,0.0,0.0,1,1,1,0.6144177499227226
gebco_monterey_canyon_complex,GEBCO Monterey Canyon,slope_amplified,Slope amplified,Full Geometry-Aware Hybrid GA,Hybrid,5,90.0,59,29.21420386689725,22.49980026876037,58.543254212840566,6656.486502297005,6656.486502297005,0.6571146162400053,100.0,100.0,0.0,100.0,0.12672119973036983,0.12672119973036983,0.0,0.0,1,1,1,0.3526220420608297
gebco_monterey_canyon_complex,GEBCO Monterey Canyon,slope_amplified,Slope amplified,Fixed-Spacing,Fixed,6,0.0,73,30.794984326365423,23.714955415133552,61.88299327738451,6700.516576082025,6700.516576082025,0.0,99.33333333333333,99.33333333333333,0.0,99.33333333333333,0.8148148148148147,0.8148148148148147,0.0,0.8148148148148147,1,1,1,0.04600787500385195
gebco_monterey_canyon_complex,GEBCO Monterey Canyon,slope_amplified,Slope amplified,Adaptive Spacing w/o GA,Adaptive,6,90.0,59,30.794984326365423,23.714955415133552,61.88299327738451,6656.620000000051,6656.620000000051,0.6551222668214232,100.0,100.0,0.0,100.0,0.0,0.0,0.0,0.0,1,1,1,0.6097480000462383
gebco_monterey_canyon_complex,GEBCO Monterey Canyon,slope_amplified,Slope amplified,Full Geometry-Aware Hybrid GA,Hybrid,6,90.0,59,30.794984326365423,23.714955415133552,61.88299327738451,6656.577842791205,6656.577842791205,0.6557514303846729,100.0,100.0,0.0,100.0,0.12859499620712966,0.12859499620712966,0.0,0.0,1,1,1,0.3631620839005336
gebco_monterey_canyon_complex,GEBCO Monterey Canyon,slope_amplified,Slope amplified,Fixed-Spacing,Fixed,7,0.0,73,32.12778131594827,24.167400357820927,62.95004229311614,6700.516576082025,6700.516576082025,0.0,99.33333333333333,99.33333333333333,0.0,99.33333333333333,0.8148148148148147,0.8148148148148147,0.0,0.8148148148148147,1,1,1,0.04423133295495063
gebco_monterey_canyon_complex,GEBCO Monterey Canyon,slope_amplified,Slope amplified,Adaptive Spacing w/o GA,Adaptive,7,90.0,59,32.12778131594827,24.167400357820927,62.95004229311614,6656.620000000051,6656.620000000051,0.6551222668214232,100.0,100.0,0.0,100.0,0.0,0.0,0.0,0.0,1,1,1,0.6072131670080125
gebco_monterey_canyon_complex,GEBCO Monterey Canyon,slope_amplified,Slope amplified,Full Geometry-Aware Hybrid GA,Hybrid,7,90.0,59,32.12778131594827,24.167400357820927,62.95004229311614,6656.613021799817,6656.613021799817,0.6552264110341051,99.16666666666667,99.16666666666667,0.0,100.0,0.010865618508658545,0.010865618508658545,0.0,0.0,1,1,1,0.36476345895789564
gebco_monterey_canyon_complex,GEBCO Monterey Canyon,slope_amplified,Slope amplified,Fixed-Spacing,Fixed,8,0.0,73,30.798697373732633,23.57462968549352,60.146742330420004,6700.516576082025,6700.516576082025,0.0,99.33333333333333,99.33333333333333,0.0,99.33333333333333,0.8148148148148147,0.8148148148148147,0.0,0.8148148148148147,1,1,1,0.04826408298686147
gebco_monterey_canyon_complex,GEBCO Monterey Canyon,slope_amplified,Slope amplified,Adaptive Spacing w/o GA,Adaptive,8,90.0,59,30.798697373732633,23.57462968549352,60.146742330420004,6656.620000000051,6656.620000000051,0.6551222668214232,100.0,100.0,0.0,100.0,0.0,0.0,0.0,0.0,1,1,1,0.6090241250349209
gebco_monterey_canyon_complex,GEBCO Monterey Canyon,slope_amplified,Slope amplified,Full Geometry-Aware Hybrid GA,Hybrid,8,90.0,59,30.798697373732633,23.57462968549352,60.146742330420004,6656.5705483833935,6656.5705483833935,0.6558602937495825,99.16666666666667,99.16666666666667,0.0,100.0,0.11610392836292135,0.11610392836292135,0.0,0.0,1,1,1,0.37772399990353733
gebco_monterey_canyon_complex,GEBCO Monterey Canyon,slope_amplified,Slope amplified,Fixed-Spacing,Fixed,9,0.0,73,31.67254478137377,24.155618525888634,62.263501688394754,6700.516576082025,6700.516576082025,0.0,99.33333333333333,99.33333333333333,0.0,99.33333333333333,0.8148148148148147,0.8148148148148147,0.0,0.8148148148148147,1,1,1,0.047779332962818444
gebco_monterey_canyon_complex,GEBCO Monterey Canyon,slope_amplified,Slope amplified,Adaptive Spacing w/o GA,Adaptive,9,90.0,59,31.67254478137377,24.155618525888634,62.263501688394754,6656.620000000051,6656.620000000051,0.6551222668214232,100.0,100.0,0.0,100.0,0.0,0.0,0.0,0.0,1,1,1,0.6051507079973817
gebco_monterey_canyon_complex,GEBCO Monterey Canyon,slope_amplified,Slope amplified,Full Geometry-Aware Hybrid GA,Hybrid,9,90.0,59,31.67254478137377,24.155618525888634,62.263501688394754,6656.531270035219,6656.531270035219,0.6564464925557312,99.16666666666667,99.16666666666667,0.0,100.0,0.19888171260447932,0.19888171260447932,0.0,0.0,1,1,1,0.3840956250205636
gebco_monterey_canyon_complex,GEBCO Monterey Canyon,slope_amplified,Slope amplified,Fixed-Spacing,Fixed,10,0.0,73,32.636151990245736,25.19388685925085,65.7856711029736,6700.516576082025,6700.516576082025,0.0,99.33333333333333,99.33333333333333,0.0,99.33333333333333,0.8148148148148147,0.8148148148148147,0.0,0.8148148148148147,1,1,1,0.04451466689351946
gebco_monterey_canyon_complex,GEBCO Monterey Canyon,slope_amplified,Slope amplified,Adaptive Spacing w/o GA,Adaptive,10,90.0,59,32.636151990245736,25.19388685925085,65.7856711029736,6656.620000000051,6656.620000000051,0.6551222668214232,100.0,100.0,0.0,100.0,0.0,0.0,0.0,0.0,1,1,1,0.6092509579611942
gebco_monterey_canyon_complex,GEBCO Monterey Canyon,slope_amplified,Slope amplified,Full Geometry-Aware Hybrid GA,Hybrid,10,90.0,59,32.636151990245736,25.19388685925085,65.7856711029736,6656.620000000051,6656.620000000051,0.6551222668214232,100.0,100.0,0.0,100.0,0.0,0.0,0.0,0.0,1,1,1,0.3586652090307325
gebco_monterey_canyon_complex,GEBCO Monterey Canyon,slope_amplified,Slope amplified,Fixed-Spacing,Fixed,11,0.0,73,28.363155954758458,21.028301095467683,56.96489260689063,6700.516576082025,6700.516576082025,0.0,99.33333333333333,99.33333333333333,0.0,99.33333333333333,0.8148148148148147,0.8148148148148147,0.0,0.8148148148148147,1,1,1,0.04113412497099489
gebco_monterey_canyon_complex,GEBCO Monterey Canyon,slope_amplified,Slope amplified,Adaptive Spacing w/o GA,Adaptive,11,90.0,59,28.363155954758458,21.028301095467683,56.96489260689063,6656.620000000051,6656.620000000051,0.6551222668214232,100.0,100.0,0.0,100.0,0.0,0.0,0.0,0.0,1,1,1,0.6062919580144808
gebco_monterey_canyon_complex,GEBCO Monterey Canyon,slope_amplified,Slope amplified,Full Geometry-Aware Hybrid GA,Hybrid,11,90.0,59,28.363155954758458,21.028301095467683,56.96489260689063,6656.605018589165,6656.605018589165,0.65534585273029,99.16666666666667,99.16666666666667,0.0,100.0,0.020773690686440117,0.020773690686440117,0.0,0.0,1,1,1,0.3854724580887705
gebco_monterey_canyon_complex,GEBCO Monterey Canyon,slope_amplified,Slope amplified,Fixed-Spacing,Fixed,12,0.0,73,31.497354564457414,24.779823085449642,61.697957962991346,6700.516576082025,6700.516576082025,0.0,99.33333333333333,99.33333333333333,0.0,99.33333333333333,0.8148148148148147,0.8148148148148147,0.0,0.8148148148148147,1,1,1,0.042588707990944386
gebco_monterey_canyon_complex,GEBCO Monterey Canyon,slope_amplified,Slope amplified,Adaptive Spacing w/o GA,Adaptive,12,90.0,59,31.497354564457414,24.779823085449642,61.697957962991346,6656.620000000051,6656.620000000051,0.6551222668214232,100.0,100.0,0.0,100.0,0.0,0.0,0.0,0.0,1,1,1,0.6175606249598786
gebco_monterey_canyon_complex,GEBCO Monterey Canyon,slope_amplified,Slope amplified,Full Geometry-Aware Hybrid GA,Hybrid,12,90.0,59,31.497354564457414,24.779823085449642,61.697957962991346,6656.612269000877,6656.612269000877,0.655237645972957,99.16666666666667,99.16666666666667,0.0,100.0,0.1539267079611943,0.1539267079611943,0.0,0.0,1,1,1,0.3515158750815317
gebco_monterey_canyon_complex,GEBCO Monterey Canyon,slope_amplified,Slope amplified,Fixed-Spacing,Fixed,13,0.0,73,30.249468831345187,23.32575620198597,60.10364276402338,6700.516576082025,6700.516576082025,0.0,99.33333333333333,99.33333333333333,0.0,99.33333333333333,0.8148148148148147,0.8148148148148147,0.0,0.8148148148148147,1,1,1,0.04322887503076345
gebco_monterey_canyon_complex,GEBCO Monterey Canyon,slope_amplified,Slope amplified,Adaptive Spacing w/o GA,Adaptive,13,90.0,59,30.249468831345187,23.32575620198597,60.10364276402338,6656.620000000051,6656.620000000051,0.6551222668214232,100.0,100.0,0.0,100.0,0.0,0.0,0.0,0.0,1,1,1,0.6055005829548463
gebco_monterey_canyon_complex,GEBCO Monterey Canyon,slope_amplified,Slope amplified,Full Geometry-Aware Hybrid GA,Hybrid,13,90.0,59,30.249468831345187,23.32575620198597,60.10364276402338,6656.600344672872,6656.600344672872,0.6554156072968294,100.0,100.0,0.0,100.0,0.18360107655310753,0.18360107655310753,0.0,0.0,1,1,1,0.37462041596882045
gebco_monterey_canyon_complex,GEBCO Monterey Canyon,slope_amplified,Slope amplified,Fixed-Spacing,Fixed,14,0.0,73,32.00418525289664,24.100726998870737,64.50308001362089,6700.516576082025,6700.516576082025,0.0,99.33333333333333,99.33333333333333,0.0,99.33333333333333,0.8148148148148147,0.8148148148148147,0.0,0.8148148148148147,1,1,1,0.043223542044870555
gebco_monterey_canyon_complex,GEBCO Monterey Canyon,slope_amplified,Slope amplified,Adaptive Spacing w/o GA,Adaptive,14,90.0,59,32.00418525289664,24.100726998870737,64.50308001362089,6656.620000000051,6656.620000000051,0.6551222668214232,100.0,100.0,0.0,100.0,0.0,0.0,0.0,0.0,1,1,1,0.6139557920396328
gebco_monterey_canyon_complex,GEBCO Monterey Canyon,slope_amplified,Slope amplified,Full Geometry-Aware Hybrid GA,Hybrid,14,90.0,59,32.00418525289664,24.100726998870737,64.50308001362089,6656.620000000051,6656.620000000051,0.6551222668214232,100.0,100.0,0.0,100.0,0.0,0.0,0.0,0.0,1,1,1,0.37419212504755706
gebco_monterey_canyon_complex,GEBCO Monterey Canyon,slope_amplified,Slope amplified,Fixed-Spacing,Fixed,15,0.0,73,30.62669666985558,23.339846576675036,58.843309735110005,6700.516576082025,6700.516576082025,0.0,99.33333333333333,99.33333333333333,0.0,99.33333333333333,0.8148148148148147,0.8148148148148147,0.0,0.8148148148148147,1,1,1,0.04258083296008408
gebco_monterey_canyon_complex,GEBCO Monterey Canyon,slope_amplified,Slope amplified,Adaptive Spacing w/o GA,Adaptive,15,90.0,59,30.62669666985558,23.339846576675036,58.843309735110005,6656.620000000051,6656.620000000051,0.6551222668214232,100.0,100.0,0.0,100.0,0.0,0.0,0.0,0.0,1,1,1,0.6128611670574173
gebco_monterey_canyon_complex,GEBCO Monterey Canyon,slope_amplified,Slope amplified,Full Geometry-Aware Hybrid GA,Hybrid,15,90.0,59,30.62669666985558,23.339846576675036,58.843309735110005,6656.5126207799085,6656.5126207799085,0.6567248181907551,99.16666666666667,99.16666666666667,0.0,100.0,0.08986579629006744,0.08986579629006744,0.0,0.0,1,1,1,0.36960008402820677
gebco_monterey_canyon_complex,GEBCO Monterey Canyon,slope_amplified,Slope amplified,Fixed-Spacing,Fixed,16,0.0,73,30.953030030198118,23.177244725596744,64.43212387947985,6700.516576082025,6700.516576082025,0.0,99.33333333333333,99.33333333333333,0.0,99.33333333333333,0.8148148148148147,0.8148148148148147,0.0,0.8148148148148147,1,1,1,0.04283337504602969
gebco_monterey_canyon_complex,GEBCO Monterey Canyon,slope_amplified,Slope amplified,Adaptive Spacing w/o GA,Adaptive,16,90.0,59,30.953030030198118,23.177244725596744,64.43212387947985,6656.620000000051,6656.620000000051,0.6551222668214232,100.0,100.0,0.0,100.0,0.0,0.0,0.0,0.0,1,1,1,0.6062152080703527
gebco_monterey_canyon_complex,GEBCO Monterey Canyon,slope_amplified,Slope amplified,Full Geometry-Aware Hybrid GA,Hybrid,16,90.0,59,30.953030030198118,23.177244725596744,64.43212387947985,6656.457284226268,6656.457284226268,0.6575506732276373,99.16666666666667,99.16666666666667,0.0,100.0,0.1706374865906993,0.1706374865906993,0.0,0.0,1,1,1,0.4088392499834299
gebco_monterey_canyon_complex,GEBCO Monterey Canyon,slope_amplified,Slope amplified,Fixed-Spacing,Fixed,17,0.0,73,31.176354172807585,23.30707739492358,62.85561062818601,6700.516576082025,6700.516576082025,0.0,99.33333333333333,99.33333333333333,0.0,99.33333333333333,0.8148148148148147,0.8148148148148147,0.0,0.8148148148148147,1,1,1,0.0362264160066843
gebco_monterey_canyon_complex,GEBCO Monterey Canyon,slope_amplified,Slope amplified,Adaptive Spacing w/o GA,Adaptive,17,90.0,59,31.176354172807585,23.30707739492358,62.85561062818601,6656.620000000051,6656.620000000051,0.6551222668214232,100.0,100.0,0.0,100.0,0.0,0.0,0.0,0.0,1,1,1,0.6177757919067517
gebco_monterey_canyon_complex,GEBCO Monterey Canyon,slope_amplified,Slope amplified,Full Geometry-Aware Hybrid GA,Hybrid,17,90.0,59,31.176354172807585,23.30707739492358,62.85561062818601,6656.584803088315,6656.584803088315,0.6556475533621825,100.0,100.0,0.0,100.0,0.023072209947898787,0.023072209947898787,0.0,0.0,1,1,1,0.3664295830531046
gebco_monterey_canyon_complex,GEBCO Monterey Canyon,slope_amplified,Slope amplified,Fixed-Spacing,Fixed,18,0.0,73,30.604422629035728,23.30911862938185,59.50102711862735,6700.516576082025,6700.516576082025,0.0,99.33333333333333,99.33333333333333,0.0,99.33333333333333,0.8148148148148147,0.8148148148148147,0.0,0.8148148148148147,1,1,1,0.042023791000247
gebco_monterey_canyon_complex,GEBCO Monterey Canyon,slope_amplified,Slope amplified,Adaptive Spacing w/o GA,Adaptive,18,90.0,59,30.604422629035728,23.30911862938185,59.50102711862735,6656.620000000051,6656.620000000051,0.6551222668214232,100.0,100.0,0.0,100.0,0.0,0.0,0.0,0.0,1,1,1,0.5997953750193119
gebco_monterey_canyon_complex,GEBCO Monterey Canyon,slope_amplified,Slope amplified,Full Geometry-Aware Hybrid GA,Hybrid,18,90.0,59,30.604422629035728,23.30911862938185,59.50102711862735,6656.48129046351,6656.48129046351,0.657192398802529,99.16666666666667,99.16666666666667,0.0,100.0,0.46446096580011725,0.46446096580011725,0.0,0.0,1,1,1,0.3394325409317389
gebco_monterey_canyon_complex,GEBCO Monterey Canyon,slope_amplified,Slope amplified,Fixed-Spacing,Fixed,19,0.0,73,30.977748421787194,23.70951847741741,61.3473173100352,6700.516576082025,6700.516576082025,0.0,99.33333333333333,99.33333333333333,0.0,99.33333333333333,0.8148148148148147,0.8148148148148147,0.0,0.8148148148148147,1,1,1,0.04276712494902313
gebco_monterey_canyon_complex,GEBCO Monterey Canyon,slope_amplified,Slope amplified,Adaptive Spacing w/o GA,Adaptive,19,90.0,59,30.977748421787194,23.70951847741741,61.3473173100352,6656.620000000051,6656.620000000051,0.6551222668214232,100.0,100.0,0.0,100.0,0.0,0.0,0.0,0.0,1,1,1,0.6101823329227045
gebco_monterey_canyon_complex,GEBCO Monterey Canyon,slope_amplified,Slope amplified,Full Geometry-Aware Hybrid GA,Hybrid,19,90.0,59,30.977748421787194,23.70951847741741,61.3473173100352,6656.588120938873,6656.588120938873,0.6555980370223652,100.0,100.0,0.0,100.0,0.002071706937115577,0.002071706937115577,0.0,0.0,1,1,1,0.3386285420274362
gebco_monterey_canyon_complex,GEBCO Monterey Canyon,canyon_wall_bias,Local wall bias,Fixed-Spacing,Fixed,0,0.0,73,24.68522075938452,18.2554445994431,51.327299128409564,6700.516576082025,6700.516576082025,0.0,99.33333333333333,99.33333333333333,0.0,99.33333333333333,0.8148148148148147,0.8148148148148147,0.0,0.8148148148148147,1,1,1,0.04284008301328868
gebco_monterey_canyon_complex,GEBCO Monterey Canyon,canyon_wall_bias,Local wall bias,Adaptive Spacing w/o GA,Adaptive,0,90.0,59,24.68522075938452,18.2554445994431,51.327299128409564,6656.620000000051,6656.620000000051,0.6551222668214232,100.0,100.0,0.0,100.0,0.0,0.0,0.0,0.0,1,1,1,0.6065657079452649
gebco_monterey_canyon_complex,GEBCO Monterey Canyon,canyon_wall_bias,Local wall bias,Full Geometry-Aware Hybrid GA,Hybrid,0,90.0,59,24.68522075938452,18.2554445994431,51.327299128409564,6656.620000000051,6656.620000000051,0.6551222668214232,100.0,100.0,0.0,100.0,0.0,0.0,0.0,0.0,1,1,1,0.37323637504596263
gebco_monterey_canyon_complex,GEBCO Monterey Canyon,canyon_wall_bias,Local wall bias,Fixed-Spacing,Fixed,1,0.0,73,23.695521891749305,17.61924464079864,48.46793462298183,6700.516576082025,6700.516576082025,0.0,99.33333333333333,99.33333333333333,0.0,99.33333333333333,0.8148148148148147,0.8148148148148147,0.0,0.8148148148148147,1,1,1,0.04643204191233963
gebco_monterey_canyon_complex,GEBCO Monterey Canyon,canyon_wall_bias,Local wall bias,Adaptive Spacing w/o GA,Adaptive,1,90.0,59,23.695521891749305,17.61924464079864,48.46793462298183,6656.620000000051,6656.620000000051,0.6551222668214232,100.0,100.0,0.0,100.0,0.0,0.0,0.0,0.0,1,1,1,0.60565212497022
gebco_monterey_canyon_complex,GEBCO Monterey Canyon,canyon_wall_bias,Local wall bias,Full Geometry-Aware Hybrid GA,Hybrid,1,90.0,59,23.695521891749305,17.61924464079864,48.46793462298183,6656.620000000051,6656.620000000051,0.6551222668214232,100.0,100.0,0.0,100.0,0.0,0.0,0.0,0.0,1,1,1,0.3501455840887502
gebco_monterey_canyon_complex,GEBCO Monterey Canyon,canyon_wall_bias,Local wall bias,Fixed-Spacing,Fixed,2,0.0,73,26.767360354635507,20.321188754063108,55.50885628127651,6700.516576082025,6700.516576082025,0.0,99.33333333333333,99.33333333333333,0.0,99.33333333333333,0.8148148148148147,0.8148148148148147,0.0,0.8148148148148147,1,1,1,0.04388999997172505
gebco_monterey_canyon_complex,GEBCO Monterey Canyon,canyon_wall_bias,Local wall bias,Adaptive Spacing w/o GA,Adaptive,2,90.0,59,26.767360354635507,20.321188754063108,55.50885628127651,6656.620000000051,6656.620000000051,0.6551222668214232,100.0,100.0,0.0,100.0,0.0,0.0,0.0,0.0,1,1,1,0.6089126250008121
gebco_monterey_canyon_complex,GEBCO Monterey Canyon,canyon_wall_bias,Local wall bias,Full Geometry-Aware Hybrid GA,Hybrid,2,90.0,59,26.767360354635507,20.321188754063108,55.50885628127651,6656.620000000051,6656.620000000051,0.6551222668214232,100.0,100.0,0.0,100.0,0.0,0.0,0.0,0.0,1,1,1,0.36590862495359033
gebco_monterey_canyon_complex,GEBCO Monterey Canyon,canyon_wall_bias,Local wall bias,Fixed-Spacing,Fixed,3,0.0,73,26.366938797079715,19.801422929336297,52.68987867365414,6700.516576082025,6700.516576082025,0.0,99.33333333333333,99.33333333333333,0.0,99.33333333333333,0.8148148148148147,0.8148148148148147,0.0,0.8148148148148147,1,1,1,0.04230549989733845
gebco_monterey_canyon_complex,GEBCO Monterey Canyon,canyon_wall_bias,Local wall bias,Adaptive Spacing w/o GA,Adaptive,3,90.0,59,26.366938797079715,19.801422929336297,52.68987867365414,6656.620000000051,6656.620000000051,0.6551222668214232,100.0,100.0,0.0,100.0,0.0,0.0,0.0,0.0,1,1,1,0.6174435829743743
gebco_monterey_canyon_complex,GEBCO Monterey Canyon,canyon_wall_bias,Local wall bias,Full Geometry-Aware Hybrid GA,Hybrid,3,90.0,59,26.366938797079715,19.801422929336297,52.68987867365414,6656.620000000051,6656.620000000051,0.6551222668214232,100.0,100.0,0.0,100.0,0.0,0.0,0.0,0.0,1,1,1,0.3812597499927506
gebco_monterey_canyon_complex,GEBCO Monterey Canyon,canyon_wall_bias,Local wall bias,Fixed-Spacing,Fixed,4,0.0,73,25.014817351785176,17.91400406630247,51.69135338999117,6700.516576082025,6700.516576082025,0.0,99.33333333333333,99.33333333333333,0.0,99.33333333333333,0.8148148148148147,0.8148148148148147,0.0,0.8148148148148147,1,1,1,0.041610750020481646
gebco_monterey_canyon_complex,GEBCO Monterey Canyon,canyon_wall_bias,Local wall bias,Adaptive Spacing w/o GA,Adaptive,4,90.0,59,25.014817351785176,17.91400406630247,51.69135338999117,6656.620000000051,6656.620000000051,0.6551222668214232,100.0,100.0,0.0,100.0,0.0,0.0,0.0,0.0,1,1,1,0.6111475420184433
gebco_monterey_canyon_complex,GEBCO Monterey Canyon,canyon_wall_bias,Local wall bias,Full Geometry-Aware Hybrid GA,Hybrid,4,90.0,59,25.014817351785176,17.91400406630247,51.69135338999117,6656.547473748718,6656.547473748718,0.6562046647307321,99.16666666666667,99.16666666666667,0.0,100.0,0.007684744332857689,0.007684744332857689,0.0,0.0,1,1,1,0.37166349997278303
gebco_monterey_canyon_complex,GEBCO Monterey Canyon,canyon_wall_bias,Local wall bias,Fixed-Spacing,Fixed,5,0.0,73,25.469581114465647,19.46799502344508,51.75186417438021,6700.516576082025,6700.516576082025,0.0,99.33333333333333,99.33333333333333,0.0,99.33333333333333,0.8148148148148147,0.8148148148148147,0.0,0.8148148148148147,1,1,1,0.04628274997230619
gebco_monterey_canyon_complex,GEBCO Monterey Canyon,canyon_wall_bias,Local wall bias,Adaptive Spacing w/o GA,Adaptive,5,90.0,59,25.469581114465647,19.46799502344508,51.75186417438021,6656.620000000051,6656.620000000051,0.6551222668214232,100.0,100.0,0.0,100.0,0.0,0.0,0.0,0.0,1,1,1,0.6085769159253687
gebco_monterey_canyon_complex,GEBCO Monterey Canyon,canyon_wall_bias,Local wall bias,Full Geometry-Aware Hybrid GA,Hybrid,5,90.0,59,25.469581114465647,19.46799502344508,51.75186417438021,6656.486502297005,6656.486502297005,0.6571146162400053,100.0,100.0,0.0,100.0,0.12672119973036983,0.12672119973036983,0.0,0.0,1,1,1,0.3581956250127405
gebco_monterey_canyon_complex,GEBCO Monterey Canyon,canyon_wall_bias,Local wall bias,Fixed-Spacing,Fixed,6,0.0,73,28.17329531066209,19.888127942702962,53.01163199738648,6700.516576082025,6700.516576082025,0.0,99.33333333333333,99.33333333333333,0.0,99.33333333333333,0.8148148148148147,0.8148148148148147,0.0,0.8148148148148147,1,1,1,0.04181941598653793
gebco_monterey_canyon_complex,GEBCO Monterey Canyon,canyon_wall_bias,Local wall bias,Adaptive Spacing w/o GA,Adaptive,6,90.0,59,28.17329531066209,19.888127942702962,53.01163199738648,6656.620000000051,6656.620000000051,0.6551222668214232,100.0,100.0,0.0,100.0,0.0,0.0,0.0,0.0,1,1,1,0.6052609579637647
gebco_monterey_canyon_complex,GEBCO Monterey Canyon,canyon_wall_bias,Local wall bias,Full Geometry-Aware Hybrid GA,Hybrid,6,90.0,59,28.17329531066209,19.888127942702962,53.01163199738648,6656.577842791205,6656.577842791205,0.6557514303846729,100.0,100.0,0.0,100.0,0.12859499620712966,0.12859499620712966,0.0,0.0,1,1,1,0.3885593340964988
gebco_monterey_canyon_complex,GEBCO Monterey Canyon,canyon_wall_bias,Local wall bias,Fixed-Spacing,Fixed,7,0.0,73,26.0822191959794,19.157633200313555,53.54678856861116,6700.516576082025,6700.516576082025,0.0,99.33333333333333,99.33333333333333,0.0,99.33333333333333,0.8148148148148147,0.8148148148148147,0.0,0.8148148148148147,1,1,1,0.04463520797435194
gebco_monterey_canyon_complex,GEBCO Monterey Canyon,canyon_wall_bias,Local wall bias,Adaptive Spacing w/o GA,Adaptive,7,90.0,59,26.0822191959794,19.157633200313555,53.54678856861116,6656.620000000051,6656.620000000051,0.6551222668214232,100.0,100.0,0.0,100.0,0.0,0.0,0.0,0.0,1,1,1,0.6638766250107437
gebco_monterey_canyon_complex,GEBCO Monterey Canyon,canyon_wall_bias,Local wall bias,Full Geometry-Aware Hybrid GA,Hybrid,7,90.0,59,26.0822191959794,19.157633200313555,53.54678856861116,6656.613021799817,6656.613021799817,0.6552264110341051,99.16666666666667,99.16666666666667,0.0,100.0,0.010865618508658545,0.010865618508658545,0.0,0.0,1,1,1,0.3787459160666913
gebco_monterey_canyon_complex,GEBCO Monterey Canyon,canyon_wall_bias,Local wall bias,Fixed-Spacing,Fixed,8,0.0,73,27.30456462697873,20.450316537775965,52.94342047614549,6700.516576082025,6700.516576082025,0.0,99.33333333333333,99.33333333333333,0.0,99.33333333333333,0.8148148148148147,0.8148148148148147,0.0,0.8148148148148147,1,1,1,0.04195733298547566
gebco_monterey_canyon_complex,GEBCO Monterey Canyon,canyon_wall_bias,Local wall bias,Adaptive Spacing w/o GA,Adaptive,8,90.0,59,27.30456462697873,20.450316537775965,52.94342047614549,6656.620000000051,6656.620000000051,0.6551222668214232,100.0,100.0,0.0,100.0,0.0,0.0,0.0,0.0,1,1,1,0.5916985829826444
gebco_monterey_canyon_complex,GEBCO Monterey Canyon,canyon_wall_bias,Local wall bias,Full Geometry-Aware Hybrid GA,Hybrid,8,90.0,59,27.30456462697873,20.450316537775965,52.94342047614549,6656.5705483833935,6656.5705483833935,0.6558602937495825,99.16666666666667,99.16666666666667,0.0,100.0,0.11610392836292135,0.11610392836292135,0.0,0.0,1,1,1,0.4382789999945089
gebco_monterey_canyon_complex,GEBCO Monterey Canyon,canyon_wall_bias,Local wall bias,Fixed-Spacing,Fixed,9,0.0,73,27.35959406470974,20.101737931583507,56.70203135768848,6700.516576082025,6700.516576082025,0.0,99.33333333333333,99.33333333333333,0.0,99.33333333333333,0.8148148148148147,0.8148148148148147,0.0,0.8148148148148147,1,1,1,0.04553787491749972
gebco_monterey_canyon_complex,GEBCO Monterey Canyon,canyon_wall_bias,Local wall bias,Adaptive Spacing w/o GA,Adaptive,9,90.0,59,27.35959406470974,20.101737931583507,56.70203135768848,6656.620000000051,6656.620000000051,0.6551222668214232,100.0,100.0,0.0,100.0,0.0,0.0,0.0,0.0,1,1,1,0.6271968339569867
gebco_monterey_canyon_complex,GEBCO Monterey Canyon,canyon_wall_bias,Local wall bias,Full Geometry-Aware Hybrid GA,Hybrid,9,90.0,59,27.35959406470974,20.101737931583507,56.70203135768848,6656.531270035219,6656.531270035219,0.6564464925557312,99.16666666666667,99.16666666666667,0.0,100.0,0.19888171260447932,0.19888171260447932,0.0,0.0,1,1,1,0.34670454205479473
gebco_monterey_canyon_complex,GEBCO Monterey Canyon,canyon_wall_bias,Local wall bias,Fixed-Spacing,Fixed,10,0.0,73,37.823332849042195,23.52943735350068,75.18931931557808,6700.516576082025,6700.516576082025,0.0,99.33333333333333,99.33333333333333,0.0,99.33333333333333,0.8148148148148147,0.8148148148148147,0.0,0.8148148148148147,1,1,1,0.04206695896573365
gebco_monterey_canyon_complex,GEBCO Monterey Canyon,canyon_wall_bias,Local wall bias,Adaptive Spacing w/o GA,Adaptive,10,90.0,59,37.823332849042195,23.52943735350068,75.18931931557808,6656.620000000051,6656.620000000051,0.6551222668214232,100.0,100.0,0.0,100.0,0.0,0.0,0.0,0.0,1,1,1,0.6063505419297144
gebco_monterey_canyon_complex,GEBCO Monterey Canyon,canyon_wall_bias,Local wall bias,Full Geometry-Aware Hybrid GA,Hybrid,10,90.0,59,37.823332849042195,23.52943735350068,75.18931931557808,6656.620000000051,6656.620000000051,0.6551222668214232,100.0,100.0,0.0,100.0,0.0,0.0,0.0,0.0,1,1,1,0.37895237503107637
gebco_monterey_canyon_complex,GEBCO Monterey Canyon,canyon_wall_bias,Local wall bias,Fixed-Spacing,Fixed,11,0.0,73,29.646403714979904,21.168219185070043,63.097570081874686,6700.516576082025,6700.516576082025,0.0,99.33333333333333,99.33333333333333,0.0,99.33333333333333,0.8148148148148147,0.8148148148148147,0.0,0.8148148148148147,1,1,1,0.04172120802104473
gebco_monterey_canyon_complex,GEBCO Monterey Canyon,canyon_wall_bias,Local wall bias,Adaptive Spacing w/o GA,Adaptive,11,90.0,59,29.646403714979904,21.168219185070043,63.097570081874686,6656.620000000051,6656.620000000051,0.6551222668214232,100.0,100.0,0.0,100.0,0.0,0.0,0.0,0.0,1,1,1,0.5953362910076976
gebco_monterey_canyon_complex,GEBCO Monterey Canyon,canyon_wall_bias,Local wall bias,Full Geometry-Aware Hybrid GA,Hybrid,11,90.0,59,29.646403714979904,21.168219185070043,63.097570081874686,6656.605018589165,6656.605018589165,0.65534585273029,99.16666666666667,99.16666666666667,0.0,100.0,0.020773690686440117,0.020773690686440117,0.0,0.0,1,1,1,0.3689642910612747
gebco_monterey_canyon_complex,GEBCO Monterey Canyon,canyon_wall_bias,Local wall bias,Fixed-Spacing,Fixed,12,0.0,73,27.494450152976725,19.934665346432766,55.36554851701331,6700.516576082025,6700.516576082025,0.0,99.33333333333333,99.33333333333333,0.0,99.33333333333333,0.8148148148148147,0.8148148148148147,0.0,0.8148148148148147,1,1,1,0.042446124949492514
gebco_monterey_canyon_complex,GEBCO Monterey Canyon,canyon_wall_bias,Local wall bias,Adaptive Spacing w/o GA,Adaptive,12,90.0,59,27.494450152976725,19.934665346432766,55.36554851701331,6656.620000000051,6656.620000000051,0.6551222668214232,100.0,100.0,0.0,100.0,0.0,0.0,0.0,0.0,1,1,1,0.6402191249653697
gebco_monterey_canyon_complex,GEBCO Monterey Canyon,canyon_wall_bias,Local wall bias,Full Geometry-Aware Hybrid GA,Hybrid,12,90.0,59,27.494450152976725,19.934665346432766,55.36554851701331,6656.612269000877,6656.612269000877,0.655237645972957,99.16666666666667,99.16666666666667,0.0,100.0,0.1539267079611943,0.1539267079611943,0.0,0.0,1,1,1,0.37269520899280906
gebco_monterey_canyon_complex,GEBCO Monterey Canyon,canyon_wall_bias,Local wall bias,Fixed-Spacing,Fixed,13,0.0,73,26.482874584656773,20.051522347804173,54.502788013345615,6700.516576082025,6700.516576082025,0.0,99.33333333333333,99.33333333333333,0.0,99.33333333333333,0.8148148148148147,0.8148148148148147,0.0,0.8148148148148147,1,1,1,0.04144929093308747
gebco_monterey_canyon_complex,GEBCO Monterey Canyon,canyon_wall_bias,Local wall bias,Adaptive Spacing w/o GA,Adaptive,13,90.0,59,26.482874584656773,20.051522347804173,54.502788013345615,6656.620000000051,6656.620000000051,0.6551222668214232,100.0,100.0,0.0,100.0,0.0,0.0,0.0,0.0,1,1,1,0.6038337090285495
gebco_monterey_canyon_complex,GEBCO Monterey Canyon,canyon_wall_bias,Local wall bias,Full Geometry-Aware Hybrid GA,Hybrid,13,90.0,59,26.482874584656773,20.051522347804173,54.502788013345615,6656.600344672872,6656.600344672872,0.6554156072968294,100.0,100.0,0.0,100.0,0.18360107655310753,0.18360107655310753,0.0,0.0,1,1,1,0.3532897080294788
gebco_monterey_canyon_complex,GEBCO Monterey Canyon,canyon_wall_bias,Local wall bias,Fixed-Spacing,Fixed,14,0.0,73,27.404070351711855,20.11459276498214,54.21981363914469,6700.516576082025,6700.516576082025,0.0,99.33333333333333,99.33333333333333,0.0,99.33333333333333,0.8148148148148147,0.8148148148148147,0.0,0.8148148148148147,1,1,1,0.0370816660579294
gebco_monterey_canyon_complex,GEBCO Monterey Canyon,canyon_wall_bias,Local wall bias,Adaptive Spacing w/o GA,Adaptive,14,90.0,59,27.404070351711855,20.11459276498214,54.21981363914469,6656.620000000051,6656.620000000051,0.6551222668214232,100.0,100.0,0.0,100.0,0.0,0.0,0.0,0.0,1,1,1,0.7010389170609415
gebco_monterey_canyon_complex,GEBCO Monterey Canyon,canyon_wall_bias,Local wall bias,Full Geometry-Aware Hybrid GA,Hybrid,14,90.0,59,27.404070351711855,20.11459276498214,54.21981363914469,6656.620000000051,6656.620000000051,0.6551222668214232,100.0,100.0,0.0,100.0,0.0,0.0,0.0,0.0,1,1,1,0.4198735411046073
gebco_monterey_canyon_complex,GEBCO Monterey Canyon,canyon_wall_bias,Local wall bias,Fixed-Spacing,Fixed,15,0.0,73,25.982443223639887,18.871194540307595,51.702369506302325,6700.516576082025,6700.516576082025,0.0,99.33333333333333,99.33333333333333,0.0,99.33333333333333,0.8148148148148147,0.8148148148148147,0.0,0.8148148148148147,1,1,1,0.04677779204212129
gebco_monterey_canyon_complex,GEBCO Monterey Canyon,canyon_wall_bias,Local wall bias,Adaptive Spacing w/o GA,Adaptive,15,90.0,59,25.982443223639887,18.871194540307595,51.702369506302325,6656.620000000051,6656.620000000051,0.6551222668214232,100.0,100.0,0.0,100.0,0.0,0.0,0.0,0.0,1,1,1,0.6292850419413298
gebco_monterey_canyon_complex,GEBCO Monterey Canyon,canyon_wall_bias,Local wall bias,Full Geometry-Aware Hybrid GA,Hybrid,15,90.0,59,25.982443223639887,18.871194540307595,51.702369506302325,6656.5126207799085,6656.5126207799085,0.6567248181907551,99.16666666666667,99.16666666666667,0.0,100.0,0.08986579629006744,0.08986579629006744,0.0,0.0,1,1,1,0.39299054199364036
gebco_monterey_canyon_complex,GEBCO Monterey Canyon,canyon_wall_bias,Local wall bias,Fixed-Spacing,Fixed,16,0.0,73,27.444063943485773,20.151776507058653,60.017733596776075,6700.516576082025,6700.516576082025,0.0,99.33333333333333,99.33333333333333,0.0,99.33333333333333,0.8148148148148147,0.8148148148148147,0.0,0.8148148148148147,1,1,1,0.040452666929923
gebco_monterey_canyon_complex,GEBCO Monterey Canyon,canyon_wall_bias,Local wall bias,Adaptive Spacing w/o GA,Adaptive,16,90.0,59,27.444063943485773,20.151776507058653,60.017733596776075,6656.620000000051,6656.620000000051,0.6551222668214232,100.0,100.0,0.0,100.0,0.0,0.0,0.0,0.0,1,1,1,0.609576833085157
gebco_monterey_canyon_complex,GEBCO Monterey Canyon,canyon_wall_bias,Local wall bias,Full Geometry-Aware Hybrid GA,Hybrid,16,90.0,59,27.444063943485773,20.151776507058653,60.017733596776075,6656.457284226268,6656.457284226268,0.6575506732276373,99.16666666666667,99.16666666666667,0.0,100.0,0.1706374865906993,0.1706374865906993,0.0,0.0,1,1,1,0.3689307920867577
gebco_monterey_canyon_complex,GEBCO Monterey Canyon,canyon_wall_bias,Local wall bias,Fixed-Spacing,Fixed,17,0.0,73,26.057856049762123,19.26528041267082,54.020338474515,6700.516576082025,6700.516576082025,0.0,99.33333333333333,99.33333333333333,0.0,99.33333333333333,0.8148148148148147,0.8148148148148147,0.0,0.8148148148148147,1,1,1,0.047549957991577685
gebco_monterey_canyon_complex,GEBCO Monterey Canyon,canyon_wall_bias,Local wall bias,Adaptive Spacing w/o GA,Adaptive,17,90.0,59,26.057856049762123,19.26528041267082,54.020338474515,6656.620000000051,6656.620000000051,0.6551222668214232,100.0,100.0,0.0,100.0,0.0,0.0,0.0,0.0,1,1,1,0.6088636249769479
gebco_monterey_canyon_complex,GEBCO Monterey Canyon,canyon_wall_bias,Local wall bias,Full Geometry-Aware Hybrid GA,Hybrid,17,90.0,59,26.057856049762123,19.26528041267082,54.020338474515,6656.584803088315,6656.584803088315,0.6556475533621825,100.0,100.0,0.0,100.0,0.023072209947898787,0.023072209947898787,0.0,0.0,1,1,1,0.3756171250715852
gebco_monterey_canyon_complex,GEBCO Monterey Canyon,canyon_wall_bias,Local wall bias,Fixed-Spacing,Fixed,18,0.0,73,28.21239392666876,20.261581565469957,60.40807632563207,6700.516576082025,6700.516576082025,0.0,99.33333333333333,99.33333333333333,0.0,99.33333333333333,0.8148148148148147,0.8148148148148147,0.0,0.8148148148148147,1,1,1,0.040288499905727804
gebco_monterey_canyon_complex,GEBCO Monterey Canyon,canyon_wall_bias,Local wall bias,Adaptive Spacing w/o GA,Adaptive,18,90.0,59,28.21239392666876,20.261581565469957,60.40807632563207,6656.620000000051,6656.620000000051,0.6551222668214232,100.0,100.0,0.0,100.0,0.0,0.0,0.0,0.0,1,1,1,0.603029791964218
gebco_monterey_canyon_complex,GEBCO Monterey Canyon,canyon_wall_bias,Local wall bias,Full Geometry-Aware Hybrid GA,Hybrid,18,90.0,59,28.21239392666876,20.261581565469957,60.40807632563207,6656.48129046351,6656.48129046351,0.657192398802529,99.16666666666667,99.16666666666667,0.0,100.0,0.46446096580011725,0.46446096580011725,0.0,0.0,1,1,1,0.36845174990594387
gebco_monterey_canyon_complex,GEBCO Monterey Canyon,canyon_wall_bias,Local wall bias,Fixed-Spacing,Fixed,19,0.0,73,25.629228015440336,19.561474256515588,52.95307430344831,6700.516576082025,6700.516576082025,0.0,99.33333333333333,99.33333333333333,0.0,99.33333333333333,0.8148148148148147,0.8148148148148147,0.0,0.8148148148148147,1,1,1,0.04356804199051112
gebco_monterey_canyon_complex,GEBCO Monterey Canyon,canyon_wall_bias,Local wall bias,Adaptive Spacing w/o GA,Adaptive,19,90.0,59,25.629228015440336,19.561474256515588,52.95307430344831,6656.620000000051,6656.620000000051,0.6551222668214232,100.0,100.0,0.0,100.0,0.0,0.0,0.0,0.0,1,1,1,0.6110625839792192
gebco_monterey_canyon_complex,GEBCO Monterey Canyon,canyon_wall_bias,Local wall bias,Full Geometry-Aware Hybrid GA,Hybrid,19,90.0,59,25.629228015440336,19.561474256515588,52.95307430344831,6656.588120938873,6656.588120938873,0.6555980370223652,100.0,100.0,0.0,100.0,0.002071706937115577,0.002071706937115577,0.0,0.0,1,1,1,0.37199237500317395
usgs_southern_cascadia_30m_high,USGS Cascadia 30 m High,nominal,Nominal,Fixed-Spacing,Fixed,0,0.0,12,0.0,0.0,0.0,97.254304852,97.254304852,0.0,97.2,97.2,0.0,97.2,29.960005980349994,29.960005980349994,0.0,29.960005980349994,0,0,0,0.014919499983079731
usgs_southern_cascadia_30m_high,USGS Cascadia 30 m High,nominal,Nominal,Adaptive Spacing w/o GA,Adaptive,0,135.0,12,0.0,0.0,0.0,73.89166194729708,73.89166194729708,24.02221982898938,98.55000000000001,98.55000000000001,0.0,98.55000000000001,2.2372345564469054,2.2372345564469054,0.0,2.2372345564469054,1,1,1,0.44683008291758597
usgs_southern_cascadia_30m_high,USGS Cascadia 30 m High,nominal,Nominal,Full Geometry-Aware Hybrid GA,Hybrid,0,135.0,12,0.0,0.0,0.0,72.8691042136253,72.8691042136253,25.073646534704757,98.55000000000001,98.55000000000001,0.0,98.55000000000001,1.5733972802907423,1.5733972802907423,0.0,1.5733972802907423,1,1,1,0.15394183399621397
usgs_southern_cascadia_30m_high,USGS Cascadia 30 m High,nominal,Nominal,Fixed-Spacing,Fixed,1,0.0,12,0.0,0.0,0.0,97.254304852,97.254304852,0.0,97.2,97.2,0.0,97.2,29.960005980349994,29.960005980349994,0.0,29.960005980349994,0,0,0,0.013978458009660244
usgs_southern_cascadia_30m_high,USGS Cascadia 30 m High,nominal,Nominal,Adaptive Spacing w/o GA,Adaptive,1,135.0,12,0.0,0.0,0.0,73.89166194729708,73.89166194729708,24.02221982898938,98.55000000000001,98.55000000000001,0.0,98.55000000000001,2.2372345564469054,2.2372345564469054,0.0,2.2372345564469054,1,1,1,0.4422142090043053
usgs_southern_cascadia_30m_high,USGS Cascadia 30 m High,nominal,Nominal,Full Geometry-Aware Hybrid GA,Hybrid,1,135.0,12,0.0,0.0,0.0,72.82287786481395,72.82287786481395,25.121177951315783,98.36111111111111,98.36111111111111,0.0,98.55000000000001,1.6199860002956463,1.6199860002956463,0.0,1.5733972802907423,1,1,1,0.15990958304610103
usgs_southern_cascadia_30m_high,USGS Cascadia 30 m High,nominal,Nominal,Fixed-Spacing,Fixed,2,0.0,12,0.0,0.0,0.0,97.254304852,97.254304852,0.0,97.2,97.2,0.0,97.2,29.960005980349994,29.960005980349994,0.0,29.960005980349994,0,0,0,0.0179751249961555
usgs_southern_cascadia_30m_high,USGS Cascadia 30 m High,nominal,Nominal,Adaptive Spacing w/o GA,Adaptive,2,135.0,12,0.0,0.0,0.0,73.89166194729708,73.89166194729708,24.02221982898938,98.55000000000001,98.55000000000001,0.0,98.55000000000001,2.2372345564469054,2.2372345564469054,0.0,2.2372345564469054,1,1,1,0.43697924993466586
usgs_southern_cascadia_30m_high,USGS Cascadia 30 m High,nominal,Nominal,Full Geometry-Aware Hybrid GA,Hybrid,2,135.0,12,0.0,0.0,0.0,72.80812097767209,72.80812097767209,25.13635145665759,98.56111111111112,98.56111111111112,0.0,98.55000000000001,1.7080085212686391,1.7080085212686391,0.0,1.5733972802907423,1,1,1,0.1369126250501722
usgs_southern_cascadia_30m_high,USGS Cascadia 30 m High,nominal,Nominal,Fixed-Spacing,Fixed,3,0.0,12,0.0,0.0,0.0,97.254304852,97.254304852,0.0,97.2,97.2,0.0,97.2,29.960005980349994,29.960005980349994,0.0,29.960005980349994,0,0,0,0.01578591694124043
usgs_southern_cascadia_30m_high,USGS Cascadia 30 m High,nominal,Nominal,Adaptive Spacing w/o GA,Adaptive,3,135.0,12,0.0,0.0,0.0,73.89166194729708,73.89166194729708,24.02221982898938,98.55000000000001,98.55000000000001,0.0,98.55000000000001,2.2372345564469054,2.2372345564469054,0.0,2.2372345564469054,1,1,1,0.42703020793851465
usgs_southern_cascadia_30m_high,USGS Cascadia 30 m High,nominal,Nominal,Full Geometry-Aware Hybrid GA,Hybrid,3,135.0,12,0.0,0.0,0.0,72.89191814761692,72.89191814761692,25.05018851500441,98.47777777777777,98.47777777777777,0.0,98.55000000000001,1.6277879701442524,1.6277879701442524,0.0,1.5733972802907423,1,1,1,0.15962408296763897
usgs_southern_cascadia_30m_high,USGS Cascadia 30 m High,nominal,Nominal,Fixed-Spacing,Fixed,4,0.0,12,0.0,0.0,0.0,97.254304852,97.254304852,0.0,97.2,97.2,0.0,97.2,29.960005980349994,29.960005980349994,0.0,29.960005980349994,0,0,0,0.014146374887786806
usgs_southern_cascadia_30m_high,USGS Cascadia 30 m High,nominal,Nominal,Adaptive Spacing w/o GA,Adaptive,4,135.0,12,0.0,0.0,0.0,73.89166194729708,73.89166194729708,24.02221982898938,98.55000000000001,98.55000000000001,0.0,98.55000000000001,2.2372345564469054,2.2372345564469054,0.0,2.2372345564469054,1,1,1,0.444593874970451
usgs_southern_cascadia_30m_high,USGS Cascadia 30 m High,nominal,Nominal,Full Geometry-Aware Hybrid GA,Hybrid,4,135.0,12,0.0,0.0,0.0,72.8274563288153,72.8274563288153,25.116470227572012,98.30555555555556,98.30555555555556,0.0,98.55000000000001,1.7791855028587769,1.7791855028587769,0.0,1.5733972802907423,1,1,1,0.1449827499454841
usgs_southern_cascadia_30m_high,USGS Cascadia 30 m High,nominal,Nominal,Fixed-Spacing,Fixed,5,0.0,12,0.0,0.0,0.0,97.254304852,97.254304852,0.0,97.2,97.2,0.0,97.2,29.960005980349994,29.960005980349994,0.0,29.960005980349994,0,0,0,0.011843167012557387
usgs_southern_cascadia_30m_high,USGS Cascadia 30 m High,nominal,Nominal,Adaptive Spacing w/o GA,Adaptive,5,135.0,12,0.0,0.0,0.0,73.89166194729708,73.89166194729708,24.02221982898938,98.55000000000001,98.55000000000001,0.0,98.55000000000001,2.2372345564469054,2.2372345564469054,0.0,2.2372345564469054,1,1,1,0.43682604108471423
usgs_southern_cascadia_30m_high,USGS Cascadia 30 m High,nominal,Nominal,Full Geometry-Aware Hybrid GA,Hybrid,5,135.0,12,0.0,0.0,0.0,72.95644847296327,72.95644847296327,24.98383636180713,98.50555555555556,98.50555555555556,0.0,98.55000000000001,1.736070561734954,1.736070561734954,0.0,1.5733972802907423,1,1,1,0.1414902500109747
usgs_southern_cascadia_30m_high,USGS Cascadia 30 m High,nominal,Nominal,Fixed-Spacing,Fixed,6,0.0,12,0.0,0.0,0.0,97.254304852,97.254304852,0.0,97.2,97.2,0.0,97.2,29.960005980349994,29.960005980349994,0.0,29.960005980349994,0,0,0,0.016071790945716202
usgs_southern_cascadia_30m_high,USGS Cascadia 30 m High,nominal,Nominal,Adaptive Spacing w/o GA,Adaptive,6,135.0,12,0.0,0.0,0.0,73.89166194729708,73.89166194729708,24.02221982898938,98.55000000000001,98.55000000000001,0.0,98.55000000000001,2.2372345564469054,2.2372345564469054,0.0,2.2372345564469054,1,1,1,0.4522022920427844
usgs_southern_cascadia_30m_high,USGS Cascadia 30 m High,nominal,Nominal,Full Geometry-Aware Hybrid GA,Hybrid,6,135.0,12,0.0,0.0,0.0,72.93477107272396,72.93477107272396,25.006125760998554,98.19444444444444,98.19444444444444,0.0,98.55000000000001,1.770516194005536,1.770516194005536,0.0,1.5733972802907423,1,1,1,0.1552593749947846
usgs_southern_cascadia_30m_high,USGS Cascadia 30 m High,nominal,Nominal,Fixed-Spacing,Fixed,7,0.0,12,0.0,0.0,0.0,97.254304852,97.254304852,0.0,97.2,97.2,0.0,97.2,29.960005980349994,29.960005980349994,0.0,29.960005980349994,0,0,0,0.011001541977748275
usgs_southern_cascadia_30m_high,USGS Cascadia 30 m High,nominal,Nominal,Adaptive Spacing w/o GA,Adaptive,7,135.0,12,0.0,0.0,0.0,73.89166194729708,73.89166194729708,24.02221982898938,98.55000000000001,98.55000000000001,0.0,98.55000000000001,2.2372345564469054,2.2372345564469054,0.0,2.2372345564469054,1,1,1,0.44081666599959135
usgs_southern_cascadia_30m_high,USGS Cascadia 30 m High,nominal,Nominal,Full Geometry-Aware Hybrid GA,Hybrid,7,135.0,12,0.0,0.0,0.0,72.83345975790567,72.83345975790567,25.110297308954678,98.35000000000001,98.35000000000001,0.0,98.55000000000001,1.8400067095661061,1.8400067095661061,0.0,1.5733972802907423,1,1,1,0.16427516704425216
usgs_southern_cascadia_30m_high,USGS Cascadia 30 m High,nominal,Nominal,Fixed-Spacing,Fixed,8,0.0,12,0.0,0.0,0.0,97.254304852,97.254304852,0.0,97.2,97.2,0.0,97.2,29.960005980349994,29.960005980349994,0.0,29.960005980349994,0,0,0,0.01514124998357147
usgs_southern_cascadia_30m_high,USGS Cascadia 30 m High,nominal,Nominal,Adaptive Spacing w/o GA,Adaptive,8,135.0,12,0.0,0.0,0.0,73.89166194729708,73.89166194729708,24.02221982898938,98.55000000000001,98.55000000000001,0.0,98.55000000000001,2.2372345564469054,2.2372345564469054,0.0,2.2372345564469054,1,1,1,0.4409368329215795
usgs_southern_cascadia_30m_high,USGS Cascadia 30 m High,nominal,Nominal,Full Geometry-Aware Hybrid GA,Hybrid,8,135.0,12,0.0,0.0,0.0,72.05220703025746,72.05220703025746,25.9136064569015,98.53888888888889,98.53888888888889,0.0,98.55000000000001,1.4185772851411391,1.4185772851411391,0.0,1.5733972802907423,1,1,1,0.14998720795847476
usgs_southern_cascadia_30m_high,USGS Cascadia 30 m High,nominal,Nominal,Fixed-Spacing,Fixed,9,0.0,12,0.0,0.0,0.0,97.254304852,97.254304852,0.0,97.2,97.2,0.0,97.2,29.960005980349994,29.960005980349994,0.0,29.960005980349994,0,0,0,0.012343625072389841
usgs_southern_cascadia_30m_high,USGS Cascadia 30 m High,nominal,Nominal,Adaptive Spacing w/o GA,Adaptive,9,135.0,12,0.0,0.0,0.0,73.89166194729708,73.89166194729708,24.02221982898938,98.55000000000001,98.55000000000001,0.0,98.55000000000001,2.2372345564469054,2.2372345564469054,0.0,2.2372345564469054,1,1,1,0.4409125839592889
usgs_southern_cascadia_30m_high,USGS Cascadia 30 m High,nominal,Nominal,Full Geometry-Aware Hybrid GA,Hybrid,9,135.0,12,0.0,0.0,0.0,73.29008914467052,73.29008914467052,24.640776306815244,98.6,98.6,0.0,98.55000000000001,1.893664716167038,1.893664716167038,0.0,1.5733972802907423,1,1,1,0.16616091702599078
usgs_southern_cascadia_30m_high,USGS Cascadia 30 m High,nominal,Nominal,Fixed-Spacing,Fixed,10,0.0,12,0.0,0.0,0.0,97.254304852,97.254304852,0.0,97.2,97.2,0.0,97.2,29.960005980349994,29.960005980349994,0.0,29.960005980349994,0,0,0,0.015688917017541826
usgs_southern_cascadia_30m_high,USGS Cascadia 30 m High,nominal,Nominal,Adaptive Spacing w/o GA,Adaptive,10,135.0,12,0.0,0.0,0.0,73.89166194729708,73.89166194729708,24.02221982898938,98.55000000000001,98.55000000000001,0.0,98.55000000000001,2.2372345564469054,2.2372345564469054,0.0,2.2372345564469054,1,1,1,0.4417494588997215
usgs_southern_cascadia_30m_high,USGS Cascadia 30 m High,nominal,Nominal,Full Geometry-Aware Hybrid GA,Hybrid,10,135.0,12,0.0,0.0,0.0,72.61834453794481,72.61834453794481,25.331485687493004,98.35555555555555,98.35555555555555,0.0,98.55000000000001,1.681630963814628,1.681630963814628,0.0,1.5733972802907423,1,1,1,0.14700566604733467
usgs_southern_cascadia_30m_high,USGS Cascadia 30 m High,nominal,Nominal,Fixed-Spacing,Fixed,11,0.0,12,0.0,0.0,0.0,97.254304852,97.254304852,0.0,97.2,97.2,0.0,97.2,29.960005980349994,29.960005980349994,0.0,29.960005980349994,0,0,0,0.016208166955038905
usgs_southern_cascadia_30m_high,USGS Cascadia 30 m High,nominal,Nominal,Adaptive Spacing w/o GA,Adaptive,11,135.0,12,0.0,0.0,0.0,73.89166194729708,73.89166194729708,24.02221982898938,98.55000000000001,98.55000000000001,0.0,98.55000000000001,2.2372345564469054,2.2372345564469054,0.0,2.2372345564469054,1,1,1,0.43534933403134346
usgs_southern_cascadia_30m_high,USGS Cascadia 30 m High,nominal,Nominal,Full Geometry-Aware Hybrid GA,Hybrid,11,135.0,12,0.0,0.0,0.0,72.81315520307494,72.81315520307494,25.131175104402008,98.39444444444445,98.39444444444445,0.0,98.55000000000001,1.9875495407912183,1.9875495407912183,0.0,1.5733972802907423,1,1,1,0.14387154194992036
usgs_southern_cascadia_30m_high,USGS Cascadia 30 m High,nominal,Nominal,Fixed-Spacing,Fixed,12,0.0,12,0.0,0.0,0.0,97.254304852,97.254304852,0.0,97.2,97.2,0.0,97.2,29.960005980349994,29.960005980349994,0.0,29.960005980349994,0,0,0,0.013558292062953115
usgs_southern_cascadia_30m_high,USGS Cascadia 30 m High,nominal,Nominal,Adaptive Spacing w/o GA,Adaptive,12,135.0,12,0.0,0.0,0.0,73.89166194729708,73.89166194729708,24.02221982898938,98.55000000000001,98.55000000000001,0.0,98.55000000000001,2.2372345564469054,2.2372345564469054,0.0,2.2372345564469054,1,1,1,0.44347491604276
usgs_southern_cascadia_30m_high,USGS Cascadia 30 m High,nominal,Nominal,Full Geometry-Aware Hybrid GA,Hybrid,12,135.0,12,0.0,0.0,0.0,72.83533779034457,72.83533779034457,25.108366255679705,98.48333333333333,98.48333333333333,0.0,98.55000000000001,1.5408598141880474,1.5408598141880474,0.0,1.5733972802907423,1,1,1,0.15258383401669562
usgs_southern_cascadia_30m_high,USGS Cascadia 30 m High,nominal,Nominal,Fixed-Spacing,Fixed,13,0.0,12,0.0,0.0,0.0,97.254304852,97.254304852,0.0,97.2,97.2,0.0,97.2,29.960005980349994,29.960005980349994,0.0,29.960005980349994,0,0,0,0.01447712501976639
usgs_southern_cascadia_30m_high,USGS Cascadia 30 m High,nominal,Nominal,Adaptive Spacing w/o GA,Adaptive,13,135.0,12,0.0,0.0,0.0,73.89166194729708,73.89166194729708,24.02221982898938,98.55000000000001,98.55000000000001,0.0,98.55000000000001,2.2372345564469054,2.2372345564469054,0.0,2.2372345564469054,1,1,1,0.4325761670479551
usgs_southern_cascadia_30m_high,USGS Cascadia 30 m High,nominal,Nominal,Full Geometry-Aware Hybrid GA,Hybrid,13,135.0,12,0.0,0.0,0.0,73.1180153002585,73.1180153002585,24.817708160550534,98.43888888888888,98.43888888888888,0.0,98.55000000000001,1.6062124674236713,1.6062124674236713,0.0,1.5733972802907423,1,1,1,0.1471545830136165
usgs_southern_cascadia_30m_high,USGS Cascadia 30 m High,nominal,Nominal,Fixed-Spacing,Fixed,14,0.0,12,0.0,0.0,0.0,97.254304852,97.254304852,0.0,97.2,97.2,0.0,97.2,29.960005980349994,29.960005980349994,0.0,29.960005980349994,0,0,0,0.01447412499692291
usgs_southern_cascadia_30m_high,USGS Cascadia 30 m High,nominal,Nominal,Adaptive Spacing w/o GA,Adaptive,14,135.0,12,0.0,0.0,0.0,73.89166194729708,73.89166194729708,24.02221982898938,98.55000000000001,98.55000000000001,0.0,98.55000000000001,2.2372345564469054,2.2372345564469054,0.0,2.2372345564469054,1,1,1,0.4639997499762103
usgs_southern_cascadia_30m_high,USGS Cascadia 30 m High,nominal,Nominal,Full Geometry-Aware Hybrid GA,Hybrid,14,135.0,12,0.0,0.0,0.0,72.95418637617745,72.95418637617745,24.986162322379535,98.34444444444445,98.34444444444445,0.0,98.55000000000001,1.8043885549914942,1.8043885549914942,0.0,1.5733972802907423,1,1,1,0.1589658330194652
usgs_southern_cascadia_30m_high,USGS Cascadia 30 m High,nominal,Nominal,Fixed-Spacing,Fixed,15,0.0,12,0.0,0.0,0.0,97.254304852,97.254304852,0.0,97.2,97.2,0.0,97.2,29.960005980349994,29.960005980349994,0.0,29.960005980349994,0,0,0,0.01729958306532353
usgs_southern_cascadia_30m_high,USGS Cascadia 30 m High,nominal,Nominal,Adaptive Spacing w/o GA,Adaptive,15,135.0,12,0.0,0.0,0.0,73.89166194729708,73.89166194729708,24.02221982898938,98.55000000000001,98.55000000000001,0.0,98.55000000000001,2.2372345564469054,2.2372345564469054,0.0,2.2372345564469054,1,1,1,0.42179599998053163
usgs_southern_cascadia_30m_high,USGS Cascadia 30 m High,nominal,Nominal,Full Geometry-Aware Hybrid GA,Hybrid,15,135.0,12,0.0,0.0,0.0,73.1571030444804,73.1571030444804,24.77751688646619,98.42222222222222,98.42222222222222,0.0,98.55000000000001,2.0223229190098486,2.0223229190098486,0.0,1.5733972802907423,1,1,1,0.17299616697710007
usgs_southern_cascadia_30m_high,USGS Cascadia 30 m High,nominal,Nominal,Fixed-Spacing,Fixed,16,0.0,12,0.0,0.0,0.0,97.254304852,97.254304852,0.0,97.2,97.2,0.0,97.2,29.960005980349994,29.960005980349994,0.0,29.960005980349994,0,0,0,0.016113667050376534
usgs_southern_cascadia_30m_high,USGS Cascadia 30 m High,nominal,Nominal,Adaptive Spacing w/o GA,Adaptive,16,135.0,12,0.0,0.0,0.0,73.89166194729708,73.89166194729708,24.02221982898938,98.55000000000001,98.55000000000001,0.0,98.55000000000001,2.2372345564469054,2.2372345564469054,0.0,2.2372345564469054,1,1,1,0.42722449998836964
usgs_southern_cascadia_30m_high,USGS Cascadia 30 m High,nominal,Nominal,Full Geometry-Aware Hybrid GA,Hybrid,16,135.0,12,0.0,0.0,0.0,72.86601720047472,72.86601720047472,25.076820700779244,98.57777777777777,98.57777777777777,0.0,98.55000000000001,1.6849787312957163,1.6849787312957163,0.0,1.5733972802907423,1,1,1,0.15625645802356303
usgs_southern_cascadia_30m_high,USGS Cascadia 30 m High,nominal,Nominal,Fixed-Spacing,Fixed,17,0.0,12,0.0,0.0,0.0,97.254304852,97.254304852,0.0,97.2,97.2,0.0,97.2,29.960005980349994,29.960005980349994,0.0,29.960005980349994,0,0,0,0.01559187495149672
usgs_southern_cascadia_30m_high,USGS Cascadia 30 m High,nominal,Nominal,Adaptive Spacing w/o GA,Adaptive,17,135.0,12,0.0,0.0,0.0,73.89166194729708,73.89166194729708,24.02221982898938,98.55000000000001,98.55000000000001,0.0,98.55000000000001,2.2372345564469054,2.2372345564469054,0.0,2.2372345564469054,1,1,1,0.4368398330407217
usgs_southern_cascadia_30m_high,USGS Cascadia 30 m High,nominal,Nominal,Full Geometry-Aware Hybrid GA,Hybrid,17,135.0,12,0.0,0.0,0.0,73.00941769395924,73.00941769395924,24.9293717074388,98.42777777777778,98.42777777777778,0.0,98.55000000000001,1.720388523343908,1.720388523343908,0.0,1.5733972802907423,1,1,1,0.1429031250299886
usgs_southern_cascadia_30m_high,USGS Cascadia 30 m High,nominal,Nominal,Fixed-Spacing,Fixed,18,0.0,12,0.0,0.0,0.0,97.254304852,97.254304852,0.0,97.2,97.2,0.0,97.2,29.960005980349994,29.960005980349994,0.0,29.960005980349994,0,0,0,0.012713250005617738
usgs_southern_cascadia_30m_high,USGS Cascadia 30 m High,nominal,Nominal,Adaptive Spacing w/o GA,Adaptive,18,135.0,12,0.0,0.0,0.0,73.89166194729708,73.89166194729708,24.02221982898938,98.55000000000001,98.55000000000001,0.0,98.55000000000001,2.2372345564469054,2.2372345564469054,0.0,2.2372345564469054,1,1,1,0.43350074999034405
usgs_southern_cascadia_30m_high,USGS Cascadia 30 m High,nominal,Nominal,Full Geometry-Aware Hybrid GA,Hybrid,18,135.0,12,0.0,0.0,0.0,73.37333893638746,73.37333893638746,24.555176197037458,98.47222222222223,98.47222222222223,0.0,98.55000000000001,1.8978835703264179,1.8978835703264179,0.0,1.5733972802907423,1,1,1,0.15409741702023894
usgs_southern_cascadia_30m_high,USGS Cascadia 30 m High,nominal,Nominal,Fixed-Spacing,Fixed,19,0.0,12,0.0,0.0,0.0,97.254304852,97.254304852,0.0,97.2,97.2,0.0,97.2,29.960005980349994,29.960005980349994,0.0,29.960005980349994,0,0,0,0.01488554198294878
usgs_southern_cascadia_30m_high,USGS Cascadia 30 m High,nominal,Nominal,Adaptive Spacing w/o GA,Adaptive,19,135.0,12,0.0,0.0,0.0,73.89166194729708,73.89166194729708,24.02221982898938,98.55000000000001,98.55000000000001,0.0,98.55000000000001,2.2372345564469054,2.2372345564469054,0.0,2.2372345564469054,1,1,1,0.43605629191733897
usgs_southern_cascadia_30m_high,USGS Cascadia 30 m High,nominal,Nominal,Full Geometry-Aware Hybrid GA,Hybrid,19,135.0,12,0.0,0.0,0.0,73.03307620106013,73.03307620106013,24.905045270540306,98.40555555555555,98.40555555555555,0.0,98.55000000000001,1.7226591781908376,1.7226591781908376,0.0,1.5733972802907423,1,1,1,0.13653474999591708
usgs_southern_cascadia_30m_high,USGS Cascadia 30 m High,correlated_bias,Correlated bias,Fixed-Spacing,Fixed,0,0.0,11,35.0,27.781455109712475,68.17595461924395,89.792687676,89.792687676,7.672274443126163,96.10555555555555,96.78888888888889,-0.6833333333333371,97.2,24.899699812047533,24.6326758178387,-0.2670239942088344,29.960005980349994,0,0,0,0.011519000050611794
usgs_southern_cascadia_30m_high,USGS Cascadia 30 m High,correlated_bias,Correlated bias,Adaptive Spacing w/o GA,Adaptive,0,135.0,12,35.0,27.781455109712475,68.17595461924395,73.63075076967972,73.63075076967972,24.290497082129388,98.94444444444444,99.00555555555556,-0.06111111111111711,98.55000000000001,2.6776172269499785,2.2205275888267515,-0.457089638123227,2.2372345564469054,1,1,1,0.4339030000846833
usgs_southern_cascadia_30m_high,USGS Cascadia 30 m High,correlated_bias,Correlated bias,Full Geometry-Aware Hybrid GA,Hybrid,0,135.0,12,35.0,27.781455109712475,68.17595461924395,72.29201269664142,72.29201269664142,25.667030568308295,98.04444444444445,98.38333333333334,-0.3388888888888886,98.55000000000001,1.4076498583025858,0.9518706632142115,-0.4557791950883743,1.5733972802907423,1,1,1,0.16291966603603214
usgs_southern_cascadia_30m_high,USGS Cascadia 30 m High,correlated_bias,Correlated bias,Fixed-Spacing,Fixed,1,0.0,12,35.0,27.90323898208067,68.60640028535778,97.259331456,97.259331456,-0.005168515684363173,96.91666666666666,97.21666666666667,-0.30000000000001137,97.2,29.42273290055134,29.452703221041077,0.029970320489738356,29.960005980349994,0,0,0,0.017095915973186493
usgs_southern_cascadia_30m_high,USGS Cascadia 30 m High,correlated_bias,Correlated bias,Adaptive Spacing w/o GA,Adaptive,1,135.0,13,35.0,27.90323898208067,68.60640028535778,74.25721226341432,74.25721226341432,23.646349252696098,98.59444444444443,99.09444444444443,-0.5,98.55000000000001,1.877698741853415,1.8044043532506473,-0.07329438860276771,2.2372345564469054,1,1,1,0.4365938750561327
usgs_southern_cascadia_30m_high,USGS Cascadia 30 m High,correlated_bias,Correlated bias,Full Geometry-Aware Hybrid GA,Hybrid,1,135.0,13,35.0,27.90323898208067,68.60640028535778,73.06021356408195,73.06021356408195,24.8771417622451,98.45,98.78888888888889,-0.3388888888888886,98.55000000000001,1.5483945949990185,1.4398672528339795,-0.10852734216503901,1.5733972802907423,1,1,1,0.170303332968615
usgs_southern_cascadia_30m_high,USGS Cascadia 30 m High,correlated_bias,Correlated bias,Fixed-Spacing,Fixed,2,0.0,11,35.0,28.128211091210446,68.4724944782659,89.758859522,89.758859522,7.707057637609414,96.88888888888889,96.53333333333333,0.3555555555555543,97.2,26.348988190096193,26.11465083520489,-0.23433735489130214,29.960005980349994,0,0,0,0.011562875006347895
usgs_southern_cascadia_30m_high,USGS Cascadia 30 m High,correlated_bias,Correlated bias,Adaptive Spacing w/o GA,Adaptive,2,135.0,12,35.0,28.128211091210446,68.4724944782659,73.67420287464076,73.67420287464076,24.245818232152356,98.47222222222223,98.86111111111111,-0.38888888888888573,98.55000000000001,2.900699182696544,2.2244091940528734,-0.6762899886436706,2.2372345564469054,1,1,1,0.43282979202922434
usgs_southern_cascadia_30m_high,USGS Cascadia 30 m High,correlated_bias,Correlated bias,Full Geometry-Aware Hybrid GA,Hybrid,2,135.0,12,35.0,28.128211091210446,68.4724944782659,72.66447122734102,72.66447122734102,25.284056743893636,98.33333333333333,98.73888888888888,-0.40555555555555145,98.55000000000001,2.4183887061613647,1.6685005369997505,-0.7498881691616142,1.5733972802907423,1,1,1,0.14337862492538989
usgs_southern_cascadia_30m_high,USGS Cascadia 30 m High,correlated_bias,Correlated bias,Fixed-Spacing,Fixed,3,0.0,12,34.99999999999999,27.36332062316323,70.27592492249573,97.254945076,97.254945076,-0.000658298880413147,96.64444444444445,97.13888888888889,-0.49444444444444,97.2,29.845042695413795,29.8953754118677,0.050332716453905135,29.960005980349994,0,0,0,0.01159129198640585
usgs_southern_cascadia_30m_high,USGS Cascadia 30 m High,correlated_bias,Correlated bias,Adaptive Spacing w/o GA,Adaptive,3,135.0,13,34.99999999999999,27.36332062316323,70.27592492249573,75.90335821101375,75.90335821101375,21.953729116132976,98.23888888888888,98.91666666666666,-0.6777777777777771,98.55000000000001,2.9306563744116554,2.7131067132789832,-0.21754966113267216,2.2372345564469054,1,1,1,0.4457727080443874
usgs_southern_cascadia_30m_high,USGS Cascadia 30 m High,correlated_bias,Correlated bias,Full Geometry-Aware Hybrid GA,Hybrid,3,135.0,13,34.99999999999999,27.36332062316323,70.27592492249573,75.1752669205361,75.1752669205361,22.70237596686688,98.32777777777778,99.05000000000001,-0.7222222222222285,98.55000000000001,2.4607108835565223,2.097231650846071,-0.36347923271045124,1.5733972802907423,1,1,1,0.15716212498955429
usgs_southern_cascadia_30m_high,USGS Cascadia 30 m High,correlated_bias,Correlated bias,Fixed-Spacing,Fixed,4,0.0,11,35.0,28.06457027791855,67.8107491362316,89.79873182,89.79873182,7.666059660131006,96.19444444444444,96.62222222222222,-0.42777777777777715,97.2,25.066957109964367,24.496986933968564,-0.5699701759958025,29.960005980349994,0,0,0,0.015234249993227422
usgs_southern_cascadia_30m_high,USGS Cascadia 30 m High,correlated_bias,Correlated bias,Adaptive Spacing w/o GA,Adaptive,4,135.0,12,35.0,28.06457027791855,67.8107491362316,72.40519799901779,72.40519799901779,25.55064980495946,98.62222222222222,99.06111111111112,-0.4388888888888971,98.55000000000001,1.9436244508858354,1.5998702194346792,-0.34375423145115613,2.2372345564469054,1,1,1,0.43480670801363885
usgs_southern_cascadia_30m_high,USGS Cascadia 30 m High,correlated_bias,Correlated bias,Full Geometry-Aware Hybrid GA,Hybrid,4,135.0,12,35.0,28.06457027791855,67.8107491362316,71.74476471607676,71.74476471607676,26.229728519208727,98.58333333333333,98.79444444444444,-0.21111111111110858,98.55000000000001,1.6076682045967692,1.1216640779993994,-0.4860041265973698,1.5733972802907423,1,1,1,0.16774487495422363
usgs_southern_cascadia_30m_high,USGS Cascadia 30 m High,correlated_bias,Correlated bias,Fixed-Spacing,Fixed,5,0.0,12,35.0,27.9564005586332,67.9889358006044,97.21640322799999,97.21640322799999,0.0389716671747252,96.01111111111112,96.53888888888889,-0.5277777777777715,97.2,30.94592489126926,31.084772782002286,0.13884789073302528,29.960005980349994,0,0,0,0.014125125017017126
usgs_southern_cascadia_30m_high,USGS Cascadia 30 m High,correlated_bias,Correlated bias,Adaptive Spacing w/o GA,Adaptive,5,135.0,13,35.0,27.9564005586332,67.9889358006044,75.75021615373315,75.75021615373315,22.111194698261862,98.37222222222223,98.87222222222222,-0.4999999999999858,98.55000000000001,3.1255378110988525,2.950710103367914,-0.17482770773093836,2.2372345564469054,0,1,1,0.44299066602252424
usgs_southern_cascadia_30m_high,USGS Cascadia 30 m High,correlated_bias,Correlated bias,Full Geometry-Aware Hybrid GA,Hybrid,5,135.0,13,35.0,27.9564005586332,67.9889358006044,74.44041415289935,74.44041415289935,23.457975185590456,98.02777777777779,98.85555555555555,-0.8277777777777686,98.55000000000001,2.3280944528270826,2.0393864671261914,-0.2887079857008912,1.5733972802907423,1,1,1,0.15962616598699242
usgs_southern_cascadia_30m_high,USGS Cascadia 30 m High,correlated_bias,Correlated bias,Fixed-Spacing,Fixed,6,0.0,11,35.00000000000001,27.687416649145344,69.07598963678993,89.7978048,89.7978048,7.66701285187035,95.90555555555555,96.63888888888889,-0.7333333333333343,97.2,24.85535830516638,24.520264341585786,-0.3350939635805936,29.960005980349994,0,0,0,0.014453040901571512
usgs_southern_cascadia_30m_high,USGS Cascadia 30 m High,correlated_bias,Correlated bias,Adaptive Spacing w/o GA,Adaptive,6,135.0,13,35.00000000000001,27.687416649145344,69.07598963678993,74.68015520859468,74.68015520859468,23.211465731782553,98.62777777777778,99.04444444444445,-0.4166666666666714,98.55000000000001,2.3891723292215747,2.1431348961823797,-0.246037433039195,2.2372345564469054,1,1,1,0.4379121249075979
usgs_southern_cascadia_30m_high,USGS Cascadia 30 m High,correlated_bias,Correlated bias,Full Geometry-Aware Hybrid GA,Hybrid,6,135.0,13,35.00000000000001,27.687416649145344,69.07598963678993,72.01266620794847,72.01266620794847,25.954263600427602,98.02222222222223,98.29444444444444,-0.2722222222222115,98.55000000000001,1.5519383455388553,1.492880968394468,-0.05905737714438741,1.5733972802907423,1,1,1,0.16132966696750373
usgs_southern_cascadia_30m_high,USGS Cascadia 30 m High,correlated_bias,Correlated bias,Fixed-Spacing,Fixed,7,0.0,11,35.0,27.92749404340408,68.58029029902224,89.79067929,89.79067929,7.674339530119542,96.38888888888889,96.74444444444444,-0.3555555555555543,97.2,25.182401937067475,24.690199398969913,-0.49220253809756187,29.960005980349994,0,0,0,0.016474708914756775
usgs_southern_cascadia_30m_high,USGS Cascadia 30 m High,correlated_bias,Correlated bias,Adaptive Spacing w/o GA,Adaptive,7,135.0,13,35.0,27.92749404340408,68.58029029902224,74.87682317532256,74.87682317532256,23.00924541153333,98.65555555555555,99.16666666666667,-0.51111111111112,98.55000000000001,2.8278932452265275,2.2420891645071124,-0.5858040807194151,2.2372345564469054,1,1,1,0.44929904199671
usgs_southern_cascadia_30m_high,USGS Cascadia 30 m High,correlated_bias,Correlated bias,Full Geometry-Aware Hybrid GA,Hybrid,7,135.0,13,35.0,27.92749404340408,68.58029029902224,73.20950017130492,73.20950017130492,24.723640477700258,98.36666666666667,98.96111111111111,-0.5944444444444343,98.55000000000001,2.0703131952001685,1.5871446644394072,-0.4831685307607614,1.5733972802907423,1,1,1,0.16410575003828853
usgs_southern_cascadia_30m_high,USGS Cascadia 30 m High,correlated_bias,Correlated bias,Fixed-Spacing,Fixed,8,0.0,12,35.0,27.567941397407065,70.56939026495968,97.248677716,97.248677716,0.005786001975505732,96.44444444444444,97.08888888888889,-0.6444444444444457,97.2,30.498455776460055,30.30523886890933,-0.19321690755072396,29.960005980349994,0,0,0,0.015473749954253435
usgs_southern_cascadia_30m_high,USGS Cascadia 30 m High,correlated_bias,Correlated bias,Adaptive Spacing w/o GA,Adaptive,8,135.0,12,35.0,27.567941397407065,70.56939026495968,73.00656812104148,73.00656812104148,24.93230172983944,98.63333333333333,99.08333333333333,-0.45000000000000284,98.55000000000001,1.9725996284977543,1.596897601775547,-0.3757020267222073,2.2372345564469054,1,1,1,0.42891550005879253
usgs_southern_cascadia_30m_high,USGS Cascadia 30 m High,correlated_bias,Correlated bias,Full Geometry-Aware Hybrid GA,Hybrid,8,135.0,12,35.0,27.567941397407065,70.56939026495968,70.94909313893162,70.94909313893162,27.047863591333282,98.42222222222222,98.53888888888889,-0.11666666666667425,98.55000000000001,0.9682121625518296,0.6648234772130547,-0.30338868533877494,1.5733972802907423,1,1,1,0.13270670792553574
usgs_southern_cascadia_30m_high,USGS Cascadia 30 m High,correlated_bias,Correlated bias,Fixed-Spacing,Fixed,9,0.0,11,35.0,27.216471418763057,70.30111718187572,89.801536236,89.801536236,7.663176069523607,96.07222222222222,96.5611111111111,-0.48888888888888005,97.2,24.436461973032568,24.430497329852436,-0.005964643180131901,29.960005980349994,0,0,0,0.020197916077449918
usgs_southern_cascadia_30m_high,USGS Cascadia 30 m High,correlated_bias,Correlated bias,Adaptive Spacing w/o GA,Adaptive,9,150.0,12,35.0,27.216471418763057,70.30111718187572,74.62815133237933,74.62815133237933,23.264937787641152,97.7611111111111,98.60555555555555,-0.8444444444444485,98.55000000000001,2.9293576964978647,2.4812442394600365,-0.44811345703782823,2.2372345564469054,1,1,1,0.43646087509114295
usgs_southern_cascadia_30m_high,USGS Cascadia 30 m High,correlated_bias,Correlated bias,Full Geometry-Aware Hybrid GA,Hybrid,9,150.0,12,35.0,27.216471418763057,70.30111718187572,73.17702708261437,73.17702708261437,24.757030350508426,97.80555555555556,98.73888888888888,-0.9333333333333229,98.55000000000001,2.112107510657381,1.746096541654068,-0.36601096900331287,1.5733972802907423,1,1,1,0.1382140419445932
usgs_southern_cascadia_30m_high,USGS Cascadia 30 m High,correlated_bias,Correlated bias,Fixed-Spacing,Fixed,10,0.0,12,35.0,27.070709184567274,69.50996279816945,97.230042184,97.230042184,0.024947654540257408,95.97777777777777,96.75,-0.7722222222222257,97.2,31.283744232064237,30.992031773317514,-0.2917124587467228,29.960005980349994,0,0,0,0.015820708009414375
usgs_southern_cascadia_30m_high,USGS Cascadia 30 m High,correlated_bias,Correlated bias,Adaptive Spacing w/o GA,Adaptive,10,135.0,13,35.0,27.070709184567274,69.50996279816945,75.01839326076518,75.01839326076518,22.863678502533197,98.88333333333334,99.01666666666667,-0.13333333333332575,98.55000000000001,2.4168036047441372,2.3215174580023485,-0.0952861467417887,2.2372345564469054,1,1,1,0.43280533398501575
usgs_southern_cascadia_30m_high,USGS Cascadia 30 m High,correlated_bias,Correlated bias,Full Geometry-Aware Hybrid GA,Hybrid,10,135.0,13,35.0,27.070709184567274,69.50996279816945,73.83216068747107,73.83216068747107,24.08340093548801,98.75,98.91111111111111,-0.16111111111111143,98.55000000000001,1.9490094080889346,1.8266016475882434,-0.12240776050069124,1.5733972802907423,1,1,1,0.1586262920172885
usgs_southern_cascadia_30m_high,USGS Cascadia 30 m High,correlated_bias,Correlated bias,Fixed-Spacing,Fixed,11,0.0,11,35.0,28.07511367874439,68.18496521562452,89.80327097,89.80327097,7.6613923603061735,96.25,96.49444444444445,-0.24444444444445423,97.2,24.420367034454625,24.39227060189286,-0.028096432561763862,29.960005980349994,0,0,0,0.011358416988514364
usgs_southern_cascadia_30m_high,USGS Cascadia 30 m High,correlated_bias,Correlated bias,Adaptive Spacing w/o GA,Adaptive,11,135.0,12,35.0,28.07511367874439,68.18496521562452,73.66069866312635,73.66069866312635,24.259703696178807,98.17222222222223,98.79444444444444,-0.6222222222222058,98.55000000000001,2.75272586103169,2.2446246174044404,-0.5081012436272494,2.2372345564469054,1,1,1,0.43667958304286003
usgs_southern_cascadia_30m_high,USGS Cascadia 30 m High,correlated_bias,Correlated bias,Full Geometry-Aware Hybrid GA,Hybrid,11,135.0,12,35.0,28.07511367874439,68.18496521562452,72.78323416763209,72.78323416763209,25.161940874090444,98.12777777777778,98.75,-0.62222222222222,98.55000000000001,2.178063437340347,1.8671961357978086,-0.3108673015425383,1.5733972802907423,1,1,1,0.14722362498287112
usgs_southern_cascadia_30m_high,USGS Cascadia 30 m High,correlated_bias,Correlated bias,Fixed-Spacing,Fixed,12,0.0,12,35.00000000000001,27.42638326054755,69.99744170313875,97.256534492,97.256534492,-0.0022925874627235826,96.67222222222223,97.13888888888889,-0.46666666666665435,97.2,29.728066732380007,29.734945396898794,0.006878664518787048,29.960005980349994,0,0,0,0.021624167100526392
usgs_southern_cascadia_30m_high,USGS Cascadia 30 m High,correlated_bias,Correlated bias,Adaptive Spacing w/o GA,Adaptive,12,135.0,12,35.00000000000001,27.42638326054755,69.99744170313875,73.4093218813279,73.4093218813279,24.518177377298628,97.85555555555555,98.34444444444445,-0.48888888888889426,98.55000000000001,2.6230090352854867,2.3013622737810087,-0.321646761504478,2.2372345564469054,1,1,1,0.4478018330410123
usgs_southern_cascadia_30m_high,USGS Cascadia 30 m High,correlated_bias,Correlated bias,Full Geometry-Aware Hybrid GA,Hybrid,12,135.0,12,35.00000000000001,27.42638326054755,69.99744170313875,72.57244354586555,72.57244354586555,25.378682561861808,97.7,98.51666666666667,-0.8166666666666629,98.55000000000001,1.863181119269324,1.5240733017971078,-0.3391078174722162,1.5733972802907423,1,1,1,0.1470662500942126
usgs_southern_cascadia_30m_high,USGS Cascadia 30 m High,correlated_bias,Correlated bias,Fixed-Spacing,Fixed,13,0.0,12,35.0,27.93354556099171,66.93562772613939,97.238897862,97.238897862,0.01584196198147584,97.15,96.97222222222223,0.17777777777777715,97.2,30.952338778295942,30.639713610021055,-0.31262516827488795,29.960005980349994,0,0,0,0.014086166978813708
usgs_southern_cascadia_30m_high,USGS Cascadia 30 m High,correlated_bias,Correlated bias,Adaptive Spacing w/o GA,Adaptive,13,150.0,12,35.0,27.93354556099171,66.93562772613939,73.11577612626967,73.11577612626967,24.820010551166813,98.32777777777778,98.41111111111111,-0.0833333333333286,98.55000000000001,2.4889154845159,2.0166002858535697,-0.4723151986623302,2.2372345564469054,1,1,1,0.42400987504515797
usgs_southern_cascadia_30m_high,USGS Cascadia 30 m High,correlated_bias,Correlated bias,Full Geometry-Aware Hybrid GA,Hybrid,13,150.0,12,35.0,27.93354556099171,66.93562772613939,72.09306202978328,72.09306202978328,25.871598034150452,98.37777777777778,98.58333333333333,-0.2055555555555486,98.55000000000001,1.8112751478994324,1.2833785830705577,-0.5278965648288747,1.5733972802907423,1,1,1,0.14436874992679805
usgs_southern_cascadia_30m_high,USGS Cascadia 30 m High,correlated_bias,Correlated bias,Fixed-Spacing,Fixed,14,0.0,11,35.00000000000001,27.268484709205595,71.22654109664677,89.797506678,89.797506678,7.667319390486243,96.07777777777777,96.65,-0.5722222222222371,97.2,24.639576032010552,24.527854675896283,-0.11172135611426981,29.960005980349994,0,0,0,0.016103917034342885
usgs_southern_cascadia_30m_high,USGS Cascadia 30 m High,correlated_bias,Correlated bias,Adaptive Spacing w/o GA,Adaptive,14,135.0,15,35.00000000000001,27.268484709205595,71.22654109664677,75.71665900838582,75.71665900838582,22.145699232943798,98.57777777777777,99.00555555555556,-0.42777777777779136,98.55000000000001,2.377609982777433,2.015167778590403,-0.36244220418702966,2.2372345564469054,1,1,1,0.44696129101794213
usgs_southern_cascadia_30m_high,USGS Cascadia 30 m High,correlated_bias,Correlated bias,Full Geometry-Aware Hybrid GA,Hybrid,14,135.0,15,35.00000000000001,27.268484709205595,71.22654109664677,75.28602024808252,75.28602024808252,22.588495838151797,98.48333333333333,99.07777777777778,-0.5944444444444485,98.55000000000001,2.0949224906653487,1.7508962508664643,-0.34402623979888447,1.5733972802907423,1,1,1,0.1813617090228945
usgs_southern_cascadia_30m_high,USGS Cascadia 30 m High,correlated_bias,Correlated bias,Fixed-Spacing,Fixed,15,0.0,11,35.0,27.336876836244056,70.99496541198766,89.7656957,89.7656957,7.70002845981579,95.75,96.56666666666666,-0.8166666666666629,97.2,26.240294659127635,25.62356612054496,-0.6167285385826737,29.960005980349994,0,0,0,0.017089084023609757
usgs_southern_cascadia_30m_high,USGS Cascadia 30 m High,correlated_bias,Correlated bias,Adaptive Spacing w/o GA,Adaptive,15,135.0,13,35.0,27.336876836244056,70.99496541198766,74.77289385442675,74.77289385442675,23.116108877427163,97.9888888888889,99.02777777777779,-1.0388888888888914,98.55000000000001,2.912197299138683,2.140642735433947,-0.7715545637047363,2.2372345564469054,1,1,1,0.43589374993462116
usgs_southern_cascadia_30m_high,USGS Cascadia 30 m High,correlated_bias,Correlated bias,Full Geometry-Aware Hybrid GA,Hybrid,15,135.0,13,35.0,27.336876836244056,70.99496541198766,73.63589022966349,73.63589022966349,24.285212524297645,97.71666666666667,98.6,-0.8833333333333258,98.55000000000001,1.9017468869448246,1.1920576312469773,-0.7096892556978474,1.5733972802907423,1,1,1,0.15655058401171118
usgs_southern_cascadia_30m_high,USGS Cascadia 30 m High,correlated_bias,Correlated bias,Fixed-Spacing,Fixed,16,0.0,11,35.0,27.883311394007663,65.67214947940806,89.76682585799999,89.76682585799999,7.698866395060183,96.7,96.59444444444445,0.10555555555555429,97.2,26.07464771875057,25.541545335736846,-0.5331023830137234,29.960005980349994,0,0,0,0.014293125015683472
usgs_southern_cascadia_30m_high,USGS Cascadia 30 m High,correlated_bias,Correlated bias,Adaptive Spacing w/o GA,Adaptive,16,135.0,13,35.0,27.883311394007663,65.67214947940806,76.33687135703512,76.33687135703512,21.507976975206073,98.75,99.28333333333333,-0.5333333333333314,98.55000000000001,3.4142675687422113,3.0947522566251613,-0.31951531211705,2.2372345564469054,0,0,1,0.4823233330389485
usgs_southern_cascadia_30m_high,USGS Cascadia 30 m High,correlated_bias,Correlated bias,Full Geometry-Aware Hybrid GA,Hybrid,16,135.0,13,35.0,27.883311394007663,65.67214947940806,75.14478459034271,75.14478459034271,22.73371887784628,98.55000000000001,99.16666666666667,-0.61666666666666,98.55000000000001,2.618176822127454,2.0704291619086983,-0.5477476602187559,1.5733972802907423,1,1,1,0.1473032080102712
usgs_southern_cascadia_30m_high,USGS Cascadia 30 m High,correlated_bias,Correlated bias,Fixed-Spacing,Fixed,17,0.0,11,35.0,27.804832873173567,69.03442598644074,89.780746574,89.780746574,7.684552667743742,96.39444444444445,96.69444444444444,-0.29999999999999716,97.2,25.28491747512557,24.941465283368153,-0.34345219175741803,29.960005980349994,0,0,0,0.01307970890775323
usgs_southern_cascadia_30m_high,USGS Cascadia 30 m High,correlated_bias,Correlated bias,Adaptive Spacing w/o GA,Adaptive,17,135.0,12,35.0,27.804832873173567,69.03442598644074,72.33951379560042,72.33951379560042,25.618188412651243,98.20555555555556,98.47777777777777,-0.2722222222222115,98.55000000000001,1.914018371287668,1.6863303102454996,-0.22768806104216832,2.2372345564469054,1,1,1,0.43994387506973
usgs_southern_cascadia_30m_high,USGS Cascadia 30 m High,correlated_bias,Correlated bias,Full Geometry-Aware Hybrid GA,Hybrid,17,135.0,12,35.0,27.804832873173567,69.03442598644074,71.51061256833029,71.51061256833029,26.470491278351165,98.05,98.38888888888889,-0.3388888888888886,98.55000000000001,1.6636945715266642,1.2901909802861522,-0.373503591240512,1.5733972802907423,1,1,1,0.14208691706880927
usgs_southern_cascadia_30m_high,USGS Cascadia 30 m High,correlated_bias,Correlated bias,Fixed-Spacing,Fixed,18,0.0,12,35.0,27.600231668905593,70.73813278768296,97.22985064000001,97.22985064000001,0.025144606233327035,96.45555555555556,96.74444444444444,-0.2888888888888772,97.2,31.255579692015658,31.005977047763032,-0.2496026442526258,29.960005980349994,0,0,0,0.015909167006611824
usgs_southern_cascadia_30m_high,USGS Cascadia 30 m High,correlated_bias,Correlated bias,Adaptive Spacing w/o GA,Adaptive,18,135.0,12,35.0,27.600231668905593,70.73813278768296,73.41197194139981,73.41197194139981,24.515452500414312,98.16666666666667,99.10555555555555,-0.9388888888888829,98.55000000000001,2.546356865666453,1.940178793896604,-0.6061780717698491,2.2372345564469054,1,1,1,0.43753612507134676
usgs_southern_cascadia_30m_high,USGS Cascadia 30 m High,correlated_bias,Correlated bias,Full Geometry-Aware Hybrid GA,Hybrid,18,135.0,12,35.0,27.600231668905593,70.73813278768296,73.05116687384856,73.05116687384856,24.88644385971745,98.00555555555556,99.03333333333333,-1.0277777777777715,98.55000000000001,1.9945160771345412,1.361775280678083,-0.6327407964564582,1.5733972802907423,1,1,1,0.14172462502028793
usgs_southern_cascadia_30m_high,USGS Cascadia 30 m High,correlated_bias,Correlated bias,Fixed-Spacing,Fixed,19,0.0,12,35.0,27.243526975602162,72.53914576878412,97.252145716,97.252145716,0.002220092985383831,96.96111111111111,97.19444444444446,-0.2333333333333485,97.2,29.65056407077394,29.97957316905475,0.32900909828081026,29.960005980349994,0,0,0,0.016526708961464465
usgs_southern_cascadia_30m_high,USGS Cascadia 30 m High,correlated_bias,Correlated bias,Adaptive Spacing w/o GA,Adaptive,19,135.0,12,35.0,27.243526975602162,72.53914576878412,72.76340539046278,72.76340539046278,25.182329459664608,97.8,98.48333333333333,-0.6833333333333371,98.55000000000001,2.0798261248637515,1.9520260068536945,-0.12780011801005697,2.2372345564469054,1,1,1,0.4374422909459099
usgs_southern_cascadia_30m_high,USGS Cascadia 30 m High,correlated_bias,Correlated bias,Full Geometry-Aware Hybrid GA,Hybrid,19,135.0,12,35.0,27.243526975602162,72.53914576878412,72.03823583780793,72.03823583780793,25.927972085724605,97.62222222222222,98.43333333333332,-0.8111111111111029,98.55000000000001,1.7288902187240531,1.6993114182282956,-0.029578800495757562,1.5733972802907423,1,1,1,0.14236699999310076
usgs_southern_cascadia_30m_high,USGS Cascadia 30 m High,slope_amplified,Slope amplified,Fixed-Spacing,Fixed,0,0.0,12,35.801755722550794,27.406703659536493,71.0012376247546,97.233120652,97.233120652,0.02178227486407445,95.88888888888889,96.82222222222222,-0.9333333333333371,97.2,31.174043766274828,31.100939092369796,-0.07310467390503206,29.960005980349994,0,0,0,0.013884291984140873
usgs_southern_cascadia_30m_high,USGS Cascadia 30 m High,slope_amplified,Slope amplified,Adaptive Spacing w/o GA,Adaptive,0,150.0,12,35.801755722550794,27.406703659536493,71.0012376247546,74.08304160718268,74.08304160718268,23.82543711569269,97.14444444444445,98.65555555555555,-1.5111111111111057,98.55000000000001,3.0904351475669465,2.43472708484077,-0.6557080627261764,2.2372345564469054,0,1,1,0.4340622500749305
usgs_southern_cascadia_30m_high,USGS Cascadia 30 m High,slope_amplified,Slope amplified,Full Geometry-Aware Hybrid GA,Hybrid,0,150.0,12,35.801755722550794,27.406703659536493,71.0012376247546,73.52338547640608,73.52338547640608,24.400893525183537,97.2,98.78333333333333,-1.5833333333333286,98.55000000000001,2.3426674763716924,1.7200148066663679,-0.6226526697053245,1.5733972802907423,1,1,1,0.12181733292527497
usgs_southern_cascadia_30m_high,USGS Cascadia 30 m High,slope_amplified,Slope amplified,Fixed-Spacing,Fixed,1,0.0,12,35.21004710650015,26.65597154131963,72.16237076017075,97.279616518,97.279616518,-0.026026267977044423,95.98333333333333,97.5,-1.5166666666666657,97.2,28.063784733226996,28.35217975598562,0.2883950227586247,29.960005980349994,0,0,0,0.012278541107662022
usgs_southern_cascadia_30m_high,USGS Cascadia 30 m High,slope_amplified,Slope amplified,Adaptive Spacing w/o GA,Adaptive,1,135.0,12,35.21004710650015,26.65597154131963,72.16237076017075,72.20763903901575,72.20763903901575,25.753786273111366,97.56666666666666,98.61666666666666,-1.0499999999999972,98.55000000000001,1.716383094336992,1.443591348324636,-0.2727917460123559,2.2372345564469054,1,1,1,0.44237295899074525
usgs_southern_cascadia_30m_high,USGS Cascadia 30 m High,slope_amplified,Slope amplified,Full Geometry-Aware Hybrid GA,Hybrid,1,135.0,12,35.21004710650015,26.65597154131963,72.16237076017075,71.4081352226022,71.4081352226022,26.575861776740968,97.39444444444445,98.48333333333333,-1.0888888888888886,98.55000000000001,1.4565000259725844,1.2085434012218623,-0.2479566247507221,1.5733972802907423,1,1,1,0.16126612504012883
usgs_southern_cascadia_30m_high,USGS Cascadia 30 m High,slope_amplified,Slope amplified,Fixed-Spacing,Fixed,2,0.0,12,35.87342414920091,28.137479519701692,70.33673759570166,97.24269781,97.24269781,0.011934733395783262,95.96666666666667,97.01666666666667,-1.0499999999999972,97.2,30.428199842528233,30.60176829609165,0.17356845356341566,29.960005980349994,0,0,0,0.015035875025205314
usgs_southern_cascadia_30m_high,USGS Cascadia 30 m High,slope_amplified,Slope amplified,Adaptive Spacing w/o GA,Adaptive,2,135.0,12,35.87342414920091,28.137479519701692,70.33673759570166,72.69116662697681,72.69116662697681,25.256607676547553,98.32222222222222,98.84444444444445,-0.5222222222222257,98.55000000000001,2.15105214384731,1.8784976960616562,-0.27255444778565385,2.2372345564469054,1,1,1,0.44820220803376287
usgs_southern_cascadia_30m_high,USGS Cascadia 30 m High,slope_amplified,Slope amplified,Full Geometry-Aware Hybrid GA,Hybrid,2,135.0,12,35.87342414920091,28.137479519701692,70.33673759570166,71.37509586084327,71.37509586084327,26.6098339097064,97.89999999999999,98.6888888888889,-0.7888888888889056,98.55000000000001,1.5226151250789965,1.3366275179627964,-0.1859876071162001,1.5733972802907423,1,1,1,0.14520570798777044
usgs_southern_cascadia_30m_high,USGS Cascadia 30 m High,slope_amplified,Slope amplified,Fixed-Spacing,Fixed,3,0.0,12,32.56691759768582,24.339267343978236,66.03447807282582,97.259870836,97.259870836,-0.005723123524938701,96.64444444444445,97.3,-0.6555555555555515,97.2,29.417011948040187,29.398282984433262,-0.01872896360692522,29.960005980349994,0,0,0,0.013414875022135675
usgs_southern_cascadia_30m_high,USGS Cascadia 30 m High,slope_amplified,Slope amplified,Adaptive Spacing w/o GA,Adaptive,3,135.0,13,32.56691759768582,24.339267343978236,66.03447807282582,74.99381376947721,74.99381376947721,22.888951924954313,98.38888888888889,98.97777777777777,-0.5888888888888886,98.55000000000001,2.5096632121777964,2.3831154135935373,-0.12654779858425913,2.2372345564469054,1,1,1,0.44558854098431766
usgs_southern_cascadia_30m_high,USGS Cascadia 30 m High,slope_amplified,Slope amplified,Full Geometry-Aware Hybrid GA,Hybrid,3,135.0,13,32.56691759768582,24.339267343978236,66.03447807282582,74.25390061819,74.25390061819,23.64975439268384,98.38333333333334,98.83333333333333,-0.44999999999998863,98.55000000000001,1.9800971760507726,1.9211911298996132,-0.058906046151159464,1.5733972802907423,1,1,1,0.17764562496449798
usgs_southern_cascadia_30m_high,USGS Cascadia 30 m High,slope_amplified,Slope amplified,Fixed-Spacing,Fixed,4,0.0,13,34.025336815456484,25.385086594543296,67.80562357781741,104.73778585800001,104.73778585800001,-7.694755535385547,96.52222222222223,97.85555555555555,-1.3333333333333286,97.2,32.7495421148112,33.017631905474715,0.2680897906635167,29.960005980349994,0,0,0,0.013787291944026947
usgs_southern_cascadia_30m_high,USGS Cascadia 30 m High,slope_amplified,Slope amplified,Adaptive Spacing w/o GA,Adaptive,4,135.0,12,34.025336815456484,25.385086594543296,67.80562357781741,73.47126295932172,73.47126295932172,24.45448757139432,97.64444444444445,98.91111111111111,-1.2666666666666657,98.55000000000001,2.0306247251259575,1.9287054090141205,-0.10191931611183702,2.2372345564469054,1,1,1,0.4407925830455497
usgs_southern_cascadia_30m_high,USGS Cascadia 30 m High,slope_amplified,Slope amplified,Full Geometry-Aware Hybrid GA,Hybrid,4,135.0,12,34.025336815456484,25.385086594543296,67.80562357781741,72.5727395195687,72.5727395195687,25.37837823219374,97.50555555555556,98.75,-1.24444444444444,98.55000000000001,1.6354400338687702,1.5687013262215432,-0.066738707647227,1.5733972802907423,1,1,1,0.15314091695472598
usgs_southern_cascadia_30m_high,USGS Cascadia 30 m High,slope_amplified,Slope amplified,Fixed-Spacing,Fixed,5,0.0,12,33.651378197696864,26.039330956997553,67.75935133439519,97.26776738599999,97.26776738599999,-0.013842609867472067,97.32777777777778,97.52777777777779,-0.20000000000000284,97.2,28.79654449219106,28.811041442054453,0.014496949863392672,29.960005980349994,0,0,0,0.016835334012284875
usgs_southern_cascadia_30m_high,USGS Cascadia 30 m High,slope_amplified,Slope amplified,Adaptive Spacing w/o GA,Adaptive,5,150.0,12,33.651378197696864,26.039330956997553,67.75935133439519,73.59821122853242,73.59821122853242,24.323955283488,97.75555555555555,98.51111111111112,-0.7555555555555742,98.55000000000001,2.699398509519257,2.445214882039807,-0.25418362747945,2.2372345564469054,1,1,1,0.43843637499958277
usgs_southern_cascadia_30m_high,USGS Cascadia 30 m High,slope_amplified,Slope amplified,Full Geometry-Aware Hybrid GA,Hybrid,5,150.0,12,33.651378197696864,26.039330956997553,67.75935133439519,72.53860068556888,72.53860068556888,25.413480877831656,97.83333333333334,98.4,-0.5666666666666629,98.55000000000001,1.755719949114242,1.602787560197346,-0.15293238891689587,1.5733972802907423,1,1,1,0.16321383405011147
usgs_southern_cascadia_30m_high,USGS Cascadia 30 m High,slope_amplified,Slope amplified,Fixed-Spacing,Fixed,6,0.0,12,35.08187307000814,26.090328514922057,73.41041760470604,97.244727176,97.244727176,0.009848074092536586,96.13888888888889,97.01666666666667,-0.87777777777778,97.2,30.1801833307936,30.425495249664785,0.24531191887118453,29.960005980349994,0,0,0,0.01990166597533971
usgs_southern_cascadia_30m_high,USGS Cascadia 30 m High,slope_amplified,Slope amplified,Adaptive Spacing w/o GA,Adaptive,6,135.0,12,35.08187307000814,26.090328514922057,73.41041760470604,74.3118553163241,74.3118553163241,23.59016351059148,97.97777777777777,99.06111111111112,-1.0833333333333428,98.55000000000001,2.745855309118653,2.5543174905338026,-0.19153781858485042,2.2372345564469054,1,1,1,0.42736445798072964
usgs_southern_cascadia_30m_high,USGS Cascadia 30 m High,slope_amplified,Slope amplified,Full Geometry-Aware Hybrid GA,Hybrid,6,135.0,12,35.08187307000814,26.090328514922057,73.41041760470604,73.11858834874384,73.11858834874384,24.81711893369193,97.64444444444445,98.93888888888888,-1.2944444444444372,98.55000000000001,1.9450436789583885,1.7199684908897734,-0.22507518806861504,1.5733972802907423,1,1,1,0.16111337509937584
usgs_southern_cascadia_30m_high,USGS Cascadia 30 m High,slope_amplified,Slope amplified,Fixed-Spacing,Fixed,7,0.0,12,34.612454561284714,25.802780671453093,68.79013760351786,97.269232306,97.269232306,-0.015348887663860767,96.41666666666666,97.39444444444445,-0.9777777777777885,97.2,28.717703792669443,28.811716748935744,0.09401295626630102,29.960005980349994,0,0,0,0.019748499966226518
usgs_southern_cascadia_30m_high,USGS Cascadia 30 m High,slope_amplified,Slope amplified,Adaptive Spacing w/o GA,Adaptive,7,150.0,13,34.612454561284714,25.802780671453093,68.79013760351786,74.8945692474539,74.8945692474539,22.990998330174463,97.27222222222223,98.19444444444444,-0.9222222222222172,98.55000000000001,2.967784252424099,2.7959901572637675,-0.1717940951603314,2.2372345564469054,1,1,1,0.4483685839222744
usgs_southern_cascadia_30m_high,USGS Cascadia 30 m High,slope_amplified,Slope amplified,Full Geometry-Aware Hybrid GA,Hybrid,7,150.0,13,34.612454561284714,25.802780671453093,68.79013760351786,73.29954715890456,73.29954715890456,24.63105127279394,97.32777777777778,98.2,-0.87222222222222,98.55000000000001,2.0384781696790664,1.7691958105830388,-0.2692823590960276,1.5733972802907423,1,1,1,0.15716354199685156
usgs_southern_cascadia_30m_high,USGS Cascadia 30 m High,slope_amplified,Slope amplified,Fixed-Spacing,Fixed,8,0.0,13,32.355585723141104,25.123365706399827,64.3537655507106,104.71473402800001,104.71473402800001,-7.6710529033683015,96.22222222222221,97.39999999999999,-1.1777777777777771,97.2,33.626907665906025,33.78571842695323,0.15881076104720648,29.960005980349994,0,0,0,0.011871166992932558
usgs_southern_cascadia_30m_high,USGS Cascadia 30 m High,slope_amplified,Slope amplified,Adaptive Spacing w/o GA,Adaptive,8,135.0,12,32.355585723141104,25.123365706399827,64.3537655507106,74.39665149745238,74.39665149745238,23.502973353551827,98.06666666666666,99.00555555555556,-0.9388888888888971,98.55000000000001,2.772743916470721,2.4414370783847237,-0.33130683808599715,2.2372345564469054,1,1,1,0.4510292080231011
usgs_southern_cascadia_30m_high,USGS Cascadia 30 m High,slope_amplified,Slope amplified,Full Geometry-Aware Hybrid GA,Hybrid,8,135.0,12,32.355585723141104,25.123365706399827,64.3537655507106,72.88811878859968,72.88811878859968,25.054095137979115,97.9888888888889,98.92777777777778,-0.9388888888888829,98.55000000000001,1.620375016956124,1.3799687317339107,-0.2404062852222133,1.5733972802907423,1,1,1,0.1500322080682963
usgs_southern_cascadia_30m_high,USGS Cascadia 30 m High,slope_amplified,Slope amplified,Fixed-Spacing,Fixed,9,0.0,12,32.80110199139163,25.612246666879063,65.46858926703041,97.286936512,97.286936512,-0.0335529209217536,96.45555555555556,97.32777777777778,-0.87222222222222,97.2,28.444960933898894,28.101483071913382,-0.34347786198551233,29.960005980349994,0,0,0,0.014925625058822334
usgs_southern_cascadia_30m_high,USGS Cascadia 30 m High,slope_amplified,Slope amplified,Adaptive Spacing w/o GA,Adaptive,9,135.0,12,32.80110199139163,25.612246666879063,65.46858926703041,73.7665184480595,73.7665184480595,24.150896394441183,98.37222222222223,98.99444444444444,-0.6222222222222058,98.55000000000001,2.463485898637964,2.128184955267652,-0.3353009433703118,2.2372345564469054,1,1,1,0.43760345899499953
usgs_southern_cascadia_30m_high,USGS Cascadia 30 m High,slope_amplified,Slope amplified,Full Geometry-Aware Hybrid GA,Hybrid,9,135.0,12,32.80110199139163,25.612246666879063,65.46858926703041,73.14086075997999,73.14086075997999,24.794217725082156,98.3,98.97222222222221,-0.6722222222222172,98.55000000000001,1.9082577349453063,1.657103795901521,-0.25115393904378536,1.5733972802907423,1,1,1,0.162770334049128
usgs_southern_cascadia_30m_high,USGS Cascadia 30 m High,slope_amplified,Slope amplified,Fixed-Spacing,Fixed,10,0.0,12,35.12122588180442,26.481342853831595,69.54363077709941,97.269643824,97.269643824,-0.01577202368916996,95.82777777777778,97.37777777777778,-1.5499999999999972,97.2,28.46814462950079,28.786083933601365,0.31793930410057314,29.960005980349994,0,0,0,0.014768459019251168
usgs_southern_cascadia_30m_high,USGS Cascadia 30 m High,slope_amplified,Slope amplified,Adaptive Spacing w/o GA,Adaptive,10,135.0,12,35.12122588180442,26.481342853831595,69.54363077709941,74.95922428501575,74.95922428501575,22.92451794387152,97.95555555555555,99.05555555555556,-1.1000000000000085,98.55000000000001,3.0575827578925554,2.854605811090416,-0.2029769468021394,2.2372345564469054,0,1,1,0.43843341700267047
usgs_southern_cascadia_30m_high,USGS Cascadia 30 m High,slope_amplified,Slope amplified,Full Geometry-Aware Hybrid GA,Hybrid,10,135.0,12,35.12122588180442,26.481342853831595,69.54363077709941,73.59368753329115,73.59368753329115,24.328606692233517,97.73888888888888,98.9,-1.1611111111111256,98.55000000000001,2.1553049174828023,1.847974537674692,-0.3073303798081102,1.5733972802907423,1,1,1,0.15218545810785145
usgs_southern_cascadia_30m_high,USGS Cascadia 30 m High,slope_amplified,Slope amplified,Fixed-Spacing,Fixed,11,0.0,12,34.877378339749626,26.48779309269552,65.7814964653944,97.248528852,97.248528852,0.005939068721726159,96.03888888888889,97.07222222222222,-1.0333333333333314,97.2,30.199475211513164,30.319221522693024,0.11974631117985979,29.960005980349994,0,0,0,0.011586333974264562
usgs_southern_cascadia_30m_high,USGS Cascadia 30 m High,slope_amplified,Slope amplified,Adaptive Spacing w/o GA,Adaptive,11,135.0,13,34.877378339749626,26.48779309269552,65.7814964653944,75.62274864134409,75.62274864134409,22.242260888681955,97.79444444444444,98.88333333333334,-1.0888888888889028,98.55000000000001,2.9295577143080496,2.656961154822286,-0.27259655948576356,2.2372345564469054,1,1,1,0.4468504579272121
usgs_southern_cascadia_30m_high,USGS Cascadia 30 m High,slope_amplified,Slope amplified,Full Geometry-Aware Hybrid GA,Hybrid,11,135.0,13,34.877378339749626,26.48779309269552,65.7814964653944,74.15284846091934,74.15284846091934,23.75365946652549,97.30555555555556,98.73888888888888,-1.433333333333323,98.55000000000001,1.988427432228384,1.9151535131002237,-0.07327391912816017,1.5733972802907423,1,1,1,0.16116687504108995
usgs_southern_cascadia_30m_high,USGS Cascadia 30 m High,slope_amplified,Slope amplified,Fixed-Spacing,Fixed,12,0.0,12,34.01829560741291,25.852695461620012,68.5546922678286,97.28287307800001,97.28287307800001,-0.02937476756785118,96.11666666666666,97.5611111111111,-1.4444444444444429,97.2,28.036988763601787,28.21928234319207,0.18229357959028292,29.960005980349994,0,0,0,0.016121000051498413
usgs_southern_cascadia_30m_high,USGS Cascadia 30 m High,slope_amplified,Slope amplified,Adaptive Spacing w/o GA,Adaptive,12,135.0,12,34.01829560741291,25.852695461620012,68.5546922678286,72.01280381253969,72.01280381253969,25.954122110967138,97.87777777777778,98.96666666666667,-1.0888888888888886,98.55000000000001,1.7577040302546505,1.5679413076013868,-0.18976272265326366,2.2372345564469054,1,1,1,0.43106170801911503
usgs_southern_cascadia_30m_high,USGS Cascadia 30 m High,slope_amplified,Slope amplified,Full Geometry-Aware Hybrid GA,Hybrid,12,135.0,12,34.01829560741291,25.852695461620012,68.5546922678286,70.91238549348827,70.91238549348827,27.08560757140615,97.69444444444444,98.85555555555555,-1.1611111111111114,98.55000000000001,1.0066945726156555,0.8351617018448555,-0.17153287077080004,1.5733972802907423,1,1,1,0.1565310419537127
usgs_southern_cascadia_30m_high,USGS Cascadia 30 m High,slope_amplified,Slope amplified,Fixed-Spacing,Fixed,13,0.0,12,34.92890019372984,25.918904293260347,70.16979556385715,97.26035838399999,97.26035838399999,-0.006224436038274761,95.93333333333334,97.31111111111112,-1.37777777777778,97.2,29.13203822139765,29.34909388842236,0.21705566702470946,29.960005980349994,0,0,0,0.01474195800255984
usgs_southern_cascadia_30m_high,USGS Cascadia 30 m High,slope_amplified,Slope amplified,Adaptive Spacing w/o GA,Adaptive,13,135.0,12,34.92890019372984,25.918904293260347,70.16979556385715,74.86915424490977,74.86915424490977,23.017130852105304,98.35555555555555,99.10555555555555,-0.75,98.55000000000001,2.7411032504864528,2.2853715439704407,-0.455731706516012,2.2372345564469054,1,1,1,0.4349957079393789
usgs_southern_cascadia_30m_high,USGS Cascadia 30 m High,slope_amplified,Slope amplified,Full Geometry-Aware Hybrid GA,Hybrid,13,135.0,12,34.92890019372984,25.918904293260347,70.16979556385715,73.64768398119695,73.64768398119695,24.273085810162563,97.71111111111111,98.65,-0.9388888888888971,98.55000000000001,2.3451190804401456,1.7586453182173305,-0.5864737622228151,1.5733972802907423,1,1,1,0.1483790830243379
usgs_southern_cascadia_30m_high,USGS Cascadia 30 m High,slope_amplified,Slope amplified,Fixed-Spacing,Fixed,14,0.0,12,33.623218486985195,25.883292818645902,67.86781001146915,97.23639599600001,97.23639599600001,0.01841446096113128,95.48333333333333,96.91666666666666,-1.433333333333323,97.2,30.691916462208663,30.839414102477424,0.14749764026876022,29.960005980349994,0,0,0,0.015025458997115493
usgs_southern_cascadia_30m_high,USGS Cascadia 30 m High,slope_amplified,Slope amplified,Adaptive Spacing w/o GA,Adaptive,14,150.0,12,33.623218486985195,25.883292818645902,67.86781001146915,75.27700695052076,75.27700695052076,22.59776360020663,97.29444444444444,98.18333333333334,-0.8888888888888999,98.55000000000001,3.4464432192468473,3.1229729658558485,-0.3234702533909988,2.2372345564469054,0,0,1,0.42718316602986306
usgs_southern_cascadia_30m_high,USGS Cascadia 30 m High,slope_amplified,Slope amplified,Full Geometry-Aware Hybrid GA,Hybrid,14,150.0,12,33.623218486985195,25.883292818645902,67.86781001146915,74.23594342716851,74.23594342716851,23.66821855326657,97.47222222222223,98.35555555555555,-0.8833333333333258,98.55000000000001,2.4249684968927347,2.129867146850567,-0.29510135004216753,1.5733972802907423,1,1,1,0.15042816603090614
usgs_southern_cascadia_30m_high,USGS Cascadia 30 m High,slope_amplified,Slope amplified,Fixed-Spacing,Fixed,15,0.0,12,33.35108062291295,25.076498718988546,66.356166312167,97.237690714,97.237690714,0.017083190327967034,96.59444444444445,96.88888888888889,-0.2944444444444372,97.2,30.73259194728797,30.736063042304725,0.0034710950167564647,29.960005980349994,0,0,0,0.015757582965306938
usgs_southern_cascadia_30m_high,USGS Cascadia 30 m High,slope_amplified,Slope amplified,Adaptive Spacing w/o GA,Adaptive,15,135.0,12,33.35108062291295,25.076498718988546,66.356166312167,73.31733090394539,73.31733090394539,24.61276545493951,98.60555555555555,98.98333333333333,-0.37777777777778,98.55000000000001,2.156104580057197,1.9687439463824739,-0.1873606336747231,2.2372345564469054,1,1,1,0.4386262089246884
usgs_southern_cascadia_30m_high,USGS Cascadia 30 m High,slope_amplified,Slope amplified,Full Geometry-Aware Hybrid GA,Hybrid,15,135.0,12,33.35108062291295,25.076498718988546,66.356166312167,72.38693735476977,72.38693735476977,25.569425985896444,98.41666666666666,98.75555555555555,-0.3388888888888886,98.55000000000001,1.7262229731944456,1.6041389906384345,-0.12208398255601116,1.5733972802907423,1,1,1,0.14318762498442084
usgs_southern_cascadia_30m_high,USGS Cascadia 30 m High,slope_amplified,Slope amplified,Fixed-Spacing,Fixed,16,0.0,13,34.59370205303215,26.481011641754616,71.75481604383309,104.70575542,104.70575542,-7.661820810235078,95.87777777777777,97.36111111111111,-1.4833333333333485,97.2,33.893313609141096,33.947273508849044,0.05395989970794801,29.960005980349994,0,0,0,0.011510125012136996
usgs_southern_cascadia_30m_high,USGS Cascadia 30 m High,slope_amplified,Slope amplified,Adaptive Spacing w/o GA,Adaptive,16,135.0,13,34.59370205303215,26.481011641754616,71.75481604383309,74.97162516044557,74.97162516044557,22.911766965445747,98.0611111111111,99.21111111111112,-1.15000000000002,98.55000000000001,2.328985613823614,2.1966760226051387,-0.1323095912184753,2.2372345564469054,1,1,1,0.4395894999615848
usgs_southern_cascadia_30m_high,USGS Cascadia 30 m High,slope_amplified,Slope amplified,Full Geometry-Aware Hybrid GA,Hybrid,16,135.0,13,34.59370205303215,26.481011641754616,71.75481604383309,73.00124323213956,73.00124323213956,24.937776951640707,97.48333333333333,98.87777777777778,-1.3944444444444457,98.55000000000001,1.3647646156745123,1.27242732338653,-0.09233729228798238,1.5733972802907423,1,1,1,0.17952229198999703
usgs_southern_cascadia_30m_high,USGS Cascadia 30 m High,slope_amplified,Slope amplified,Fixed-Spacing,Fixed,17,0.0,12,36.29392164221435,27.659025300861867,71.0313792667828,97.25225313199999,97.25225313199999,0.0021096444040535666,96.31111111111112,97.19444444444446,-0.88333333333334,97.2,29.826425347865833,29.969490258104013,0.1430649102381807,29.960005980349994,0,0,0,0.015924250008538365
usgs_southern_cascadia_30m_high,USGS Cascadia 30 m High,slope_amplified,Slope amplified,Adaptive Spacing w/o GA,Adaptive,17,135.0,12,36.29392164221435,27.659025300861867,71.0313792667828,73.08484071882232,73.08484071882232,24.8518193307313,98.15555555555555,98.94444444444444,-0.7888888888888914,98.55000000000001,1.9827686523821568,1.6060904785570163,-0.37667817382514057,2.2372345564469054,1,1,1,0.43764358304906636
usgs_southern_cascadia_30m_high,USGS Cascadia 30 m High,slope_amplified,Slope amplified,Full Geometry-Aware Hybrid GA,Hybrid,17,135.0,12,36.29392164221435,27.659025300861867,71.0313792667828,72.35430724942536,72.35430724942536,25.60297730827139,97.86111111111111,98.75555555555555,-0.8944444444444315,98.55000000000001,1.5603214224856792,1.2488983294168081,-0.31142309306887106,1.5733972802907423,1,1,1,0.16372425004374236
usgs_southern_cascadia_30m_high,USGS Cascadia 30 m High,slope_amplified,Slope amplified,Fixed-Spacing,Fixed,18,0.0,12,34.40303345015172,26.45916842289211,68.56202046452792,97.24229774999999,97.24229774999999,0.012346087937479731,96.32777777777778,97.00555555555556,-0.6777777777777771,97.2,30.71876014123859,30.636520880738985,-0.0822392604996054,29.960005980349994,0,0,0,0.014912625076249242
usgs_southern_cascadia_30m_high,USGS Cascadia 30 m High,slope_amplified,Slope amplified,Adaptive Spacing w/o GA,Adaptive,18,135.0,12,34.40303345015172,26.45916842289211,68.56202046452792,74.58132811576839,74.58132811576839,23.313082922894754,98.21111111111111,99.30555555555556,-1.0944444444444485,98.55000000000001,3.279693837627424,2.9106753032893367,-0.3690185343380872,2.2372345564469054,0,1,1,0.43282658397220075
usgs_southern_cascadia_30m_high,USGS Cascadia 30 m High,slope_amplified,Slope amplified,Full Geometry-Aware Hybrid GA,Hybrid,18,135.0,12,34.40303345015172,26.45916842289211,68.56202046452792,73.6323380543247,73.6323380543247,24.288864985074767,97.67222222222223,98.67777777777778,-1.0055555555555458,98.55000000000001,2.2613228204331186,1.703537104648985,-0.5577857157841337,1.5733972802907423,1,1,1,0.13119841704610735
usgs_southern_cascadia_30m_high,USGS Cascadia 30 m High,slope_amplified,Slope amplified,Fixed-Spacing,Fixed,19,0.0,12,35.16130663302273,26.39389433766725,72.79782460905827,97.24597112400001,97.24597112400001,0.008569006804047166,95.83888888888889,97.16666666666667,-1.3277777777777828,97.2,30.11124097416894,30.317466593083363,0.2062256189144236,29.960005980349994,0,0,0,0.01183966698590666
usgs_southern_cascadia_30m_high,USGS Cascadia 30 m High,slope_amplified,Slope amplified,Adaptive Spacing w/o GA,Adaptive,19,150.0,12,35.16130663302273,26.39389433766725,72.79782460905827,74.38784536935198,74.38784536935198,23.512028097312328,97.11111111111111,98.30555555555556,-1.1944444444444429,98.55000000000001,3.4013270873550843,3.2250132297416405,-0.17631385761344376,2.2372345564469054,0,0,1,0.4428182919509709
usgs_southern_cascadia_30m_high,USGS Cascadia 30 m High,slope_amplified,Slope amplified,Full Geometry-Aware Hybrid GA,Hybrid,19,150.0,12,35.16130663302273,26.39389433766725,72.79782460905827,73.9223223402267,73.9223223402267,23.99069382818532,97.40555555555555,98.44444444444444,-1.0388888888888914,98.55000000000001,2.3043633343150174,2.0664983285409684,-0.237865005774049,1.5733972802907423,1,1,1,0.14038629201240838
usgs_southern_cascadia_30m_high,USGS Cascadia 30 m High,canyon_wall_bias,Local wall bias,Fixed-Spacing,Fixed,0,0.0,12,25.679200402648604,19.270442332533566,53.02919664978119,97.25233985,97.25233985,0.002020478171116455,96.6,97.19444444444446,-0.5944444444444628,97.2,29.975636037164406,29.961350213846295,-0.014285823318111568,29.960005980349994,0,0,0,0.014083417016081512
usgs_southern_cascadia_30m_high,USGS Cascadia 30 m High,canyon_wall_bias,Local wall bias,Adaptive Spacing w/o GA,Adaptive,0,150.0,12,25.679200402648604,19.270442332533566,53.02919664978119,74.41778400292839,74.41778400292839,23.48124423265773,97.48333333333333,98.1888888888889,-0.7055555555555628,98.55000000000001,3.746760529155327,3.5680118720965956,-0.17874865705873155,2.2372345564469054,0,0,1,0.4322253339923918
usgs_southern_cascadia_30m_high,USGS Cascadia 30 m High,canyon_wall_bias,Local wall bias,Full Geometry-Aware Hybrid GA,Hybrid,0,150.0,12,25.679200402648604,19.270442332533566,53.02919664978119,73.55635940282009,73.55635940282009,24.36698867494149,97.71666666666667,98.55555555555556,-0.8388888888888886,98.55000000000001,2.1115749698559765,1.942432247379385,-0.16914272247659157,1.5733972802907423,1,1,1,0.1512515830108896
usgs_southern_cascadia_30m_high,USGS Cascadia 30 m High,canyon_wall_bias,Local wall bias,Fixed-Spacing,Fixed,1,0.0,12,27.463705864486162,20.047708922895954,54.91885957104241,97.242363466,97.242363466,0.012278516635511324,97.05555555555556,97.01111111111112,0.04444444444443718,97.2,30.718621348206742,30.63081232369642,-0.08780902451032091,29.960005980349994,0,0,0,0.01139875000808388
usgs_southern_cascadia_30m_high,USGS Cascadia 30 m High,canyon_wall_bias,Local wall bias,Adaptive Spacing w/o GA,Adaptive,1,135.0,12,27.463705864486162,20.047708922895954,54.91885957104241,74.18342507899261,74.18342507899261,23.722219605719534,98.8,99.01111111111112,-0.2111111111111228,98.55000000000001,2.6470697330743054,2.4594001329819255,-0.18766960009237987,2.2372345564469054,1,1,1,0.44062833301723003
usgs_southern_cascadia_30m_high,USGS Cascadia 30 m High,canyon_wall_bias,Local wall bias,Full Geometry-Aware Hybrid GA,Hybrid,1,135.0,12,27.463705864486162,20.047708922895954,54.91885957104241,72.83491722142585,72.83491722142585,25.10879869815035,98.55000000000001,98.82777777777778,-0.27777777777777146,98.55000000000001,1.8942993440606233,1.7084762682106607,-0.1858230758499626,1.5733972802907423,1,1,1,0.14973895903676748
usgs_southern_cascadia_30m_high,USGS Cascadia 30 m High,canyon_wall_bias,Local wall bias,Fixed-Spacing,Fixed,2,0.0,12,26.442168825386197,19.676245168526034,55.486179698734944,97.280998462,97.280998462,-0.027447227185076438,97.27777777777777,97.61666666666666,-0.3388888888888886,97.2,28.1119738938198,28.293638841562444,0.18166494774264308,29.960005980349994,0,0,0,0.02014604106079787
usgs_southern_cascadia_30m_high,USGS Cascadia 30 m High,canyon_wall_bias,Local wall bias,Adaptive Spacing w/o GA,Adaptive,2,135.0,12,26.442168825386197,19.676245168526034,55.486179698734944,74.36323874245575,74.36323874245575,23.537329421437438,98.65,98.94444444444444,-0.2944444444444372,98.55000000000001,2.83916504448569,2.789367391582921,-0.04979765290276905,2.2372345564469054,1,1,1,0.43670645903330296
usgs_southern_cascadia_30m_high,USGS Cascadia 30 m High,canyon_wall_bias,Local wall bias,Full Geometry-Aware Hybrid GA,Hybrid,2,135.0,12,26.442168825386197,19.676245168526034,55.486179698734944,73.22357070155967,73.22357070155967,24.70917270655516,98.43333333333332,98.77222222222221,-0.3388888888888886,98.55000000000001,1.9008389651913247,1.8432872607672126,-0.05755170442411206,1.5733972802907423,1,1,1,0.16031850001309067
usgs_southern_cascadia_30m_high,USGS Cascadia 30 m High,canyon_wall_bias,Local wall bias,Fixed-Spacing,Fixed,3,0.0,11,32.636132706499225,23.68767966774108,65.76994472786849,89.751314864,89.751314864,7.714815297295001,96.41111111111111,96.32777777777778,0.0833333333333286,97.2,27.131081585269474,26.677599511736627,-0.45348207353284664,29.960005980349994,0,0,0,0.013190957950428128
usgs_southern_cascadia_30m_high,USGS Cascadia 30 m High,canyon_wall_bias,Local wall bias,Adaptive Spacing w/o GA,Adaptive,3,150.0,12,32.636132706499225,23.68767966774108,65.76994472786849,73.01973189056791,73.01973189056791,24.91876631919982,98.10555555555555,98.33888888888889,-0.23333333333333428,98.55000000000001,2.286286556698736,1.9792259699892876,-0.30706058670944847,2.2372345564469054,1,1,1,0.4278176249936223
usgs_southern_cascadia_30m_high,USGS Cascadia 30 m High,canyon_wall_bias,Local wall bias,Full Geometry-Aware Hybrid GA,Hybrid,3,150.0,12,32.636132706499225,23.68767966774108,65.76994472786849,71.8093195605311,71.8093195605311,26.163351154677077,97.91111111111111,98.08888888888889,-0.17777777777777715,98.55000000000001,1.7243827871141963,1.4709607195729317,-0.2534220675412646,1.5733972802907423,1,1,1,0.14829233393538743
usgs_southern_cascadia_30m_high,USGS Cascadia 30 m High,canyon_wall_bias,Local wall bias,Fixed-Spacing,Fixed,4,0.0,12,27.22094905020021,20.361232379319347,54.55512532516354,97.2602494,97.2602494,-0.006112375188993977,96.93333333333334,97.30555555555556,-0.37222222222222,97.2,29.352034427393605,29.36008925853654,0.00805483114293537,29.960005980349994,0,0,0,0.017860125051811337
usgs_southern_cascadia_30m_high,USGS Cascadia 30 m High,canyon_wall_bias,Local wall bias,Adaptive Spacing w/o GA,Adaptive,4,135.0,13,27.22094905020021,20.361232379319347,54.55512532516354,75.86341163909029,75.86341163909029,21.99480346444512,99.03333333333333,99.13888888888889,-0.10555555555555429,98.55000000000001,2.802665700035544,2.6673648553038682,-0.1353008447316757,2.2372345564469054,1,1,1,0.42759987502358854
usgs_southern_cascadia_30m_high,USGS Cascadia 30 m High,canyon_wall_bias,Local wall bias,Full Geometry-Aware Hybrid GA,Hybrid,4,135.0,13,27.22094905020021,20.361232379319347,54.55512532516354,75.10525487692045,75.10525487692045,22.77436459885823,98.7611111111111,99.02222222222223,-0.26111111111111995,98.55000000000001,1.9194375109724626,1.8429454468480289,-0.07649206412443377,1.5733972802907423,1,1,1,0.14886704192031175
usgs_southern_cascadia_30m_high,USGS Cascadia 30 m High,canyon_wall_bias,Local wall bias,Fixed-Spacing,Fixed,5,0.0,12,29.026669781513952,21.59189556385934,60.964952922589674,97.228519626,97.228519626,0.026513197579531505,95.92222222222222,96.77777777777777,-0.8555555555555543,97.2,31.178953260451078,31.102898636232823,-0.07605462421825493,29.960005980349994,0,0,0,0.01385354099329561
usgs_southern_cascadia_30m_high,USGS Cascadia 30 m High,canyon_wall_bias,Local wall bias,Adaptive Spacing w/o GA,Adaptive,5,135.0,13,29.026669781513952,21.59189556385934,60.964952922589674,76.50787334223081,76.50787334223081,21.332147241544497,98.85000000000001,99.36666666666667,-0.5166666666666657,98.55000000000001,3.1378337907261304,2.701040038312201,-0.4367937524139296,2.2372345564469054,0,1,1,0.4328318330226466
usgs_southern_cascadia_30m_high,USGS Cascadia 30 m High,canyon_wall_bias,Local wall bias,Full Geometry-Aware Hybrid GA,Hybrid,5,135.0,13,29.026669781513952,21.59189556385934,60.964952922589674,75.34960257463122,75.34960257463122,22.523118447767427,98.51666666666667,98.96666666666667,-0.45000000000000284,98.55000000000001,2.5663210517197403,2.2710831968625746,-0.2952378548571657,1.5733972802907423,1,1,1,0.1677797919837758
usgs_southern_cascadia_30m_high,USGS Cascadia 30 m High,canyon_wall_bias,Local wall bias,Fixed-Spacing,Fixed,6,0.0,12,29.740036247719086,22.08389461246562,61.4718934181525,97.239687362,97.239687362,0.015030172723203238,96.36111111111111,96.96111111111111,-0.5999999999999943,97.2,30.80994345673453,30.863317097268403,0.05337364053387361,29.960005980349994,0,0,0,0.011748749995604157
usgs_southern_cascadia_30m_high,USGS Cascadia 30 m High,canyon_wall_bias,Local wall bias,Adaptive Spacing w/o GA,Adaptive,6,135.0,12,29.740036247719086,22.08389461246562,61.4718934181525,73.66533815358804,73.66533815358804,24.25493322306839,97.95,98.58888888888889,-0.6388888888888857,98.55000000000001,2.4677615038068943,2.3520221523999743,-0.11573935140692004,2.2372345564469054,1,1,1,0.4458708339370787
usgs_southern_cascadia_30m_high,USGS Cascadia 30 m High,canyon_wall_bias,Local wall bias,Full Geometry-Aware Hybrid GA,Hybrid,6,135.0,12,29.740036247719086,22.08389461246562,61.4718934181525,72.47142472224071,72.47142472224071,25.482553360978176,97.75,98.36111111111111,-0.6111111111111143,98.55000000000001,1.700726420563172,1.569940714927378,-0.13078570563579395,1.5733972802907423,1,1,1,0.1593762079719454
usgs_southern_cascadia_30m_high,USGS Cascadia 30 m High,canyon_wall_bias,Local wall bias,Fixed-Spacing,Fixed,7,0.0,12,28.342133787497797,21.413456044311165,56.297885810809106,97.2359371,97.2359371,0.018886312567813753,96.63888888888889,96.92222222222222,-0.28333333333333144,97.2,30.985301010847067,30.876050856654,-0.1092501541930666,29.960005980349994,0,0,0,0.017312874901108444
usgs_southern_cascadia_30m_high,USGS Cascadia 30 m High,canyon_wall_bias,Local wall bias,Adaptive Spacing w/o GA,Adaptive,7,135.0,12,28.342133787497797,21.413456044311165,56.297885810809106,74.48972761291495,74.48972761291495,23.407269502083032,98.92222222222222,99.1,-0.17777777777777715,98.55000000000001,2.698758110929498,2.347418412820326,-0.35133969810917165,2.2372345564469054,1,1,1,0.43435120792128146
usgs_southern_cascadia_30m_high,USGS Cascadia 30 m High,canyon_wall_bias,Local wall bias,Full Geometry-Aware Hybrid GA,Hybrid,7,135.0,12,28.342133787497797,21.413456044311165,56.297885810809106,73.24631674124817,73.24631674124817,24.685784497958007,98.78888888888889,98.80555555555556,-0.01666666666666572,98.55000000000001,2.3690673535261433,1.9628571047374628,-0.4062102487886805,1.5733972802907423,1,1,1,0.15312700008507818
usgs_southern_cascadia_30m_high,USGS Cascadia 30 m High,canyon_wall_bias,Local wall bias,Fixed-Spacing,Fixed,8,0.0,11,30.861784952082907,22.885674883626468,62.771341230073325,89.790178404,89.790178404,7.674854557192903,95.72777777777777,96.71666666666667,-0.9888888888888943,97.2,24.95347330393972,24.70552535942715,-0.24794794451257118,29.960005980349994,0,0,0,0.017602792009711266
usgs_southern_cascadia_30m_high,USGS Cascadia 30 m High,canyon_wall_bias,Local wall bias,Adaptive Spacing w/o GA,Adaptive,8,135.0,12,30.861784952082907,22.885674883626468,62.771341230073325,73.87928510927344,73.87928510927344,24.034946091382057,98.44444444444444,98.93888888888888,-0.49444444444444,98.55000000000001,2.7031331418762092,2.246840398260878,-0.45629274361533145,2.2372345564469054,1,1,1,0.43466483301017433
usgs_southern_cascadia_30m_high,USGS Cascadia 30 m High,canyon_wall_bias,Local wall bias,Full Geometry-Aware Hybrid GA,Hybrid,8,135.0,12,30.861784952082907,22.885674883626468,62.771341230073325,72.17217185912101,72.17217185912101,25.790254766664134,98.34444444444445,98.92777777777778,-0.5833333333333286,98.55000000000001,1.6458683880515155,1.2227183381168016,-0.42315004993471383,1.5733972802907423,1,1,1,0.1524281658930704
usgs_southern_cascadia_30m_high,USGS Cascadia 30 m High,canyon_wall_bias,Local wall bias,Fixed-Spacing,Fixed,9,0.0,13,31.840096535119137,23.488514080434385,65.39505035141902,104.725480614,104.725480614,-7.682102888267531,96.47777777777777,97.58888888888889,-1.1111111111111143,97.2,32.95065686296963,33.6421376216394,0.6914807586697691,29.960005980349994,0,0,0,0.016892834100872278
usgs_southern_cascadia_30m_high,USGS Cascadia 30 m High,canyon_wall_bias,Local wall bias,Adaptive Spacing w/o GA,Adaptive,9,135.0,13,31.840096535119137,23.488514080434385,65.39505035141902,75.48425586030812,75.48425586030812,22.384663614449956,98.57222222222222,99.04444444444445,-0.47222222222222854,98.55000000000001,2.4697059301146234,2.619144011547417,0.1494380814327938,2.2372345564469054,1,1,1,0.4370064999675378
usgs_southern_cascadia_30m_high,USGS Cascadia 30 m High,canyon_wall_bias,Local wall bias,Full Geometry-Aware Hybrid GA,Hybrid,9,135.0,13,31.840096535119137,23.488514080434385,65.39505035141902,74.68432816566342,74.68432816566342,23.207174963291553,98.39444444444445,98.9,-0.50555555555556,98.55000000000001,1.9581836007906903,2.0057136389799357,0.047530038189245394,1.5733972802907423,1,1,1,0.15556374995503575
usgs_southern_cascadia_30m_high,USGS Cascadia 30 m High,canyon_wall_bias,Local wall bias,Fixed-Spacing,Fixed,10,0.0,11,27.517769111617643,21.363600235095888,54.175365635723516,89.801446492,89.801446492,7.663268347186938,96.57777777777777,96.57777777777777,0.0,97.2,24.61277841759111,24.432537018243046,-0.18024139934806271,29.960005980349994,0,0,0,0.015430958941578865
usgs_southern_cascadia_30m_high,USGS Cascadia 30 m High,canyon_wall_bias,Local wall bias,Adaptive Spacing w/o GA,Adaptive,10,150.0,12,27.517769111617643,21.363600235095888,54.175365635723516,73.76511710802123,73.76511710802123,24.152337297278752,98.15555555555555,98.55000000000001,-0.3944444444444599,98.55000000000001,2.6747921383315236,2.4779771816824945,-0.19681495664902915,2.2372345564469054,1,1,1,0.4382249170448631
usgs_southern_cascadia_30m_high,USGS Cascadia 30 m High,canyon_wall_bias,Local wall bias,Full Geometry-Aware Hybrid GA,Hybrid,10,150.0,12,27.517769111617643,21.363600235095888,54.175365635723516,72.845628777672,72.845628777672,25.09778473196916,98.13333333333333,98.73333333333333,-0.6000000000000085,98.55000000000001,1.5624218219338206,1.412184663251634,-0.15023715868218668,1.5733972802907423,1,1,1,0.14709916594438255
usgs_southern_cascadia_30m_high,USGS Cascadia 30 m High,canyon_wall_bias,Local wall bias,Fixed-Spacing,Fixed,11,0.0,13,30.630483544023857,22.60560594902473,64.93378085592168,104.71521124,104.71521124,-7.671543588074463,96.21666666666667,97.41111111111111,-1.1944444444444429,97.2,33.70508629731876,33.75389755514748,0.04881125782872431,29.960005980349994,0,0,0,0.015288874972611666
usgs_southern_cascadia_30m_high,USGS Cascadia 30 m High,canyon_wall_bias,Local wall bias,Adaptive Spacing w/o GA,Adaptive,11,135.0,13,30.630483544023857,22.60560594902473,64.93378085592168,75.78697756605938,75.78697756605938,22.073395433353056,98.65,99.15555555555555,-0.5055555555555458,98.55000000000001,2.745150633640144,2.526331189779917,-0.21881944386022711,2.2372345564469054,1,1,1,0.4416132499463856
usgs_southern_cascadia_30m_high,USGS Cascadia 30 m High,canyon_wall_bias,Local wall bias,Full Geometry-Aware Hybrid GA,Hybrid,11,135.0,13,30.630483544023857,22.60560594902473,64.93378085592168,74.4113472324557,74.4113472324557,23.487862726803037,98.37222222222223,98.72222222222223,-0.3499999999999943,98.55000000000001,1.9553388480544522,1.9044863379869825,-0.050852510067469714,1.5733972802907423,1,1,1,0.16630724992137402
usgs_southern_cascadia_30m_high,USGS Cascadia 30 m High,canyon_wall_bias,Local wall bias,Fixed-Spacing,Fixed,12,0.0,12,30.407151630757465,22.949006629417166,60.56283476549303,97.237989594,97.237989594,0.01677587231211428,96.51666666666667,96.86666666666667,-0.3500000000000085,97.2,31.08069163513896,30.71220694377485,-0.3684846913641131,29.960005980349994,0,0,0,0.014891374972648919
usgs_southern_cascadia_30m_high,USGS Cascadia 30 m High,canyon_wall_bias,Local wall bias,Adaptive Spacing w/o GA,Adaptive,12,135.0,12,30.407151630757465,22.949006629417166,60.56283476549303,73.06298815040319,73.06298815040319,24.874288843471522,98.57777777777777,98.96111111111111,-0.38333333333333997,98.55000000000001,2.4963934744088068,1.9395499520877695,-0.5568435223210373,2.2372345564469054,1,1,1,0.43771812494378537
usgs_southern_cascadia_30m_high,USGS Cascadia 30 m High,canyon_wall_bias,Local wall bias,Full Geometry-Aware Hybrid GA,Hybrid,12,135.0,12,30.407151630757465,22.949006629417166,60.56283476549303,71.8566399620739,71.8566399620739,26.11469479790725,98.55000000000001,99.02222222222223,-0.4722222222222143,98.55000000000001,1.675582611291514,1.1883332482522024,-0.48724936303931154,1.5733972802907423,1,1,1,0.15174254204612225
usgs_southern_cascadia_30m_high,USGS Cascadia 30 m High,canyon_wall_bias,Local wall bias,Fixed-Spacing,Fixed,13,0.0,12,28.970613713958034,21.739001181154322,59.71835295348689,97.270065836,97.270065836,-0.016205949982349033,96.53888888888889,97.35000000000001,-0.8111111111111171,97.2,28.611852798516953,28.76045513085307,0.14860233233611808,29.960005980349994,0,0,0,0.0117596669588238
usgs_southern_cascadia_30m_high,USGS Cascadia 30 m High,canyon_wall_bias,Local wall bias,Adaptive Spacing w/o GA,Adaptive,13,135.0,13,28.970613713958034,21.739001181154322,59.71835295348689,75.36433948695176,75.36433948695176,22.50796548117847,98.62777777777778,99.15555555555555,-0.5277777777777715,98.55000000000001,2.423390417537846,2.334239784680587,-0.0891506328572591,2.2372345564469054,1,1,1,0.4601671660784632
usgs_southern_cascadia_30m_high,USGS Cascadia 30 m High,canyon_wall_bias,Local wall bias,Full Geometry-Aware Hybrid GA,Hybrid,13,135.0,13,28.970613713958034,21.739001181154322,59.71835295348689,74.71593970488583,74.71593970488583,23.17467096331899,98.59444444444443,99.12222222222222,-0.5277777777777857,98.55000000000001,2.0505096738689312,1.9438698263846341,-0.10663984748429711,1.5733972802907423,1,1,1,0.1849361249478534
usgs_southern_cascadia_30m_high,USGS Cascadia 30 m High,canyon_wall_bias,Local wall bias,Fixed-Spacing,Fixed,14,0.0,12,31.273719594409854,23.69524131438027,65.50641251379726,97.263767402,97.263767402,-0.009729697841545334,96.47222222222223,97.34444444444445,-0.87222222222222,97.2,29.170959380272787,29.13712026093337,-0.033839119339418744,29.960005980349994,0,0,0,0.013226041104644537
usgs_southern_cascadia_30m_high,USGS Cascadia 30 m High,canyon_wall_bias,Local wall bias,Adaptive Spacing w/o GA,Adaptive,14,135.0,13,31.273719594409854,23.69524131438027,65.50641251379726,75.5224400695847,75.5224400695847,22.34540138401739,98.16111111111111,99.06666666666666,-0.9055555555555515,98.55000000000001,2.5725499021261884,2.3471952839316055,-0.2253546181945829,2.2372345564469054,1,1,1,0.4376816250151023
usgs_southern_cascadia_30m_high,USGS Cascadia 30 m High,canyon_wall_bias,Local wall bias,Full Geometry-Aware Hybrid GA,Hybrid,14,135.0,13,31.273719594409854,23.69524131438027,65.50641251379726,74.5053729771938,74.5053729771938,23.3911824360116,98.00555555555556,99.03888888888889,-1.0333333333333314,98.55000000000001,1.9266829804886172,1.7523768316733048,-0.17430614881531237,1.5733972802907423,1,1,1,0.13808054197579622
usgs_southern_cascadia_30m_high,USGS Cascadia 30 m High,canyon_wall_bias,Local wall bias,Fixed-Spacing,Fixed,15,0.0,12,23.663356389309826,17.98663770153974,47.37881213106381,97.245810658,97.245810658,0.008734003099332375,96.86666666666667,97.16666666666667,-0.29999999999999716,97.2,30.469287051913426,30.33140091891858,-0.1378861329948471,29.960005980349994,0,0,0,0.017568291979841888
usgs_southern_cascadia_30m_high,USGS Cascadia 30 m High,canyon_wall_bias,Local wall bias,Adaptive Spacing w/o GA,Adaptive,15,135.0,12,23.663356389309826,17.98663770153974,47.37881213106381,73.98342286511857,73.98342286511857,23.927868305978514,98.94444444444444,99.03333333333333,-0.08888888888888857,98.55000000000001,2.7849451140271153,2.251904629243591,-0.5330404847835242,2.2372345564469054,1,1,1,0.44999183306936175
usgs_southern_cascadia_30m_high,USGS Cascadia 30 m High,canyon_wall_bias,Local wall bias,Full Geometry-Aware Hybrid GA,Hybrid,15,135.0,12,23.663356389309826,17.98663770153974,47.37881213106381,73.29401672666138,73.29401672666138,24.636737840860608,99.02222222222223,98.97222222222221,0.05000000000001137,98.55000000000001,2.2176445280378654,1.7406745065232778,-0.47697002151458756,1.5733972802907423,1,1,1,0.17192454193718731
usgs_southern_cascadia_30m_high,USGS Cascadia 30 m High,canyon_wall_bias,Local wall bias,Fixed-Spacing,Fixed,16,0.0,12,24.317286392486128,18.875634854073013,48.49861335157419,97.25315260400001,97.25315260400001,0.0011847784031259847,96.80555555555556,97.22222222222221,-0.4166666666666572,97.2,29.993944513691886,29.885064480647813,-0.10888003304407334,29.960005980349994,0,0,0,0.01993720803875476
usgs_southern_cascadia_30m_high,USGS Cascadia 30 m High,canyon_wall_bias,Local wall bias,Adaptive Spacing w/o GA,Adaptive,16,135.0,12,24.317286392486128,18.875634854073013,48.49861335157419,73.90466407342076,73.90466407342076,24.008850625288353,98.25,98.44444444444444,-0.19444444444444287,98.55000000000001,2.9231457549516926,2.456286434994743,-0.46685931995694974,2.2372345564469054,1,1,1,0.4383717499440536
usgs_southern_cascadia_30m_high,USGS Cascadia 30 m High,canyon_wall_bias,Local wall bias,Full Geometry-Aware Hybrid GA,Hybrid,16,135.0,12,24.317286392486128,18.875634854073013,48.49861335157419,72.86948812953152,72.86948812953152,25.073251780038834,98.43888888888888,98.55555555555556,-0.11666666666667425,98.55000000000001,2.0898599025324422,1.6442471068556435,-0.4456127956767988,1.5733972802907423,1,1,1,0.17178791703190655
usgs_southern_cascadia_30m_high,USGS Cascadia 30 m High,canyon_wall_bias,Local wall bias,Fixed-Spacing,Fixed,17,0.0,12,28.926206205228645,21.983728588816753,57.74218965233777,97.276658836,97.276658836,-0.022985084345633316,97.05,97.48333333333333,-0.4333333333333371,97.2,28.682937569181263,28.487415799287827,-0.1955217698934355,29.960005980349994,0,0,0,0.013900125049985945
usgs_southern_cascadia_30m_high,USGS Cascadia 30 m High,canyon_wall_bias,Local wall bias,Adaptive Spacing w/o GA,Adaptive,17,150.0,12,28.926206205228645,21.983728588816753,57.74218965233777,74.69061593402932,74.69061593402932,23.2007096778983,98.0611111111111,98.70555555555556,-0.6444444444444599,98.55000000000001,2.91823000373274,2.6274097613778893,-0.29082024235485093,2.2372345564469054,1,1,1,0.43029304104857147
usgs_southern_cascadia_30m_high,USGS Cascadia 30 m High,canyon_wall_bias,Local wall bias,Full Geometry-Aware Hybrid GA,Hybrid,17,150.0,12,28.926206205228645,21.983728588816753,57.74218965233777,73.91421536437936,73.91421536437936,23.999029681142865,98.1,98.87777777777778,-0.7777777777777857,98.55000000000001,1.9165846633718422,1.7138602595599448,-0.20272440381189738,1.5733972802907423,1,1,1,0.15985341696068645
usgs_southern_cascadia_30m_high,USGS Cascadia 30 m High,canyon_wall_bias,Local wall bias,Fixed-Spacing,Fixed,18,0.0,12,28.507501394809477,21.17000712184742,56.946082010902174,97.25525581800001,97.25525581800001,-0.000977813785674626,96.70555555555555,97.11666666666666,-0.4111111111111114,97.2,29.3609466650892,29.864008400151604,0.5030617350624027,29.960005980349994,0,0,0,0.014495707931928337
usgs_southern_cascadia_30m_high,USGS Cascadia 30 m High,canyon_wall_bias,Local wall bias,Adaptive Spacing w/o GA,Adaptive,18,135.0,13,28.507501394809477,21.17000712184742,56.946082010902174,75.83938805713407,75.83938805713407,22.019505283035848,98.83333333333333,99.27777777777777,-0.44444444444444287,98.55000000000001,2.5557555709145894,2.689180215305682,0.1334246443910927,2.2372345564469054,1,1,1,0.4404663329478353
usgs_southern_cascadia_30m_high,USGS Cascadia 30 m High,canyon_wall_bias,Local wall bias,Full Geometry-Aware Hybrid GA,Hybrid,18,135.0,13,28.507501394809477,21.17000712184742,56.946082010902174,74.63045975827103,74.63045975827103,23.262564189994027,98.60555555555555,99.11111111111111,-0.50555555555556,98.55000000000001,1.9360297981344872,2.0374990989212685,0.10146930078678129,1.5733972802907423,1,1,1,0.1638322500512004
usgs_southern_cascadia_30m_high,USGS Cascadia 30 m High,canyon_wall_bias,Local wall bias,Fixed-Spacing,Fixed,19,0.0,12,28.19010416786573,20.80294662236542,59.475517376914176,97.24949789,97.24949789,0.004942672725200883,97.31666666666666,97.13333333333334,0.1833333333333229,97.2,30.110900764287475,30.228202919910714,0.1173021556232392,29.960005980349994,0,0,0,0.01602054201066494
usgs_southern_cascadia_30m_high,USGS Cascadia 30 m High,canyon_wall_bias,Local wall bias,Adaptive Spacing w/o GA,Adaptive,19,135.0,12,28.19010416786573,20.80294662236542,59.475517376914176,74.5677496308689,74.5677496308689,23.327044757201367,98.59444444444443,99.11666666666666,-0.5222222222222257,98.55000000000001,2.97763772113419,2.7801776888828176,-0.1974600322513722,2.2372345564469054,1,1,1,0.4320085420040414
usgs_southern_cascadia_30m_high,USGS Cascadia 30 m High,canyon_wall_bias,Local wall bias,Full Geometry-Aware Hybrid GA,Hybrid,19,135.0,12,28.19010416786573,20.80294662236542,59.475517376914176,73.47330705267066,73.47330705267066,24.45238576895786,98.49444444444444,98.97222222222221,-0.4777777777777743,98.55000000000001,2.303039081402624,2.0856905424020917,-0.21734853900053208,1.5733972802907423,1,1,1,0.14699604199267924
